train_id,train_type,corridor_id,section_id,date,arrival_minute,departure_minute,priority_class,passenger_load_percent,passenger_capacity,delay_probability_percent,scheduled_speed_kmph
TRN-00001,EMU,COR-013,SEC-0126,2026-09-08,265,285,2,85.8,900,13.3,110
TRN-00002,Superfast,COR-017,SEC-0169,2026-09-07,922,932,3,80.3,1600,14.9,120
TRN-00003,Superfast,COR-010,SEC-0093,2026-09-11,1335,1345,3,75.8,1600,7.1,80
TRN-00004,Express,COR-012,SEC-0117,2026-09-05,1247,1257,3,71.5,1400,11.8,80
TRN-00005,Passenger,COR-008,SEC-0072,2026-09-11,569,584,2,64.7,1200,8.6,80
TRN-00006,Superfast,COR-008,SEC-0071,2026-09-05,1378,1393,3,74.6,1600,5.1,110
TRN-00007,EMU,COR-011,SEC-0106,2026-09-14,1306,1316,2,48.3,900,13.0,110
TRN-00008,Freight,COR-016,SEC-0155,2026-09-05,1148,1158,1,56.2,3000,10.8,80
TRN-00009,Express,COR-004,SEC-0033,2026-09-05,819,829,3,76.7,1400,7.3,100
TRN-00010,Freight,COR-005,SEC-0050,2026-09-07,562,567,1,48.9,3000,11.8,110
TRN-00011,Freight,COR-009,SEC-0084,2026-09-09,680,687,1,57.3,3000,7.4,80
TRN-00012,Express,COR-002,SEC-0020,2026-09-11,697,712,3,51.1,1400,10.9,110
TRN-00013,Freight,COR-005,SEC-0041,2026-09-12,202,217,1,18.8,3000,4.9,110
TRN-00014,Express,COR-009,SEC-0086,2026-09-16,1417,1424,3,71.3,1400,10.5,80
TRN-00015,EMU,COR-007,SEC-0068,2026-09-08,314,326,2,79.5,900,11.2,100
TRN-00016,Passenger,COR-002,SEC-0011,2026-09-12,1198,1203,2,99.0,1200,12.0,110
TRN-00017,Passenger,COR-005,SEC-0046,2026-09-13,348,360,2,62.7,1200,9.7,100
TRN-00018,Express,COR-007,SEC-0063,2026-09-13,628,633,3,69.9,1400,9.6,110
TRN-00019,Superfast,COR-002,SEC-0015,2026-09-06,736,756,3,76.9,1600,10.0,80
TRN-00020,Passenger,COR-015,SEC-0147,2026-09-16,427,439,2,62.1,1200,6.1,100
TRN-00021,EMU,COR-017,SEC-0162,2026-09-15,9,29,2,80.1,900,8.8,110
TRN-00022,Express,COR-020,SEC-0193,2026-09-11,81,91,3,37.0,1400,7.1,100
TRN-00023,Passenger,COR-002,SEC-0019,2026-09-16,963,975,2,81.3,1200,7.3,130
TRN-00024,Superfast,COR-016,SEC-0159,2026-09-05,362,367,3,50.9,1600,5.2,110
TRN-00025,Superfast,COR-012,SEC-0112,2026-09-09,880,887,3,87.8,1600,17.9,120
TRN-00026,EMU,COR-019,SEC-0185,2026-09-12,1153,1163,2,65.8,900,13.1,100
TRN-00027,Superfast,COR-011,SEC-0103,2026-09-06,876,891,3,75.2,1600,4.5,110
TRN-00028,EMU,COR-004,SEC-0039,2026-09-10,541,553,2,73.3,900,4.8,100
TRN-00029,EMU,COR-011,SEC-0104,2026-09-14,792,799,2,80.7,900,16.1,120
TRN-00030,EMU,COR-009,SEC-0084,2026-09-13,1424,1431,2,71.4,900,10.4,100
TRN-00031,Superfast,COR-013,SEC-0126,2026-09-06,273,288,3,67.2,1600,10.4,100
TRN-00032,EMU,COR-014,SEC-0133,2026-09-08,422,427,2,62.2,900,11.7,80
TRN-00033,Freight,COR-013,SEC-0121,2026-09-08,800,807,1,59.4,3000,8.6,80
TRN-00034,Freight,COR-004,SEC-0033,2026-09-03,160,170,1,40.4,3000,7.2,110
TRN-00035,Passenger,COR-020,SEC-0200,2026-09-04,1009,1024,2,75.5,1200,12.2,120
TRN-00036,EMU,COR-004,SEC-0034,2026-09-12,537,542,2,72.9,900,7.4,110
TRN-00037,EMU,COR-004,SEC-0039,2026-09-04,558,565,2,78.6,900,11.9,110
TRN-00038,Passenger,COR-001,SEC-0005,2026-09-12,596,601,2,69.0,1200,8.1,100
TRN-00039,Express,COR-008,SEC-0078,2026-09-12,827,837,3,62.9,1400,15.0,130
TRN-00040,Freight,COR-017,SEC-0167,2026-09-12,174,194,1,23.6,3000,6.5,120
TRN-00041,Superfast,COR-001,SEC-0010,2026-09-15,755,775,3,74.3,1600,5.7,100
TRN-00042,Express,COR-016,SEC-0159,2026-09-06,722,742,3,68.5,1400,13.9,120
TRN-00043,Passenger,COR-016,SEC-0152,2026-09-07,1006,1026,2,57.9,1200,10.5,110
TRN-00044,EMU,COR-007,SEC-0061,2026-09-08,1039,1054,2,71.1,900,3.9,110
TRN-00045,Freight,COR-008,SEC-0074,2026-09-07,213,225,1,51.4,3000,6.4,100
TRN-00046,Express,COR-004,SEC-0039,2026-09-06,1085,1105,3,74.2,1400,11.7,120
TRN-00047,Freight,COR-014,SEC-0135,2026-09-08,1294,1309,1,29.1,3000,4.8,80
TRN-00048,Express,COR-017,SEC-0168,2026-09-06,916,926,3,74.5,1400,10.5,100
TRN-00049,Passenger,COR-010,SEC-0091,2026-09-03,945,957,2,80.8,1200,9.4,80
TRN-00050,Express,COR-007,SEC-0065,2026-09-11,138,153,3,64.8,1400,6.1,80
TRN-00051,Express,COR-011,SEC-0109,2026-09-10,107,122,3,98.1,1400,11.9,100
TRN-00052,Freight,COR-004,SEC-0036,2026-09-16,1092,1107,1,62.7,3000,10.0,110
TRN-00053,Freight,COR-009,SEC-0085,2026-09-13,904,914,1,48.0,3000,8.1,80
TRN-00054,Passenger,COR-012,SEC-0120,2026-09-13,1160,1170,2,56.8,1200,4.1,110
TRN-00055,Freight,COR-012,SEC-0114,2026-09-07,929,936,1,38.9,3000,1.0,130
TRN-00056,Freight,COR-016,SEC-0153,2026-09-03,517,524,1,41.8,3000,10.1,100
TRN-00057,Passenger,COR-019,SEC-0187,2026-09-07,910,917,2,84.4,1200,12.5,110
TRN-00058,Superfast,COR-003,SEC-0030,2026-09-10,612,619,3,84.4,1600,9.2,120
TRN-00059,Express,COR-004,SEC-0038,2026-09-10,1351,1366,3,94.5,1400,14.1,100
TRN-00060,Passenger,COR-009,SEC-0081,2026-09-11,114,134,2,49.6,1200,9.0,120
TRN-00061,Freight,COR-002,SEC-0019,2026-09-12,474,479,1,37.0,3000,8.5,100
TRN-00062,Superfast,COR-020,SEC-0197,2026-09-11,297,312,3,62.1,1600,9.2,80
TRN-00063,EMU,COR-006,SEC-0053,2026-09-16,66,76,2,78.4,900,9.2,120
TRN-00064,EMU,COR-007,SEC-0070,2026-09-11,641,648,2,68.4,900,12.6,100
TRN-00065,Passenger,COR-004,SEC-0032,2026-09-14,599,611,2,99.0,1200,12.2,80
TRN-00066,Passenger,COR-017,SEC-0164,2026-09-04,401,406,2,61.6,1200,5.3,120
TRN-00067,Passenger,COR-002,SEC-0018,2026-09-09,584,591,2,77.3,1200,3.5,110
TRN-00068,Passenger,COR-001,SEC-0009,2026-09-13,1345,1360,2,67.0,1200,9.1,110
TRN-00069,Express,COR-008,SEC-0072,2026-09-09,885,900,3,99.0,1400,10.1,120
TRN-00070,Superfast,COR-008,SEC-0075,2026-09-13,468,488,3,74.4,1600,13.4,80
TRN-00071,Passenger,COR-017,SEC-0161,2026-09-09,242,247,2,61.8,1200,11.4,110
TRN-00072,EMU,COR-005,SEC-0046,2026-09-04,198,205,2,61.1,900,9.6,100
TRN-00073,Express,COR-005,SEC-0043,2026-09-15,1392,1399,3,62.0,1400,11.0,130
TRN-00074,EMU,COR-020,SEC-0196,2026-09-08,1108,1128,2,41.1,900,6.3,80
TRN-00075,Passenger,COR-002,SEC-0020,2026-09-06,941,946,2,57.4,1200,7.2,120
TRN-00076,EMU,COR-016,SEC-0154,2026-09-07,859,879,2,88.6,900,17.2,100
TRN-00077,Freight,COR-014,SEC-0138,2026-09-04,1140,1145,1,26.7,3000,5.1,80
TRN-00078,EMU,COR-020,SEC-0199,2026-09-06,1045,1055,2,71.0,900,8.7,110
TRN-00079,Express,COR-003,SEC-0027,2026-09-05,1210,1217,3,88.6,1400,9.5,100
TRN-00080,Passenger,COR-018,SEC-0177,2026-09-05,370,380,2,76.5,1200,6.9,100
TRN-00081,Superfast,COR-003,SEC-0021,2026-09-08,89,99,3,57.8,1600,10.9,110
TRN-00082,EMU,COR-006,SEC-0057,2026-09-10,676,683,2,55.9,900,13.2,110
TRN-00083,EMU,COR-016,SEC-0152,2026-09-15,352,359,2,51.2,900,11.8,100
TRN-00084,Express,COR-008,SEC-0071,2026-09-05,591,603,3,53.6,1400,7.2,100
TRN-00085,Superfast,COR-002,SEC-0017,2026-09-04,839,849,3,84.7,1600,6.9,110
TRN-00086,Freight,COR-003,SEC-0025,2026-09-09,310,330,1,44.9,3000,8.3,100
TRN-00087,EMU,COR-013,SEC-0130,2026-09-05,649,659,2,38.0,900,9.5,100
TRN-00088,Superfast,COR-018,SEC-0171,2026-09-05,1033,1045,3,78.8,1600,8.2,80
TRN-00089,Passenger,COR-020,SEC-0193,2026-09-10,338,350,2,61.8,1200,8.4,80
TRN-00090,Superfast,COR-015,SEC-0141,2026-09-11,628,635,3,60.1,1600,17.0,110
TRN-00091,Express,COR-020,SEC-0194,2026-09-15,878,893,3,49.0,1400,12.3,120
TRN-00092,EMU,COR-002,SEC-0020,2026-09-14,554,561,2,55.2,900,8.1,120
TRN-00093,Superfast,COR-008,SEC-0073,2026-09-04,255,262,3,99.0,1600,12.4,110
TRN-00094,Passenger,COR-001,SEC-0003,2026-09-12,222,234,2,77.0,1200,8.4,110
TRN-00095,Freight,COR-004,SEC-0037,2026-09-04,874,889,1,43.2,3000,5.8,110
TRN-00096,Superfast,COR-018,SEC-0178,2026-09-08,263,275,3,67.9,1600,9.4,80
TRN-00097,Superfast,COR-006,SEC-0055,2026-09-09,249,261,3,66.3,1600,9.5,100
TRN-00098,Passenger,COR-016,SEC-0158,2026-09-04,598,610,2,89.8,1200,12.3,110
TRN-00099,Express,COR-004,SEC-0031,2026-09-16,647,652,3,74.0,1400,6.6,80
TRN-00100,EMU,COR-017,SEC-0162,2026-09-04,642,654,2,99.0,900,16.0,130
TRN-00101,EMU,COR-018,SEC-0172,2026-09-13,459,474,2,50.3,900,8.7,110
TRN-00102,Superfast,COR-006,SEC-0051,2026-09-05,1138,1145,3,64.0,1600,14.3,110
TRN-00103,Express,COR-007,SEC-0061,2026-09-11,804,814,3,78.4,1400,11.1,110
TRN-00104,Express,COR-010,SEC-0094,2026-09-15,1379,1386,3,82.8,1400,11.8,130
TRN-00105,Superfast,COR-006,SEC-0060,2026-09-12,608,613,3,93.8,1600,3.7,110
TRN-00106,Express,COR-017,SEC-0167,2026-09-04,1372,1382,3,67.1,1400,7.4,80
TRN-00107,Passenger,COR-003,SEC-0024,2026-09-14,313,325,2,67.7,1200,10.3,120
TRN-00108,Freight,COR-020,SEC-0200,2026-09-07,353,363,1,15.7,3000,1.0,80
TRN-00109,Superfast,COR-014,SEC-0138,2026-09-10,940,947,3,72.1,1600,7.0,110
TRN-00110,Freight,COR-010,SEC-0091,2026-09-05,659,671,1,20.6,3000,2.4,120
TRN-00111,Express,COR-011,SEC-0105,2026-09-16,378,385,3,93.2,1400,12.3,110
TRN-00112,Express,COR-011,SEC-0104,2026-09-06,394,406,3,56.4,1400,13.2,100
TRN-00113,Express,COR-014,SEC-0136,2026-09-07,271,278,3,65.6,1400,9.3,100
TRN-00114,Express,COR-001,SEC-0002,2026-09-09,415,422,3,68.5,1400,9.5,110
TRN-00115,Freight,COR-018,SEC-0174,2026-09-08,452,467,1,40.4,3000,8.0,100
TRN-00116,EMU,COR-013,SEC-0129,2026-09-11,707,727,2,67.5,900,15.9,120
TRN-00117,Passenger,COR-019,SEC-0182,2026-09-05,1421,1428,2,65.1,1200,7.7,80
TRN-00118,Passenger,COR-008,SEC-0076,2026-09-11,759,766,2,54.0,1200,6.6,80
TRN-00119,Passenger,COR-004,SEC-0038,2026-09-03,151,158,2,99.0,1200,10.1,100
TRN-00120,Superfast,COR-001,SEC-0002,2026-09-15,235,250,3,87.6,1600,8.2,100
TRN-00121,EMU,COR-018,SEC-0179,2026-09-15,1018,1030,2,79.1,900,12.4,100
TRN-00122,Freight,COR-009,SEC-0083,2026-09-06,1397,1407,1,33.0,3000,1.5,110
TRN-00123,Passenger,COR-005,SEC-0043,2026-09-03,893,900,2,59.1,1200,1.9,110
TRN-00124,Express,COR-007,SEC-0070,2026-09-08,893,908,3,52.9,1400,6.1,130
TRN-00125,Express,COR-004,SEC-0038,2026-09-04,659,669,3,73.3,1400,7.1,110
TRN-00126,Passenger,COR-008,SEC-0075,2026-09-10,1343,1363,2,50.6,1200,7.1,110
TRN-00127,Superfast,COR-010,SEC-0093,2026-09-16,416,421,3,71.3,1600,7.4,100
TRN-00128,Express,COR-010,SEC-0100,2026-09-15,370,375,3,78.8,1400,9.8,80
TRN-00129,Passenger,COR-009,SEC-0085,2026-09-10,509,514,2,80.8,1200,11.9,100
TRN-00130,Passenger,COR-014,SEC-0135,2026-09-15,859,866,2,58.9,1200,14.0,100
TRN-00131,Express,COR-017,SEC-0163,2026-09-10,296,306,3,53.9,1400,8.1,80
TRN-00132,Passenger,COR-015,SEC-0146,2026-09-14,1304,1316,2,66.9,1200,10.2,110
TRN-00133,Passenger,COR-001,SEC-0004,2026-09-06,97,107,2,82.2,1200,13.0,110
TRN-00134,Superfast,COR-020,SEC-0197,2026-09-07,838,848,3,65.3,1600,10.9,110
TRN-00135,Express,COR-007,SEC-0069,2026-09-12,1280,1290,3,66.0,1400,11.6,110
TRN-00136,Superfast,COR-001,SEC-0001,2026-09-08,1263,1270,3,59.9,1600,11.5,130
TRN-00137,Freight,COR-002,SEC-0014,2026-09-11,89,101,1,26.8,3000,11.9,110
TRN-00138,Superfast,COR-007,SEC-0068,2026-09-07,1054,1066,3,53.3,1600,1.0,100
TRN-00139,Passenger,COR-003,SEC-0027,2026-09-09,905,917,2,62.4,1200,9.9,80
TRN-00140,Freight,COR-005,SEC-0047,2026-09-06,1385,1395,1,26.6,3000,6.1,110
TRN-00141,Passenger,COR-014,SEC-0133,2026-09-06,797,802,2,65.5,1200,8.9,110
TRN-00142,Express,COR-018,SEC-0174,2026-09-07,1278,1283,3,78.0,1400,10.6,100
TRN-00143,Passenger,COR-003,SEC-0026,2026-09-16,504,511,2,77.8,1200,16.3,100
TRN-00144,Express,COR-011,SEC-0105,2026-09-03,383,393,3,90.0,1400,14.6,110
TRN-00145,EMU,COR-009,SEC-0085,2026-09-13,762,774,2,43.1,900,7.2,100
TRN-00146,Freight,COR-009,SEC-0090,2026-09-15,303,308,1,30.3,3000,6.6,110
TRN-00147,Superfast,COR-019,SEC-0187,2026-09-03,1085,1100,3,71.8,1600,9.9,100
TRN-00148,EMU,COR-015,SEC-0146,2026-09-14,147,157,2,67.9,900,9.2,80
TRN-00149,Superfast,COR-014,SEC-0133,2026-09-04,1021,1028,3,74.4,1600,14.1,130
TRN-00150,Freight,COR-020,SEC-0196,2026-09-11,465,477,1,43.9,3000,7.3,80
TRN-00151,Superfast,COR-018,SEC-0173,2026-09-13,875,885,3,62.5,1600,6.7,80
TRN-00152,EMU,COR-003,SEC-0027,2026-09-08,246,256,2,47.5,900,3.6,110
TRN-00153,Express,COR-010,SEC-0097,2026-09-08,811,823,3,73.9,1400,8.9,80
TRN-00154,Freight,COR-004,SEC-0033,2026-09-06,134,144,1,5.0,3000,7.2,120
TRN-00155,Superfast,COR-019,SEC-0190,2026-09-05,431,441,3,78.4,1600,13.4,80
TRN-00156,Passenger,COR-020,SEC-0198,2026-09-09,1418,1430,2,61.9,1200,8.6,110
TRN-00157,Express,COR-018,SEC-0180,2026-09-05,600,607,3,83.9,1400,15.2,120
TRN-00158,Passenger,COR-009,SEC-0081,2026-09-11,528,538,2,93.4,1200,3.3,100
TRN-00159,EMU,COR-015,SEC-0147,2026-09-13,782,802,2,80.7,900,9.6,100
TRN-00160,Superfast,COR-019,SEC-0188,2026-09-10,864,876,3,79.9,1600,14.3,110
TRN-00161,Freight,COR-005,SEC-0042,2026-09-06,1161,1166,1,47.8,3000,6.0,100
TRN-00162,Freight,COR-018,SEC-0172,2026-09-16,788,808,1,51.1,3000,4.6,110
TRN-00163,Superfast,COR-011,SEC-0102,2026-09-14,141,146,3,49.6,1600,5.4,130
TRN-00164,Superfast,COR-007,SEC-0063,2026-09-10,1384,1404,3,47.6,1600,8.8,110
TRN-00165,Express,COR-020,SEC-0193,2026-09-08,376,383,3,82.3,1400,12.2,110
TRN-00166,Superfast,COR-017,SEC-0161,2026-09-08,701,721,3,68.6,1600,12.0,100
TRN-00167,Passenger,COR-010,SEC-0096,2026-09-10,373,378,2,75.3,1200,8.2,80
TRN-00168,Freight,COR-012,SEC-0114,2026-09-04,1357,1369,1,32.4,3000,10.9,110
TRN-00169,EMU,COR-019,SEC-0185,2026-09-08,967,979,2,63.5,900,6.9,130
TRN-00170,Express,COR-006,SEC-0057,2026-09-05,1251,1271,3,34.8,1400,4.7,110
TRN-00171,Express,COR-008,SEC-0074,2026-09-06,342,349,3,76.6,1400,14.5,110
TRN-00172,Express,COR-002,SEC-0016,2026-09-11,717,732,3,73.1,1400,17.2,80
TRN-00173,Passenger,COR-016,SEC-0156,2026-09-15,946,953,2,99.0,1200,8.2,120
TRN-00174,Superfast,COR-015,SEC-0143,2026-09-07,1282,1292,3,67.5,1600,4.3,80
TRN-00175,Superfast,COR-016,SEC-0151,2026-09-04,742,754,3,76.8,1600,12.6,110
TRN-00176,EMU,COR-003,SEC-0027,2026-09-15,750,760,2,81.5,900,8.4,100
TRN-00177,Passenger,COR-016,SEC-0155,2026-09-03,770,775,2,91.7,1200,11.9,100
TRN-00178,Freight,COR-001,SEC-0001,2026-09-15,630,635,1,23.5,3000,7.5,100
TRN-00179,Freight,COR-003,SEC-0023,2026-09-10,362,369,1,11.2,3000,4.8,110
TRN-00180,Passenger,COR-014,SEC-0135,2026-09-13,592,602,2,60.0,1200,5.4,130
TRN-00181,Superfast,COR-013,SEC-0122,2026-09-05,547,557,3,99.0,1600,13.1,100
TRN-00182,Express,COR-017,SEC-0163,2026-09-13,1167,1179,3,56.1,1400,15.3,110
TRN-00183,EMU,COR-020,SEC-0194,2026-09-13,510,522,2,96.0,900,8.8,80
TRN-00184,Superfast,COR-009,SEC-0081,2026-09-12,395,402,3,51.3,1600,5.6,120
TRN-00185,EMU,COR-009,SEC-0081,2026-09-06,1134,1154,2,75.0,900,8.5,120
TRN-00186,Passenger,COR-004,SEC-0033,2026-09-03,334,339,2,73.0,1200,13.8,80
TRN-00187,Passenger,COR-019,SEC-0187,2026-09-16,1308,1315,2,75.9,1200,9.7,110
TRN-00188,Superfast,COR-005,SEC-0046,2026-09-11,801,816,3,59.0,1600,4.7,80
TRN-00189,Express,COR-008,SEC-0079,2026-09-11,365,380,3,59.8,1400,7.0,80
TRN-00190,Freight,COR-019,SEC-0187,2026-09-09,1175,1180,1,12.0,3000,2.7,100
TRN-00191,Freight,COR-016,SEC-0151,2026-09-16,1007,1022,1,35.9,3000,5.9,100
TRN-00192,Passenger,COR-019,SEC-0187,2026-09-15,953,963,2,57.9,1200,8.3,110
TRN-00193,Passenger,COR-012,SEC-0118,2026-09-08,1273,1293,2,63.6,1200,6.0,110
TRN-00194,Freight,COR-012,SEC-0113,2026-09-08,1137,1147,1,34.8,3000,1.3,100
TRN-00195,Freight,COR-019,SEC-0184,2026-09-04,524,539,1,37.0,3000,8.2,120
TRN-00196,Express,COR-010,SEC-0099,2026-09-13,483,488,3,70.7,1400,4.9,100
TRN-00197,EMU,COR-004,SEC-0031,2026-09-14,650,660,2,67.7,900,1.9,120
TRN-00198,Superfast,COR-007,SEC-0064,2026-09-14,1236,1251,3,76.4,1600,6.3,120
TRN-00199,Express,COR-010,SEC-0098,2026-09-06,433,445,3,82.6,1400,12.1,120
TRN-00200,Express,COR-003,SEC-0024,2026-09-06,1117,1129,3,67.4,1400,8.8,110
TRN-00201,Passenger,COR-002,SEC-0014,2026-09-05,387,394,2,57.0,1200,6.5,120
TRN-00202,Superfast,COR-004,SEC-0039,2026-09-14,831,841,3,71.8,1600,7.1,80
TRN-00203,Passenger,COR-010,SEC-0096,2026-09-10,178,188,2,73.0,1200,9.3,120
TRN-00204,Passenger,COR-013,SEC-0129,2026-09-08,819,826,2,63.4,1200,3.5,120
TRN-00205,Superfast,COR-019,SEC-0189,2026-09-04,889,896,3,70.9,1600,9.2,120
TRN-00206,EMU,COR-015,SEC-0141,2026-09-03,810,822,2,65.6,900,8.1,130
TRN-00207,Express,COR-018,SEC-0178,2026-09-16,655,665,3,71.4,1400,13.0,130
TRN-00208,EMU,COR-008,SEC-0072,2026-09-12,113,120,2,62.1,900,7.6,110
TRN-00209,EMU,COR-009,SEC-0084,2026-09-05,757,772,2,64.3,900,12.8,130
TRN-00210,Superfast,COR-016,SEC-0159,2026-09-06,621,628,3,65.4,1600,9.4,130
TRN-00211,EMU,COR-009,SEC-0082,2026-09-03,332,344,2,61.3,900,7.6,110
TRN-00212,Express,COR-012,SEC-0111,2026-09-04,9,21,3,67.7,1400,11.0,100
TRN-00213,Freight,COR-002,SEC-0012,2026-09-03,1238,1248,1,25.5,3000,8.4,100
TRN-00214,Superfast,COR-017,SEC-0166,2026-09-10,731,743,3,83.1,1600,5.3,80
TRN-00215,Freight,COR-009,SEC-0087,2026-09-11,40,50,1,58.5,3000,10.6,120
TRN-00216,Freight,COR-009,SEC-0085,2026-09-14,191,198,1,39.8,3000,1.0,120
TRN-00217,Passenger,COR-006,SEC-0053,2026-09-11,1043,1058,2,69.2,1200,1.3,120
TRN-00218,Express,COR-019,SEC-0187,2026-09-14,1160,1167,3,97.9,1400,16.5,100
TRN-00219,Passenger,COR-006,SEC-0053,2026-09-04,380,385,2,68.7,1200,10.7,120
TRN-00220,EMU,COR-010,SEC-0093,2026-09-04,38,48,2,95.6,900,7.6,100
TRN-00221,Passenger,COR-003,SEC-0028,2026-09-15,762,772,2,91.9,1200,11.1,130
TRN-00222,EMU,COR-013,SEC-0126,2026-09-10,1222,1229,2,80.9,900,12.4,120
TRN-00223,EMU,COR-016,SEC-0155,2026-09-03,943,953,2,70.5,900,5.1,120
TRN-00224,Superfast,COR-016,SEC-0153,2026-09-13,335,350,3,92.2,1600,9.5,110
TRN-00225,Freight,COR-019,SEC-0186,2026-09-03,848,858,1,34.2,3000,5.5,80
TRN-00226,Freight,COR-020,SEC-0199,2026-09-13,87,102,1,71.2,3000,8.4,110
TRN-00227,Superfast,COR-004,SEC-0037,2026-09-08,872,892,3,99.0,1600,10.4,130
TRN-00228,Passenger,COR-004,SEC-0040,2026-09-12,946,953,2,35.1,1200,10.7,110
TRN-00229,EMU,COR-001,SEC-0007,2026-09-07,251,261,2,83.8,900,13.9,120
TRN-00230,EMU,COR-009,SEC-0084,2026-09-07,1030,1040,2,71.2,900,10.4,80
TRN-00231,Superfast,COR-002,SEC-0015,2026-09-04,496,503,3,65.4,1600,9.7,100
TRN-00232,Express,COR-013,SEC-0123,2026-09-08,973,983,3,75.5,1400,8.3,110
TRN-00233,Passenger,COR-012,SEC-0114,2026-09-03,1019,1029,2,61.9,1200,6.6,110
TRN-00234,Superfast,COR-004,SEC-0032,2026-09-12,846,853,3,67.5,1600,10.8,110
TRN-00235,EMU,COR-020,SEC-0196,2026-09-15,1401,1421,2,73.1,900,8.6,110
TRN-00236,Superfast,COR-019,SEC-0185,2026-09-09,434,446,3,93.1,1600,9.5,100
TRN-00237,Passenger,COR-016,SEC-0159,2026-09-08,679,694,2,86.5,1200,13.5,130
TRN-00238,Superfast,COR-008,SEC-0074,2026-09-05,1222,1234,3,99.0,1600,13.5,80
TRN-00239,Passenger,COR-013,SEC-0124,2026-09-12,1413,1420,2,89.7,1200,10.1,120
TRN-00240,EMU,COR-006,SEC-0054,2026-09-12,409,419,2,72.2,900,11.8,120
TRN-00241,Passenger,COR-006,SEC-0056,2026-09-03,1085,1097,2,99.0,1200,10.4,130
TRN-00242,Express,COR-020,SEC-0200,2026-09-12,84,91,3,73.9,1400,7.2,120
TRN-00243,Superfast,COR-002,SEC-0012,2026-09-07,853,865,3,99.0,1600,18.6,80
TRN-00244,EMU,COR-013,SEC-0126,2026-09-12,617,622,2,69.1,900,9.2,100
TRN-00245,Express,COR-017,SEC-0169,2026-09-08,44,56,3,90.3,1400,9.8,120
TRN-00246,EMU,COR-006,SEC-0059,2026-09-16,1116,1121,2,97.5,900,12.4,110
TRN-00247,EMU,COR-018,SEC-0177,2026-09-09,34,54,2,74.5,900,10.1,100
TRN-00248,Passenger,COR-010,SEC-0097,2026-09-11,581,593,2,46.2,1200,10.2,120
TRN-00249,Passenger,COR-015,SEC-0142,2026-09-16,1276,1286,2,93.9,1200,16.6,80
TRN-00250,Superfast,COR-011,SEC-0101,2026-09-12,609,619,3,69.5,1600,11.1,100
TRN-00251,Passenger,COR-003,SEC-0026,2026-09-07,288,300,2,87.8,1200,7.4,100
TRN-00252,Superfast,COR-005,SEC-0041,2026-09-03,1039,1059,3,71.5,1600,10.9,110
TRN-00253,Passenger,COR-001,SEC-0001,2026-09-08,602,609,2,80.5,1200,10.2,80
TRN-00254,Freight,COR-008,SEC-0076,2026-09-12,902,914,1,21.4,3000,5.4,120
TRN-00255,Passenger,COR-015,SEC-0141,2026-09-11,944,954,2,73.0,1200,5.1,100
TRN-00256,EMU,COR-020,SEC-0197,2026-09-16,840,845,2,35.2,900,6.5,110
TRN-00257,Passenger,COR-006,SEC-0052,2026-09-06,99,109,2,75.8,1200,2.4,100
TRN-00258,Superfast,COR-013,SEC-0128,2026-09-04,855,865,3,66.7,1600,6.5,80
TRN-00259,Express,COR-003,SEC-0024,2026-09-09,746,756,3,45.0,1400,8.2,110
TRN-00260,Express,COR-018,SEC-0178,2026-09-09,1439,1440,3,77.5,1400,10.8,100
TRN-00261,EMU,COR-014,SEC-0139,2026-09-13,391,401,2,59.8,900,10.9,100
TRN-00262,Express,COR-009,SEC-0082,2026-09-09,1371,1378,3,99.0,1400,11.1,120
TRN-00263,Express,COR-001,SEC-0002,2026-09-11,1144,1159,3,71.2,1400,5.7,80
TRN-00264,Superfast,COR-003,SEC-0024,2026-09-09,1060,1075,3,65.5,1600,12.2,130
TRN-00265,Superfast,COR-001,SEC-0005,2026-09-12,277,282,3,99.0,1600,10.8,100
TRN-00266,Passenger,COR-010,SEC-0095,2026-09-13,483,498,2,52.6,1200,8.3,110
TRN-00267,Passenger,COR-014,SEC-0138,2026-09-09,880,890,2,86.2,1200,15.6,110
TRN-00268,Express,COR-005,SEC-0049,2026-09-14,835,845,3,48.0,1400,8.0,80
TRN-00269,Freight,COR-005,SEC-0047,2026-09-06,757,762,1,28.6,3000,8.9,110
TRN-00270,EMU,COR-009,SEC-0088,2026-09-15,1418,1425,2,76.0,900,7.7,100
TRN-00271,Superfast,COR-003,SEC-0028,2026-09-16,625,632,3,64.7,1600,9.3,80
TRN-00272,Freight,COR-015,SEC-0150,2026-09-09,611,621,1,17.3,3000,11.0,110
TRN-00273,EMU,COR-017,SEC-0168,2026-09-15,21,31,2,75.9,900,6.7,120
TRN-00274,Freight,COR-001,SEC-0009,2026-09-04,779,786,1,13.8,3000,2.2,100
TRN-00275,Superfast,COR-015,SEC-0142,2026-09-12,552,559,3,89.0,1600,17.4,120
TRN-00276,Passenger,COR-005,SEC-0048,2026-09-05,943,948,2,96.3,1200,13.7,80
TRN-00277,EMU,COR-020,SEC-0200,2026-09-04,1000,1015,2,79.1,900,7.2,80
TRN-00278,Freight,COR-015,SEC-0149,2026-09-07,1007,1027,1,14.3,3000,6.4,80
TRN-00279,EMU,COR-011,SEC-0106,2026-09-06,1314,1329,2,60.5,900,5.5,120
TRN-00280,Express,COR-012,SEC-0113,2026-09-04,1303,1308,3,79.3,1400,9.0,80
TRN-00281,EMU,COR-014,SEC-0133,2026-09-13,612,624,2,72.8,900,12.5,110
TRN-00282,Freight,COR-013,SEC-0124,2026-09-04,922,934,1,26.2,3000,7.5,110
TRN-00283,Passenger,COR-009,SEC-0085,2026-09-14,883,888,2,55.5,1200,6.0,80
TRN-00284,Superfast,COR-002,SEC-0018,2026-09-09,322,327,3,56.0,1600,10.4,100
TRN-00285,Freight,COR-018,SEC-0178,2026-09-09,1018,1028,1,31.4,3000,4.1,110
TRN-00286,Freight,COR-011,SEC-0106,2026-09-14,640,645,1,37.0,3000,11.8,80
TRN-00287,Freight,COR-020,SEC-0191,2026-09-07,671,683,1,47.3,3000,11.7,110
TRN-00288,Superfast,COR-002,SEC-0018,2026-09-07,1260,1270,3,97.1,1600,9.9,110
TRN-00289,Express,COR-007,SEC-0065,2026-09-04,352,367,3,82.4,1400,11.9,80
TRN-00290,Express,COR-014,SEC-0136,2026-09-04,792,799,3,49.5,1400,8.1,100
TRN-00291,Superfast,COR-009,SEC-0085,2026-09-04,128,148,3,74.4,1600,13.0,80
TRN-00292,Superfast,COR-017,SEC-0162,2026-09-15,151,163,3,51.3,1600,5.9,80
TRN-00293,Superfast,COR-002,SEC-0012,2026-09-09,136,156,3,80.9,1600,6.6,110
TRN-00294,Superfast,COR-002,SEC-0014,2026-09-11,186,193,3,58.0,1600,7.1,110
TRN-00295,Superfast,COR-019,SEC-0184,2026-09-11,1351,1371,3,26.2,1600,5.4,80
TRN-00296,EMU,COR-014,SEC-0138,2026-09-05,615,622,2,99.0,900,13.7,80
TRN-00297,Superfast,COR-020,SEC-0197,2026-09-14,1135,1147,3,69.7,1600,4.8,120
TRN-00298,Freight,COR-015,SEC-0142,2026-09-07,988,1000,1,58.6,3000,6.9,80
TRN-00299,Freight,COR-006,SEC-0052,2026-09-07,586,601,1,39.4,3000,8.1,110
TRN-00300,Superfast,COR-012,SEC-0119,2026-09-15,1261,1266,3,72.7,1600,7.8,100
TRN-00301,Freight,COR-002,SEC-0018,2026-09-13,1053,1063,1,14.4,3000,11.1,100
TRN-00302,Passenger,COR-015,SEC-0143,2026-09-07,602,622,2,99.0,1200,8.2,80
TRN-00303,Passenger,COR-020,SEC-0199,2026-09-06,1039,1051,2,68.7,1200,7.7,110
TRN-00304,Freight,COR-007,SEC-0067,2026-09-10,1184,1194,1,15.6,3000,1.0,120
TRN-00305,Superfast,COR-009,SEC-0088,2026-09-04,493,498,3,77.1,1600,13.5,130
TRN-00306,Freight,COR-011,SEC-0109,2026-09-14,872,877,1,17.1,3000,4.5,100
TRN-00307,Express,COR-013,SEC-0126,2026-09-07,1099,1119,3,62.3,1400,13.1,100
TRN-00308,Express,COR-005,SEC-0046,2026-09-16,162,169,3,68.2,1400,7.2,80
TRN-00309,Superfast,COR-007,SEC-0067,2026-09-05,1228,1238,3,95.4,1600,12.4,130
TRN-00310,Superfast,COR-004,SEC-0039,2026-09-05,1029,1039,3,62.0,1600,3.3,100
TRN-00311,EMU,COR-017,SEC-0167,2026-09-03,719,739,2,70.2,900,9.0,100
TRN-00312,Passenger,COR-003,SEC-0030,2026-09-04,657,677,2,61.5,1200,13.5,110
TRN-00313,Express,COR-005,SEC-0041,2026-09-06,1292,1307,3,74.6,1400,9.4,110
TRN-00314,Express,COR-010,SEC-0099,2026-09-15,620,640,3,89.1,1400,9.8,110
TRN-00315,Superfast,COR-015,SEC-0147,2026-09-08,526,536,3,99.0,1600,14.3,110
TRN-00316,EMU,COR-004,SEC-0038,2026-09-03,1417,1429,2,58.8,900,8.4,100
TRN-00317,Freight,COR-018,SEC-0177,2026-09-09,29,36,1,18.7,3000,8.3,130
TRN-00318,Express,COR-001,SEC-0002,2026-09-05,547,552,3,50.0,1400,9.8,100
TRN-00319,Express,COR-005,SEC-0050,2026-09-11,1201,1211,3,83.0,1400,10.4,100
TRN-00320,Superfast,COR-005,SEC-0044,2026-09-09,652,659,3,55.7,1600,11.2,80
TRN-00321,Superfast,COR-017,SEC-0165,2026-09-14,1198,1205,3,79.2,1600,4.0,120
TRN-00322,Superfast,COR-019,SEC-0188,2026-09-12,147,157,3,73.3,1600,8.8,100
TRN-00323,Superfast,COR-008,SEC-0073,2026-09-04,1019,1029,3,68.8,1600,11.7,110
TRN-00324,EMU,COR-012,SEC-0111,2026-09-10,1224,1236,2,61.9,900,8.7,100
TRN-00325,EMU,COR-001,SEC-0008,2026-09-05,813,818,2,64.2,900,14.1,110
TRN-00326,Freight,COR-020,SEC-0195,2026-09-16,1190,1202,1,64.8,3000,12.3,100
TRN-00327,EMU,COR-019,SEC-0187,2026-09-11,1330,1335,2,71.1,900,4.6,80
TRN-00328,EMU,COR-008,SEC-0076,2026-09-08,1128,1140,2,58.3,900,13.8,110
TRN-00329,Freight,COR-006,SEC-0060,2026-09-07,1047,1059,1,27.6,3000,3.0,80
TRN-00330,Superfast,COR-001,SEC-0005,2026-09-09,724,739,3,93.8,1600,9.3,110
TRN-00331,EMU,COR-005,SEC-0050,2026-09-04,1243,1263,2,75.5,900,9.0,110
TRN-00332,Superfast,COR-008,SEC-0074,2026-09-16,467,482,3,81.0,1600,7.2,80
TRN-00333,Passenger,COR-003,SEC-0029,2026-09-07,1127,1139,2,99.0,1200,11.7,120
TRN-00334,Passenger,COR-010,SEC-0092,2026-09-10,1292,1299,2,99.0,1200,10.5,100
TRN-00335,Freight,COR-005,SEC-0045,2026-09-04,160,167,1,5.0,3000,1.3,110
TRN-00336,EMU,COR-020,SEC-0199,2026-09-05,1101,1121,2,52.2,900,7.9,110
TRN-00337,Freight,COR-019,SEC-0184,2026-09-04,1341,1348,1,15.7,3000,6.2,120
TRN-00338,Freight,COR-019,SEC-0183,2026-09-04,44,56,1,48.3,3000,7.5,100
TRN-00339,EMU,COR-020,SEC-0193,2026-09-06,919,926,2,67.4,900,14.1,100
TRN-00340,Freight,COR-009,SEC-0089,2026-09-05,1026,1033,1,5.0,3000,1.0,120
TRN-00341,Superfast,COR-013,SEC-0128,2026-09-12,584,589,3,71.3,1600,11.2,110
TRN-00342,EMU,COR-008,SEC-0080,2026-09-11,373,380,2,45.0,900,9.6,130
TRN-00343,Freight,COR-006,SEC-0053,2026-09-05,230,250,1,30.0,3000,11.6,120
TRN-00344,EMU,COR-005,SEC-0050,2026-09-04,486,498,2,72.7,900,11.8,100
TRN-00345,EMU,COR-015,SEC-0144,2026-09-04,984,996,2,88.7,900,15.5,100
TRN-00346,Freight,COR-009,SEC-0090,2026-09-06,238,253,1,36.7,3000,1.0,110
TRN-00347,EMU,COR-003,SEC-0022,2026-09-14,529,536,2,60.8,900,10.4,80
TRN-00348,EMU,COR-014,SEC-0139,2026-09-08,612,617,2,97.5,900,10.1,120
TRN-00349,Superfast,COR-015,SEC-0144,2026-09-16,1088,1093,3,77.2,1600,11.7,110
TRN-00350,Freight,COR-004,SEC-0035,2026-09-04,227,234,1,47.5,3000,9.5,110
TRN-00351,Passenger,COR-005,SEC-0044,2026-09-16,141,146,2,75.8,1200,13.0,120
TRN-00352,EMU,COR-006,SEC-0054,2026-09-11,25,37,2,85.4,900,10.1,120
TRN-00353,Express,COR-006,SEC-0060,2026-09-08,212,224,3,72.7,1400,13.3,100
TRN-00354,Superfast,COR-003,SEC-0022,2026-09-08,719,729,3,88.0,1600,12.5,110
TRN-00355,Express,COR-005,SEC-0046,2026-09-05,566,578,3,97.1,1400,11.1,130
TRN-00356,Freight,COR-007,SEC-0062,2026-09-06,491,498,1,43.6,3000,9.5,110
TRN-00357,Freight,COR-009,SEC-0081,2026-09-09,246,253,1,38.1,3000,8.9,130
TRN-00358,Freight,COR-012,SEC-0119,2026-09-15,767,779,1,30.5,3000,1.7,100
TRN-00359,Superfast,COR-001,SEC-0003,2026-09-04,583,590,3,57.4,1600,11.7,110
TRN-00360,Freight,COR-007,SEC-0067,2026-09-08,244,259,1,15.1,3000,5.7,100
TRN-00361,Superfast,COR-011,SEC-0108,2026-09-14,908,920,3,93.2,1600,17.2,120
TRN-00362,Express,COR-002,SEC-0013,2026-09-07,1046,1061,3,95.7,1400,12.8,100
TRN-00363,Superfast,COR-005,SEC-0042,2026-09-16,1028,1040,3,96.9,1600,5.6,100
TRN-00364,Passenger,COR-005,SEC-0042,2026-09-13,1383,1393,2,60.6,1200,5.6,100
TRN-00365,Passenger,COR-004,SEC-0034,2026-09-16,372,382,2,80.2,1200,13.3,110
TRN-00366,Superfast,COR-020,SEC-0193,2026-09-06,1146,1156,3,65.2,1600,15.1,100
TRN-00367,Passenger,COR-006,SEC-0058,2026-09-10,910,922,2,53.3,1200,8.8,110
TRN-00368,Superfast,COR-020,SEC-0195,2026-09-11,689,694,3,64.5,1600,11.7,100
TRN-00369,Passenger,COR-016,SEC-0158,2026-09-14,1419,1424,2,48.5,1200,9.7,100
TRN-00370,Passenger,COR-013,SEC-0127,2026-09-08,958,963,2,73.3,1200,5.1,110
TRN-00371,Express,COR-013,SEC-0128,2026-09-13,205,210,3,74.6,1400,14.9,120
TRN-00372,EMU,COR-007,SEC-0064,2026-09-07,191,201,2,97.8,900,11.5,100
TRN-00373,Passenger,COR-005,SEC-0049,2026-09-10,683,695,2,62.8,1200,15.8,80
TRN-00374,Freight,COR-012,SEC-0118,2026-09-10,212,217,1,32.2,3000,12.5,80
TRN-00375,Freight,COR-004,SEC-0040,2026-09-03,502,517,1,5.0,3000,2.8,120
TRN-00376,EMU,COR-008,SEC-0075,2026-09-04,135,142,2,65.5,900,10.5,110
TRN-00377,Freight,COR-013,SEC-0126,2026-09-03,786,796,1,23.6,3000,7.6,110
TRN-00378,Passenger,COR-011,SEC-0109,2026-09-16,1071,1086,2,82.3,1200,12.4,120
TRN-00379,EMU,COR-009,SEC-0081,2026-09-09,829,836,2,63.0,900,10.4,120
TRN-00380,EMU,COR-001,SEC-0003,2026-09-04,339,349,2,54.4,900,12.6,100
TRN-00381,Superfast,COR-015,SEC-0147,2026-09-08,939,949,3,76.4,1600,12.7,130
TRN-00382,Passenger,COR-005,SEC-0042,2026-09-16,777,797,2,72.7,1200,5.2,130
TRN-00383,EMU,COR-017,SEC-0168,2026-09-09,76,83,2,73.1,900,6.9,120
TRN-00384,Express,COR-014,SEC-0132,2026-09-05,1185,1200,3,68.5,1400,12.9,110
TRN-00385,Passenger,COR-020,SEC-0200,2026-09-05,428,440,2,62.4,1200,3.0,120
TRN-00386,Passenger,COR-009,SEC-0083,2026-09-09,174,186,2,76.9,1200,6.6,100
TRN-00387,Superfast,COR-012,SEC-0119,2026-09-07,526,533,3,85.2,1600,11.2,100
TRN-00388,Passenger,COR-018,SEC-0179,2026-09-16,876,896,2,43.6,1200,9.7,120
TRN-00389,Freight,COR-013,SEC-0129,2026-09-13,894,899,1,55.5,3000,11.2,80
TRN-00390,Superfast,COR-005,SEC-0044,2026-09-06,547,559,3,83.8,1600,9.4,120
TRN-00391,EMU,COR-018,SEC-0175,2026-09-06,427,447,2,67.3,900,9.8,110
TRN-00392,Passenger,COR-012,SEC-0120,2026-09-15,550,555,2,67.1,1200,10.5,110
TRN-00393,Superfast,COR-016,SEC-0160,2026-09-06,1118,1138,3,79.5,1600,9.1,110
TRN-00394,Express,COR-002,SEC-0015,2026-09-09,915,922,3,55.2,1400,5.5,120
TRN-00395,Passenger,COR-010,SEC-0096,2026-09-08,556,571,2,99.0,1200,13.9,100
TRN-00396,Express,COR-016,SEC-0154,2026-09-03,498,508,3,61.7,1400,9.2,110
TRN-00397,Freight,COR-008,SEC-0075,2026-09-05,1019,1039,1,54.8,3000,9.2,100
TRN-00398,Superfast,COR-003,SEC-0025,2026-09-07,1193,1198,3,81.2,1600,7.3,110
TRN-00399,Passenger,COR-006,SEC-0055,2026-09-10,1308,1313,2,87.1,1200,10.1,120
TRN-00400,Express,COR-004,SEC-0038,2026-09-09,1091,1101,3,78.1,1400,14.3,120
TRN-00401,Passenger,COR-015,SEC-0141,2026-09-10,647,659,2,56.4,1200,10.3,110
TRN-00402,EMU,COR-014,SEC-0138,2026-09-12,1140,1152,2,79.5,900,13.1,120
TRN-00403,EMU,COR-010,SEC-0091,2026-09-08,970,980,2,69.0,900,5.6,100
TRN-00404,Superfast,COR-010,SEC-0092,2026-09-04,481,486,3,74.8,1600,11.2,120
TRN-00405,Superfast,COR-009,SEC-0085,2026-09-07,620,625,3,86.9,1600,8.6,120
TRN-00406,Superfast,COR-011,SEC-0103,2026-09-13,918,928,3,68.5,1600,9.7,110
TRN-00407,Freight,COR-001,SEC-0005,2026-09-05,126,133,1,31.1,3000,6.6,100
TRN-00408,EMU,COR-010,SEC-0094,2026-09-03,210,225,2,58.3,900,9.5,110
TRN-00409,Superfast,COR-001,SEC-0006,2026-09-14,616,621,3,64.4,1600,10.8,110
TRN-00410,Passenger,COR-017,SEC-0169,2026-09-05,827,837,2,51.5,1200,9.4,100
TRN-00411,Superfast,COR-012,SEC-0111,2026-09-09,1060,1067,3,54.7,1600,9.6,110
TRN-00412,EMU,COR-004,SEC-0035,2026-09-10,1266,1286,2,69.9,900,8.6,120
TRN-00413,EMU,COR-016,SEC-0151,2026-09-10,487,492,2,99.0,900,12.1,80
TRN-00414,Passenger,COR-001,SEC-0001,2026-09-11,511,523,2,58.3,1200,10.2,100
TRN-00415,Express,COR-010,SEC-0099,2026-09-15,725,732,3,66.7,1400,7.3,110
TRN-00416,Passenger,COR-005,SEC-0041,2026-09-13,373,385,2,70.0,1200,7.9,120
TRN-00417,Express,COR-003,SEC-0022,2026-09-08,985,992,3,71.0,1400,11.9,110
TRN-00418,Express,COR-018,SEC-0180,2026-09-10,161,166,3,74.1,1400,11.2,100
TRN-00419,Superfast,COR-003,SEC-0026,2026-09-15,147,162,3,70.7,1600,8.3,130
TRN-00420,Passenger,COR-017,SEC-0162,2026-09-04,1398,1405,2,46.8,1200,7.2,120
TRN-00421,EMU,COR-020,SEC-0192,2026-09-14,754,761,2,60.0,900,6.8,110
TRN-00422,Superfast,COR-014,SEC-0140,2026-09-09,1217,1227,3,65.2,1600,10.5,100
TRN-00423,Passenger,COR-014,SEC-0135,2026-09-08,978,988,2,81.0,1200,12.3,120
TRN-00424,Freight,COR-013,SEC-0127,2026-09-09,187,202,1,45.4,3000,9.6,110
TRN-00425,Passenger,COR-016,SEC-0160,2026-09-14,657,669,2,81.3,1200,1.0,100
TRN-00426,Superfast,COR-010,SEC-0096,2026-09-15,1180,1192,3,56.8,1600,8.8,100
TRN-00427,Express,COR-006,SEC-0052,2026-09-05,1316,1326,3,69.9,1400,13.0,100
TRN-00428,Passenger,COR-001,SEC-0008,2026-09-15,1215,1225,2,72.6,1200,8.3,120
TRN-00429,Express,COR-019,SEC-0183,2026-09-14,1268,1278,3,50.8,1400,4.8,110
TRN-00430,Superfast,COR-006,SEC-0051,2026-09-16,805,812,3,83.8,1600,10.5,120
TRN-00431,Superfast,COR-020,SEC-0194,2026-09-03,497,512,3,53.1,1600,4.9,110
TRN-00432,Express,COR-003,SEC-0023,2026-09-06,647,652,3,63.0,1400,7.1,80
TRN-00433,Freight,COR-001,SEC-0001,2026-09-08,478,485,1,35.4,3000,8.7,110
TRN-00434,EMU,COR-013,SEC-0129,2026-09-13,393,408,2,36.1,900,11.5,100
TRN-00435,EMU,COR-009,SEC-0083,2026-09-07,393,405,2,42.8,900,1.1,100
TRN-00436,Superfast,COR-013,SEC-0127,2026-09-14,691,703,3,99.0,1600,13.8,110
TRN-00437,Passenger,COR-016,SEC-0159,2026-09-13,1225,1237,2,66.0,1200,15.3,100
TRN-00438,Express,COR-006,SEC-0054,2026-09-03,1344,1351,3,82.2,1400,11.1,80
TRN-00439,Passenger,COR-011,SEC-0108,2026-09-08,1230,1240,2,89.7,1200,10.2,110
TRN-00440,EMU,COR-006,SEC-0059,2026-09-07,912,924,2,36.1,900,4.9,120
TRN-00441,Superfast,COR-014,SEC-0135,2026-09-11,27,37,3,61.4,1600,11.4,80
TRN-00442,Passenger,COR-013,SEC-0122,2026-09-05,161,173,2,79.3,1200,6.4,110
TRN-00443,Express,COR-020,SEC-0191,2026-09-15,927,932,3,71.0,1400,4.5,100
TRN-00444,Express,COR-005,SEC-0048,2026-09-05,695,710,3,65.8,1400,8.5,80
TRN-00445,Passenger,COR-002,SEC-0013,2026-09-14,588,608,2,65.5,1200,14.4,110
TRN-00446,Freight,COR-017,SEC-0170,2026-09-13,540,547,1,19.2,3000,6.7,110
TRN-00447,Superfast,COR-006,SEC-0059,2026-09-11,554,559,3,75.9,1600,7.2,100
TRN-00448,Freight,COR-006,SEC-0053,2026-09-09,283,293,1,29.2,3000,5.1,120
TRN-00449,EMU,COR-005,SEC-0047,2026-09-16,44,51,2,74.0,900,9.7,110
TRN-00450,Passenger,COR-007,SEC-0065,2026-09-04,71,83,2,59.8,1200,15.3,110
TRN-00451,Superfast,COR-010,SEC-0095,2026-09-07,1366,1376,3,78.7,1600,9.4,110
TRN-00452,Superfast,COR-018,SEC-0172,2026-09-12,1305,1315,3,39.0,1600,4.9,80
TRN-00453,Passenger,COR-012,SEC-0114,2026-09-07,570,580,2,72.9,1200,12.0,100
TRN-00454,Superfast,COR-016,SEC-0154,2026-09-08,164,171,3,57.2,1600,5.1,110
TRN-00455,EMU,COR-014,SEC-0132,2026-09-11,791,801,2,57.5,900,12.9,120
TRN-00456,Express,COR-002,SEC-0016,2026-09-09,600,610,3,99.0,1400,6.6,130
TRN-00457,Superfast,COR-015,SEC-0145,2026-09-04,38,53,3,62.5,1600,9.6,100
TRN-00458,Freight,COR-019,SEC-0187,2026-09-03,1116,1123,1,62.7,3000,10.4,100
TRN-00459,EMU,COR-007,SEC-0070,2026-09-15,1334,1339,2,69.1,900,11.9,80
TRN-00460,Freight,COR-019,SEC-0189,2026-09-14,915,920,1,34.0,3000,6.4,120
TRN-00461,Superfast,COR-013,SEC-0123,2026-09-10,539,551,3,48.1,1600,9.3,80
TRN-00462,Freight,COR-006,SEC-0056,2026-09-03,1358,1370,1,20.3,3000,7.5,80
TRN-00463,Freight,COR-006,SEC-0053,2026-09-12,51,56,1,15.2,3000,1.0,100
TRN-00464,Freight,COR-008,SEC-0076,2026-09-11,208,215,1,44.5,3000,11.2,100
TRN-00465,EMU,COR-020,SEC-0193,2026-09-04,288,295,2,67.1,900,7.9,100
TRN-00466,Passenger,COR-001,SEC-0004,2026-09-09,962,967,2,65.1,1200,8.9,130
TRN-00467,EMU,COR-016,SEC-0155,2026-09-13,788,803,2,68.8,900,10.3,100
TRN-00468,Express,COR-012,SEC-0114,2026-09-03,194,209,3,77.3,1400,13.8,80
TRN-00469,EMU,COR-013,SEC-0121,2026-09-08,637,647,2,29.4,900,5.7,120
TRN-00470,Superfast,COR-016,SEC-0157,2026-09-13,240,245,3,82.7,1600,11.2,130
TRN-00471,Superfast,COR-017,SEC-0162,2026-09-03,461,466,3,69.2,1600,8.2,110
TRN-00472,Superfast,COR-018,SEC-0174,2026-09-04,586,593,3,72.2,1600,7.5,110
TRN-00473,Superfast,COR-001,SEC-0008,2026-09-12,287,292,3,76.1,1600,15.5,100
TRN-00474,Freight,COR-019,SEC-0187,2026-09-11,1153,1163,1,65.1,3000,5.9,100
TRN-00475,Superfast,COR-015,SEC-0145,2026-09-11,1098,1108,3,61.8,1600,7.6,120
TRN-00476,Superfast,COR-016,SEC-0151,2026-09-16,612,617,3,78.8,1600,11.6,110
TRN-00477,Superfast,COR-017,SEC-0162,2026-09-16,42,54,3,71.4,1600,7.8,110
TRN-00478,Express,COR-007,SEC-0061,2026-09-10,194,206,3,99.0,1400,13.9,120
TRN-00479,EMU,COR-010,SEC-0091,2026-09-06,648,653,2,64.7,900,12.0,100
TRN-00480,Superfast,COR-009,SEC-0085,2026-09-15,300,310,3,68.4,1600,8.4,120
TRN-00481,Superfast,COR-006,SEC-0051,2026-09-12,1162,1169,3,78.4,1600,6.1,120
TRN-00482,EMU,COR-003,SEC-0024,2026-09-13,696,703,2,74.4,900,12.2,80
TRN-00483,Passenger,COR-010,SEC-0091,2026-09-04,1418,1428,2,89.7,1200,13.3,100
TRN-00484,Superfast,COR-011,SEC-0101,2026-09-10,1013,1033,3,99.0,1600,16.1,110
TRN-00485,Passenger,COR-002,SEC-0015,2026-09-09,365,380,2,88.0,1200,10.4,110
TRN-00486,Superfast,COR-011,SEC-0110,2026-09-07,720,727,3,93.6,1600,13.3,120
TRN-00487,Passenger,COR-013,SEC-0130,2026-09-05,898,905,2,62.9,1200,8.4,110
TRN-00488,EMU,COR-006,SEC-0052,2026-09-14,1177,1192,2,99.0,900,10.0,100
TRN-00489,Passenger,COR-008,SEC-0079,2026-09-15,1193,1203,2,89.3,1200,10.1,110
TRN-00490,Freight,COR-008,SEC-0077,2026-09-05,574,579,1,44.7,3000,1.0,80
TRN-00491,Superfast,COR-016,SEC-0158,2026-09-07,1030,1042,3,25.0,1600,5.4,130
TRN-00492,Freight,COR-006,SEC-0053,2026-09-14,270,282,1,11.0,3000,1.0,110
TRN-00493,Superfast,COR-005,SEC-0042,2026-09-07,1174,1184,3,82.7,1600,8.1,110
TRN-00494,EMU,COR-014,SEC-0135,2026-09-15,921,933,2,83.1,900,3.6,120
TRN-00495,Express,COR-012,SEC-0111,2026-09-14,157,167,3,68.3,1400,5.9,110
TRN-00496,EMU,COR-018,SEC-0176,2026-09-14,1240,1245,2,99.0,900,13.7,120
TRN-00497,Freight,COR-019,SEC-0189,2026-09-10,445,455,1,30.8,3000,6.4,120
TRN-00498,Passenger,COR-005,SEC-0044,2026-09-06,118,128,2,52.7,1200,11.8,80
TRN-00499,Superfast,COR-008,SEC-0077,2026-09-10,592,602,3,77.0,1600,13.3,80
TRN-00500,Passenger,COR-004,SEC-0035,2026-09-15,199,209,2,59.1,1200,9.6,110
TRN-00501,Superfast,COR-004,SEC-0036,2026-09-10,803,808,3,68.4,1600,8.9,120
TRN-00502,Express,COR-007,SEC-0065,2026-09-11,763,775,3,70.2,1400,8.8,130
TRN-00503,EMU,COR-003,SEC-0022,2026-09-11,917,929,2,68.9,900,10.0,100
TRN-00504,Express,COR-011,SEC-0105,2026-09-03,289,299,3,74.2,1400,12.1,110
TRN-00505,Superfast,COR-003,SEC-0022,2026-09-07,1052,1059,3,73.3,1600,8.9,110
TRN-00506,Express,COR-002,SEC-0015,2026-09-05,1225,1230,3,77.0,1400,5.3,120
TRN-00507,Passenger,COR-006,SEC-0057,2026-09-16,1369,1376,2,59.8,1200,5.6,100
TRN-00508,Freight,COR-012,SEC-0117,2026-09-06,1415,1425,1,31.6,3000,5.5,100
TRN-00509,Express,COR-012,SEC-0112,2026-09-06,873,878,3,72.9,1400,15.1,120
TRN-00510,Passenger,COR-001,SEC-0010,2026-09-14,845,860,2,53.9,1200,11.3,110
TRN-00511,Superfast,COR-012,SEC-0116,2026-09-16,180,192,3,75.5,1600,10.7,120
TRN-00512,EMU,COR-009,SEC-0081,2026-09-05,369,379,2,78.5,900,15.2,110
TRN-00513,Passenger,COR-019,SEC-0181,2026-09-11,1346,1366,2,76.9,1200,12.4,80
TRN-00514,Freight,COR-001,SEC-0007,2026-09-11,533,540,1,40.1,3000,11.5,120
TRN-00515,Freight,COR-006,SEC-0054,2026-09-15,116,126,1,43.7,3000,5.6,130
TRN-00516,Passenger,COR-008,SEC-0073,2026-09-16,20,35,2,85.1,1200,9.4,130
TRN-00517,Passenger,COR-006,SEC-0052,2026-09-14,1180,1200,2,66.0,1200,12.6,80
TRN-00518,Freight,COR-004,SEC-0035,2026-09-15,334,344,1,32.1,3000,3.5,80
TRN-00519,Passenger,COR-010,SEC-0099,2026-09-10,588,598,2,65.0,1200,10.0,120
TRN-00520,Express,COR-001,SEC-0007,2026-09-03,2,12,3,78.6,1400,6.0,120
TRN-00521,Express,COR-020,SEC-0191,2026-09-04,252,262,3,66.5,1400,13.7,100
TRN-00522,Superfast,COR-018,SEC-0172,2026-09-16,811,826,3,50.8,1600,12.4,120
TRN-00523,Superfast,COR-006,SEC-0059,2026-09-12,95,115,3,75.5,1600,7.2,100
TRN-00524,EMU,COR-016,SEC-0153,2026-09-13,1025,1037,2,48.4,900,6.8,120
TRN-00525,Passenger,COR-006,SEC-0058,2026-09-09,1227,1234,2,73.1,1200,12.3,120
TRN-00526,Passenger,COR-020,SEC-0192,2026-09-13,238,243,2,66.5,1200,6.9,120
TRN-00527,Passenger,COR-004,SEC-0032,2026-09-03,108,118,2,45.4,1200,13.0,110
TRN-00528,Express,COR-013,SEC-0125,2026-09-10,288,295,3,52.1,1400,9.4,80
TRN-00529,Passenger,COR-002,SEC-0013,2026-09-12,275,295,2,64.7,1200,13.3,100
TRN-00530,Superfast,COR-009,SEC-0081,2026-09-04,957,962,3,72.6,1600,11.7,100
TRN-00531,Freight,COR-013,SEC-0122,2026-09-05,29,49,1,45.6,3000,7.9,110
TRN-00532,Express,COR-009,SEC-0090,2026-09-04,556,566,3,74.3,1400,6.2,110
TRN-00533,Passenger,COR-004,SEC-0032,2026-09-14,623,630,2,63.5,1200,11.0,100
TRN-00534,Passenger,COR-017,SEC-0167,2026-09-15,176,181,2,49.9,1200,5.0,80
TRN-00535,EMU,COR-018,SEC-0174,2026-09-08,1152,1157,2,73.3,900,8.9,120
TRN-00536,Superfast,COR-010,SEC-0096,2026-09-08,66,76,3,62.4,1600,9.7,100
TRN-00537,Superfast,COR-005,SEC-0050,2026-09-10,199,214,3,68.4,1600,8.8,80
TRN-00538,EMU,COR-007,SEC-0063,2026-09-14,582,592,2,80.8,900,9.4,100
TRN-00539,Superfast,COR-015,SEC-0146,2026-09-08,58,63,3,66.7,1600,9.5,100
TRN-00540,Superfast,COR-006,SEC-0057,2026-09-08,1091,1101,3,81.4,1600,7.7,130
TRN-00541,Freight,COR-019,SEC-0183,2026-09-09,736,748,1,9.8,3000,3.4,110
TRN-00542,Freight,COR-008,SEC-0073,2026-09-11,880,885,1,41.0,3000,8.9,120
TRN-00543,Passenger,COR-020,SEC-0197,2026-09-14,955,970,2,44.9,1200,6.2,100
TRN-00544,Passenger,COR-010,SEC-0095,2026-09-10,190,202,2,85.7,1200,11.7,100
TRN-00545,Passenger,COR-006,SEC-0056,2026-09-10,53,63,2,75.7,1200,16.1,120
TRN-00546,Passenger,COR-002,SEC-0012,2026-09-10,770,780,2,68.1,1200,10.5,120
TRN-00547,Express,COR-016,SEC-0159,2026-09-15,118,128,3,45.7,1400,9.7,120
TRN-00548,Superfast,COR-002,SEC-0011,2026-09-15,997,1017,3,66.0,1600,12.1,120
TRN-00549,EMU,COR-002,SEC-0015,2026-09-10,345,355,2,54.6,900,9.6,80
TRN-00550,Passenger,COR-008,SEC-0076,2026-09-08,421,441,2,53.7,1200,3.4,130
TRN-00551,EMU,COR-014,SEC-0134,2026-09-03,1357,1362,2,52.8,900,11.7,110
TRN-00552,Passenger,COR-006,SEC-0058,2026-09-07,27,34,2,69.4,1200,11.9,120
TRN-00553,Superfast,COR-018,SEC-0174,2026-09-16,367,374,3,79.8,1600,9.7,130
TRN-00554,Freight,COR-014,SEC-0131,2026-09-09,14,19,1,44.7,3000,8.1,110
TRN-00555,Passenger,COR-011,SEC-0103,2026-09-15,893,898,2,83.7,1200,8.6,110
TRN-00556,Freight,COR-019,SEC-0188,2026-09-08,451,456,1,55.3,3000,13.0,100
TRN-00557,Superfast,COR-002,SEC-0012,2026-09-15,994,1001,3,74.4,1600,10.5,100
TRN-00558,Freight,COR-014,SEC-0139,2026-09-07,724,734,1,23.3,3000,5.0,100
TRN-00559,Passenger,COR-010,SEC-0093,2026-09-14,1213,1225,2,83.3,1200,9.0,80
TRN-00560,Freight,COR-015,SEC-0147,2026-09-12,1295,1307,1,27.3,3000,9.6,120
TRN-00561,EMU,COR-020,SEC-0196,2026-09-15,1337,1342,2,74.6,900,11.4,100
TRN-00562,Passenger,COR-002,SEC-0020,2026-09-14,240,250,2,42.6,1200,2.6,80
TRN-00563,Passenger,COR-015,SEC-0147,2026-09-05,1165,1175,2,91.6,1200,14.5,120
TRN-00564,Passenger,COR-009,SEC-0085,2026-09-13,552,559,2,41.1,1200,1.0,100
TRN-00565,Superfast,COR-001,SEC-0003,2026-09-09,890,910,3,90.8,1600,14.7,80
TRN-00566,Passenger,COR-016,SEC-0156,2026-09-15,604,614,2,89.8,1200,12.6,120
TRN-00567,EMU,COR-004,SEC-0034,2026-09-08,1288,1300,2,73.6,900,14.6,100
TRN-00568,Express,COR-008,SEC-0077,2026-09-04,1115,1125,3,78.6,1400,13.6,120
TRN-00569,Passenger,COR-017,SEC-0165,2026-09-09,1006,1018,2,40.7,1200,8.9,100
TRN-00570,Superfast,COR-014,SEC-0131,2026-09-07,82,87,3,70.5,1600,12.2,80
TRN-00571,Freight,COR-014,SEC-0138,2026-09-06,1149,1159,1,22.6,3000,7.3,110
TRN-00572,EMU,COR-002,SEC-0015,2026-09-04,631,643,2,94.2,900,11.2,80
TRN-00573,Passenger,COR-018,SEC-0176,2026-09-04,1166,1171,2,47.0,1200,9.5,100
TRN-00574,Freight,COR-012,SEC-0113,2026-09-15,362,377,1,17.6,3000,4.0,110
TRN-00575,Express,COR-016,SEC-0154,2026-09-05,827,837,3,55.5,1400,6.0,110
TRN-00576,Express,COR-019,SEC-0188,2026-09-05,988,1000,3,85.1,1400,4.0,100
TRN-00577,EMU,COR-019,SEC-0185,2026-09-08,1105,1125,2,92.1,900,12.4,110
TRN-00578,Passenger,COR-018,SEC-0180,2026-09-15,229,234,2,82.2,1200,9.8,120
TRN-00579,Passenger,COR-007,SEC-0063,2026-09-07,1275,1285,2,84.6,1200,12.1,110
TRN-00580,EMU,COR-009,SEC-0085,2026-09-07,704,716,2,36.9,900,12.1,100
TRN-00581,Passenger,COR-013,SEC-0123,2026-09-04,1216,1228,2,78.7,1200,15.3,110
TRN-00582,Freight,COR-008,SEC-0072,2026-09-08,527,539,1,56.5,3000,6.4,110
TRN-00583,EMU,COR-007,SEC-0070,2026-09-15,677,682,2,73.7,900,10.3,110
TRN-00584,Passenger,COR-001,SEC-0005,2026-09-16,1019,1024,2,52.0,1200,1.0,120
TRN-00585,EMU,COR-018,SEC-0179,2026-09-09,20,27,2,50.2,900,13.5,120
TRN-00586,Passenger,COR-012,SEC-0112,2026-09-10,741,748,2,46.4,1200,8.7,110
TRN-00587,Passenger,COR-013,SEC-0128,2026-09-07,1120,1132,2,59.1,1200,8.1,130
TRN-00588,Express,COR-013,SEC-0129,2026-09-13,1156,1171,3,49.5,1400,10.0,110
TRN-00589,EMU,COR-004,SEC-0034,2026-09-10,694,701,2,73.5,900,9.0,120
TRN-00590,EMU,COR-015,SEC-0141,2026-09-12,387,392,2,71.2,900,10.5,80
TRN-00591,EMU,COR-007,SEC-0066,2026-09-09,386,396,2,72.2,900,8.4,110
TRN-00592,Passenger,COR-014,SEC-0138,2026-09-16,258,270,2,67.7,1200,5.4,100
TRN-00593,Express,COR-010,SEC-0092,2026-09-11,356,368,3,50.0,1400,6.6,110
TRN-00594,Freight,COR-009,SEC-0087,2026-09-08,940,950,1,29.3,3000,5.7,100
TRN-00595,EMU,COR-004,SEC-0036,2026-09-14,663,678,2,72.7,900,5.7,130
TRN-00596,Express,COR-014,SEC-0134,2026-09-14,897,907,3,41.9,1400,5.8,100
TRN-00597,Freight,COR-001,SEC-0007,2026-09-10,797,817,1,35.3,3000,7.2,120
TRN-00598,Express,COR-011,SEC-0106,2026-09-08,28,35,3,72.0,1400,7.9,130
TRN-00599,Express,COR-001,SEC-0009,2026-09-09,0,10,3,59.8,1400,10.4,120
TRN-00600,Superfast,COR-013,SEC-0126,2026-09-04,856,863,3,72.4,1600,18.8,120
TRN-00601,Superfast,COR-007,SEC-0063,2026-09-15,661,671,3,62.3,1600,6.3,130
TRN-00602,Superfast,COR-003,SEC-0024,2026-09-15,785,795,3,85.7,1600,11.7,110
TRN-00603,EMU,COR-015,SEC-0149,2026-09-14,154,159,2,94.4,900,10.2,110
TRN-00604,Superfast,COR-015,SEC-0150,2026-09-15,396,408,3,41.2,1600,7.6,80
TRN-00605,EMU,COR-018,SEC-0172,2026-09-14,1226,1246,2,79.3,900,10.2,120
TRN-00606,Superfast,COR-012,SEC-0113,2026-09-12,1143,1155,3,30.4,1600,12.8,110
TRN-00607,Express,COR-001,SEC-0010,2026-09-07,1129,1139,3,68.0,1400,12.4,130
TRN-00608,Freight,COR-014,SEC-0134,2026-09-08,1317,1324,1,48.4,3000,5.0,80
TRN-00609,Passenger,COR-009,SEC-0084,2026-09-09,680,690,2,82.1,1200,8.7,110
TRN-00610,Passenger,COR-020,SEC-0198,2026-09-11,1201,1221,2,57.6,1200,9.8,100
TRN-00611,Superfast,COR-007,SEC-0064,2026-09-03,83,93,3,99.0,1600,12.5,110
TRN-00612,Superfast,COR-008,SEC-0077,2026-09-03,1232,1244,3,88.3,1600,8.3,120
TRN-00613,Superfast,COR-005,SEC-0048,2026-09-08,719,734,3,72.1,1600,8.4,110
TRN-00614,Superfast,COR-007,SEC-0067,2026-09-06,1015,1025,3,76.5,1600,4.3,80
TRN-00615,Express,COR-020,SEC-0199,2026-09-05,893,900,3,57.1,1400,4.9,120
TRN-00616,Passenger,COR-015,SEC-0147,2026-09-09,839,849,2,52.4,1200,3.1,80
TRN-00617,Freight,COR-019,SEC-0188,2026-09-09,40,52,1,8.1,3000,2.3,110
TRN-00618,Passenger,COR-001,SEC-0007,2026-09-15,106,111,2,64.9,1200,8.7,120
TRN-00619,EMU,COR-006,SEC-0060,2026-09-11,572,587,2,77.8,900,11.9,130
TRN-00620,Passenger,COR-013,SEC-0128,2026-09-16,1403,1410,2,57.3,1200,8.8,110
TRN-00621,EMU,COR-020,SEC-0191,2026-09-13,1071,1083,2,61.1,900,6.5,110
TRN-00622,Passenger,COR-009,SEC-0090,2026-09-09,780,785,2,66.2,1200,7.8,80
TRN-00623,Express,COR-011,SEC-0103,2026-09-15,1292,1302,3,76.9,1400,5.3,100
TRN-00624,Express,COR-008,SEC-0079,2026-09-14,372,392,3,78.1,1400,11.4,120
TRN-00625,Freight,COR-001,SEC-0005,2026-09-14,844,854,1,24.1,3000,4.8,110
TRN-00626,Express,COR-011,SEC-0108,2026-09-09,544,551,3,78.2,1400,8.8,80
TRN-00627,Passenger,COR-020,SEC-0193,2026-09-13,1240,1247,2,83.0,1200,12.1,100
TRN-00628,EMU,COR-009,SEC-0081,2026-09-10,1310,1315,2,98.1,900,13.0,120
TRN-00629,Express,COR-007,SEC-0067,2026-09-05,31,51,3,80.7,1400,7.9,120
TRN-00630,Express,COR-004,SEC-0039,2026-09-05,212,224,3,59.9,1400,12.4,80
TRN-00631,Express,COR-001,SEC-0007,2026-09-16,281,291,3,72.0,1400,7.1,110
TRN-00632,Express,COR-005,SEC-0042,2026-09-16,377,382,3,59.9,1400,11.3,110
TRN-00633,Express,COR-009,SEC-0088,2026-09-08,1088,1095,3,99.0,1400,10.2,120
TRN-00634,Express,COR-016,SEC-0152,2026-09-16,1183,1188,3,74.1,1400,13.5,80
TRN-00635,Passenger,COR-002,SEC-0012,2026-09-12,595,605,2,60.6,1200,8.7,110
TRN-00636,Passenger,COR-018,SEC-0173,2026-09-06,259,264,2,77.0,1200,11.1,110
TRN-00637,EMU,COR-013,SEC-0130,2026-09-07,454,459,2,96.0,900,9.7,80
TRN-00638,Superfast,COR-005,SEC-0042,2026-09-04,1416,1428,3,73.8,1600,6.6,80
TRN-00639,Express,COR-012,SEC-0119,2026-09-16,539,549,3,43.9,1400,2.1,120
TRN-00640,Superfast,COR-007,SEC-0069,2026-09-15,1141,1151,3,44.7,1600,4.6,110
TRN-00641,Express,COR-012,SEC-0119,2026-09-16,1269,1284,3,73.9,1400,11.4,100
TRN-00642,EMU,COR-017,SEC-0164,2026-09-06,523,528,2,84.5,900,9.8,100
TRN-00643,Freight,COR-013,SEC-0127,2026-09-10,1178,1193,1,31.6,3000,5.1,100
TRN-00644,Passenger,COR-012,SEC-0118,2026-09-10,486,506,2,81.8,1200,7.2,110
TRN-00645,Superfast,COR-009,SEC-0087,2026-09-15,676,686,3,48.9,1600,11.1,120
TRN-00646,EMU,COR-016,SEC-0155,2026-09-10,1152,1167,2,71.9,900,12.7,80
TRN-00647,Express,COR-004,SEC-0032,2026-09-11,384,396,3,50.5,1400,10.6,100
TRN-00648,Passenger,COR-017,SEC-0165,2026-09-09,591,598,2,98.4,1200,14.5,120
TRN-00649,Express,COR-016,SEC-0158,2026-09-15,1387,1392,3,68.4,1400,7.4,110
TRN-00650,Freight,COR-008,SEC-0075,2026-09-16,1263,1268,1,57.2,3000,14.6,110
TRN-00651,Freight,COR-013,SEC-0121,2026-09-13,1300,1312,1,38.1,3000,6.6,110
TRN-00652,EMU,COR-005,SEC-0043,2026-09-03,555,565,2,78.4,900,4.5,110
TRN-00653,Passenger,COR-006,SEC-0055,2026-09-16,1275,1285,2,71.5,1200,6.4,80
TRN-00654,Express,COR-011,SEC-0102,2026-09-11,947,957,3,79.1,1400,2.1,120
TRN-00655,Superfast,COR-006,SEC-0054,2026-09-16,907,917,3,72.3,1600,8.1,100
TRN-00656,Superfast,COR-001,SEC-0006,2026-09-06,600,610,3,73.0,1600,14.7,100
TRN-00657,Express,COR-005,SEC-0044,2026-09-14,171,181,3,85.8,1400,12.2,80
TRN-00658,Passenger,COR-007,SEC-0061,2026-09-08,380,387,2,73.0,1200,9.4,100
TRN-00659,Freight,COR-015,SEC-0143,2026-09-10,862,872,1,37.1,3000,14.9,100
TRN-00660,EMU,COR-004,SEC-0036,2026-09-05,69,79,2,55.5,900,3.8,130
TRN-00661,Superfast,COR-004,SEC-0036,2026-09-13,1294,1301,3,82.2,1600,11.1,120
TRN-00662,Freight,COR-010,SEC-0098,2026-09-07,513,520,1,45.2,3000,8.7,100
TRN-00663,Superfast,COR-015,SEC-0142,2026-09-16,995,1005,3,89.1,1600,7.5,110
TRN-00664,Passenger,COR-011,SEC-0103,2026-09-10,1298,1303,2,92.5,1200,13.6,120
TRN-00665,Freight,COR-013,SEC-0126,2026-09-16,338,345,1,48.8,3000,12.3,120
TRN-00666,EMU,COR-005,SEC-0044,2026-09-14,759,771,2,72.0,900,8.4,80
TRN-00667,EMU,COR-010,SEC-0094,2026-09-03,141,148,2,72.1,900,12.7,100
TRN-00668,Superfast,COR-020,SEC-0200,2026-09-06,1240,1255,3,87.3,1600,10.3,80
TRN-00669,Superfast,COR-019,SEC-0189,2026-09-03,412,432,3,94.4,1600,11.3,120
TRN-00670,Express,COR-010,SEC-0093,2026-09-06,587,602,3,78.0,1400,12.3,100
TRN-00671,Freight,COR-008,SEC-0076,2026-09-08,1137,1157,1,46.9,3000,5.8,80
TRN-00672,Passenger,COR-016,SEC-0152,2026-09-03,169,181,2,55.8,1200,6.8,100
TRN-00673,Passenger,COR-018,SEC-0179,2026-09-15,310,330,2,51.6,1200,8.3,100
TRN-00674,Express,COR-004,SEC-0036,2026-09-10,1374,1394,3,79.0,1400,9.7,120
TRN-00675,Superfast,COR-001,SEC-0008,2026-09-16,729,734,3,99.0,1600,13.0,110
TRN-00676,Passenger,COR-011,SEC-0110,2026-09-10,666,678,2,64.8,1200,6.3,120
TRN-00677,Passenger,COR-015,SEC-0146,2026-09-08,1155,1165,2,85.2,1200,12.0,100
TRN-00678,Passenger,COR-006,SEC-0053,2026-09-10,1099,1106,2,51.6,1200,5.0,130
TRN-00679,Freight,COR-010,SEC-0096,2026-09-07,524,531,1,43.2,3000,7.5,100
TRN-00680,Freight,COR-007,SEC-0067,2026-09-16,694,709,1,62.6,3000,8.0,100
TRN-00681,Passenger,COR-002,SEC-0017,2026-09-08,1081,1101,2,66.2,1200,6.4,110
TRN-00682,Express,COR-016,SEC-0151,2026-09-09,617,627,3,99.0,1400,10.8,80
TRN-00683,Superfast,COR-006,SEC-0055,2026-09-06,49,64,3,51.4,1600,10.1,110
TRN-00684,Freight,COR-018,SEC-0174,2026-09-15,183,193,1,52.3,3000,10.1,100
TRN-00685,Express,COR-009,SEC-0086,2026-09-07,1428,1438,3,78.4,1400,9.9,120
TRN-00686,Freight,COR-020,SEC-0197,2026-09-05,233,243,1,31.9,3000,6.2,100
TRN-00687,Superfast,COR-020,SEC-0195,2026-09-16,1252,1257,3,85.3,1600,13.2,120
TRN-00688,Superfast,COR-007,SEC-0061,2026-09-06,793,805,3,70.7,1600,10.1,130
TRN-00689,Passenger,COR-013,SEC-0124,2026-09-08,685,705,2,99.0,1200,6.2,80
TRN-00690,Express,COR-018,SEC-0171,2026-09-06,193,200,3,70.0,1400,5.8,100
TRN-00691,Passenger,COR-012,SEC-0111,2026-09-08,317,327,2,62.9,1200,10.7,100
TRN-00692,EMU,COR-016,SEC-0154,2026-09-06,455,470,2,74.6,900,10.1,110
TRN-00693,Freight,COR-012,SEC-0114,2026-09-03,1294,1304,1,42.8,3000,14.2,120
TRN-00694,Superfast,COR-008,SEC-0079,2026-09-04,21,36,3,93.7,1600,13.2,120
TRN-00695,Freight,COR-018,SEC-0180,2026-09-03,162,167,1,41.0,3000,8.7,110
TRN-00696,Freight,COR-014,SEC-0138,2026-09-10,393,405,1,22.0,3000,6.6,100
TRN-00697,Superfast,COR-001,SEC-0003,2026-09-16,939,946,3,64.5,1600,10.5,100
TRN-00698,Express,COR-006,SEC-0051,2026-09-12,383,395,3,60.8,1400,13.2,130
TRN-00699,Passenger,COR-004,SEC-0038,2026-09-14,1325,1332,2,50.6,1200,13.7,110
TRN-00700,Superfast,COR-011,SEC-0106,2026-09-15,1303,1310,3,88.3,1600,14.9,100
TRN-00701,Express,COR-020,SEC-0195,2026-09-16,179,194,3,79.1,1400,9.8,120
TRN-00702,EMU,COR-020,SEC-0195,2026-09-05,142,152,2,68.8,900,6.3,100
TRN-00703,Express,COR-011,SEC-0103,2026-09-04,256,271,3,98.4,1400,10.2,110
TRN-00704,Passenger,COR-005,SEC-0043,2026-09-03,505,515,2,72.5,1200,12.4,110
TRN-00705,EMU,COR-003,SEC-0021,2026-09-04,477,492,2,97.1,900,9.4,110
TRN-00706,Superfast,COR-010,SEC-0098,2026-09-05,242,262,3,64.3,1600,6.2,100
TRN-00707,EMU,COR-004,SEC-0031,2026-09-10,84,94,2,89.0,900,12.9,120
TRN-00708,Superfast,COR-001,SEC-0007,2026-09-06,959,964,3,74.0,1600,9.7,110
TRN-00709,Superfast,COR-002,SEC-0014,2026-09-13,1167,1177,3,66.9,1600,9.4,80
TRN-00710,Freight,COR-012,SEC-0114,2026-09-10,294,309,1,60.0,3000,4.3,130
TRN-00711,Superfast,COR-011,SEC-0101,2026-09-10,349,359,3,63.1,1600,10.6,110
TRN-00712,Passenger,COR-007,SEC-0068,2026-09-08,638,648,2,86.9,1200,13.5,130
TRN-00713,Express,COR-005,SEC-0047,2026-09-07,1062,1074,3,76.7,1400,11.0,120
TRN-00714,EMU,COR-012,SEC-0115,2026-09-07,695,710,2,78.1,900,8.4,80
TRN-00715,Superfast,COR-006,SEC-0055,2026-09-08,239,244,3,75.0,1600,6.8,110
TRN-00716,Superfast,COR-014,SEC-0139,2026-09-03,66,78,3,61.9,1600,11.5,80
TRN-00717,Superfast,COR-007,SEC-0064,2026-09-07,1160,1170,3,92.8,1600,12.2,130
TRN-00718,Superfast,COR-010,SEC-0100,2026-09-11,1388,1403,3,73.1,1600,10.7,80
TRN-00719,EMU,COR-011,SEC-0110,2026-09-10,541,546,2,93.4,900,11.9,80
TRN-00720,Superfast,COR-013,SEC-0123,2026-09-06,874,881,3,88.2,1600,11.2,80
TRN-00721,Freight,COR-005,SEC-0045,2026-09-09,594,599,1,27.4,3000,5.2,80
TRN-00722,EMU,COR-018,SEC-0177,2026-09-11,306,311,2,91.0,900,6.6,130
TRN-00723,Freight,COR-005,SEC-0048,2026-09-07,300,315,1,9.2,3000,9.2,100
TRN-00724,Express,COR-006,SEC-0057,2026-09-08,747,754,3,81.0,1400,10.7,110
TRN-00725,Express,COR-018,SEC-0180,2026-09-15,1219,1229,3,78.5,1400,11.1,110
TRN-00726,Passenger,COR-020,SEC-0191,2026-09-15,967,977,2,97.7,1200,12.6,110
TRN-00727,Superfast,COR-014,SEC-0139,2026-09-12,1240,1247,3,84.1,1600,17.2,110
TRN-00728,Express,COR-016,SEC-0154,2026-09-03,1293,1298,3,73.3,1400,5.2,110
TRN-00729,Superfast,COR-002,SEC-0015,2026-09-08,1379,1386,3,60.4,1600,9.9,110
TRN-00730,Express,COR-006,SEC-0056,2026-09-12,10,17,3,56.9,1400,14.0,120
TRN-00731,Passenger,COR-019,SEC-0187,2026-09-15,174,194,2,25.0,1200,4.4,110
TRN-00732,Freight,COR-016,SEC-0157,2026-09-04,439,451,1,41.7,3000,6.3,120
TRN-00733,Freight,COR-013,SEC-0122,2026-09-14,74,86,1,33.3,3000,3.3,80
TRN-00734,Passenger,COR-005,SEC-0045,2026-09-08,534,546,2,89.5,1200,10.0,80
TRN-00735,Freight,COR-009,SEC-0086,2026-09-07,584,594,1,5.0,3000,5.2,80
TRN-00736,Superfast,COR-011,SEC-0109,2026-09-12,1427,1439,3,76.9,1600,8.0,100
TRN-00737,Superfast,COR-019,SEC-0185,2026-09-08,1320,1332,3,48.1,1600,10.1,80
TRN-00738,Express,COR-013,SEC-0128,2026-09-08,522,532,3,79.1,1400,9.9,100
TRN-00739,Passenger,COR-005,SEC-0047,2026-09-09,71,78,2,73.4,1200,9.7,110
TRN-00740,Superfast,COR-013,SEC-0129,2026-09-07,612,617,3,91.0,1600,12.2,120
TRN-00741,EMU,COR-002,SEC-0013,2026-09-06,1161,1168,2,65.6,900,10.3,110
TRN-00742,Passenger,COR-005,SEC-0049,2026-09-14,1050,1057,2,71.3,1200,7.3,130
TRN-00743,Passenger,COR-018,SEC-0174,2026-09-04,265,280,2,78.6,1200,3.7,130
TRN-00744,Express,COR-008,SEC-0078,2026-09-13,751,758,3,77.9,1400,11.2,80
TRN-00745,Superfast,COR-004,SEC-0040,2026-09-14,901,906,3,25.1,1600,15.0,80
TRN-00746,Superfast,COR-001,SEC-0001,2026-09-08,486,491,3,79.0,1600,6.9,100
TRN-00747,Freight,COR-014,SEC-0135,2026-09-07,576,596,1,54.6,3000,9.8,120
TRN-00748,Freight,COR-019,SEC-0183,2026-09-08,1370,1377,1,27.4,3000,4.3,100
TRN-00749,Passenger,COR-001,SEC-0001,2026-09-05,867,882,2,52.4,1200,8.2,110
TRN-00750,Passenger,COR-018,SEC-0175,2026-09-12,121,131,2,80.0,1200,10.6,100
TRN-00751,Superfast,COR-019,SEC-0190,2026-09-09,718,725,3,32.8,1600,7.9,120
TRN-00752,Superfast,COR-011,SEC-0105,2026-09-06,343,353,3,89.6,1600,13.5,80
TRN-00753,Express,COR-018,SEC-0178,2026-09-14,1004,1016,3,99.0,1400,12.5,110
TRN-00754,Freight,COR-007,SEC-0065,2026-09-16,669,679,1,58.5,3000,10.6,100
TRN-00755,Superfast,COR-014,SEC-0131,2026-09-14,1118,1130,3,99.0,1600,9.7,120
TRN-00756,Passenger,COR-003,SEC-0026,2026-09-07,1119,1126,2,81.3,1200,9.3,110
TRN-00757,Passenger,COR-020,SEC-0200,2026-09-12,667,674,2,84.6,1200,19.4,100
TRN-00758,Freight,COR-019,SEC-0190,2026-09-11,802,817,1,52.5,3000,4.6,110
TRN-00759,Superfast,COR-005,SEC-0049,2026-09-03,1086,1096,3,45.2,1600,7.7,120
TRN-00760,Freight,COR-006,SEC-0059,2026-09-09,620,627,1,22.9,3000,6.2,110
TRN-00761,Freight,COR-018,SEC-0172,2026-09-13,505,517,1,69.3,3000,11.1,80
TRN-00762,Passenger,COR-013,SEC-0127,2026-09-10,1241,1256,2,80.8,1200,8.7,100
TRN-00763,Passenger,COR-007,SEC-0064,2026-09-04,1404,1424,2,75.9,1200,10.5,120
TRN-00764,Superfast,COR-013,SEC-0124,2026-09-08,1102,1114,3,55.7,1600,9.2,110
TRN-00765,EMU,COR-016,SEC-0159,2026-09-06,1175,1195,2,51.6,900,9.1,100
TRN-00766,Freight,COR-017,SEC-0167,2026-09-07,821,833,1,10.5,3000,7.1,120
TRN-00767,Express,COR-004,SEC-0032,2026-09-09,1339,1344,3,48.0,1400,8.4,110
TRN-00768,Passenger,COR-009,SEC-0085,2026-09-06,261,273,2,84.0,1200,12.4,100
TRN-00769,Superfast,COR-014,SEC-0137,2026-09-14,183,193,3,77.4,1600,11.1,100
TRN-00770,EMU,COR-007,SEC-0066,2026-09-04,68,78,2,92.5,900,7.1,110
TRN-00771,Passenger,COR-015,SEC-0150,2026-09-11,537,542,2,58.5,1200,3.4,120
TRN-00772,Express,COR-011,SEC-0103,2026-09-09,648,660,3,48.1,1400,9.5,100
TRN-00773,Passenger,COR-020,SEC-0192,2026-09-13,671,678,2,52.5,1200,8.3,80
TRN-00774,EMU,COR-001,SEC-0008,2026-09-07,794,809,2,96.1,900,8.3,110
TRN-00775,Freight,COR-013,SEC-0123,2026-09-05,861,871,1,19.9,3000,3.6,130
TRN-00776,Superfast,COR-016,SEC-0157,2026-09-06,187,192,3,64.1,1600,8.8,80
TRN-00777,Superfast,COR-019,SEC-0183,2026-09-09,590,610,3,60.2,1600,10.1,110
TRN-00778,Passenger,COR-007,SEC-0069,2026-09-04,1294,1306,2,79.4,1200,8.4,130
TRN-00779,Express,COR-009,SEC-0085,2026-09-08,676,683,3,72.1,1400,5.2,80
TRN-00780,Express,COR-013,SEC-0122,2026-09-03,463,470,3,48.7,1400,7.9,130
TRN-00781,Freight,COR-009,SEC-0086,2026-09-14,571,578,1,43.7,3000,11.9,80
TRN-00782,Passenger,COR-012,SEC-0111,2026-09-12,269,276,2,68.2,1200,11.0,110
TRN-00783,Express,COR-019,SEC-0184,2026-09-08,154,166,3,46.2,1400,8.0,110
TRN-00784,Superfast,COR-011,SEC-0110,2026-09-12,984,989,3,95.0,1600,19.7,110
TRN-00785,Superfast,COR-001,SEC-0008,2026-09-03,490,497,3,64.6,1600,13.0,130
TRN-00786,Express,COR-011,SEC-0101,2026-09-10,954,966,3,66.3,1400,11.7,120
TRN-00787,Freight,COR-013,SEC-0130,2026-09-14,634,649,1,35.8,3000,5.0,80
TRN-00788,Passenger,COR-003,SEC-0021,2026-09-13,1373,1378,2,70.2,1200,13.4,100
TRN-00789,Freight,COR-003,SEC-0023,2026-09-03,1069,1089,1,5.0,3000,3.4,120
TRN-00790,EMU,COR-018,SEC-0179,2026-09-07,575,587,2,82.1,900,4.8,100
TRN-00791,Freight,COR-020,SEC-0199,2026-09-08,854,874,1,56.8,3000,6.8,120
TRN-00792,Passenger,COR-016,SEC-0155,2026-09-15,1331,1341,2,67.1,1200,11.4,100
TRN-00793,Superfast,COR-014,SEC-0137,2026-09-06,1250,1260,3,94.3,1600,11.6,130
TRN-00794,Freight,COR-003,SEC-0022,2026-09-16,96,111,1,21.0,3000,5.1,120
TRN-00795,Passenger,COR-006,SEC-0053,2026-09-13,738,750,2,58.1,1200,8.4,100
TRN-00796,Superfast,COR-001,SEC-0010,2026-09-16,66,81,3,54.8,1600,12.8,110
TRN-00797,Freight,COR-016,SEC-0153,2026-09-06,1014,1019,1,35.2,3000,7.2,100
TRN-00798,Freight,COR-002,SEC-0012,2026-09-15,866,873,1,45.2,3000,6.8,110
TRN-00799,Passenger,COR-013,SEC-0123,2026-09-12,511,521,2,93.4,1200,7.2,100
TRN-00800,Express,COR-019,SEC-0185,2026-09-16,779,786,3,68.7,1400,10.4,100
TRN-00801,Passenger,COR-010,SEC-0094,2026-09-03,150,155,2,77.7,1200,8.8,120
TRN-00802,Passenger,COR-001,SEC-0009,2026-09-13,1166,1176,2,79.8,1200,11.6,110
TRN-00803,Superfast,COR-017,SEC-0162,2026-09-14,713,723,3,68.9,1600,11.9,120
TRN-00804,Superfast,COR-013,SEC-0130,2026-09-07,948,960,3,70.3,1600,13.7,100
TRN-00805,Freight,COR-020,SEC-0197,2026-09-08,1367,1374,1,11.9,3000,4.2,80
TRN-00806,EMU,COR-014,SEC-0137,2026-09-16,563,583,2,60.7,900,8.3,100
TRN-00807,Express,COR-016,SEC-0159,2026-09-08,1164,1176,3,34.0,1400,2.9,110
TRN-00808,Passenger,COR-016,SEC-0153,2026-09-10,1031,1036,2,61.2,1200,9.9,110
TRN-00809,Passenger,COR-007,SEC-0070,2026-09-14,542,554,2,86.2,1200,11.8,100
TRN-00810,Freight,COR-002,SEC-0019,2026-09-15,1374,1384,1,68.8,3000,8.8,100
TRN-00811,Express,COR-015,SEC-0149,2026-09-10,903,915,3,97.2,1400,10.7,120
TRN-00812,Superfast,COR-010,SEC-0095,2026-09-10,150,162,3,76.3,1600,9.4,100
TRN-00813,Superfast,COR-001,SEC-0005,2026-09-16,215,225,3,78.0,1600,10.0,80
TRN-00814,Express,COR-017,SEC-0164,2026-09-16,531,538,3,37.9,1400,9.1,80
TRN-00815,Express,COR-006,SEC-0053,2026-09-09,1085,1097,3,62.3,1400,7.5,110
TRN-00816,Freight,COR-008,SEC-0076,2026-09-13,1033,1053,1,30.2,3000,4.2,80
TRN-00817,Express,COR-018,SEC-0180,2026-09-04,861,871,3,99.0,1400,12.6,80
TRN-00818,Passenger,COR-005,SEC-0046,2026-09-16,700,715,2,90.4,1200,9.6,80
TRN-00819,Freight,COR-003,SEC-0030,2026-09-09,832,842,1,60.8,3000,2.6,120
TRN-00820,Freight,COR-016,SEC-0151,2026-09-14,1101,1111,1,29.5,3000,4.4,100
TRN-00821,Passenger,COR-007,SEC-0063,2026-09-15,66,71,2,47.3,1200,8.7,110
TRN-00822,Freight,COR-006,SEC-0059,2026-09-04,869,879,1,35.9,3000,4.3,130
TRN-00823,Passenger,COR-004,SEC-0031,2026-09-13,356,376,2,93.0,1200,7.2,100
TRN-00824,Superfast,COR-010,SEC-0091,2026-09-06,296,306,3,67.4,1600,4.9,120
TRN-00825,Superfast,COR-005,SEC-0043,2026-09-06,1128,1135,3,97.4,1600,12.3,100
TRN-00826,Superfast,COR-003,SEC-0022,2026-09-10,313,328,3,95.1,1600,11.5,110
TRN-00827,Express,COR-009,SEC-0088,2026-09-09,675,687,3,64.3,1400,6.1,110
TRN-00828,Passenger,COR-010,SEC-0091,2026-09-12,564,584,2,37.6,1200,12.8,80
TRN-00829,Superfast,COR-014,SEC-0133,2026-09-09,940,945,3,77.7,1600,11.2,100
TRN-00830,EMU,COR-016,SEC-0151,2026-09-09,628,635,2,33.9,900,3.2,120
TRN-00831,EMU,COR-005,SEC-0043,2026-09-11,444,454,2,89.4,900,9.5,110
TRN-00832,Superfast,COR-019,SEC-0181,2026-09-08,735,740,3,80.4,1600,13.9,110
TRN-00833,EMU,COR-016,SEC-0158,2026-09-06,730,735,2,88.5,900,13.2,120
TRN-00834,Passenger,COR-015,SEC-0149,2026-09-10,566,581,2,66.3,1200,7.9,80
TRN-00835,Passenger,COR-004,SEC-0031,2026-09-05,1201,1206,2,54.5,1200,11.6,80
TRN-00836,Passenger,COR-011,SEC-0108,2026-09-15,577,582,2,77.0,1200,11.6,110
TRN-00837,Express,COR-018,SEC-0177,2026-09-08,607,617,3,71.6,1400,3.4,120
TRN-00838,Passenger,COR-010,SEC-0100,2026-09-08,445,457,2,43.5,1200,5.8,130
TRN-00839,Freight,COR-009,SEC-0088,2026-09-11,530,537,1,17.7,3000,9.9,80
TRN-00840,EMU,COR-020,SEC-0192,2026-09-05,67,82,2,68.6,900,9.4,130
TRN-00841,EMU,COR-006,SEC-0060,2026-09-14,443,463,2,63.5,900,12.3,110
TRN-00842,Superfast,COR-004,SEC-0038,2026-09-07,129,141,3,68.8,1600,10.7,110
TRN-00843,Passenger,COR-020,SEC-0198,2026-09-07,921,933,2,81.8,1200,8.8,80
TRN-00844,Superfast,COR-007,SEC-0065,2026-09-15,508,518,3,68.3,1600,13.3,120
TRN-00845,Express,COR-003,SEC-0029,2026-09-13,186,206,3,76.7,1400,18.0,100
TRN-00846,Express,COR-011,SEC-0105,2026-09-12,568,578,3,33.4,1400,14.8,110
TRN-00847,Freight,COR-008,SEC-0078,2026-09-15,620,625,1,38.2,3000,6.3,110
TRN-00848,Superfast,COR-020,SEC-0192,2026-09-03,1281,1291,3,80.4,1600,9.9,110
TRN-00849,Passenger,COR-008,SEC-0073,2026-09-14,134,149,2,38.2,1200,3.6,120
TRN-00850,Superfast,COR-015,SEC-0142,2026-09-09,1233,1238,3,48.7,1600,11.7,120
TRN-00851,EMU,COR-012,SEC-0112,2026-09-16,523,530,2,81.1,900,6.3,110
TRN-00852,Express,COR-007,SEC-0065,2026-09-07,225,232,3,92.6,1400,9.4,120
TRN-00853,Passenger,COR-010,SEC-0091,2026-09-16,711,723,2,99.0,1200,12.9,100
TRN-00854,Freight,COR-017,SEC-0167,2026-09-13,890,900,1,33.0,3000,7.4,110
TRN-00855,Passenger,COR-002,SEC-0017,2026-09-11,1407,1414,2,65.0,1200,10.1,100
TRN-00856,Superfast,COR-003,SEC-0027,2026-09-13,1435,1439,3,75.2,1600,5.1,110
TRN-00857,Superfast,COR-011,SEC-0108,2026-09-10,869,874,3,55.4,1600,9.7,110
TRN-00858,Freight,COR-004,SEC-0036,2026-09-13,316,326,1,36.3,3000,8.6,110
TRN-00859,Superfast,COR-009,SEC-0081,2026-09-10,186,201,3,76.4,1600,14.6,110
TRN-00860,EMU,COR-015,SEC-0142,2026-09-03,1169,1184,2,50.4,900,8.2,100
TRN-00861,Superfast,COR-018,SEC-0180,2026-09-05,484,499,3,66.5,1600,11.6,120
TRN-00862,Passenger,COR-003,SEC-0022,2026-09-12,1064,1074,2,78.7,1200,10.2,80
TRN-00863,Superfast,COR-001,SEC-0010,2026-09-11,1395,1415,3,59.0,1600,10.9,100
TRN-00864,EMU,COR-006,SEC-0056,2026-09-11,1384,1396,2,83.3,900,10.0,110
TRN-00865,Superfast,COR-005,SEC-0042,2026-09-15,1023,1028,3,67.8,1600,8.7,110
TRN-00866,Freight,COR-017,SEC-0165,2026-09-10,421,426,1,20.9,3000,7.7,100
TRN-00867,Passenger,COR-006,SEC-0055,2026-09-13,804,809,2,74.9,1200,12.7,100
TRN-00868,EMU,COR-017,SEC-0167,2026-09-03,1357,1362,2,84.4,900,11.1,80
TRN-00869,Express,COR-017,SEC-0162,2026-09-07,241,253,3,37.4,1400,8.9,80
TRN-00870,Express,COR-006,SEC-0055,2026-09-04,664,674,3,84.0,1400,14.3,80
TRN-00871,Passenger,COR-011,SEC-0109,2026-09-11,521,531,2,76.6,1200,10.8,120
TRN-00872,EMU,COR-001,SEC-0001,2026-09-16,1151,1163,2,53.5,900,6.2,110
TRN-00873,Superfast,COR-016,SEC-0159,2026-09-05,476,491,3,81.3,1600,15.3,80
TRN-00874,Freight,COR-019,SEC-0186,2026-09-16,196,208,1,28.7,3000,4.3,80
TRN-00875,Express,COR-015,SEC-0150,2026-09-11,217,237,3,78.4,1400,8.1,130
TRN-00876,Freight,COR-006,SEC-0058,2026-09-06,491,503,1,31.0,3000,3.9,80
TRN-00877,Passenger,COR-009,SEC-0085,2026-09-05,1073,1078,2,74.6,1200,15.7,120
TRN-00878,Passenger,COR-020,SEC-0200,2026-09-12,735,745,2,65.9,1200,13.0,130
TRN-00879,Superfast,COR-017,SEC-0170,2026-09-12,907,927,3,75.6,1600,6.1,100
TRN-00880,Superfast,COR-013,SEC-0128,2026-09-10,320,335,3,67.2,1600,10.2,130
TRN-00881,Superfast,COR-020,SEC-0197,2026-09-03,960,970,3,78.4,1600,11.1,100
TRN-00882,Superfast,COR-003,SEC-0025,2026-09-11,1025,1045,3,60.8,1600,7.5,110
TRN-00883,Express,COR-018,SEC-0178,2026-09-09,982,994,3,53.9,1400,11.4,100
TRN-00884,Superfast,COR-008,SEC-0076,2026-09-12,983,988,3,65.4,1600,5.0,80
TRN-00885,Freight,COR-003,SEC-0028,2026-09-08,1073,1085,1,63.5,3000,8.9,80
TRN-00886,Passenger,COR-013,SEC-0127,2026-09-12,739,749,2,64.2,1200,11.9,100
TRN-00887,EMU,COR-010,SEC-0096,2026-09-11,21,28,2,73.5,900,3.8,100
TRN-00888,Freight,COR-018,SEC-0172,2026-09-06,816,836,1,23.0,3000,4.1,110
TRN-00889,EMU,COR-018,SEC-0180,2026-09-16,319,334,2,87.0,900,13.1,120
TRN-00890,Express,COR-016,SEC-0157,2026-09-15,1407,1419,3,60.0,1400,14.0,100
TRN-00891,Freight,COR-002,SEC-0017,2026-09-11,602,612,1,5.0,3000,4.7,130
TRN-00892,Passenger,COR-004,SEC-0037,2026-09-09,586,596,2,77.8,1200,11.6,120
TRN-00893,Superfast,COR-004,SEC-0033,2026-09-11,754,759,3,77.4,1600,11.0,80
TRN-00894,Freight,COR-009,SEC-0088,2026-09-03,874,879,1,26.8,3000,8.0,120
TRN-00895,Freight,COR-012,SEC-0111,2026-09-13,819,831,1,18.9,3000,6.9,80
TRN-00896,Passenger,COR-010,SEC-0093,2026-09-07,1371,1381,2,83.6,1200,10.2,120
TRN-00897,Passenger,COR-012,SEC-0111,2026-09-09,113,120,2,71.6,1200,10.3,120
TRN-00898,Passenger,COR-016,SEC-0151,2026-09-05,177,182,2,83.0,1200,8.7,120
TRN-00899,EMU,COR-017,SEC-0161,2026-09-08,575,582,2,75.6,900,9.7,100
TRN-00900,Superfast,COR-010,SEC-0091,2026-09-12,710,730,3,59.3,1600,10.8,80
TRN-00901,Passenger,COR-008,SEC-0072,2026-09-09,1348,1360,2,54.5,1200,4.5,110
TRN-00902,Superfast,COR-004,SEC-0033,2026-09-10,1151,1158,3,89.2,1600,18.1,110
TRN-00903,EMU,COR-003,SEC-0026,2026-09-15,1104,1111,2,88.4,900,12.8,80
TRN-00904,Express,COR-007,SEC-0064,2026-09-10,884,894,3,87.7,1400,13.6,120
TRN-00905,Express,COR-020,SEC-0200,2026-09-11,101,111,3,68.7,1400,11.6,80
TRN-00906,EMU,COR-005,SEC-0050,2026-09-09,1155,1175,2,64.6,900,9.3,80
TRN-00907,Express,COR-003,SEC-0025,2026-09-07,1288,1300,3,80.0,1400,7.9,110
TRN-00908,Passenger,COR-011,SEC-0110,2026-09-05,621,626,2,99.0,1200,8.1,120
TRN-00909,Superfast,COR-004,SEC-0039,2026-09-14,223,235,3,84.5,1600,8.6,110
TRN-00910,Passenger,COR-006,SEC-0054,2026-09-09,1057,1072,2,90.5,1200,15.5,110
TRN-00911,Passenger,COR-019,SEC-0186,2026-09-12,1038,1053,2,60.5,1200,10.7,130
TRN-00912,Passenger,COR-009,SEC-0081,2026-09-09,1408,1428,2,43.4,1200,4.0,110
TRN-00913,EMU,COR-017,SEC-0161,2026-09-06,1431,1439,2,81.2,900,13.3,100
TRN-00914,Passenger,COR-002,SEC-0019,2026-09-16,682,692,2,96.4,1200,14.9,120
TRN-00915,EMU,COR-015,SEC-0149,2026-09-04,778,793,2,62.7,900,5.0,100
TRN-00916,EMU,COR-007,SEC-0067,2026-09-16,342,352,2,43.4,900,11.6,80
TRN-00917,Express,COR-015,SEC-0142,2026-09-04,1415,1425,3,99.0,1400,14.2,130
TRN-00918,Express,COR-016,SEC-0153,2026-09-06,305,315,3,63.3,1400,6.7,100
TRN-00919,Freight,COR-007,SEC-0068,2026-09-03,316,326,1,51.7,3000,7.1,110
TRN-00920,Passenger,COR-012,SEC-0118,2026-09-13,490,502,2,59.1,1200,8.3,110
TRN-00921,Superfast,COR-002,SEC-0016,2026-09-13,1296,1306,3,64.2,1600,4.7,120
TRN-00922,Express,COR-018,SEC-0177,2026-09-14,42,47,3,66.5,1400,5.1,130
TRN-00923,Express,COR-013,SEC-0129,2026-09-16,1200,1207,3,78.7,1400,10.5,110
TRN-00924,EMU,COR-003,SEC-0023,2026-09-09,164,169,2,99.0,900,11.0,100
TRN-00925,Passenger,COR-007,SEC-0063,2026-09-03,646,651,2,65.3,1200,8.4,110
TRN-00926,Superfast,COR-016,SEC-0158,2026-09-04,780,785,3,57.7,1600,4.9,110
TRN-00927,Superfast,COR-007,SEC-0068,2026-09-14,1075,1085,3,77.4,1600,9.9,110
TRN-00928,Freight,COR-013,SEC-0127,2026-09-11,247,254,1,24.0,3000,8.5,120
TRN-00929,Passenger,COR-008,SEC-0076,2026-09-15,218,228,2,80.2,1200,6.9,100
TRN-00930,Superfast,COR-007,SEC-0066,2026-09-16,1078,1090,3,44.6,1600,4.8,80
TRN-00931,Superfast,COR-015,SEC-0150,2026-09-15,419,426,3,71.5,1600,13.4,100
TRN-00932,Superfast,COR-002,SEC-0017,2026-09-12,1173,1188,3,49.0,1600,1.9,110
TRN-00933,Passenger,COR-001,SEC-0003,2026-09-12,642,649,2,49.6,1200,6.0,130
TRN-00934,Superfast,COR-003,SEC-0023,2026-09-11,273,288,3,81.1,1600,12.0,110
TRN-00935,Superfast,COR-008,SEC-0077,2026-09-07,343,363,3,70.7,1600,10.7,120
TRN-00936,Passenger,COR-011,SEC-0107,2026-09-11,223,230,2,78.3,1200,11.7,110
TRN-00937,Express,COR-006,SEC-0057,2026-09-06,542,549,3,42.6,1400,9.0,120
TRN-00938,EMU,COR-019,SEC-0186,2026-09-06,1408,1418,2,97.2,900,11.8,100
TRN-00939,Freight,COR-015,SEC-0147,2026-09-05,1036,1041,1,33.4,3000,1.4,100
TRN-00940,Superfast,COR-017,SEC-0165,2026-09-05,943,950,3,69.5,1600,6.5,110
TRN-00941,Superfast,COR-019,SEC-0186,2026-09-05,320,340,3,60.5,1600,4.1,80
TRN-00942,Express,COR-020,SEC-0199,2026-09-10,278,288,3,70.3,1400,7.7,80
TRN-00943,Express,COR-001,SEC-0002,2026-09-10,972,987,3,97.8,1400,8.2,80
TRN-00944,Passenger,COR-003,SEC-0024,2026-09-16,970,977,2,70.9,1200,7.3,110
TRN-00945,Express,COR-007,SEC-0061,2026-09-08,385,392,3,99.0,1400,14.2,100
TRN-00946,Freight,COR-010,SEC-0097,2026-09-14,1140,1145,1,57.4,3000,5.6,110
TRN-00947,Superfast,COR-005,SEC-0045,2026-09-12,156,176,3,78.9,1600,12.8,130
TRN-00948,Passenger,COR-016,SEC-0159,2026-09-04,1333,1338,2,99.0,1200,11.5,110
TRN-00949,Express,COR-001,SEC-0010,2026-09-07,274,281,3,53.1,1400,5.5,110
TRN-00950,EMU,COR-018,SEC-0173,2026-09-10,756,761,2,51.3,900,5.2,100
TRN-00951,EMU,COR-017,SEC-0163,2026-09-14,1118,1125,2,82.6,900,10.8,130
TRN-00952,Passenger,COR-008,SEC-0077,2026-09-03,10,22,2,79.7,1200,14.1,120
TRN-00953,Superfast,COR-007,SEC-0067,2026-09-06,464,471,3,71.8,1600,9.7,120
TRN-00954,Freight,COR-017,SEC-0168,2026-09-14,560,567,1,39.8,3000,9.8,120
TRN-00955,EMU,COR-020,SEC-0192,2026-09-14,348,358,2,48.8,900,12.5,80
TRN-00956,Passenger,COR-009,SEC-0088,2026-09-08,1306,1313,2,64.1,1200,10.8,110
TRN-00957,EMU,COR-016,SEC-0160,2026-09-05,1398,1408,2,63.1,900,5.3,80
TRN-00958,EMU,COR-018,SEC-0173,2026-09-06,801,811,2,71.8,900,7.8,80
TRN-00959,Freight,COR-003,SEC-0021,2026-09-07,42,62,1,11.9,3000,7.8,80
TRN-00960,Passenger,COR-017,SEC-0169,2026-09-12,1404,1411,2,46.8,1200,8.8,110
TRN-00961,Express,COR-010,SEC-0099,2026-09-15,15,27,3,68.0,1400,7.0,100
TRN-00962,Superfast,COR-004,SEC-0035,2026-09-13,450,460,3,53.1,1600,5.9,110
TRN-00963,Passenger,COR-012,SEC-0120,2026-09-09,1288,1293,2,42.3,1200,8.4,130
TRN-00964,EMU,COR-008,SEC-0074,2026-09-04,741,751,2,88.0,900,14.4,100
TRN-00965,Freight,COR-012,SEC-0120,2026-09-12,529,534,1,34.6,3000,2.2,80
TRN-00966,Passenger,COR-011,SEC-0102,2026-09-07,975,987,2,72.7,1200,6.6,80
TRN-00967,EMU,COR-011,SEC-0108,2026-09-05,1258,1268,2,62.4,900,11.9,120
TRN-00968,Passenger,COR-015,SEC-0141,2026-09-14,990,997,2,85.5,1200,6.2,110
TRN-00969,Passenger,COR-004,SEC-0036,2026-09-05,683,703,2,77.3,1200,10.6,120
TRN-00970,Superfast,COR-011,SEC-0103,2026-09-08,1197,1209,3,76.2,1600,6.9,100
TRN-00971,Freight,COR-001,SEC-0002,2026-09-10,68,88,1,49.7,3000,2.1,100
TRN-00972,Freight,COR-005,SEC-0049,2026-09-05,835,845,1,56.3,3000,8.8,100
TRN-00973,Passenger,COR-009,SEC-0089,2026-09-05,8,18,2,82.0,1200,12.5,110
TRN-00974,Passenger,COR-001,SEC-0006,2026-09-03,390,395,2,60.9,1200,11.0,100
TRN-00975,Superfast,COR-006,SEC-0056,2026-09-10,533,540,3,65.3,1600,10.3,120
TRN-00976,EMU,COR-015,SEC-0149,2026-09-09,776,791,2,71.7,900,12.3,110
TRN-00977,Freight,COR-020,SEC-0193,2026-09-12,525,532,1,34.8,3000,13.2,120
TRN-00978,Freight,COR-001,SEC-0008,2026-09-16,432,442,1,27.0,3000,5.4,120
TRN-00979,Passenger,COR-003,SEC-0022,2026-09-09,873,878,2,59.1,1200,12.7,110
TRN-00980,Freight,COR-013,SEC-0130,2026-09-12,696,716,1,36.5,3000,8.8,100
TRN-00981,Superfast,COR-017,SEC-0170,2026-09-08,1050,1070,3,73.9,1600,11.3,110
TRN-00982,Superfast,COR-003,SEC-0022,2026-09-15,245,265,3,95.3,1600,8.4,100
TRN-00983,Freight,COR-015,SEC-0141,2026-09-10,1175,1187,1,14.4,3000,6.5,110
TRN-00984,Passenger,COR-019,SEC-0185,2026-09-11,126,146,2,44.3,1200,3.9,100
TRN-00985,Express,COR-013,SEC-0126,2026-09-13,574,589,3,56.4,1400,9.5,120
TRN-00986,EMU,COR-001,SEC-0005,2026-09-13,1237,1244,2,55.0,900,4.3,110
TRN-00987,Superfast,COR-002,SEC-0011,2026-09-07,1274,1289,3,58.1,1600,8.8,110
TRN-00988,Express,COR-014,SEC-0137,2026-09-09,858,868,3,74.1,1400,9.4,80
TRN-00989,EMU,COR-013,SEC-0125,2026-09-11,1202,1212,2,84.6,900,8.9,100
TRN-00990,EMU,COR-012,SEC-0112,2026-09-07,706,721,2,65.8,900,9.9,120
TRN-00991,Superfast,COR-016,SEC-0158,2026-09-11,1063,1070,3,59.1,1600,6.4,110
TRN-00992,EMU,COR-007,SEC-0068,2026-09-15,742,754,2,99.0,900,12.3,110
TRN-00993,Passenger,COR-001,SEC-0006,2026-09-04,826,838,2,42.4,1200,7.8,100
TRN-00994,Superfast,COR-014,SEC-0139,2026-09-07,379,394,3,53.9,1600,13.8,130
TRN-00995,Express,COR-017,SEC-0166,2026-09-13,256,263,3,35.7,1400,8.0,100
TRN-00996,Passenger,COR-004,SEC-0038,2026-09-16,706,721,2,89.7,1200,12.6,100
TRN-00997,Superfast,COR-017,SEC-0161,2026-09-16,237,247,3,87.3,1600,12.8,100
TRN-00998,Superfast,COR-001,SEC-0002,2026-09-13,477,484,3,72.9,1600,9.6,100
TRN-00999,EMU,COR-018,SEC-0179,2026-09-03,185,192,2,99.0,900,10.6,110
TRN-01000,Superfast,COR-020,SEC-0197,2026-09-13,812,832,3,99.0,1600,11.9,110
TRN-01001,Freight,COR-001,SEC-0008,2026-09-16,1436,1439,1,57.5,3000,12.4,80
TRN-01002,Express,COR-008,SEC-0080,2026-09-07,273,283,3,75.6,1400,9.9,110
TRN-01003,Express,COR-001,SEC-0003,2026-09-04,21,33,3,57.2,1400,10.7,80
TRN-01004,EMU,COR-007,SEC-0061,2026-09-06,864,871,2,80.4,900,6.8,120
TRN-01005,Superfast,COR-007,SEC-0068,2026-09-07,1427,1437,3,69.7,1600,10.7,100
TRN-01006,Passenger,COR-016,SEC-0157,2026-09-13,898,910,2,49.7,1200,6.9,80
TRN-01007,Freight,COR-007,SEC-0067,2026-09-05,586,598,1,57.0,3000,8.4,110
TRN-01008,Express,COR-019,SEC-0189,2026-09-16,85,97,3,82.6,1400,12.4,100
TRN-01009,Superfast,COR-014,SEC-0140,2026-09-04,860,875,3,50.3,1600,6.3,100
TRN-01010,EMU,COR-010,SEC-0093,2026-09-13,842,849,2,96.1,900,16.7,110
TRN-01011,Passenger,COR-007,SEC-0070,2026-09-10,266,273,2,63.6,1200,6.0,120
TRN-01012,Freight,COR-006,SEC-0052,2026-09-15,1074,1086,1,23.1,3000,10.6,110
TRN-01013,Freight,COR-017,SEC-0164,2026-09-15,1308,1320,1,34.8,3000,5.5,110
TRN-01014,Express,COR-004,SEC-0034,2026-09-09,342,352,3,41.2,1400,7.2,110
TRN-01015,Passenger,COR-013,SEC-0128,2026-09-09,601,608,2,71.3,1200,8.2,120
TRN-01016,Freight,COR-001,SEC-0009,2026-09-15,1,11,1,26.6,3000,6.0,110
TRN-01017,Express,COR-013,SEC-0129,2026-09-14,843,848,3,61.3,1400,7.7,80
TRN-01018,Superfast,COR-006,SEC-0056,2026-09-12,375,385,3,99.0,1600,10.4,80
TRN-01019,EMU,COR-014,SEC-0134,2026-09-14,798,805,2,70.9,900,10.1,110
TRN-01020,Superfast,COR-011,SEC-0103,2026-09-13,216,226,3,87.0,1600,8.1,130
TRN-01021,Freight,COR-001,SEC-0009,2026-09-05,1409,1421,1,31.3,3000,8.1,120
TRN-01022,Express,COR-004,SEC-0038,2026-09-06,380,395,3,47.9,1400,9.0,100
TRN-01023,Passenger,COR-017,SEC-0161,2026-09-14,676,683,2,99.0,1200,5.7,100
TRN-01024,Passenger,COR-014,SEC-0139,2026-09-12,1197,1202,2,87.9,1200,6.6,120
TRN-01025,Express,COR-020,SEC-0198,2026-09-11,993,1003,3,59.0,1400,12.1,110
TRN-01026,Freight,COR-008,SEC-0075,2026-09-13,26,41,1,26.0,3000,9.5,110
TRN-01027,Superfast,COR-018,SEC-0174,2026-09-10,1326,1333,3,85.5,1600,14.3,100
TRN-01028,Express,COR-020,SEC-0193,2026-09-06,155,170,3,57.7,1400,6.6,110
TRN-01029,Passenger,COR-007,SEC-0065,2026-09-14,758,763,2,99.0,1200,8.4,100
TRN-01030,Superfast,COR-010,SEC-0092,2026-09-04,1221,1233,3,67.1,1600,10.7,80
TRN-01031,EMU,COR-006,SEC-0060,2026-09-07,1352,1362,2,94.1,900,9.7,110
TRN-01032,EMU,COR-009,SEC-0085,2026-09-11,375,385,2,79.4,900,9.8,80
TRN-01033,Express,COR-005,SEC-0044,2026-09-04,161,168,3,71.5,1400,10.9,80
TRN-01034,Passenger,COR-002,SEC-0015,2026-09-07,1258,1265,2,67.4,1200,10.7,100
TRN-01035,Superfast,COR-014,SEC-0135,2026-09-16,927,934,3,53.4,1600,7.4,130
TRN-01036,Passenger,COR-014,SEC-0133,2026-09-13,47,57,2,67.9,1200,6.6,80
TRN-01037,Superfast,COR-017,SEC-0167,2026-09-10,1134,1139,3,73.1,1600,15.5,110
TRN-01038,Passenger,COR-006,SEC-0052,2026-09-10,1201,1221,2,62.8,1200,14.8,120
TRN-01039,Superfast,COR-017,SEC-0161,2026-09-13,117,129,3,90.9,1600,8.7,120
TRN-01040,Freight,COR-001,SEC-0007,2026-09-09,1212,1222,1,35.3,3000,1.9,100
TRN-01041,Express,COR-008,SEC-0074,2026-09-06,1102,1107,3,82.4,1400,5.3,100
TRN-01042,EMU,COR-016,SEC-0154,2026-09-10,1178,1185,2,99.0,900,13.3,100
TRN-01043,Freight,COR-009,SEC-0089,2026-09-14,233,248,1,32.4,3000,3.3,120
TRN-01044,Superfast,COR-002,SEC-0020,2026-09-16,0,10,3,86.8,1600,13.2,80
TRN-01045,EMU,COR-007,SEC-0066,2026-09-16,1168,1173,2,87.7,900,14.9,100
TRN-01046,EMU,COR-008,SEC-0080,2026-09-04,44,54,2,73.1,900,11.9,120
TRN-01047,Freight,COR-011,SEC-0106,2026-09-05,787,794,1,20.4,3000,10.8,110
TRN-01048,EMU,COR-009,SEC-0086,2026-09-14,945,955,2,62.8,900,7.7,120
TRN-01049,Superfast,COR-019,SEC-0185,2026-09-08,263,275,3,80.5,1600,10.9,100
TRN-01050,Passenger,COR-015,SEC-0146,2026-09-05,454,464,2,82.0,1200,9.9,80
TRN-01051,Superfast,COR-010,SEC-0095,2026-09-15,900,905,3,53.7,1600,17.5,110
TRN-01052,Passenger,COR-013,SEC-0130,2026-09-06,869,879,2,92.4,1200,11.5,100
TRN-01053,Passenger,COR-005,SEC-0044,2026-09-16,901,908,2,84.3,1200,12.8,100
TRN-01054,Passenger,COR-011,SEC-0110,2026-09-05,798,813,2,99.0,1200,6.1,110
TRN-01055,Freight,COR-005,SEC-0047,2026-09-06,196,203,1,28.8,3000,6.6,110
TRN-01056,Superfast,COR-012,SEC-0116,2026-09-15,1405,1410,3,54.6,1600,7.7,100
TRN-01057,Superfast,COR-003,SEC-0022,2026-09-07,471,478,3,95.0,1600,11.7,110
TRN-01058,Superfast,COR-010,SEC-0091,2026-09-04,590,602,3,86.7,1600,5.8,120
TRN-01059,Freight,COR-020,SEC-0198,2026-09-05,881,891,1,34.3,3000,7.9,100
TRN-01060,Express,COR-015,SEC-0147,2026-09-10,245,255,3,67.0,1400,7.4,120
TRN-01061,Freight,COR-002,SEC-0013,2026-09-15,512,524,1,23.9,3000,6.4,130
TRN-01062,Passenger,COR-003,SEC-0027,2026-09-08,470,482,2,70.3,1200,9.7,110
TRN-01063,EMU,COR-018,SEC-0174,2026-09-12,1333,1343,2,99.0,900,13.1,100
TRN-01064,Express,COR-016,SEC-0160,2026-09-09,27,37,3,73.9,1400,8.1,130
TRN-01065,Superfast,COR-014,SEC-0132,2026-09-12,182,192,3,76.4,1600,13.0,100
TRN-01066,Superfast,COR-005,SEC-0045,2026-09-11,1183,1190,3,65.6,1600,10.4,80
TRN-01067,Freight,COR-014,SEC-0134,2026-09-12,180,185,1,25.0,3000,1.0,120
TRN-01068,Superfast,COR-005,SEC-0047,2026-09-13,996,1016,3,59.6,1600,9.7,80
TRN-01069,Passenger,COR-017,SEC-0161,2026-09-07,1084,1099,2,67.9,1200,8.7,110
TRN-01070,Freight,COR-002,SEC-0011,2026-09-11,1218,1225,1,58.9,3000,5.7,130
TRN-01071,Superfast,COR-010,SEC-0097,2026-09-10,400,420,3,41.7,1600,3.0,100
TRN-01072,EMU,COR-009,SEC-0087,2026-09-14,423,430,2,59.7,900,5.1,100
TRN-01073,Freight,COR-008,SEC-0076,2026-09-14,1269,1289,1,47.1,3000,6.4,110
TRN-01074,Express,COR-010,SEC-0095,2026-09-12,937,952,3,73.1,1400,10.4,110
TRN-01075,Passenger,COR-013,SEC-0122,2026-09-15,379,391,2,81.0,1200,15.9,80
TRN-01076,Freight,COR-003,SEC-0030,2026-09-10,522,532,1,8.4,3000,6.0,80
TRN-01077,Passenger,COR-014,SEC-0140,2026-09-12,279,284,2,92.2,1200,9.8,110
TRN-01078,Passenger,COR-011,SEC-0103,2026-09-12,221,231,2,99.0,1200,11.1,100
TRN-01079,Superfast,COR-012,SEC-0118,2026-09-11,17,32,3,97.8,1600,19.6,100
TRN-01080,Superfast,COR-009,SEC-0081,2026-09-15,722,737,3,94.9,1600,17.0,80
TRN-01081,Passenger,COR-012,SEC-0120,2026-09-15,107,114,2,79.4,1200,6.5,110
TRN-01082,EMU,COR-006,SEC-0059,2026-09-09,1040,1052,2,76.8,900,11.7,120
TRN-01083,EMU,COR-002,SEC-0011,2026-09-14,660,672,2,53.4,900,12.9,110
TRN-01084,Express,COR-018,SEC-0179,2026-09-06,499,511,3,73.8,1400,8.1,110
TRN-01085,Express,COR-014,SEC-0135,2026-09-13,1115,1125,3,87.0,1400,13.1,120
TRN-01086,Express,COR-004,SEC-0039,2026-09-13,1238,1248,3,83.7,1400,15.1,110
TRN-01087,EMU,COR-018,SEC-0175,2026-09-16,485,490,2,89.6,900,8.4,100
TRN-01088,Superfast,COR-016,SEC-0156,2026-09-07,359,369,3,63.1,1600,10.5,110
TRN-01089,EMU,COR-012,SEC-0114,2026-09-10,350,370,2,93.8,900,12.4,100
TRN-01090,EMU,COR-014,SEC-0132,2026-09-12,697,717,2,77.3,900,12.6,100
TRN-01091,Passenger,COR-014,SEC-0133,2026-09-13,171,176,2,62.9,1200,7.0,130
TRN-01092,Passenger,COR-016,SEC-0158,2026-09-10,21,33,2,62.8,1200,15.8,80
TRN-01093,Passenger,COR-008,SEC-0077,2026-09-16,486,493,2,72.4,1200,11.9,100
TRN-01094,Freight,COR-019,SEC-0187,2026-09-04,147,157,1,5.0,3000,9.7,120
TRN-01095,Passenger,COR-004,SEC-0036,2026-09-16,1298,1310,2,73.7,1200,12.6,100
TRN-01096,Superfast,COR-018,SEC-0175,2026-09-07,258,268,3,71.1,1600,12.9,110
TRN-01097,EMU,COR-008,SEC-0077,2026-09-07,367,374,2,72.7,900,7.9,100
TRN-01098,Passenger,COR-016,SEC-0155,2026-09-12,82,89,2,80.1,1200,5.8,110
TRN-01099,Express,COR-009,SEC-0086,2026-09-03,818,823,3,95.8,1400,17.7,110
TRN-01100,Freight,COR-013,SEC-0123,2026-09-13,1212,1222,1,42.3,3000,9.1,110
TRN-01101,Passenger,COR-009,SEC-0089,2026-09-03,246,253,2,91.4,1200,11.2,120
TRN-01102,Express,COR-015,SEC-0142,2026-09-08,601,606,3,45.3,1400,7.8,110
TRN-01103,Freight,COR-006,SEC-0058,2026-09-15,1032,1042,1,51.5,3000,6.0,110
TRN-01104,Freight,COR-014,SEC-0136,2026-09-05,1165,1172,1,30.9,3000,1.0,100
TRN-01105,Passenger,COR-001,SEC-0004,2026-09-04,1323,1338,2,45.4,1200,5.8,130
TRN-01106,Freight,COR-014,SEC-0131,2026-09-16,1391,1398,1,38.3,3000,9.6,80
TRN-01107,Passenger,COR-020,SEC-0199,2026-09-06,900,907,2,70.7,1200,12.7,110
TRN-01108,EMU,COR-005,SEC-0049,2026-09-14,907,919,2,62.0,900,13.6,130
TRN-01109,Freight,COR-002,SEC-0017,2026-09-05,1088,1093,1,20.2,3000,3.8,120
TRN-01110,Express,COR-002,SEC-0014,2026-09-08,278,298,3,77.5,1400,12.4,110
TRN-01111,Superfast,COR-007,SEC-0067,2026-09-13,809,824,3,62.8,1600,8.5,80
TRN-01112,Superfast,COR-006,SEC-0055,2026-09-14,1174,1184,3,56.9,1600,7.8,120
TRN-01113,Express,COR-010,SEC-0093,2026-09-14,862,869,3,46.1,1400,8.5,120
TRN-01114,Superfast,COR-020,SEC-0197,2026-09-10,791,806,3,58.1,1600,10.3,100
TRN-01115,Passenger,COR-014,SEC-0139,2026-09-09,1366,1381,2,70.9,1200,7.1,100
TRN-01116,Passenger,COR-003,SEC-0025,2026-09-10,292,302,2,62.9,1200,10.1,100
TRN-01117,Superfast,COR-003,SEC-0030,2026-09-08,1364,1376,3,97.2,1600,15.0,100
TRN-01118,Freight,COR-020,SEC-0192,2026-09-16,599,604,1,9.8,3000,4.8,80
TRN-01119,Passenger,COR-007,SEC-0067,2026-09-09,1157,1172,2,82.5,1200,7.7,110
TRN-01120,Express,COR-011,SEC-0102,2026-09-08,0,15,3,58.5,1400,13.1,110
TRN-01121,Superfast,COR-011,SEC-0108,2026-09-13,864,869,3,99.0,1600,14.9,120
TRN-01122,EMU,COR-014,SEC-0136,2026-09-05,537,549,2,71.3,900,10.2,110
TRN-01123,Passenger,COR-015,SEC-0148,2026-09-11,1208,1218,2,81.6,1200,10.3,120
TRN-01124,Superfast,COR-011,SEC-0103,2026-09-06,974,981,3,84.8,1600,15.6,130
TRN-01125,Passenger,COR-016,SEC-0156,2026-09-16,316,321,2,33.2,1200,11.1,100
TRN-01126,Express,COR-018,SEC-0176,2026-09-04,515,527,3,63.7,1400,8.9,100
TRN-01127,Express,COR-008,SEC-0079,2026-09-11,764,776,3,67.9,1400,10.1,100
TRN-01128,Passenger,COR-008,SEC-0073,2026-09-15,395,405,2,99.0,1200,14.9,110
TRN-01129,Passenger,COR-013,SEC-0124,2026-09-06,1325,1332,2,99.0,1200,8.9,120
TRN-01130,Passenger,COR-001,SEC-0002,2026-09-16,1116,1121,2,66.5,1200,11.6,100
TRN-01131,Passenger,COR-003,SEC-0021,2026-09-16,1382,1402,2,71.1,1200,11.5,100
TRN-01132,EMU,COR-014,SEC-0133,2026-09-13,508,523,2,83.0,900,2.1,130
TRN-01133,Superfast,COR-006,SEC-0052,2026-09-04,71,78,3,50.6,1600,5.7,80
TRN-01134,Express,COR-019,SEC-0189,2026-09-09,685,695,3,83.1,1400,10.6,100
TRN-01135,Express,COR-006,SEC-0055,2026-09-13,1184,1191,3,55.8,1400,6.6,100
TRN-01136,Freight,COR-018,SEC-0174,2026-09-16,1071,1078,1,55.7,3000,8.7,110
TRN-01137,Freight,COR-013,SEC-0130,2026-09-05,876,883,1,30.3,3000,1.6,100
TRN-01138,Passenger,COR-007,SEC-0067,2026-09-07,266,273,2,57.5,1200,12.4,100
TRN-01139,Passenger,COR-006,SEC-0060,2026-09-16,222,229,2,73.1,1200,7.4,110
TRN-01140,Superfast,COR-019,SEC-0184,2026-09-06,293,303,3,80.7,1600,8.5,80
TRN-01141,Passenger,COR-001,SEC-0004,2026-09-10,1002,1014,2,55.1,1200,10.7,100
TRN-01142,Superfast,COR-002,SEC-0013,2026-09-14,788,803,3,56.2,1600,9.3,120
TRN-01143,EMU,COR-001,SEC-0010,2026-09-09,1213,1223,2,61.3,900,4.2,100
TRN-01144,Superfast,COR-012,SEC-0117,2026-09-07,953,965,3,56.4,1600,1.6,130
TRN-01145,Passenger,COR-017,SEC-0161,2026-09-10,658,673,2,95.1,1200,16.6,100
TRN-01146,EMU,COR-011,SEC-0105,2026-09-06,429,449,2,80.2,900,11.2,110
TRN-01147,EMU,COR-015,SEC-0149,2026-09-16,1044,1049,2,55.5,900,8.1,80
TRN-01148,Passenger,COR-016,SEC-0154,2026-09-15,16,23,2,88.7,1200,11.8,120
TRN-01149,Freight,COR-017,SEC-0166,2026-09-12,1309,1319,1,35.9,3000,6.4,80
TRN-01150,Superfast,COR-015,SEC-0141,2026-09-05,266,281,3,82.6,1600,11.6,80
TRN-01151,Passenger,COR-014,SEC-0133,2026-09-07,578,598,2,96.2,1200,10.9,110
TRN-01152,Freight,COR-008,SEC-0071,2026-09-15,156,168,1,34.4,3000,9.8,120
TRN-01153,Passenger,COR-016,SEC-0151,2026-09-12,240,260,2,86.2,1200,5.6,120
TRN-01154,Freight,COR-010,SEC-0091,2026-09-04,315,325,1,69.4,3000,6.1,100
TRN-01155,Passenger,COR-014,SEC-0131,2026-09-06,724,731,2,55.4,1200,6.0,120
TRN-01156,Passenger,COR-002,SEC-0017,2026-09-05,350,365,2,71.2,1200,6.9,110
TRN-01157,Superfast,COR-011,SEC-0110,2026-09-05,742,754,3,61.5,1600,5.9,110
TRN-01158,Superfast,COR-008,SEC-0080,2026-09-05,923,933,3,94.0,1600,7.2,100
TRN-01159,Passenger,COR-017,SEC-0167,2026-09-05,1402,1412,2,63.7,1200,14.6,120
TRN-01160,Freight,COR-008,SEC-0073,2026-09-16,514,524,1,64.2,3000,10.5,120
TRN-01161,Superfast,COR-012,SEC-0119,2026-09-05,282,292,3,60.5,1600,5.8,110
TRN-01162,Passenger,COR-016,SEC-0156,2026-09-10,1074,1084,2,66.1,1200,18.3,110
TRN-01163,Freight,COR-018,SEC-0175,2026-09-12,643,650,1,30.4,3000,9.1,100
TRN-01164,Passenger,COR-020,SEC-0195,2026-09-09,40,55,2,75.6,1200,4.3,130
TRN-01165,EMU,COR-008,SEC-0077,2026-09-14,930,950,2,53.9,900,14.7,110
TRN-01166,Superfast,COR-002,SEC-0018,2026-09-10,271,278,3,55.3,1600,9.2,100
TRN-01167,Superfast,COR-002,SEC-0018,2026-09-15,788,800,3,84.7,1600,7.2,100
TRN-01168,Express,COR-008,SEC-0075,2026-09-04,663,675,3,81.5,1400,10.2,120
TRN-01169,Superfast,COR-020,SEC-0192,2026-09-08,1169,1189,3,78.8,1600,15.5,80
TRN-01170,Passenger,COR-004,SEC-0037,2026-09-14,528,533,2,75.9,1200,9.5,120
TRN-01171,Passenger,COR-002,SEC-0017,2026-09-05,438,443,2,83.3,1200,8.7,110
TRN-01172,Passenger,COR-019,SEC-0181,2026-09-11,536,556,2,68.2,1200,12.0,80
TRN-01173,Superfast,COR-002,SEC-0013,2026-09-07,917,922,3,70.0,1600,4.7,100
TRN-01174,Express,COR-017,SEC-0161,2026-09-15,962,972,3,99.0,1400,8.1,120
TRN-01175,Superfast,COR-008,SEC-0071,2026-09-03,425,430,3,70.7,1600,4.4,100
TRN-01176,Express,COR-011,SEC-0109,2026-09-16,1165,1172,3,81.2,1400,11.0,110
TRN-01177,Express,COR-014,SEC-0139,2026-09-06,768,780,3,78.3,1400,5.0,100
TRN-01178,Passenger,COR-010,SEC-0093,2026-09-15,656,671,2,83.8,1200,10.1,100
TRN-01179,Freight,COR-019,SEC-0182,2026-09-03,685,695,1,28.5,3000,10.0,120
TRN-01180,Freight,COR-003,SEC-0029,2026-09-16,367,372,1,46.3,3000,11.3,120
TRN-01181,Passenger,COR-018,SEC-0180,2026-09-04,9,19,2,73.1,1200,12.4,80
TRN-01182,Superfast,COR-003,SEC-0027,2026-09-04,1347,1354,3,63.2,1600,9.1,130
TRN-01183,Passenger,COR-005,SEC-0041,2026-09-09,983,990,2,84.3,1200,13.5,100
TRN-01184,Passenger,COR-020,SEC-0196,2026-09-05,962,972,2,65.1,1200,7.6,120
TRN-01185,EMU,COR-003,SEC-0023,2026-09-14,453,460,2,97.0,900,16.4,120
TRN-01186,Superfast,COR-008,SEC-0079,2026-09-05,1290,1297,3,91.9,1600,16.4,100
TRN-01187,Express,COR-010,SEC-0099,2026-09-09,467,487,3,77.9,1400,11.0,80
TRN-01188,Freight,COR-010,SEC-0098,2026-09-07,1345,1357,1,58.6,3000,7.9,110
TRN-01189,Superfast,COR-009,SEC-0081,2026-09-16,370,390,3,86.3,1600,9.9,130
TRN-01190,Superfast,COR-020,SEC-0192,2026-09-05,427,447,3,54.7,1600,4.3,120
TRN-01191,EMU,COR-020,SEC-0199,2026-09-15,784,796,2,61.6,900,6.8,120
TRN-01192,EMU,COR-014,SEC-0132,2026-09-11,1135,1147,2,74.0,900,12.0,110
TRN-01193,Express,COR-006,SEC-0059,2026-09-13,80,85,3,96.0,1400,6.4,110
TRN-01194,EMU,COR-017,SEC-0168,2026-09-10,651,656,2,83.0,900,13.5,120
TRN-01195,Passenger,COR-004,SEC-0032,2026-09-05,985,990,2,90.9,1200,11.5,110
TRN-01196,Superfast,COR-004,SEC-0038,2026-09-07,675,680,3,61.7,1600,7.1,100
TRN-01197,Superfast,COR-004,SEC-0040,2026-09-14,526,538,3,57.6,1600,6.2,100
TRN-01198,Freight,COR-017,SEC-0167,2026-09-06,349,369,1,48.1,3000,1.0,80
TRN-01199,EMU,COR-016,SEC-0153,2026-09-04,760,780,2,81.1,900,10.0,120
TRN-01200,Passenger,COR-018,SEC-0174,2026-09-03,1066,1081,2,71.3,1200,14.6,110
TRN-01201,EMU,COR-018,SEC-0176,2026-09-07,330,340,2,84.2,900,7.0,80
TRN-01202,Freight,COR-014,SEC-0137,2026-09-16,592,602,1,39.0,3000,9.9,110
TRN-01203,Freight,COR-020,SEC-0199,2026-09-16,742,752,1,7.2,3000,6.0,110
TRN-01204,Freight,COR-008,SEC-0075,2026-09-16,454,474,1,47.2,3000,11.8,110
TRN-01205,Passenger,COR-020,SEC-0193,2026-09-13,191,206,2,96.6,1200,13.1,100
TRN-01206,Express,COR-010,SEC-0100,2026-09-15,673,680,3,79.0,1400,8.6,120
TRN-01207,Superfast,COR-011,SEC-0106,2026-09-12,550,560,3,71.8,1600,9.9,120
TRN-01208,Superfast,COR-002,SEC-0018,2026-09-06,841,848,3,62.8,1600,10.6,110
TRN-01209,Passenger,COR-012,SEC-0118,2026-09-08,917,927,2,99.0,1200,13.5,110
TRN-01210,Freight,COR-006,SEC-0059,2026-09-04,143,158,1,24.6,3000,5.6,100
TRN-01211,Passenger,COR-006,SEC-0051,2026-09-07,350,360,2,73.5,1200,8.6,80
TRN-01212,Express,COR-008,SEC-0071,2026-09-05,1017,1032,3,50.3,1400,9.7,110
TRN-01213,Express,COR-011,SEC-0106,2026-09-06,1039,1049,3,71.7,1400,7.6,120
TRN-01214,EMU,COR-019,SEC-0188,2026-09-12,616,636,2,74.3,900,10.3,110
TRN-01215,Freight,COR-013,SEC-0130,2026-09-10,260,280,1,34.6,3000,7.7,110
TRN-01216,Freight,COR-002,SEC-0015,2026-09-05,1431,1438,1,30.1,3000,5.0,100
TRN-01217,Superfast,COR-018,SEC-0174,2026-09-13,783,793,3,91.9,1600,9.8,110
TRN-01218,Superfast,COR-004,SEC-0040,2026-09-04,1412,1419,3,67.7,1600,8.2,80
TRN-01219,Superfast,COR-014,SEC-0140,2026-09-12,897,912,3,38.0,1600,9.7,110
TRN-01220,Passenger,COR-009,SEC-0090,2026-09-03,589,596,2,78.6,1200,17.1,110
TRN-01221,EMU,COR-009,SEC-0087,2026-09-07,889,901,2,74.8,900,13.6,80
TRN-01222,Express,COR-008,SEC-0079,2026-09-09,157,172,3,98.9,1400,10.0,110
TRN-01223,Passenger,COR-005,SEC-0041,2026-09-15,436,446,2,84.2,1200,8.9,100
TRN-01224,EMU,COR-004,SEC-0039,2026-09-16,46,53,2,56.6,900,7.8,130
TRN-01225,EMU,COR-012,SEC-0112,2026-09-15,125,130,2,72.7,900,10.1,120
TRN-01226,Passenger,COR-007,SEC-0064,2026-09-03,143,153,2,90.3,1200,11.0,80
TRN-01227,Express,COR-013,SEC-0130,2026-09-11,1426,1433,3,99.0,1400,10.1,110
TRN-01228,Passenger,COR-007,SEC-0064,2026-09-16,219,229,2,55.2,1200,9.5,110
TRN-01229,Passenger,COR-018,SEC-0175,2026-09-09,432,444,2,72.3,1200,13.3,80
TRN-01230,Passenger,COR-016,SEC-0153,2026-09-07,1097,1107,2,99.0,1200,14.0,120
TRN-01231,Freight,COR-011,SEC-0110,2026-09-11,535,542,1,36.4,3000,7.7,120
TRN-01232,Superfast,COR-012,SEC-0115,2026-09-03,1343,1355,3,83.2,1600,11.6,80
TRN-01233,Express,COR-014,SEC-0132,2026-09-13,977,987,3,78.7,1400,18.5,110
TRN-01234,EMU,COR-002,SEC-0011,2026-09-16,755,767,2,96.2,900,6.7,110
TRN-01235,Passenger,COR-009,SEC-0085,2026-09-10,331,336,2,58.7,1200,2.3,100
TRN-01236,Express,COR-011,SEC-0107,2026-09-12,114,124,3,91.2,1400,9.2,110
TRN-01237,Superfast,COR-003,SEC-0023,2026-09-12,1394,1404,3,81.9,1600,9.2,120
TRN-01238,Passenger,COR-020,SEC-0195,2026-09-05,1428,1435,2,90.5,1200,14.1,80
TRN-01239,EMU,COR-008,SEC-0076,2026-09-15,914,934,2,54.0,900,5.3,100
TRN-01240,Freight,COR-005,SEC-0049,2026-09-13,641,656,1,5.0,3000,9.3,110
TRN-01241,Freight,COR-011,SEC-0107,2026-09-07,174,194,1,78.3,3000,7.2,100
TRN-01242,Express,COR-017,SEC-0169,2026-09-05,684,699,3,63.9,1400,5.2,100
TRN-01243,Freight,COR-018,SEC-0174,2026-09-10,349,369,1,30.0,3000,2.1,110
TRN-01244,Superfast,COR-006,SEC-0057,2026-09-12,448,458,3,63.8,1600,11.9,80
TRN-01245,EMU,COR-004,SEC-0032,2026-09-10,918,925,2,47.6,900,2.9,80
TRN-01246,Express,COR-011,SEC-0103,2026-09-07,15,25,3,91.1,1400,8.3,110
TRN-01247,Freight,COR-007,SEC-0066,2026-09-14,373,383,1,44.2,3000,11.4,110
TRN-01248,EMU,COR-010,SEC-0091,2026-09-15,211,221,2,77.4,900,11.0,110
TRN-01249,Express,COR-009,SEC-0088,2026-09-09,625,640,3,52.8,1400,8.0,100
TRN-01250,Freight,COR-002,SEC-0019,2026-09-10,475,495,1,58.9,3000,14.6,80
TRN-01251,Passenger,COR-019,SEC-0182,2026-09-14,940,950,2,58.6,1200,7.9,120
TRN-01252,Express,COR-011,SEC-0101,2026-09-07,189,196,3,71.3,1400,3.2,120
TRN-01253,Freight,COR-005,SEC-0042,2026-09-14,262,267,1,57.1,3000,11.9,110
TRN-01254,Express,COR-020,SEC-0195,2026-09-03,232,237,3,66.4,1400,5.5,100
TRN-01255,Superfast,COR-003,SEC-0027,2026-09-07,182,192,3,37.5,1600,6.0,120
TRN-01256,Superfast,COR-002,SEC-0016,2026-09-16,7,17,3,62.9,1600,4.8,130
TRN-01257,Passenger,COR-004,SEC-0037,2026-09-09,1053,1058,2,81.4,1200,7.7,120
TRN-01258,Passenger,COR-017,SEC-0167,2026-09-03,362,382,2,97.1,1200,9.4,110
TRN-01259,Passenger,COR-016,SEC-0158,2026-09-16,155,167,2,99.0,1200,12.1,80
TRN-01260,Passenger,COR-018,SEC-0178,2026-09-10,80,85,2,62.2,1200,16.1,100
TRN-01261,Freight,COR-011,SEC-0106,2026-09-05,130,140,1,56.7,3000,8.3,110
TRN-01262,Superfast,COR-014,SEC-0136,2026-09-07,1194,1204,3,71.3,1600,15.8,130
TRN-01263,EMU,COR-005,SEC-0043,2026-09-16,440,447,2,63.4,900,9.1,110
TRN-01264,Passenger,COR-013,SEC-0121,2026-09-11,1366,1373,2,72.0,1200,14.2,100
TRN-01265,Superfast,COR-017,SEC-0165,2026-09-04,107,114,3,77.4,1600,6.1,110
TRN-01266,Superfast,COR-009,SEC-0089,2026-09-09,709,729,3,54.6,1600,4.3,120
TRN-01267,Express,COR-018,SEC-0175,2026-09-08,548,560,3,65.5,1400,7.6,120
TRN-01268,Passenger,COR-013,SEC-0127,2026-09-16,115,125,2,75.9,1200,12.9,130
TRN-01269,Freight,COR-006,SEC-0055,2026-09-05,946,951,1,14.8,3000,8.7,110
TRN-01270,Passenger,COR-012,SEC-0115,2026-09-06,548,558,2,70.9,1200,9.5,120
TRN-01271,Superfast,COR-012,SEC-0118,2026-09-05,241,253,3,69.3,1600,11.5,100
TRN-01272,Passenger,COR-013,SEC-0125,2026-09-14,171,191,2,78.8,1200,9.2,100
TRN-01273,Superfast,COR-011,SEC-0108,2026-09-04,843,848,3,56.4,1600,8.4,110
TRN-01274,EMU,COR-014,SEC-0134,2026-09-13,1004,1011,2,87.3,900,9.9,110
TRN-01275,Superfast,COR-017,SEC-0163,2026-09-11,535,555,3,56.9,1600,8.8,110
TRN-01276,Superfast,COR-018,SEC-0179,2026-09-08,340,345,3,68.3,1600,6.8,110
TRN-01277,Superfast,COR-013,SEC-0128,2026-09-03,346,351,3,39.5,1600,10.8,110
TRN-01278,Freight,COR-011,SEC-0110,2026-09-13,509,514,1,29.5,3000,2.3,110
TRN-01279,EMU,COR-006,SEC-0057,2026-09-10,880,895,2,38.3,900,8.4,100
TRN-01280,Express,COR-001,SEC-0003,2026-09-08,270,280,3,53.2,1400,7.4,100
TRN-01281,EMU,COR-016,SEC-0160,2026-09-10,1085,1095,2,74.3,900,6.7,120
TRN-01282,EMU,COR-018,SEC-0177,2026-09-06,1173,1188,2,47.5,900,11.2,100
TRN-01283,Freight,COR-003,SEC-0022,2026-09-06,1302,1314,1,54.3,3000,14.1,130
TRN-01284,Superfast,COR-011,SEC-0107,2026-09-15,550,555,3,45.6,1600,8.2,100
TRN-01285,Freight,COR-005,SEC-0045,2026-09-11,1222,1232,1,43.2,3000,10.1,100
TRN-01286,Freight,COR-011,SEC-0103,2026-09-16,1074,1081,1,47.7,3000,8.3,80
TRN-01287,Passenger,COR-001,SEC-0006,2026-09-06,653,668,2,82.3,1200,8.6,110
TRN-01288,Superfast,COR-017,SEC-0167,2026-09-07,353,363,3,78.3,1600,4.9,130
TRN-01289,Freight,COR-007,SEC-0062,2026-09-04,1407,1419,1,40.6,3000,9.1,110
TRN-01290,EMU,COR-017,SEC-0169,2026-09-07,131,141,2,71.9,900,14.4,120
TRN-01291,Express,COR-006,SEC-0052,2026-09-09,578,588,3,52.9,1400,11.1,110
TRN-01292,Freight,COR-019,SEC-0185,2026-09-04,736,746,1,51.3,3000,8.8,120
TRN-01293,EMU,COR-020,SEC-0200,2026-09-12,671,676,2,70.2,900,6.4,120
TRN-01294,Express,COR-008,SEC-0080,2026-09-16,5,20,3,52.2,1400,8.4,110
TRN-01295,Freight,COR-001,SEC-0004,2026-09-14,537,544,1,22.7,3000,12.6,120
TRN-01296,EMU,COR-002,SEC-0017,2026-09-03,324,331,2,80.4,900,4.7,100
TRN-01297,EMU,COR-011,SEC-0103,2026-09-04,1390,1395,2,67.1,900,6.1,120
TRN-01298,Passenger,COR-005,SEC-0042,2026-09-12,631,643,2,81.5,1200,12.3,100
TRN-01299,Express,COR-011,SEC-0107,2026-09-11,1114,1126,3,92.3,1400,13.8,110
TRN-01300,EMU,COR-011,SEC-0110,2026-09-10,1045,1060,2,83.2,900,1.0,130
TRN-01301,Express,COR-014,SEC-0138,2026-09-15,352,364,3,41.9,1400,1.3,110
TRN-01302,EMU,COR-004,SEC-0038,2026-09-09,766,778,2,78.0,900,9.2,100
TRN-01303,EMU,COR-004,SEC-0040,2026-09-08,1021,1033,2,69.3,900,5.6,130
TRN-01304,EMU,COR-016,SEC-0151,2026-09-10,348,368,2,80.3,900,10.3,100
TRN-01305,Superfast,COR-009,SEC-0084,2026-09-06,394,401,3,87.7,1600,13.0,120
TRN-01306,Freight,COR-012,SEC-0118,2026-09-06,193,198,1,12.2,3000,2.0,110
TRN-01307,EMU,COR-017,SEC-0165,2026-09-10,954,961,2,90.1,900,11.3,120
TRN-01308,Passenger,COR-004,SEC-0031,2026-09-12,208,220,2,68.0,1200,6.2,110
TRN-01309,EMU,COR-012,SEC-0120,2026-09-14,42,49,2,87.9,900,8.4,120
TRN-01310,Freight,COR-009,SEC-0081,2026-09-07,875,882,1,25.6,3000,6.0,100
TRN-01311,Superfast,COR-004,SEC-0039,2026-09-06,941,956,3,70.9,1600,9.4,80
TRN-01312,Superfast,COR-016,SEC-0154,2026-09-06,273,283,3,75.6,1600,4.1,120
TRN-01313,Passenger,COR-008,SEC-0073,2026-09-11,1221,1228,2,70.1,1200,11.2,110
TRN-01314,Passenger,COR-006,SEC-0052,2026-09-03,1429,1439,2,52.5,1200,8.0,120
TRN-01315,Passenger,COR-014,SEC-0134,2026-09-12,1427,1434,2,75.9,1200,9.2,80
TRN-01316,Passenger,COR-001,SEC-0004,2026-09-11,490,505,2,82.8,1200,2.2,110
TRN-01317,Superfast,COR-020,SEC-0192,2026-09-06,33,48,3,96.0,1600,10.6,110
TRN-01318,Freight,COR-007,SEC-0065,2026-09-04,72,92,1,61.5,3000,12.9,100
TRN-01319,EMU,COR-012,SEC-0114,2026-09-14,904,916,2,61.0,900,9.2,80
TRN-01320,Superfast,COR-003,SEC-0024,2026-09-03,143,150,3,86.3,1600,10.8,80
TRN-01321,Superfast,COR-006,SEC-0060,2026-09-15,1394,1404,3,92.8,1600,10.6,120
TRN-01322,EMU,COR-007,SEC-0070,2026-09-05,779,791,2,81.4,900,13.5,110
TRN-01323,Superfast,COR-013,SEC-0128,2026-09-13,544,564,3,90.0,1600,10.4,120
TRN-01324,Freight,COR-009,SEC-0084,2026-09-14,1382,1392,1,58.8,3000,6.0,80
TRN-01325,EMU,COR-012,SEC-0114,2026-09-04,646,661,2,49.1,900,9.5,120
TRN-01326,Express,COR-009,SEC-0083,2026-09-06,120,130,3,69.8,1400,12.3,110
TRN-01327,Freight,COR-001,SEC-0002,2026-09-03,212,217,1,23.0,3000,5.5,110
TRN-01328,Superfast,COR-014,SEC-0137,2026-09-12,457,472,3,54.1,1600,15.6,100
TRN-01329,Freight,COR-008,SEC-0079,2026-09-07,683,693,1,18.3,3000,6.2,100
TRN-01330,Superfast,COR-016,SEC-0160,2026-09-03,971,981,3,99.0,1600,11.4,110
TRN-01331,Superfast,COR-011,SEC-0110,2026-09-10,1306,1316,3,99.0,1600,13.8,110
TRN-01332,Passenger,COR-016,SEC-0158,2026-09-05,452,464,2,72.3,1200,9.3,120
TRN-01333,Superfast,COR-012,SEC-0113,2026-09-16,175,190,3,79.2,1600,4.8,130
TRN-01334,Passenger,COR-008,SEC-0076,2026-09-08,1111,1116,2,82.6,1200,8.6,80
TRN-01335,Superfast,COR-004,SEC-0036,2026-09-04,234,254,3,95.9,1600,14.8,130
TRN-01336,Express,COR-004,SEC-0033,2026-09-10,783,788,3,58.5,1400,8.1,110
TRN-01337,Passenger,COR-010,SEC-0096,2026-09-06,1269,1276,2,41.3,1200,3.6,110
TRN-01338,Passenger,COR-018,SEC-0171,2026-09-07,348,358,2,76.3,1200,11.0,120
TRN-01339,Passenger,COR-009,SEC-0086,2026-09-06,1198,1205,2,69.7,1200,8.1,120
TRN-01340,Passenger,COR-010,SEC-0097,2026-09-15,233,240,2,76.3,1200,9.6,100
TRN-01341,Passenger,COR-014,SEC-0138,2026-09-08,1204,1211,2,74.1,1200,11.0,110
TRN-01342,Passenger,COR-008,SEC-0078,2026-09-13,750,755,2,80.2,1200,5.2,100
TRN-01343,Passenger,COR-003,SEC-0029,2026-09-03,1369,1389,2,73.4,1200,10.7,80
TRN-01344,EMU,COR-019,SEC-0183,2026-09-04,325,337,2,84.1,900,10.2,80
TRN-01345,Express,COR-018,SEC-0179,2026-09-15,1132,1144,3,63.6,1400,9.3,100
TRN-01346,EMU,COR-018,SEC-0178,2026-09-10,28,35,2,64.6,900,9.3,120
TRN-01347,Superfast,COR-017,SEC-0170,2026-09-16,386,398,3,55.8,1600,12.1,110
TRN-01348,Superfast,COR-015,SEC-0149,2026-09-05,423,443,3,91.4,1600,10.2,80
TRN-01349,Freight,COR-005,SEC-0041,2026-09-05,696,701,1,38.7,3000,9.9,120
TRN-01350,EMU,COR-013,SEC-0127,2026-09-11,1396,1403,2,58.3,900,10.6,100
TRN-01351,EMU,COR-007,SEC-0067,2026-09-08,714,721,2,78.4,900,7.2,120
TRN-01352,Freight,COR-008,SEC-0079,2026-09-08,888,900,1,31.3,3000,8.1,110
TRN-01353,Superfast,COR-007,SEC-0062,2026-09-03,470,482,3,74.9,1600,9.4,120
TRN-01354,Freight,COR-019,SEC-0188,2026-09-04,336,348,1,17.9,3000,2.7,100
TRN-01355,Freight,COR-016,SEC-0154,2026-09-13,1314,1329,1,27.3,3000,6.5,80
TRN-01356,Superfast,COR-008,SEC-0080,2026-09-10,842,854,3,92.8,1600,16.1,120
TRN-01357,Express,COR-005,SEC-0041,2026-09-11,180,190,3,41.4,1400,7.0,80
TRN-01358,Superfast,COR-011,SEC-0105,2026-09-14,158,168,3,70.7,1600,12.5,120
TRN-01359,Passenger,COR-002,SEC-0015,2026-09-05,61,71,2,74.6,1200,10.7,120
TRN-01360,EMU,COR-015,SEC-0146,2026-09-08,331,336,2,93.4,900,16.6,80
TRN-01361,Passenger,COR-001,SEC-0003,2026-09-16,1178,1190,2,64.5,1200,12.7,110
TRN-01362,Superfast,COR-016,SEC-0151,2026-09-09,1278,1283,3,70.6,1600,14.5,110
TRN-01363,EMU,COR-013,SEC-0127,2026-09-10,1389,1399,2,67.3,900,7.2,110
TRN-01364,Freight,COR-019,SEC-0182,2026-09-05,855,870,1,32.8,3000,9.6,100
TRN-01365,Passenger,COR-010,SEC-0097,2026-09-06,423,433,2,86.9,1200,5.1,110
TRN-01366,Superfast,COR-011,SEC-0104,2026-09-06,63,75,3,63.7,1600,12.0,120
TRN-01367,Passenger,COR-009,SEC-0082,2026-09-11,1374,1381,2,56.9,1200,6.9,80
TRN-01368,Passenger,COR-014,SEC-0137,2026-09-03,198,210,2,78.4,1200,7.7,80
TRN-01369,Passenger,COR-008,SEC-0079,2026-09-11,764,776,2,68.2,1200,11.9,120
TRN-01370,Passenger,COR-018,SEC-0172,2026-09-15,698,708,2,94.0,1200,10.0,110
TRN-01371,Superfast,COR-015,SEC-0144,2026-09-07,669,674,3,86.6,1600,5.0,110
TRN-01372,Superfast,COR-018,SEC-0180,2026-09-07,1413,1433,3,56.5,1600,6.4,100
TRN-01373,Superfast,COR-020,SEC-0192,2026-09-11,160,170,3,62.7,1600,9.8,130
TRN-01374,EMU,COR-010,SEC-0094,2026-09-03,1367,1379,2,58.8,900,7.8,120
TRN-01375,Passenger,COR-004,SEC-0032,2026-09-03,830,840,2,64.5,1200,11.8,110
TRN-01376,Superfast,COR-014,SEC-0138,2026-09-06,581,586,3,84.3,1600,13.1,110
TRN-01377,EMU,COR-008,SEC-0078,2026-09-03,770,780,2,50.2,900,4.7,120
TRN-01378,Passenger,COR-016,SEC-0154,2026-09-06,204,214,2,53.8,1200,5.0,80
TRN-01379,EMU,COR-019,SEC-0184,2026-09-07,13,23,2,46.7,900,3.7,120
TRN-01380,EMU,COR-012,SEC-0120,2026-09-11,617,629,2,86.8,900,11.9,120
TRN-01381,Superfast,COR-002,SEC-0017,2026-09-12,871,876,3,66.1,1600,1.1,110
TRN-01382,Passenger,COR-010,SEC-0092,2026-09-14,1244,1251,2,82.2,1200,11.3,120
TRN-01383,Freight,COR-014,SEC-0132,2026-09-09,1327,1347,1,28.1,3000,5.1,120
TRN-01384,Freight,COR-008,SEC-0071,2026-09-04,288,293,1,32.6,3000,7.0,120
TRN-01385,EMU,COR-001,SEC-0004,2026-09-13,1164,1176,2,41.9,900,1.0,80
TRN-01386,Freight,COR-011,SEC-0106,2026-09-07,1355,1367,1,9.6,3000,1.0,80
TRN-01387,EMU,COR-011,SEC-0108,2026-09-07,1302,1312,2,85.7,900,10.0,110
TRN-01388,Superfast,COR-003,SEC-0023,2026-09-11,432,442,3,69.0,1600,9.5,110
TRN-01389,Superfast,COR-018,SEC-0179,2026-09-13,578,593,3,53.4,1600,7.2,130
TRN-01390,Superfast,COR-004,SEC-0036,2026-09-12,723,743,3,61.6,1600,12.1,100
TRN-01391,EMU,COR-010,SEC-0096,2026-09-05,532,542,2,66.2,900,9.2,120
TRN-01392,Freight,COR-011,SEC-0109,2026-09-09,1303,1313,1,25.7,3000,7.9,110
TRN-01393,Superfast,COR-005,SEC-0049,2026-09-08,1306,1321,3,55.4,1600,6.2,130
TRN-01394,EMU,COR-020,SEC-0195,2026-09-04,892,904,2,48.4,900,9.6,80
TRN-01395,Express,COR-009,SEC-0085,2026-09-14,973,980,3,66.8,1400,13.2,110
TRN-01396,Passenger,COR-013,SEC-0125,2026-09-06,455,467,2,65.5,1200,14.5,120
TRN-01397,Passenger,COR-008,SEC-0079,2026-09-14,1394,1414,2,88.2,1200,15.6,100
TRN-01398,Passenger,COR-007,SEC-0069,2026-09-11,353,368,2,45.0,1200,8.7,120
TRN-01399,Freight,COR-005,SEC-0048,2026-09-11,917,929,1,61.7,3000,11.5,80
TRN-01400,Passenger,COR-010,SEC-0094,2026-09-14,1016,1021,2,71.5,1200,7.1,130
TRN-01401,Superfast,COR-019,SEC-0188,2026-09-12,471,491,3,60.4,1600,9.4,110
TRN-01402,Superfast,COR-011,SEC-0103,2026-09-11,1391,1406,3,87.7,1600,11.5,100
TRN-01403,Express,COR-005,SEC-0044,2026-09-03,393,408,3,81.9,1400,14.8,130
TRN-01404,Superfast,COR-018,SEC-0177,2026-09-08,474,484,3,95.3,1600,14.6,110
TRN-01405,Superfast,COR-016,SEC-0156,2026-09-09,450,460,3,48.1,1600,4.0,100
TRN-01406,Superfast,COR-013,SEC-0129,2026-09-07,1351,1363,3,72.6,1600,10.8,110
TRN-01407,Superfast,COR-001,SEC-0008,2026-09-08,801,806,3,81.9,1600,14.5,130
TRN-01408,EMU,COR-009,SEC-0090,2026-09-15,51,61,2,58.3,900,5.6,120
TRN-01409,Freight,COR-017,SEC-0168,2026-09-14,625,632,1,42.0,3000,7.4,120
TRN-01410,Superfast,COR-017,SEC-0169,2026-09-16,27,37,3,97.6,1600,9.7,80
TRN-01411,Passenger,COR-017,SEC-0170,2026-09-08,366,373,2,74.7,1200,4.1,120
TRN-01412,EMU,COR-003,SEC-0022,2026-09-04,1350,1362,2,76.5,900,14.1,100
TRN-01413,Freight,COR-009,SEC-0083,2026-09-15,1342,1347,1,38.6,3000,5.6,120
TRN-01414,Passenger,COR-012,SEC-0113,2026-09-16,1136,1146,2,92.8,1200,17.7,100
TRN-01415,Passenger,COR-014,SEC-0132,2026-09-06,353,365,2,75.7,1200,7.6,110
TRN-01416,Express,COR-016,SEC-0151,2026-09-06,1052,1062,3,76.3,1400,8.2,110
TRN-01417,Passenger,COR-019,SEC-0183,2026-09-15,349,369,2,35.5,1200,4.6,100
TRN-01418,Superfast,COR-004,SEC-0040,2026-09-06,618,633,3,50.1,1600,9.9,80
TRN-01419,Superfast,COR-006,SEC-0060,2026-09-06,135,142,3,76.5,1600,10.9,80
TRN-01420,Express,COR-004,SEC-0034,2026-09-08,135,145,3,83.8,1400,10.5,110
TRN-01421,Express,COR-001,SEC-0003,2026-09-09,813,823,3,66.7,1400,9.4,110
TRN-01422,Express,COR-007,SEC-0067,2026-09-03,1372,1392,3,57.0,1400,7.5,80
TRN-01423,Superfast,COR-013,SEC-0127,2026-09-16,233,253,3,80.4,1600,10.5,100
TRN-01424,Freight,COR-013,SEC-0122,2026-09-09,762,774,1,28.6,3000,9.0,100
TRN-01425,Express,COR-015,SEC-0146,2026-09-07,486,498,3,67.9,1400,11.6,110
TRN-01426,Passenger,COR-016,SEC-0154,2026-09-10,315,320,2,58.0,1200,14.3,100
TRN-01427,Passenger,COR-016,SEC-0152,2026-09-09,248,260,2,41.9,1200,9.2,100
TRN-01428,Superfast,COR-008,SEC-0078,2026-09-08,1008,1018,3,70.5,1600,6.4,80
TRN-01429,EMU,COR-012,SEC-0112,2026-09-10,789,794,2,88.7,900,16.9,100
TRN-01430,Express,COR-013,SEC-0123,2026-09-16,940,955,3,68.3,1400,12.5,110
TRN-01431,Passenger,COR-010,SEC-0092,2026-09-07,830,835,2,62.5,1200,5.8,110
TRN-01432,Freight,COR-020,SEC-0192,2026-09-06,234,246,1,36.6,3000,10.7,120
TRN-01433,Superfast,COR-013,SEC-0121,2026-09-15,76,91,3,51.4,1600,6.6,110
TRN-01434,Freight,COR-020,SEC-0197,2026-09-06,181,193,1,26.4,3000,6.1,100
TRN-01435,EMU,COR-002,SEC-0017,2026-09-10,1353,1363,2,74.9,900,9.0,110
TRN-01436,Passenger,COR-019,SEC-0190,2026-09-09,1087,1094,2,75.1,1200,9.4,80
TRN-01437,Superfast,COR-020,SEC-0197,2026-09-09,1109,1121,3,77.2,1600,13.8,120
TRN-01438,Express,COR-005,SEC-0045,2026-09-12,1321,1331,3,76.6,1400,9.4,130
TRN-01439,EMU,COR-004,SEC-0033,2026-09-15,576,588,2,90.9,900,12.4,100
TRN-01440,Passenger,COR-003,SEC-0022,2026-09-04,1277,1287,2,91.3,1200,9.8,130
TRN-01441,Passenger,COR-004,SEC-0035,2026-09-07,859,866,2,65.2,1200,5.6,110
TRN-01442,Passenger,COR-008,SEC-0072,2026-09-08,550,570,2,78.9,1200,9.7,100
TRN-01443,EMU,COR-017,SEC-0164,2026-09-04,1205,1220,2,83.8,900,6.0,120
TRN-01444,Express,COR-018,SEC-0176,2026-09-08,1278,1293,3,47.6,1400,10.6,100
TRN-01445,Passenger,COR-009,SEC-0088,2026-09-11,173,185,2,54.9,1200,5.8,100
TRN-01446,EMU,COR-005,SEC-0049,2026-09-11,369,374,2,67.2,900,10.0,130
TRN-01447,Passenger,COR-009,SEC-0088,2026-09-11,68,75,2,73.8,1200,9.1,130
TRN-01448,Freight,COR-007,SEC-0068,2026-09-12,15,27,1,54.2,3000,11.6,120
TRN-01449,Passenger,COR-007,SEC-0061,2026-09-11,121,133,2,33.6,1200,15.2,120
TRN-01450,Passenger,COR-017,SEC-0168,2026-09-10,16,23,2,68.1,1200,11.7,80
TRN-01451,Passenger,COR-010,SEC-0092,2026-09-06,1408,1415,2,67.3,1200,8.4,110
TRN-01452,Express,COR-015,SEC-0144,2026-09-03,1247,1257,3,46.6,1400,10.8,110
TRN-01453,Freight,COR-014,SEC-0136,2026-09-16,896,908,1,23.8,3000,9.0,120
TRN-01454,Passenger,COR-009,SEC-0087,2026-09-08,1162,1174,2,86.2,1200,9.4,120
TRN-01455,EMU,COR-011,SEC-0105,2026-09-08,1259,1274,2,68.7,900,9.7,100
TRN-01456,Express,COR-012,SEC-0115,2026-09-07,86,91,3,89.5,1400,13.2,100
TRN-01457,Passenger,COR-001,SEC-0006,2026-09-03,1022,1032,2,62.7,1200,5.7,100
TRN-01458,Superfast,COR-010,SEC-0100,2026-09-13,1431,1439,3,99.0,1600,13.3,130
TRN-01459,EMU,COR-016,SEC-0156,2026-09-16,805,815,2,76.1,900,16.1,80
TRN-01460,Passenger,COR-008,SEC-0076,2026-09-11,38,48,2,68.1,1200,7.5,100
TRN-01461,Passenger,COR-011,SEC-0102,2026-09-13,437,444,2,48.9,1200,9.9,80
TRN-01462,Superfast,COR-019,SEC-0188,2026-09-13,61,66,3,78.6,1600,12.9,110
TRN-01463,Superfast,COR-019,SEC-0185,2026-09-10,632,639,3,48.3,1600,4.9,120
TRN-01464,Superfast,COR-014,SEC-0133,2026-09-15,591,596,3,75.7,1600,9.3,110
TRN-01465,Superfast,COR-006,SEC-0052,2026-09-07,1355,1365,3,47.7,1600,6.0,100
TRN-01466,EMU,COR-010,SEC-0098,2026-09-16,370,377,2,47.3,900,4.4,110
TRN-01467,Freight,COR-006,SEC-0052,2026-09-14,402,417,1,23.8,3000,11.2,120
TRN-01468,Express,COR-016,SEC-0160,2026-09-03,330,335,3,79.9,1400,9.9,130
TRN-01469,Passenger,COR-001,SEC-0004,2026-09-07,939,951,2,74.6,1200,7.2,100
TRN-01470,Express,COR-017,SEC-0162,2026-09-04,39,51,3,64.8,1400,7.8,100
TRN-01471,Superfast,COR-004,SEC-0033,2026-09-03,66,73,3,54.0,1600,10.6,120
TRN-01472,EMU,COR-005,SEC-0043,2026-09-09,500,512,2,68.1,900,7.5,100
TRN-01473,Freight,COR-018,SEC-0176,2026-09-09,19,39,1,5.0,3000,8.1,80
TRN-01474,Superfast,COR-012,SEC-0118,2026-09-04,55,75,3,77.1,1600,8.9,110
TRN-01475,Passenger,COR-017,SEC-0162,2026-09-08,245,260,2,99.0,1200,14.0,100
TRN-01476,Passenger,COR-013,SEC-0124,2026-09-08,1099,1111,2,76.8,1200,8.9,120
TRN-01477,Freight,COR-008,SEC-0074,2026-09-13,389,409,1,30.3,3000,5.5,120
TRN-01478,Express,COR-018,SEC-0180,2026-09-08,1420,1427,3,62.1,1400,6.3,80
TRN-01479,Passenger,COR-013,SEC-0123,2026-09-06,436,456,2,74.9,1200,7.5,110
TRN-01480,EMU,COR-017,SEC-0164,2026-09-12,1262,1269,2,67.6,900,8.3,110
TRN-01481,EMU,COR-014,SEC-0137,2026-09-13,765,777,2,69.2,900,7.8,110
TRN-01482,Express,COR-006,SEC-0052,2026-09-13,27,37,3,69.1,1400,15.6,120
TRN-01483,Passenger,COR-016,SEC-0158,2026-09-15,335,345,2,74.4,1200,8.9,130
TRN-01484,Express,COR-011,SEC-0105,2026-09-16,1152,1162,3,67.1,1400,12.6,100
TRN-01485,EMU,COR-012,SEC-0118,2026-09-04,72,82,2,84.6,900,7.5,110
TRN-01486,Superfast,COR-002,SEC-0016,2026-09-04,132,139,3,85.0,1600,13.7,80
TRN-01487,Passenger,COR-019,SEC-0190,2026-09-13,1056,1066,2,97.1,1200,9.7,110
TRN-01488,Passenger,COR-012,SEC-0119,2026-09-06,791,801,2,65.7,1200,8.3,120
TRN-01489,Superfast,COR-009,SEC-0085,2026-09-14,258,268,3,66.6,1600,12.0,100
TRN-01490,Superfast,COR-019,SEC-0185,2026-09-11,199,211,3,86.9,1600,10.3,110
TRN-01491,EMU,COR-015,SEC-0147,2026-09-09,893,903,2,81.6,900,10.5,130
TRN-01492,Superfast,COR-020,SEC-0200,2026-09-08,1384,1399,3,67.6,1600,7.6,100
TRN-01493,Express,COR-020,SEC-0195,2026-09-08,1366,1381,3,92.2,1400,10.4,110
TRN-01494,Passenger,COR-020,SEC-0192,2026-09-08,615,625,2,60.9,1200,11.0,110
TRN-01495,Superfast,COR-015,SEC-0142,2026-09-10,1197,1212,3,81.8,1600,14.2,110
TRN-01496,Superfast,COR-012,SEC-0114,2026-09-10,276,281,3,78.7,1600,8.3,100
TRN-01497,Freight,COR-008,SEC-0074,2026-09-11,221,241,1,30.0,3000,2.7,100
TRN-01498,Express,COR-018,SEC-0173,2026-09-15,1323,1333,3,55.3,1400,10.9,100
TRN-01499,Express,COR-009,SEC-0085,2026-09-03,1177,1184,3,86.5,1400,10.6,100
TRN-01500,Express,COR-002,SEC-0013,2026-09-03,336,356,3,66.1,1400,9.8,110
TRN-01501,EMU,COR-014,SEC-0135,2026-09-04,1128,1138,2,46.0,900,6.8,110
TRN-01502,Superfast,COR-015,SEC-0146,2026-09-13,227,232,3,72.1,1600,10.9,110
TRN-01503,EMU,COR-008,SEC-0076,2026-09-13,1025,1032,2,79.5,900,13.8,110
TRN-01504,EMU,COR-013,SEC-0122,2026-09-06,767,782,2,72.4,900,8.7,100
TRN-01505,Superfast,COR-004,SEC-0038,2026-09-13,1188,1203,3,48.8,1600,7.4,100
TRN-01506,Passenger,COR-013,SEC-0130,2026-09-04,1331,1343,2,70.3,1200,15.8,110
TRN-01507,Passenger,COR-019,SEC-0189,2026-09-03,965,970,2,88.1,1200,6.3,80
TRN-01508,Passenger,COR-015,SEC-0141,2026-09-05,392,402,2,56.0,1200,7.8,110
TRN-01509,Passenger,COR-001,SEC-0008,2026-09-10,631,646,2,48.1,1200,10.0,120
TRN-01510,EMU,COR-004,SEC-0040,2026-09-15,1062,1074,2,70.4,900,12.0,120
TRN-01511,Freight,COR-010,SEC-0097,2026-09-03,1007,1019,1,14.5,3000,7.6,100
TRN-01512,Freight,COR-007,SEC-0064,2026-09-06,790,795,1,25.2,3000,7.3,110
TRN-01513,Passenger,COR-013,SEC-0122,2026-09-05,257,264,2,57.0,1200,14.6,120
TRN-01514,EMU,COR-019,SEC-0182,2026-09-10,388,395,2,62.2,900,6.0,80
TRN-01515,Passenger,COR-015,SEC-0146,2026-09-05,1204,1211,2,84.0,1200,5.7,130
TRN-01516,Freight,COR-009,SEC-0085,2026-09-14,1210,1220,1,49.3,3000,9.4,110
TRN-01517,Freight,COR-014,SEC-0131,2026-09-14,1010,1030,1,5.0,3000,1.0,110
TRN-01518,Passenger,COR-003,SEC-0030,2026-09-07,816,821,2,76.9,1200,7.5,100
TRN-01519,Express,COR-015,SEC-0146,2026-09-13,726,733,3,75.4,1400,11.7,80
TRN-01520,Express,COR-017,SEC-0162,2026-09-09,1120,1130,3,74.5,1400,12.4,100
TRN-01521,Freight,COR-003,SEC-0028,2026-09-07,485,495,1,13.5,3000,4.7,110
TRN-01522,Passenger,COR-008,SEC-0078,2026-09-03,1289,1301,2,70.8,1200,13.5,100
TRN-01523,Express,COR-010,SEC-0092,2026-09-15,578,585,3,52.4,1400,8.5,130
TRN-01524,Superfast,COR-004,SEC-0035,2026-09-15,1010,1030,3,60.0,1600,5.0,100
TRN-01525,Superfast,COR-012,SEC-0113,2026-09-08,937,952,3,77.5,1600,10.5,100
TRN-01526,Passenger,COR-007,SEC-0064,2026-09-05,776,786,2,76.0,1200,13.5,80
TRN-01527,Passenger,COR-002,SEC-0014,2026-09-09,304,311,2,99.0,1200,13.7,100
TRN-01528,Superfast,COR-013,SEC-0127,2026-09-16,428,438,3,63.6,1600,11.2,80
TRN-01529,Superfast,COR-019,SEC-0186,2026-09-09,266,273,3,65.3,1600,10.4,110
TRN-01530,Superfast,COR-015,SEC-0145,2026-09-10,504,516,3,82.9,1600,11.7,100
TRN-01531,Passenger,COR-012,SEC-0116,2026-09-14,904,911,2,65.2,1200,11.0,110
TRN-01532,Passenger,COR-005,SEC-0049,2026-09-05,748,760,2,78.7,1200,10.4,80
TRN-01533,Freight,COR-012,SEC-0120,2026-09-07,682,689,1,35.0,3000,1.1,120
TRN-01534,EMU,COR-015,SEC-0145,2026-09-11,1405,1420,2,85.1,900,12.7,110
TRN-01535,EMU,COR-014,SEC-0137,2026-09-10,201,216,2,66.7,900,11.2,120
TRN-01536,Express,COR-001,SEC-0005,2026-09-14,1373,1388,3,67.4,1400,8.1,130
TRN-01537,EMU,COR-019,SEC-0190,2026-09-05,850,860,2,40.4,900,6.8,80
TRN-01538,Freight,COR-019,SEC-0190,2026-09-13,829,839,1,43.1,3000,6.3,110
TRN-01539,Express,COR-011,SEC-0104,2026-09-03,407,414,3,39.7,1400,6.2,110
TRN-01540,Superfast,COR-014,SEC-0138,2026-09-11,1189,1199,3,52.4,1600,6.2,130
TRN-01541,Express,COR-008,SEC-0076,2026-09-14,470,475,3,99.0,1400,8.4,120
TRN-01542,Express,COR-003,SEC-0022,2026-09-11,784,789,3,88.7,1400,13.1,100
TRN-01543,Passenger,COR-011,SEC-0103,2026-09-16,1053,1060,2,87.3,1200,9.4,110
TRN-01544,EMU,COR-020,SEC-0199,2026-09-08,74,84,2,57.3,900,11.7,110
TRN-01545,Superfast,COR-008,SEC-0079,2026-09-03,532,542,3,84.9,1600,8.7,110
TRN-01546,Freight,COR-016,SEC-0159,2026-09-09,1364,1371,1,30.5,3000,6.6,100
TRN-01547,Express,COR-007,SEC-0065,2026-09-04,199,206,3,85.9,1400,15.6,120
TRN-01548,Passenger,COR-006,SEC-0052,2026-09-16,1193,1208,2,95.7,1200,12.2,80
TRN-01549,EMU,COR-017,SEC-0165,2026-09-06,323,333,2,60.1,900,9.8,80
TRN-01550,Superfast,COR-002,SEC-0014,2026-09-09,588,603,3,61.0,1600,8.0,100
TRN-01551,EMU,COR-006,SEC-0052,2026-09-11,770,780,2,85.7,900,14.3,100
TRN-01552,Freight,COR-015,SEC-0148,2026-09-05,1199,1204,1,53.2,3000,13.0,100
TRN-01553,Express,COR-013,SEC-0128,2026-09-11,418,438,3,68.4,1400,7.5,120
TRN-01554,Express,COR-009,SEC-0084,2026-09-10,342,349,3,70.0,1400,12.8,110
TRN-01555,Express,COR-017,SEC-0170,2026-09-06,179,189,3,71.3,1400,12.3,110
TRN-01556,Freight,COR-007,SEC-0065,2026-09-06,921,926,1,37.0,3000,8.0,130
TRN-01557,Express,COR-019,SEC-0181,2026-09-11,446,456,3,76.6,1400,6.1,100
TRN-01558,Express,COR-017,SEC-0165,2026-09-09,1104,1111,3,87.7,1400,10.8,110
TRN-01559,Express,COR-015,SEC-0143,2026-09-16,847,857,3,82.3,1400,13.8,130
TRN-01560,Passenger,COR-007,SEC-0062,2026-09-15,602,607,2,59.9,1200,7.7,80
TRN-01561,Passenger,COR-015,SEC-0148,2026-09-05,603,610,2,44.9,1200,4.8,120
TRN-01562,Superfast,COR-013,SEC-0129,2026-09-09,1414,1429,3,99.0,1600,12.9,130
TRN-01563,Freight,COR-004,SEC-0038,2026-09-04,1132,1147,1,23.6,3000,9.6,110
TRN-01564,Express,COR-007,SEC-0067,2026-09-07,693,700,3,99.0,1400,17.3,120
TRN-01565,EMU,COR-006,SEC-0055,2026-09-12,364,371,2,91.7,900,12.3,110
TRN-01566,Superfast,COR-002,SEC-0018,2026-09-13,1060,1065,3,58.7,1600,8.7,100
TRN-01567,Express,COR-019,SEC-0187,2026-09-13,552,559,3,70.1,1400,10.9,100
TRN-01568,Superfast,COR-009,SEC-0087,2026-09-05,107,119,3,48.4,1600,1.1,110
TRN-01569,Express,COR-014,SEC-0136,2026-09-13,396,406,3,61.4,1400,10.5,110
TRN-01570,Passenger,COR-014,SEC-0134,2026-09-11,982,994,2,85.2,1200,7.2,110
TRN-01571,Passenger,COR-004,SEC-0039,2026-09-06,1128,1135,2,83.5,1200,10.3,100
TRN-01572,Express,COR-004,SEC-0034,2026-09-15,395,407,3,75.8,1400,12.0,100
TRN-01573,Passenger,COR-006,SEC-0054,2026-09-13,1259,1269,2,76.4,1200,4.1,110
TRN-01574,EMU,COR-007,SEC-0062,2026-09-04,284,296,2,75.2,900,10.1,110
TRN-01575,Passenger,COR-020,SEC-0196,2026-09-03,916,926,2,70.9,1200,14.5,110
TRN-01576,EMU,COR-001,SEC-0008,2026-09-08,196,206,2,94.7,900,13.1,100
TRN-01577,EMU,COR-001,SEC-0008,2026-09-08,1165,1170,2,86.6,900,12.0,80
TRN-01578,Freight,COR-013,SEC-0128,2026-09-09,695,707,1,20.0,3000,3.7,110
TRN-01579,EMU,COR-018,SEC-0171,2026-09-09,429,439,2,58.2,900,14.4,80
TRN-01580,Superfast,COR-019,SEC-0184,2026-09-08,1248,1268,3,69.5,1600,4.7,110
TRN-01581,Superfast,COR-007,SEC-0063,2026-09-09,420,430,3,99.0,1600,10.9,100
TRN-01582,Freight,COR-017,SEC-0165,2026-09-10,364,379,1,27.5,3000,1.0,110
TRN-01583,Superfast,COR-001,SEC-0003,2026-09-08,64,84,3,67.3,1600,3.9,100
TRN-01584,Passenger,COR-002,SEC-0012,2026-09-04,325,330,2,65.2,1200,7.4,80
TRN-01585,Passenger,COR-013,SEC-0126,2026-09-08,450,460,2,57.7,1200,7.6,100
TRN-01586,Freight,COR-003,SEC-0030,2026-09-03,683,695,1,23.8,3000,2.9,100
TRN-01587,Superfast,COR-007,SEC-0062,2026-09-05,1122,1129,3,44.2,1600,7.6,100
TRN-01588,Superfast,COR-001,SEC-0005,2026-09-15,132,142,3,84.6,1600,11.3,100
TRN-01589,Passenger,COR-008,SEC-0072,2026-09-14,899,909,2,54.1,1200,15.8,120
TRN-01590,Passenger,COR-006,SEC-0057,2026-09-06,326,336,2,79.8,1200,7.2,120
TRN-01591,EMU,COR-018,SEC-0176,2026-09-10,1372,1392,2,75.7,900,6.9,100
TRN-01592,Superfast,COR-017,SEC-0170,2026-09-14,1401,1411,3,83.8,1600,10.8,80
TRN-01593,Freight,COR-014,SEC-0132,2026-09-05,1406,1413,1,57.7,3000,2.4,120
TRN-01594,Passenger,COR-014,SEC-0139,2026-09-06,582,589,2,83.5,1200,8.4,110
TRN-01595,Passenger,COR-012,SEC-0117,2026-09-15,206,218,2,64.5,1200,10.3,80
TRN-01596,Superfast,COR-003,SEC-0028,2026-09-14,1185,1200,3,44.6,1600,11.7,110
TRN-01597,Passenger,COR-007,SEC-0061,2026-09-04,814,821,2,62.8,1200,14.2,80
TRN-01598,Superfast,COR-003,SEC-0030,2026-09-05,1434,1439,3,62.0,1600,10.5,120
TRN-01599,Express,COR-001,SEC-0002,2026-09-07,1071,1081,3,78.9,1400,14.4,120
TRN-01600,Passenger,COR-009,SEC-0083,2026-09-04,909,919,2,76.9,1200,9.1,110
TRN-01601,Passenger,COR-016,SEC-0157,2026-09-06,1297,1304,2,81.9,1200,14.9,110
TRN-01602,Express,COR-013,SEC-0126,2026-09-10,900,907,3,76.8,1400,9.6,120
TRN-01603,Freight,COR-001,SEC-0002,2026-09-13,694,704,1,31.1,3000,6.5,130
TRN-01604,Express,COR-004,SEC-0036,2026-09-03,1193,1198,3,64.9,1400,7.3,120
TRN-01605,Express,COR-014,SEC-0135,2026-09-14,53,68,3,80.2,1400,10.7,100
TRN-01606,Passenger,COR-003,SEC-0027,2026-09-08,430,435,2,83.7,1200,12.9,100
TRN-01607,EMU,COR-015,SEC-0142,2026-09-04,521,536,2,78.0,900,10.2,80
TRN-01608,EMU,COR-010,SEC-0097,2026-09-05,159,166,2,78.5,900,8.7,100
TRN-01609,Express,COR-007,SEC-0068,2026-09-07,1028,1033,3,71.9,1400,7.5,80
TRN-01610,Superfast,COR-008,SEC-0076,2026-09-06,536,556,3,60.4,1600,4.8,100
TRN-01611,Passenger,COR-004,SEC-0034,2026-09-11,715,720,2,68.1,1200,12.8,100
TRN-01612,EMU,COR-011,SEC-0105,2026-09-11,24,31,2,65.6,900,8.3,110
TRN-01613,Freight,COR-020,SEC-0192,2026-09-15,297,309,1,27.1,3000,13.0,120
TRN-01614,EMU,COR-010,SEC-0097,2026-09-06,118,128,2,95.9,900,12.8,110
TRN-01615,Superfast,COR-002,SEC-0018,2026-09-04,1197,1207,3,89.4,1600,12.0,80
TRN-01616,Passenger,COR-002,SEC-0015,2026-09-09,574,579,2,82.8,1200,11.4,80
TRN-01617,Freight,COR-018,SEC-0175,2026-09-09,479,484,1,53.7,3000,9.3,100
TRN-01618,Passenger,COR-017,SEC-0168,2026-09-11,1234,1246,2,50.3,1200,8.9,110
TRN-01619,Express,COR-001,SEC-0004,2026-09-15,95,107,3,77.0,1400,13.3,110
TRN-01620,Superfast,COR-020,SEC-0193,2026-09-14,2,12,3,54.3,1600,7.0,80
TRN-01621,Passenger,COR-020,SEC-0195,2026-09-03,521,531,2,69.9,1200,9.0,100
TRN-01622,EMU,COR-007,SEC-0066,2026-09-06,976,983,2,76.8,900,5.1,120
TRN-01623,EMU,COR-010,SEC-0097,2026-09-11,498,510,2,67.1,900,8.5,100
TRN-01624,Freight,COR-016,SEC-0154,2026-09-09,823,833,1,34.9,3000,7.6,120
TRN-01625,Superfast,COR-011,SEC-0110,2026-09-14,740,745,3,90.2,1600,8.7,80
TRN-01626,Superfast,COR-017,SEC-0169,2026-09-15,1304,1309,3,49.8,1600,7.2,110
TRN-01627,Express,COR-003,SEC-0022,2026-09-15,980,987,3,58.6,1400,8.8,120
TRN-01628,Passenger,COR-015,SEC-0148,2026-09-08,223,235,2,84.4,1200,8.9,120
TRN-01629,Express,COR-010,SEC-0097,2026-09-08,44,54,3,87.3,1400,15.8,120
TRN-01630,Passenger,COR-011,SEC-0104,2026-09-14,194,204,2,67.1,1200,11.9,120
TRN-01631,Superfast,COR-012,SEC-0116,2026-09-14,1007,1014,3,99.0,1600,11.6,100
TRN-01632,Superfast,COR-010,SEC-0092,2026-09-15,136,146,3,81.2,1600,11.0,80
TRN-01633,Passenger,COR-016,SEC-0153,2026-09-08,380,387,2,99.0,1200,14.7,100
TRN-01634,Passenger,COR-014,SEC-0134,2026-09-04,586,596,2,91.9,1200,14.6,110
TRN-01635,Freight,COR-002,SEC-0011,2026-09-04,1327,1339,1,15.1,3000,2.7,100
TRN-01636,Passenger,COR-005,SEC-0043,2026-09-13,1428,1435,2,72.6,1200,14.2,110
TRN-01637,Freight,COR-006,SEC-0054,2026-09-08,1307,1314,1,28.4,3000,6.3,100
TRN-01638,Superfast,COR-016,SEC-0160,2026-09-11,585,592,3,76.2,1600,15.8,110
TRN-01639,Superfast,COR-020,SEC-0197,2026-09-05,335,345,3,52.8,1600,5.7,80
TRN-01640,Express,COR-017,SEC-0168,2026-09-08,721,726,3,76.9,1400,7.5,100
TRN-01641,Superfast,COR-004,SEC-0038,2026-09-07,1110,1115,3,62.0,1600,10.1,120
TRN-01642,EMU,COR-006,SEC-0054,2026-09-08,711,718,2,68.8,900,10.9,130
TRN-01643,Passenger,COR-002,SEC-0020,2026-09-06,703,710,2,86.0,1200,9.0,110
TRN-01644,Express,COR-016,SEC-0152,2026-09-06,1325,1340,3,47.1,1400,16.9,80
TRN-01645,Express,COR-010,SEC-0097,2026-09-09,899,904,3,80.2,1400,12.4,100
TRN-01646,Express,COR-006,SEC-0053,2026-09-14,1174,1181,3,49.8,1400,3.1,120
TRN-01647,EMU,COR-008,SEC-0075,2026-09-04,723,733,2,69.9,900,9.6,100
TRN-01648,Passenger,COR-013,SEC-0123,2026-09-04,718,723,2,71.6,1200,5.9,110
TRN-01649,Freight,COR-018,SEC-0176,2026-09-08,680,695,1,50.1,3000,5.7,100
TRN-01650,Superfast,COR-002,SEC-0015,2026-09-13,552,567,3,80.9,1600,5.9,100
TRN-01651,Superfast,COR-014,SEC-0137,2026-09-06,935,945,3,45.5,1600,4.2,120
TRN-01652,Express,COR-003,SEC-0021,2026-09-06,1270,1280,3,54.5,1400,1.0,130
TRN-01653,EMU,COR-018,SEC-0178,2026-09-06,529,539,2,76.3,900,13.6,80
TRN-01654,Passenger,COR-007,SEC-0065,2026-09-11,119,126,2,94.7,1200,8.5,80
TRN-01655,Passenger,COR-006,SEC-0051,2026-09-06,460,475,2,62.6,1200,2.8,130
TRN-01656,Passenger,COR-005,SEC-0045,2026-09-16,103,110,2,55.0,1200,11.9,100
TRN-01657,Freight,COR-005,SEC-0045,2026-09-05,590,600,1,20.5,3000,5.1,110
TRN-01658,Express,COR-001,SEC-0007,2026-09-04,1392,1402,3,73.2,1400,5.7,100
TRN-01659,Superfast,COR-012,SEC-0111,2026-09-08,1077,1087,3,74.9,1600,11.2,110
TRN-01660,Passenger,COR-008,SEC-0073,2026-09-10,589,594,2,66.9,1200,8.6,110
TRN-01661,Superfast,COR-013,SEC-0128,2026-09-09,592,612,3,81.4,1600,11.3,100
TRN-01662,EMU,COR-020,SEC-0192,2026-09-05,277,287,2,51.1,900,10.0,110
TRN-01663,Passenger,COR-013,SEC-0126,2026-09-03,431,441,2,54.5,1200,3.3,120
TRN-01664,Superfast,COR-017,SEC-0170,2026-09-09,678,693,3,66.0,1600,10.2,120
TRN-01665,Superfast,COR-006,SEC-0056,2026-09-04,394,399,3,63.2,1600,11.4,110
TRN-01666,Passenger,COR-004,SEC-0032,2026-09-05,429,444,2,69.4,1200,6.9,120
TRN-01667,Superfast,COR-002,SEC-0016,2026-09-13,1340,1347,3,69.3,1600,10.3,110
TRN-01668,Express,COR-020,SEC-0191,2026-09-05,1309,1321,3,69.2,1400,10.7,130
TRN-01669,Superfast,COR-012,SEC-0114,2026-09-13,1297,1312,3,59.8,1600,7.9,130
TRN-01670,Express,COR-006,SEC-0055,2026-09-03,365,375,3,48.8,1400,16.0,120
TRN-01671,Passenger,COR-009,SEC-0088,2026-09-08,112,119,2,64.6,1200,5.6,110
TRN-01672,Passenger,COR-012,SEC-0114,2026-09-16,477,487,2,99.0,1200,9.1,100
TRN-01673,Passenger,COR-006,SEC-0057,2026-09-14,803,813,2,75.6,1200,9.9,100
TRN-01674,Superfast,COR-002,SEC-0018,2026-09-16,740,752,3,84.7,1600,8.4,100
TRN-01675,Express,COR-014,SEC-0139,2026-09-10,711,726,3,52.3,1400,9.2,80
TRN-01676,Passenger,COR-017,SEC-0165,2026-09-12,929,936,2,91.8,1200,13.6,80
TRN-01677,Superfast,COR-017,SEC-0167,2026-09-16,215,220,3,81.4,1600,10.7,100
TRN-01678,EMU,COR-009,SEC-0090,2026-09-06,771,781,2,67.9,900,13.1,100
TRN-01679,Express,COR-009,SEC-0081,2026-09-15,767,779,3,66.6,1400,6.3,110
TRN-01680,Express,COR-017,SEC-0166,2026-09-03,250,260,3,99.0,1400,10.6,110
TRN-01681,Passenger,COR-013,SEC-0121,2026-09-11,381,401,2,67.4,1200,13.4,110
TRN-01682,Superfast,COR-012,SEC-0111,2026-09-04,152,159,3,65.4,1600,4.2,80
TRN-01683,Superfast,COR-010,SEC-0099,2026-09-13,411,416,3,65.1,1600,4.1,110
TRN-01684,Passenger,COR-007,SEC-0070,2026-09-07,957,969,2,99.0,1200,13.3,130
TRN-01685,EMU,COR-005,SEC-0044,2026-09-16,309,319,2,32.1,900,12.0,100
TRN-01686,Freight,COR-011,SEC-0107,2026-09-09,78,88,1,36.5,3000,7.2,100
TRN-01687,Passenger,COR-020,SEC-0191,2026-09-04,1347,1354,2,53.5,1200,8.3,110
TRN-01688,EMU,COR-005,SEC-0048,2026-09-09,708,718,2,94.1,900,11.7,100
TRN-01689,Passenger,COR-002,SEC-0014,2026-09-12,1067,1074,2,89.6,1200,13.2,110
TRN-01690,Superfast,COR-017,SEC-0168,2026-09-05,1085,1090,3,63.3,1600,8.5,100
TRN-01691,Express,COR-013,SEC-0123,2026-09-07,936,951,3,62.0,1400,9.3,120
TRN-01692,Passenger,COR-001,SEC-0006,2026-09-14,1243,1250,2,57.4,1200,6.6,110
TRN-01693,EMU,COR-020,SEC-0192,2026-09-04,307,314,2,57.8,900,10.4,120
TRN-01694,Superfast,COR-015,SEC-0150,2026-09-15,121,131,3,69.2,1600,4.9,100
TRN-01695,EMU,COR-012,SEC-0116,2026-09-06,660,675,2,64.3,900,8.7,110
TRN-01696,Passenger,COR-002,SEC-0011,2026-09-08,28,38,2,99.0,1200,11.8,80
TRN-01697,Freight,COR-008,SEC-0075,2026-09-03,448,453,1,31.7,3000,7.3,100
TRN-01698,Passenger,COR-015,SEC-0150,2026-09-03,486,493,2,39.2,1200,9.0,100
TRN-01699,Superfast,COR-005,SEC-0050,2026-09-11,920,930,3,58.4,1600,9.2,110
TRN-01700,Freight,COR-006,SEC-0055,2026-09-04,100,120,1,36.6,3000,6.3,120
TRN-01701,Express,COR-002,SEC-0015,2026-09-14,696,706,3,81.2,1400,8.4,110
TRN-01702,Express,COR-013,SEC-0128,2026-09-11,1197,1209,3,74.8,1400,3.3,120
TRN-01703,Express,COR-015,SEC-0150,2026-09-14,604,616,3,69.8,1400,8.2,120
TRN-01704,Express,COR-005,SEC-0049,2026-09-06,37,44,3,63.7,1400,6.5,80
TRN-01705,Express,COR-019,SEC-0190,2026-09-14,753,765,3,36.4,1400,7.3,110
TRN-01706,Superfast,COR-016,SEC-0151,2026-09-14,670,685,3,76.8,1600,12.2,100
TRN-01707,Freight,COR-005,SEC-0047,2026-09-14,769,784,1,31.5,3000,4.9,80
TRN-01708,Passenger,COR-005,SEC-0042,2026-09-10,282,294,2,48.8,1200,6.4,120
TRN-01709,Passenger,COR-019,SEC-0190,2026-09-14,786,793,2,99.0,1200,11.9,110
TRN-01710,Passenger,COR-009,SEC-0089,2026-09-04,896,901,2,59.9,1200,16.5,110
TRN-01711,EMU,COR-003,SEC-0021,2026-09-10,604,611,2,82.2,900,10.8,80
TRN-01712,Superfast,COR-014,SEC-0136,2026-09-13,26,33,3,66.5,1600,13.1,120
TRN-01713,Express,COR-010,SEC-0098,2026-09-12,535,545,3,85.7,1400,13.3,110
TRN-01714,Passenger,COR-012,SEC-0111,2026-09-09,298,308,2,68.1,1200,8.3,80
TRN-01715,Freight,COR-017,SEC-0163,2026-09-09,739,754,1,70.4,3000,12.1,130
TRN-01716,Passenger,COR-003,SEC-0030,2026-09-11,264,284,2,82.9,1200,10.4,110
TRN-01717,Express,COR-011,SEC-0108,2026-09-07,795,800,3,82.4,1400,12.2,120
TRN-01718,Express,COR-007,SEC-0067,2026-09-04,1170,1190,3,99.0,1400,8.5,130
TRN-01719,Express,COR-011,SEC-0101,2026-09-16,260,265,3,73.7,1400,13.3,120
TRN-01720,Freight,COR-011,SEC-0105,2026-09-16,644,656,1,40.8,3000,9.2,100
TRN-01721,Superfast,COR-008,SEC-0073,2026-09-05,27,32,3,52.6,1600,10.3,110
TRN-01722,EMU,COR-017,SEC-0170,2026-09-05,959,974,2,73.7,900,10.6,80
TRN-01723,Superfast,COR-019,SEC-0190,2026-09-04,686,691,3,73.8,1600,11.5,100
TRN-01724,Passenger,COR-005,SEC-0050,2026-09-06,961,971,2,82.2,1200,15.9,100
TRN-01725,Passenger,COR-011,SEC-0109,2026-09-04,1376,1388,2,69.5,1200,10.2,110
TRN-01726,Passenger,COR-009,SEC-0089,2026-09-10,1314,1326,2,69.4,1200,14.3,110
TRN-01727,Freight,COR-005,SEC-0047,2026-09-14,669,681,1,23.5,3000,6.2,80
TRN-01728,Express,COR-002,SEC-0017,2026-09-13,362,369,3,60.4,1400,6.9,100
TRN-01729,EMU,COR-009,SEC-0081,2026-09-12,833,848,2,57.8,900,9.0,110
TRN-01730,EMU,COR-012,SEC-0113,2026-09-08,875,885,2,36.3,900,8.9,80
TRN-01731,Express,COR-001,SEC-0005,2026-09-08,622,629,3,99.0,1400,10.9,130
TRN-01732,Freight,COR-004,SEC-0032,2026-09-06,733,748,1,45.4,3000,4.5,120
TRN-01733,Express,COR-018,SEC-0171,2026-09-10,1383,1393,3,54.7,1400,6.7,80
TRN-01734,Freight,COR-020,SEC-0199,2026-09-16,1360,1370,1,42.2,3000,5.6,80
TRN-01735,EMU,COR-001,SEC-0006,2026-09-09,720,735,2,48.4,900,10.2,110
TRN-01736,Superfast,COR-009,SEC-0087,2026-09-07,1431,1438,3,48.1,1600,9.6,80
TRN-01737,Superfast,COR-013,SEC-0128,2026-09-05,808,818,3,95.6,1600,8.4,110
TRN-01738,Passenger,COR-018,SEC-0172,2026-09-07,589,609,2,57.9,1200,5.6,100
TRN-01739,Express,COR-002,SEC-0016,2026-09-04,1051,1058,3,99.0,1400,14.3,100
TRN-01740,Express,COR-013,SEC-0126,2026-09-04,1261,1281,3,60.1,1400,9.5,100
TRN-01741,Superfast,COR-012,SEC-0113,2026-09-04,286,301,3,44.9,1600,7.4,120
TRN-01742,Freight,COR-009,SEC-0083,2026-09-11,876,886,1,40.3,3000,5.8,110
TRN-01743,Superfast,COR-001,SEC-0005,2026-09-08,702,712,3,63.9,1600,5.4,100
TRN-01744,Freight,COR-008,SEC-0076,2026-09-12,953,960,1,37.2,3000,5.4,110
TRN-01745,Superfast,COR-013,SEC-0122,2026-09-16,632,644,3,87.0,1600,8.1,120
TRN-01746,Passenger,COR-020,SEC-0199,2026-09-16,88,108,2,71.4,1200,7.0,120
TRN-01747,EMU,COR-008,SEC-0076,2026-09-13,931,951,2,99.0,900,15.4,100
TRN-01748,Superfast,COR-018,SEC-0178,2026-09-04,993,998,3,87.6,1600,11.5,110
TRN-01749,Passenger,COR-005,SEC-0047,2026-09-10,1352,1359,2,66.3,1200,6.9,100
TRN-01750,Superfast,COR-009,SEC-0085,2026-09-10,823,833,3,76.2,1600,8.4,120
TRN-01751,Passenger,COR-008,SEC-0077,2026-09-13,160,175,2,99.0,1200,8.7,120
TRN-01752,Freight,COR-014,SEC-0137,2026-09-03,1090,1102,1,37.5,3000,7.2,110
TRN-01753,Superfast,COR-002,SEC-0015,2026-09-06,661,673,3,83.8,1600,7.7,80
TRN-01754,Freight,COR-003,SEC-0026,2026-09-14,1130,1142,1,26.4,3000,7.3,110
TRN-01755,EMU,COR-005,SEC-0049,2026-09-11,412,422,2,68.9,900,5.7,120
TRN-01756,Express,COR-009,SEC-0085,2026-09-16,17,29,3,66.8,1400,6.4,110
TRN-01757,Passenger,COR-013,SEC-0121,2026-09-08,987,997,2,54.9,1200,9.5,110
TRN-01758,EMU,COR-018,SEC-0179,2026-09-10,723,733,2,78.9,900,8.3,110
TRN-01759,Express,COR-016,SEC-0155,2026-09-03,1042,1049,3,85.8,1400,9.1,120
TRN-01760,Passenger,COR-010,SEC-0094,2026-09-12,956,963,2,97.7,1200,10.7,100
TRN-01761,EMU,COR-017,SEC-0165,2026-09-06,1138,1148,2,81.2,900,10.0,100
TRN-01762,Freight,COR-018,SEC-0175,2026-09-14,526,531,1,32.0,3000,3.4,100
TRN-01763,Passenger,COR-010,SEC-0099,2026-09-13,1116,1121,2,79.2,1200,14.2,100
TRN-01764,Freight,COR-004,SEC-0038,2026-09-16,814,826,1,68.6,3000,11.7,100
TRN-01765,Passenger,COR-014,SEC-0137,2026-09-11,1248,1268,2,87.0,1200,4.5,110
TRN-01766,Express,COR-013,SEC-0127,2026-09-03,26,33,3,74.5,1400,8.4,100
TRN-01767,Superfast,COR-008,SEC-0078,2026-09-11,1129,1136,3,80.5,1600,12.8,120
TRN-01768,EMU,COR-002,SEC-0015,2026-09-10,309,321,2,54.2,900,7.8,100
TRN-01769,Freight,COR-005,SEC-0046,2026-09-13,395,405,1,53.0,3000,8.1,130
TRN-01770,Express,COR-016,SEC-0154,2026-09-16,200,210,3,87.5,1400,10.0,80
TRN-01771,EMU,COR-009,SEC-0083,2026-09-13,274,284,2,91.6,900,8.3,100
TRN-01772,Freight,COR-009,SEC-0089,2026-09-03,716,721,1,23.4,3000,7.5,110
TRN-01773,Express,COR-018,SEC-0177,2026-09-14,522,534,3,88.8,1400,9.4,110
TRN-01774,Freight,COR-003,SEC-0025,2026-09-11,177,182,1,48.9,3000,3.8,80
TRN-01775,Freight,COR-009,SEC-0088,2026-09-10,1408,1418,1,55.1,3000,8.8,110
TRN-01776,Express,COR-019,SEC-0186,2026-09-09,958,965,3,90.8,1400,15.7,130
TRN-01777,Freight,COR-005,SEC-0046,2026-09-05,902,914,1,6.7,3000,7.6,130
TRN-01778,Passenger,COR-011,SEC-0110,2026-09-07,1048,1053,2,93.9,1200,13.3,80
TRN-01779,EMU,COR-017,SEC-0170,2026-09-14,690,702,2,81.6,900,13.2,120
TRN-01780,EMU,COR-003,SEC-0026,2026-09-11,1303,1323,2,46.1,900,10.8,110
TRN-01781,EMU,COR-008,SEC-0073,2026-09-07,899,909,2,72.0,900,6.6,110
TRN-01782,Freight,COR-016,SEC-0151,2026-09-13,228,233,1,39.4,3000,12.6,110
TRN-01783,EMU,COR-016,SEC-0156,2026-09-09,1230,1250,2,86.1,900,8.3,110
TRN-01784,Express,COR-014,SEC-0133,2026-09-03,1397,1409,3,53.8,1400,11.4,110
TRN-01785,Passenger,COR-013,SEC-0122,2026-09-13,1412,1424,2,88.0,1200,10.5,120
TRN-01786,Freight,COR-003,SEC-0025,2026-09-08,1037,1049,1,8.7,3000,2.8,80
TRN-01787,Passenger,COR-016,SEC-0160,2026-09-06,606,616,2,90.7,1200,15.8,110
TRN-01788,Passenger,COR-009,SEC-0090,2026-09-06,91,98,2,77.7,1200,9.0,130
TRN-01789,EMU,COR-011,SEC-0108,2026-09-14,1337,1349,2,53.7,900,12.9,100
TRN-01790,Express,COR-010,SEC-0091,2026-09-05,950,960,3,77.6,1400,7.8,120
TRN-01791,Freight,COR-001,SEC-0002,2026-09-15,649,656,1,41.6,3000,8.1,110
TRN-01792,Passenger,COR-019,SEC-0188,2026-09-11,1296,1311,2,82.4,1200,17.1,110
TRN-01793,Superfast,COR-009,SEC-0089,2026-09-04,1208,1220,3,43.4,1600,10.9,120
TRN-01794,Superfast,COR-018,SEC-0176,2026-09-13,561,568,3,72.6,1600,8.8,80
TRN-01795,Express,COR-015,SEC-0147,2026-09-11,72,77,3,99.0,1400,15.8,110
TRN-01796,Superfast,COR-004,SEC-0040,2026-09-05,1201,1206,3,74.1,1600,9.1,80
TRN-01797,EMU,COR-001,SEC-0002,2026-09-08,1363,1370,2,51.4,900,5.6,120
TRN-01798,Freight,COR-018,SEC-0175,2026-09-09,1292,1304,1,23.2,3000,5.8,100
TRN-01799,Passenger,COR-019,SEC-0185,2026-09-03,824,836,2,87.8,1200,12.4,110
TRN-01800,Freight,COR-011,SEC-0105,2026-09-12,846,853,1,31.1,3000,9.5,110
TRN-01801,EMU,COR-017,SEC-0170,2026-09-15,1401,1408,2,69.0,900,8.4,80
TRN-01802,Freight,COR-019,SEC-0181,2026-09-05,1009,1014,1,41.5,3000,11.6,100
TRN-01803,EMU,COR-006,SEC-0058,2026-09-04,628,635,2,77.1,900,15.7,110
TRN-01804,Superfast,COR-011,SEC-0110,2026-09-10,1199,1206,3,67.2,1600,5.9,110
TRN-01805,Freight,COR-012,SEC-0113,2026-09-13,1330,1340,1,59.9,3000,14.8,110
TRN-01806,Passenger,COR-013,SEC-0123,2026-09-11,93,98,2,73.0,1200,12.7,110
TRN-01807,EMU,COR-017,SEC-0162,2026-09-09,309,314,2,90.4,900,9.1,100
TRN-01808,Passenger,COR-001,SEC-0002,2026-09-10,603,613,2,78.5,1200,11.3,110
TRN-01809,Superfast,COR-017,SEC-0161,2026-09-06,274,284,3,85.6,1600,6.5,120
TRN-01810,Passenger,COR-004,SEC-0035,2026-09-09,689,699,2,85.8,1200,11.1,80
TRN-01811,Passenger,COR-009,SEC-0085,2026-09-14,747,752,2,59.8,1200,4.7,130
TRN-01812,Passenger,COR-005,SEC-0047,2026-09-08,588,598,2,96.2,1200,14.5,100
TRN-01813,Passenger,COR-006,SEC-0056,2026-09-05,141,148,2,63.2,1200,9.4,100
TRN-01814,Express,COR-010,SEC-0098,2026-09-04,637,657,3,78.9,1400,13.3,120
TRN-01815,EMU,COR-007,SEC-0068,2026-09-10,199,206,2,91.1,900,9.4,120
TRN-01816,Freight,COR-009,SEC-0082,2026-09-06,352,372,1,35.0,3000,5.7,80
TRN-01817,Passenger,COR-006,SEC-0055,2026-09-11,427,439,2,51.9,1200,10.2,120
TRN-01818,Passenger,COR-004,SEC-0036,2026-09-11,1367,1372,2,51.8,1200,3.9,100
TRN-01819,Superfast,COR-010,SEC-0097,2026-09-13,570,582,3,88.8,1600,7.1,120
TRN-01820,EMU,COR-010,SEC-0091,2026-09-13,1043,1053,2,89.0,900,9.3,120
TRN-01821,Superfast,COR-016,SEC-0153,2026-09-06,1408,1418,3,79.3,1600,2.2,100
TRN-01822,Passenger,COR-013,SEC-0128,2026-09-04,1096,1103,2,77.0,1200,10.5,80
TRN-01823,EMU,COR-018,SEC-0173,2026-09-15,1041,1051,2,96.0,900,13.3,80
TRN-01824,Freight,COR-020,SEC-0193,2026-09-16,886,891,1,52.7,3000,1.4,100
TRN-01825,Express,COR-017,SEC-0163,2026-09-11,1385,1395,3,99.0,1400,7.7,80
TRN-01826,Superfast,COR-018,SEC-0171,2026-09-14,760,767,3,49.3,1600,6.9,100
TRN-01827,Passenger,COR-010,SEC-0092,2026-09-16,969,974,2,64.9,1200,4.9,130
TRN-01828,Express,COR-002,SEC-0017,2026-09-16,1143,1155,3,70.0,1400,9.8,120
TRN-01829,Express,COR-008,SEC-0077,2026-09-16,676,683,3,80.8,1400,5.8,110
TRN-01830,Freight,COR-013,SEC-0122,2026-09-05,863,870,1,32.5,3000,4.3,110
TRN-01831,Passenger,COR-005,SEC-0046,2026-09-14,55,67,2,89.5,1200,11.9,120
TRN-01832,Freight,COR-007,SEC-0066,2026-09-03,824,831,1,47.5,3000,9.5,100
TRN-01833,EMU,COR-003,SEC-0030,2026-09-04,961,971,2,64.6,900,4.4,100
TRN-01834,EMU,COR-017,SEC-0168,2026-09-06,139,151,2,77.6,900,12.6,120
TRN-01835,Superfast,COR-008,SEC-0076,2026-09-15,1055,1067,3,58.0,1600,6.0,120
TRN-01836,Express,COR-002,SEC-0013,2026-09-09,818,830,3,96.0,1400,9.9,130
TRN-01837,Freight,COR-015,SEC-0146,2026-09-11,156,163,1,48.1,3000,8.9,110
TRN-01838,Freight,COR-006,SEC-0051,2026-09-11,528,535,1,40.3,3000,5.9,120
TRN-01839,Express,COR-003,SEC-0028,2026-09-14,546,556,3,63.9,1400,4.6,110
TRN-01840,Superfast,COR-017,SEC-0169,2026-09-12,875,887,3,81.5,1600,14.0,110
TRN-01841,Freight,COR-018,SEC-0180,2026-09-03,574,589,1,17.6,3000,9.3,100
TRN-01842,Passenger,COR-017,SEC-0162,2026-09-13,594,614,2,63.2,1200,13.7,110
TRN-01843,EMU,COR-005,SEC-0050,2026-09-09,345,357,2,57.7,900,7.9,110
TRN-01844,Passenger,COR-020,SEC-0199,2026-09-04,472,482,2,96.9,1200,7.8,80
TRN-01845,Superfast,COR-004,SEC-0036,2026-09-05,103,113,3,55.5,1600,8.2,130
TRN-01846,Passenger,COR-005,SEC-0042,2026-09-10,1110,1125,2,77.2,1200,12.3,100
TRN-01847,Passenger,COR-020,SEC-0191,2026-09-05,1112,1127,2,63.6,1200,11.9,80
TRN-01848,Passenger,COR-007,SEC-0070,2026-09-05,841,861,2,77.0,1200,8.0,100
TRN-01849,EMU,COR-006,SEC-0051,2026-09-08,316,331,2,87.3,900,6.7,110
TRN-01850,EMU,COR-006,SEC-0051,2026-09-11,459,469,2,82.2,900,6.6,110
TRN-01851,Superfast,COR-002,SEC-0019,2026-09-15,1118,1130,3,97.0,1600,12.2,110
TRN-01852,Freight,COR-016,SEC-0158,2026-09-13,963,973,1,13.0,3000,6.1,110
TRN-01853,Express,COR-010,SEC-0098,2026-09-04,347,357,3,70.1,1400,10.4,130
TRN-01854,Freight,COR-014,SEC-0133,2026-09-13,675,685,1,30.5,3000,7.4,80
TRN-01855,EMU,COR-020,SEC-0198,2026-09-07,525,535,2,99.0,900,10.2,110
TRN-01856,EMU,COR-012,SEC-0117,2026-09-11,1239,1244,2,34.7,900,8.0,120
TRN-01857,Freight,COR-015,SEC-0146,2026-09-06,433,440,1,71.6,3000,10.0,100
TRN-01858,EMU,COR-002,SEC-0015,2026-09-07,463,478,2,82.3,900,8.8,80
TRN-01859,Passenger,COR-018,SEC-0173,2026-09-06,1375,1385,2,89.8,1200,12.1,80
TRN-01860,Superfast,COR-016,SEC-0157,2026-09-15,995,1015,3,84.8,1600,9.6,110
TRN-01861,EMU,COR-003,SEC-0026,2026-09-10,1074,1089,2,75.1,900,4.3,100
TRN-01862,EMU,COR-013,SEC-0125,2026-09-06,392,404,2,82.0,900,10.6,110
TRN-01863,Express,COR-019,SEC-0186,2026-09-14,256,263,3,71.0,1400,9.9,80
TRN-01864,Superfast,COR-011,SEC-0110,2026-09-15,312,317,3,88.5,1600,10.2,110
TRN-01865,EMU,COR-008,SEC-0076,2026-09-14,126,131,2,87.6,900,8.1,110
TRN-01866,Superfast,COR-003,SEC-0029,2026-09-09,1258,1268,3,87.9,1600,8.9,80
TRN-01867,EMU,COR-004,SEC-0039,2026-09-10,1170,1180,2,69.8,900,8.7,130
TRN-01868,Express,COR-006,SEC-0051,2026-09-11,938,948,3,71.8,1400,12.0,80
TRN-01869,Superfast,COR-010,SEC-0094,2026-09-15,1064,1079,3,99.0,1600,5.6,120
TRN-01870,Express,COR-018,SEC-0180,2026-09-15,827,832,3,57.4,1400,4.9,130
TRN-01871,Express,COR-003,SEC-0026,2026-09-05,263,273,3,99.0,1400,8.7,110
TRN-01872,Freight,COR-019,SEC-0186,2026-09-11,535,550,1,30.5,3000,6.2,110
TRN-01873,EMU,COR-014,SEC-0138,2026-09-10,895,902,2,74.7,900,15.0,100
TRN-01874,Express,COR-011,SEC-0101,2026-09-03,453,460,3,81.5,1400,12.0,110
TRN-01875,Freight,COR-012,SEC-0115,2026-09-06,777,784,1,21.1,3000,9.3,100
TRN-01876,Express,COR-015,SEC-0150,2026-09-15,292,307,3,68.5,1400,6.7,100
TRN-01877,EMU,COR-005,SEC-0042,2026-09-06,883,895,2,99.0,900,16.4,110
TRN-01878,Passenger,COR-020,SEC-0192,2026-09-11,306,321,2,77.7,1200,5.8,100
TRN-01879,Passenger,COR-015,SEC-0141,2026-09-04,285,295,2,61.0,1200,9.6,100
TRN-01880,Express,COR-013,SEC-0127,2026-09-12,1125,1135,3,68.5,1400,9.2,80
TRN-01881,Express,COR-010,SEC-0098,2026-09-04,998,1008,3,64.5,1400,9.0,100
TRN-01882,Freight,COR-007,SEC-0070,2026-09-04,449,464,1,24.6,3000,9.7,130
TRN-01883,Superfast,COR-001,SEC-0009,2026-09-03,563,570,3,83.4,1600,16.5,120
TRN-01884,Express,COR-018,SEC-0173,2026-09-05,16,28,3,78.8,1400,16.4,110
TRN-01885,Passenger,COR-008,SEC-0076,2026-09-15,905,912,2,61.8,1200,5.2,80
TRN-01886,EMU,COR-016,SEC-0151,2026-09-07,87,99,2,62.5,900,13.6,120
TRN-01887,Express,COR-018,SEC-0173,2026-09-15,374,386,3,62.2,1400,7.3,80
TRN-01888,Express,COR-011,SEC-0102,2026-09-16,1256,1268,3,65.3,1400,10.2,100
TRN-01889,Superfast,COR-016,SEC-0151,2026-09-15,292,302,3,70.1,1600,9.3,110
TRN-01890,EMU,COR-013,SEC-0128,2026-09-15,1312,1324,2,70.2,900,15.7,100
TRN-01891,Superfast,COR-012,SEC-0118,2026-09-13,581,591,3,87.7,1600,10.8,110
TRN-01892,Freight,COR-014,SEC-0131,2026-09-03,217,237,1,31.6,3000,5.8,120
TRN-01893,Passenger,COR-017,SEC-0168,2026-09-03,102,112,2,62.6,1200,8.8,110
TRN-01894,Superfast,COR-016,SEC-0159,2026-09-09,684,694,3,92.1,1600,13.9,100
TRN-01895,Express,COR-004,SEC-0033,2026-09-05,150,170,3,54.0,1400,6.6,110
TRN-01896,Passenger,COR-002,SEC-0020,2026-09-15,91,101,2,82.1,1200,2.6,120
TRN-01897,EMU,COR-015,SEC-0148,2026-09-04,1427,1432,2,72.9,900,13.5,100
TRN-01898,Passenger,COR-009,SEC-0086,2026-09-03,575,585,2,82.3,1200,1.3,100
TRN-01899,Passenger,COR-017,SEC-0165,2026-09-16,64,84,2,39.9,1200,7.7,110
TRN-01900,Superfast,COR-017,SEC-0168,2026-09-16,387,397,3,43.4,1600,9.0,110
TRN-01901,Freight,COR-010,SEC-0092,2026-09-14,571,586,1,37.5,3000,5.7,80
TRN-01902,Passenger,COR-020,SEC-0195,2026-09-10,448,458,2,68.3,1200,6.5,100
TRN-01903,EMU,COR-006,SEC-0051,2026-09-07,682,689,2,89.5,900,13.7,110
TRN-01904,Superfast,COR-012,SEC-0117,2026-09-15,926,933,3,61.0,1600,8.1,110
TRN-01905,Superfast,COR-011,SEC-0104,2026-09-07,612,619,3,61.7,1600,5.5,120
TRN-01906,Superfast,COR-004,SEC-0037,2026-09-05,573,588,3,75.2,1600,12.3,120
TRN-01907,Express,COR-015,SEC-0150,2026-09-05,488,498,3,83.7,1400,13.9,110
TRN-01908,Passenger,COR-015,SEC-0147,2026-09-13,253,263,2,53.2,1200,1.0,130
TRN-01909,Freight,COR-015,SEC-0144,2026-09-15,64,74,1,49.0,3000,8.7,120
TRN-01910,Passenger,COR-019,SEC-0181,2026-09-05,679,691,2,44.8,1200,11.5,110
TRN-01911,Express,COR-013,SEC-0129,2026-09-07,1427,1437,3,65.7,1400,5.5,100
TRN-01912,EMU,COR-002,SEC-0019,2026-09-12,676,688,2,96.4,900,11.9,110
TRN-01913,EMU,COR-020,SEC-0194,2026-09-15,133,140,2,64.8,900,7.4,100
TRN-01914,Superfast,COR-020,SEC-0197,2026-09-08,1143,1148,3,53.6,1600,10.6,120
TRN-01915,Superfast,COR-020,SEC-0195,2026-09-14,931,938,3,72.3,1600,16.7,100
TRN-01916,EMU,COR-001,SEC-0001,2026-09-14,1328,1340,2,70.5,900,10.1,110
TRN-01917,Passenger,COR-015,SEC-0148,2026-09-04,612,617,2,69.9,1200,15.2,120
TRN-01918,EMU,COR-002,SEC-0012,2026-09-10,1087,1099,2,76.0,900,14.2,120
TRN-01919,EMU,COR-013,SEC-0121,2026-09-15,1365,1372,2,67.1,900,16.3,110
TRN-01920,Passenger,COR-014,SEC-0138,2026-09-06,847,859,2,99.0,1200,7.3,120
TRN-01921,Superfast,COR-015,SEC-0141,2026-09-10,1191,1196,3,99.0,1600,8.2,120
TRN-01922,EMU,COR-017,SEC-0168,2026-09-12,1040,1047,2,67.3,900,9.7,110
TRN-01923,EMU,COR-006,SEC-0060,2026-09-04,182,192,2,84.8,900,6.9,120
TRN-01924,Passenger,COR-009,SEC-0082,2026-09-08,1162,1172,2,60.4,1200,8.9,120
TRN-01925,Freight,COR-007,SEC-0064,2026-09-08,600,610,1,25.8,3000,7.1,80
TRN-01926,Superfast,COR-005,SEC-0050,2026-09-13,1187,1192,3,62.4,1600,9.5,110
TRN-01927,EMU,COR-011,SEC-0110,2026-09-06,790,802,2,90.2,900,13.4,100
TRN-01928,Superfast,COR-004,SEC-0040,2026-09-12,309,314,3,63.3,1600,10.2,100
TRN-01929,Passenger,COR-011,SEC-0107,2026-09-09,90,97,2,53.7,1200,8.0,80
TRN-01930,Superfast,COR-003,SEC-0021,2026-09-03,564,579,3,56.3,1600,9.6,110
TRN-01931,EMU,COR-003,SEC-0023,2026-09-05,661,671,2,87.4,900,12.4,130
TRN-01932,Express,COR-005,SEC-0041,2026-09-10,76,81,3,99.0,1400,8.7,120
TRN-01933,EMU,COR-004,SEC-0037,2026-09-06,1157,1167,2,73.8,900,6.5,100
TRN-01934,Passenger,COR-011,SEC-0101,2026-09-04,130,140,2,72.6,1200,10.8,100
TRN-01935,Passenger,COR-015,SEC-0149,2026-09-10,1124,1134,2,67.6,1200,7.4,130
TRN-01936,Freight,COR-003,SEC-0026,2026-09-10,1368,1380,1,46.0,3000,9.0,80
TRN-01937,Superfast,COR-015,SEC-0143,2026-09-13,199,206,3,65.4,1600,4.1,110
TRN-01938,Passenger,COR-020,SEC-0197,2026-09-03,638,648,2,84.2,1200,8.6,120
TRN-01939,EMU,COR-001,SEC-0005,2026-09-13,528,538,2,86.1,900,13.5,100
TRN-01940,Superfast,COR-018,SEC-0173,2026-09-04,230,237,3,81.4,1600,1.9,130
TRN-01941,EMU,COR-010,SEC-0092,2026-09-14,835,845,2,59.9,900,2.3,120
TRN-01942,Passenger,COR-012,SEC-0114,2026-09-03,598,603,2,74.7,1200,5.5,110
TRN-01943,EMU,COR-005,SEC-0047,2026-09-07,189,199,2,81.7,900,8.6,110
TRN-01944,Express,COR-015,SEC-0150,2026-09-10,1234,1244,3,99.0,1400,12.0,110
TRN-01945,Passenger,COR-012,SEC-0118,2026-09-12,1131,1141,2,46.9,1200,6.9,110
TRN-01946,Express,COR-005,SEC-0047,2026-09-03,324,344,3,78.8,1400,11.8,110
TRN-01947,EMU,COR-019,SEC-0184,2026-09-10,198,205,2,77.8,900,11.1,110
TRN-01948,Passenger,COR-018,SEC-0171,2026-09-13,449,459,2,38.2,1200,7.8,100
TRN-01949,Superfast,COR-001,SEC-0009,2026-09-04,992,999,3,64.2,1600,10.7,120
TRN-01950,Passenger,COR-008,SEC-0076,2026-09-10,463,473,2,65.0,1200,6.5,80
TRN-01951,Passenger,COR-011,SEC-0104,2026-09-07,246,258,2,80.7,1200,13.7,110
TRN-01952,Express,COR-014,SEC-0132,2026-09-14,1257,1264,3,52.1,1400,3.4,100
TRN-01953,Express,COR-006,SEC-0052,2026-09-09,728,740,3,77.4,1400,10.0,120
TRN-01954,Passenger,COR-004,SEC-0036,2026-09-10,272,279,2,53.1,1200,8.4,130
TRN-01955,Express,COR-009,SEC-0089,2026-09-07,1374,1389,3,48.6,1400,4.8,110
TRN-01956,EMU,COR-007,SEC-0068,2026-09-08,369,381,2,75.6,900,18.3,80
TRN-01957,EMU,COR-005,SEC-0041,2026-09-13,1036,1046,2,77.3,900,13.2,110
TRN-01958,Freight,COR-005,SEC-0045,2026-09-03,1014,1026,1,52.1,3000,7.2,100
TRN-01959,Superfast,COR-009,SEC-0082,2026-09-14,261,276,3,46.6,1600,7.8,110
TRN-01960,Freight,COR-011,SEC-0104,2026-09-11,1019,1039,1,39.8,3000,9.8,120
TRN-01961,Express,COR-015,SEC-0144,2026-09-09,551,563,3,85.9,1400,12.4,120
TRN-01962,Passenger,COR-002,SEC-0012,2026-09-12,1025,1035,2,76.5,1200,11.4,110
TRN-01963,Passenger,COR-004,SEC-0031,2026-09-12,451,461,2,64.7,1200,8.0,120
TRN-01964,Express,COR-020,SEC-0197,2026-09-11,291,298,3,81.3,1400,6.7,100
TRN-01965,Passenger,COR-019,SEC-0181,2026-09-08,793,803,2,78.2,1200,3.8,110
TRN-01966,EMU,COR-006,SEC-0051,2026-09-09,1105,1120,2,79.3,900,4.9,120
TRN-01967,EMU,COR-014,SEC-0134,2026-09-11,32,37,2,87.4,900,10.3,100
TRN-01968,Express,COR-017,SEC-0166,2026-09-09,288,298,3,92.2,1400,17.1,100
TRN-01969,Freight,COR-018,SEC-0174,2026-09-15,1006,1013,1,17.5,3000,7.4,110
TRN-01970,Freight,COR-013,SEC-0126,2026-09-03,1007,1014,1,77.3,3000,9.4,110
TRN-01971,Passenger,COR-006,SEC-0052,2026-09-12,620,635,2,80.7,1200,10.2,110
TRN-01972,Passenger,COR-004,SEC-0034,2026-09-07,1110,1115,2,49.9,1200,1.5,110
TRN-01973,Superfast,COR-016,SEC-0154,2026-09-07,1147,1152,3,55.3,1600,11.1,110
TRN-01974,Superfast,COR-009,SEC-0084,2026-09-11,1178,1185,3,99.0,1600,7.4,110
TRN-01975,EMU,COR-001,SEC-0002,2026-09-12,70,80,2,70.1,900,6.5,100
TRN-01976,Express,COR-014,SEC-0139,2026-09-09,727,737,3,57.0,1400,2.9,110
TRN-01977,Passenger,COR-013,SEC-0122,2026-09-11,545,555,2,74.2,1200,6.5,110
TRN-01978,Freight,COR-013,SEC-0130,2026-09-15,1207,1212,1,59.4,3000,6.9,110
TRN-01979,Passenger,COR-005,SEC-0048,2026-09-11,847,854,2,66.1,1200,9.3,120
TRN-01980,Express,COR-020,SEC-0191,2026-09-16,1126,1133,3,52.7,1400,7.6,120
TRN-01981,Superfast,COR-008,SEC-0073,2026-09-09,1210,1215,3,92.8,1600,11.3,100
TRN-01982,Express,COR-001,SEC-0008,2026-09-14,591,596,3,78.8,1400,5.4,80
TRN-01983,Passenger,COR-002,SEC-0020,2026-09-05,885,892,2,56.8,1200,9.7,100
TRN-01984,Superfast,COR-002,SEC-0019,2026-09-03,590,602,3,94.1,1600,13.9,110
TRN-01985,Freight,COR-017,SEC-0165,2026-09-07,861,873,1,29.5,3000,10.0,120
TRN-01986,Passenger,COR-010,SEC-0094,2026-09-09,879,891,2,61.2,1200,12.5,100
TRN-01987,EMU,COR-005,SEC-0047,2026-09-03,224,236,2,70.5,900,10.7,80
TRN-01988,Express,COR-003,SEC-0022,2026-09-11,1208,1220,3,63.5,1400,2.3,110
TRN-01989,Freight,COR-008,SEC-0074,2026-09-12,930,942,1,19.8,3000,4.4,120
TRN-01990,Superfast,COR-005,SEC-0041,2026-09-13,1271,1283,3,56.0,1600,9.8,80
TRN-01991,Freight,COR-016,SEC-0160,2026-09-05,151,161,1,32.9,3000,6.0,80
TRN-01992,Express,COR-003,SEC-0024,2026-09-12,291,311,3,61.1,1400,7.8,100
TRN-01993,Superfast,COR-015,SEC-0147,2026-09-08,52,59,3,90.6,1600,14.2,80
TRN-01994,Express,COR-011,SEC-0105,2026-09-16,489,499,3,88.0,1400,11.4,80
TRN-01995,Superfast,COR-016,SEC-0155,2026-09-13,208,218,3,61.4,1600,10.4,100
TRN-01996,EMU,COR-005,SEC-0049,2026-09-14,945,957,2,56.5,900,10.0,120
TRN-01997,Express,COR-003,SEC-0028,2026-09-15,1047,1059,3,87.7,1400,10.8,120
TRN-01998,Freight,COR-009,SEC-0083,2026-09-10,1161,1171,1,33.4,3000,8.6,100
TRN-01999,Superfast,COR-009,SEC-0090,2026-09-06,1209,1224,3,83.9,1600,11.6,110
TRN-02000,Express,COR-018,SEC-0171,2026-09-07,1390,1405,3,54.6,1400,6.8,80
TRN-02001,Express,COR-007,SEC-0065,2026-09-06,297,302,3,59.4,1400,6.4,130
TRN-02002,Express,COR-006,SEC-0056,2026-09-10,635,645,3,68.5,1400,12.1,130
TRN-02003,Freight,COR-012,SEC-0119,2026-09-13,45,55,1,35.3,3000,5.5,110
TRN-02004,EMU,COR-018,SEC-0175,2026-09-15,1276,1283,2,73.8,900,10.3,110
TRN-02005,Freight,COR-014,SEC-0136,2026-09-05,160,175,1,25.0,3000,7.3,100
TRN-02006,Express,COR-003,SEC-0022,2026-09-09,777,789,3,72.8,1400,12.4,100
TRN-02007,Superfast,COR-018,SEC-0180,2026-09-07,605,610,3,83.8,1600,4.6,80
TRN-02008,Express,COR-019,SEC-0189,2026-09-10,828,838,3,96.4,1400,5.3,80
TRN-02009,Express,COR-013,SEC-0126,2026-09-12,393,403,3,70.8,1400,11.2,80
TRN-02010,EMU,COR-004,SEC-0039,2026-09-14,1420,1425,2,81.4,900,9.5,110
TRN-02011,Express,COR-015,SEC-0150,2026-09-04,581,591,3,62.7,1400,8.7,120
TRN-02012,Passenger,COR-014,SEC-0137,2026-09-09,49,56,2,67.8,1200,8.1,100
TRN-02013,Express,COR-011,SEC-0103,2026-09-14,866,878,3,60.2,1400,11.7,120
TRN-02014,Freight,COR-017,SEC-0162,2026-09-14,1353,1363,1,39.1,3000,3.6,100
TRN-02015,Freight,COR-018,SEC-0178,2026-09-05,105,120,1,36.2,3000,9.2,100
TRN-02016,EMU,COR-015,SEC-0144,2026-09-11,608,620,2,71.0,900,13.1,80
TRN-02017,Express,COR-010,SEC-0096,2026-09-15,622,632,3,58.3,1400,9.0,100
TRN-02018,Freight,COR-012,SEC-0119,2026-09-15,306,326,1,33.4,3000,4.4,120
TRN-02019,Superfast,COR-009,SEC-0087,2026-09-08,350,360,3,77.4,1600,9.8,110
TRN-02020,Freight,COR-017,SEC-0169,2026-09-12,1126,1138,1,27.8,3000,9.3,130
TRN-02021,Passenger,COR-006,SEC-0060,2026-09-03,850,860,2,87.8,1200,8.4,100
TRN-02022,Passenger,COR-006,SEC-0051,2026-09-06,1222,1234,2,79.3,1200,10.5,130
TRN-02023,Passenger,COR-013,SEC-0124,2026-09-10,1318,1338,2,79.7,1200,7.4,120
TRN-02024,Express,COR-016,SEC-0152,2026-09-16,681,691,3,99.0,1400,15.8,110
TRN-02025,Express,COR-001,SEC-0008,2026-09-14,998,1008,3,69.6,1400,12.7,110
TRN-02026,Freight,COR-011,SEC-0108,2026-09-04,1177,1182,1,49.7,3000,5.8,100
TRN-02027,Superfast,COR-012,SEC-0111,2026-09-16,19,29,3,71.2,1600,10.2,130
TRN-02028,Superfast,COR-010,SEC-0093,2026-09-08,433,443,3,85.6,1600,10.0,110
TRN-02029,Express,COR-009,SEC-0088,2026-09-11,525,535,3,77.4,1400,13.3,110
TRN-02030,Freight,COR-010,SEC-0100,2026-09-05,647,662,1,39.6,3000,12.4,80
TRN-02031,Superfast,COR-017,SEC-0166,2026-09-09,1427,1437,3,54.8,1600,10.5,100
TRN-02032,Express,COR-006,SEC-0059,2026-09-15,134,139,3,73.7,1400,12.9,100
TRN-02033,EMU,COR-017,SEC-0168,2026-09-15,541,561,2,61.4,900,11.4,120
TRN-02034,Freight,COR-018,SEC-0178,2026-09-10,300,310,1,23.3,3000,11.4,110
TRN-02035,Superfast,COR-012,SEC-0117,2026-09-16,556,571,3,52.8,1600,10.2,100
TRN-02036,Passenger,COR-005,SEC-0044,2026-09-04,1279,1291,2,99.0,1200,11.2,100
TRN-02037,Passenger,COR-003,SEC-0025,2026-09-12,676,688,2,70.8,1200,8.8,130
TRN-02038,Express,COR-009,SEC-0081,2026-09-12,1226,1241,3,44.3,1400,4.1,130
TRN-02039,Passenger,COR-004,SEC-0035,2026-09-07,1301,1306,2,89.7,1200,7.0,110
TRN-02040,Passenger,COR-003,SEC-0024,2026-09-12,157,172,2,85.4,1200,9.6,120
TRN-02041,Passenger,COR-009,SEC-0085,2026-09-16,1147,1154,2,63.5,1200,3.1,120
TRN-02042,Superfast,COR-019,SEC-0190,2026-09-12,1011,1021,3,62.6,1600,10.1,120
TRN-02043,Express,COR-017,SEC-0166,2026-09-04,278,283,3,85.4,1400,12.3,80
TRN-02044,Freight,COR-006,SEC-0052,2026-09-09,1346,1358,1,27.1,3000,1.0,100
TRN-02045,EMU,COR-011,SEC-0101,2026-09-09,964,971,2,62.1,900,10.1,120
TRN-02046,Express,COR-011,SEC-0105,2026-09-05,577,582,3,91.6,1400,18.4,110
TRN-02047,EMU,COR-018,SEC-0180,2026-09-10,766,781,2,60.1,900,6.5,80
TRN-02048,Superfast,COR-005,SEC-0049,2026-09-03,793,800,3,91.1,1600,10.4,80
TRN-02049,Express,COR-002,SEC-0020,2026-09-11,1329,1344,3,83.5,1400,11.9,110
TRN-02050,EMU,COR-001,SEC-0005,2026-09-08,132,137,2,78.4,900,4.2,110
TRN-02051,Superfast,COR-008,SEC-0072,2026-09-11,1351,1361,3,75.2,1600,4.2,130
TRN-02052,EMU,COR-012,SEC-0113,2026-09-06,232,237,2,92.5,900,14.3,100
TRN-02053,Express,COR-001,SEC-0009,2026-09-13,1268,1283,3,73.6,1400,5.1,130
TRN-02054,Freight,COR-006,SEC-0058,2026-09-09,279,284,1,62.6,3000,9.7,120
TRN-02055,Freight,COR-015,SEC-0145,2026-09-09,28,33,1,43.6,3000,9.0,80
TRN-02056,Passenger,COR-004,SEC-0036,2026-09-14,567,579,2,76.4,1200,4.1,110
TRN-02057,EMU,COR-002,SEC-0011,2026-09-08,663,675,2,64.4,900,8.7,120
TRN-02058,EMU,COR-019,SEC-0187,2026-09-15,1070,1080,2,81.9,900,14.5,80
TRN-02059,Freight,COR-003,SEC-0029,2026-09-16,946,956,1,55.5,3000,6.6,80
TRN-02060,Passenger,COR-016,SEC-0152,2026-09-06,611,621,2,63.3,1200,8.3,110
TRN-02061,EMU,COR-020,SEC-0200,2026-09-15,310,325,2,88.2,900,13.3,120
TRN-02062,Freight,COR-009,SEC-0085,2026-09-12,162,174,1,34.5,3000,2.3,100
TRN-02063,Express,COR-019,SEC-0188,2026-09-16,384,391,3,88.4,1400,11.8,120
TRN-02064,Freight,COR-018,SEC-0177,2026-09-05,1004,1009,1,30.7,3000,7.2,100
TRN-02065,Superfast,COR-008,SEC-0079,2026-09-12,518,528,3,37.1,1600,4.3,120
TRN-02066,Freight,COR-017,SEC-0161,2026-09-10,955,970,1,16.6,3000,10.3,80
TRN-02067,Superfast,COR-012,SEC-0112,2026-09-13,758,768,3,99.0,1600,10.2,80
TRN-02068,Freight,COR-011,SEC-0110,2026-09-05,956,976,1,29.7,3000,2.0,110
TRN-02069,EMU,COR-019,SEC-0183,2026-09-04,1100,1110,2,99.0,900,9.6,110
TRN-02070,Freight,COR-015,SEC-0145,2026-09-03,775,785,1,52.1,3000,2.2,110
TRN-02071,Express,COR-015,SEC-0143,2026-09-07,723,733,3,64.4,1400,10.5,120
TRN-02072,Superfast,COR-019,SEC-0188,2026-09-15,1327,1339,3,99.0,1600,6.4,110
TRN-02073,Passenger,COR-007,SEC-0064,2026-09-05,1123,1133,2,56.0,1200,10.3,120
TRN-02074,Passenger,COR-003,SEC-0027,2026-09-05,1106,1111,2,35.5,1200,9.1,80
TRN-02075,EMU,COR-017,SEC-0162,2026-09-10,1282,1287,2,67.6,900,9.6,120
TRN-02076,Passenger,COR-011,SEC-0106,2026-09-11,718,728,2,71.9,1200,11.5,100
TRN-02077,EMU,COR-009,SEC-0087,2026-09-13,533,543,2,71.3,900,13.1,80
TRN-02078,Passenger,COR-018,SEC-0174,2026-09-11,698,708,2,64.1,1200,9.4,120
TRN-02079,Express,COR-016,SEC-0158,2026-09-11,786,798,3,79.6,1400,10.5,80
TRN-02080,Superfast,COR-015,SEC-0148,2026-09-05,640,650,3,73.8,1600,14.5,100
TRN-02081,Freight,COR-009,SEC-0090,2026-09-08,682,692,1,52.7,3000,8.5,100
TRN-02082,Passenger,COR-019,SEC-0189,2026-09-15,56,71,2,73.5,1200,11.9,110
TRN-02083,Superfast,COR-015,SEC-0150,2026-09-05,746,758,3,71.3,1600,12.0,80
TRN-02084,EMU,COR-004,SEC-0035,2026-09-13,1073,1085,2,42.3,900,10.5,80
TRN-02085,Express,COR-014,SEC-0139,2026-09-09,1331,1341,3,46.8,1400,2.6,100
TRN-02086,Freight,COR-011,SEC-0102,2026-09-07,1180,1187,1,42.7,3000,3.7,80
TRN-02087,Freight,COR-017,SEC-0169,2026-09-04,364,376,1,39.8,3000,8.7,130
TRN-02088,EMU,COR-014,SEC-0131,2026-09-08,1056,1066,2,69.2,900,6.6,80
TRN-02089,Superfast,COR-004,SEC-0035,2026-09-07,887,894,3,69.9,1600,7.2,80
TRN-02090,EMU,COR-002,SEC-0015,2026-09-07,94,104,2,69.9,900,7.9,100
TRN-02091,Freight,COR-018,SEC-0171,2026-09-16,658,670,1,29.4,3000,6.7,120
TRN-02092,EMU,COR-002,SEC-0018,2026-09-13,732,742,2,75.0,900,3.4,110
TRN-02093,Passenger,COR-015,SEC-0141,2026-09-13,1326,1336,2,99.0,1200,11.2,110
TRN-02094,Express,COR-016,SEC-0153,2026-09-12,1007,1012,3,99.0,1400,6.7,110
TRN-02095,Passenger,COR-019,SEC-0181,2026-09-07,900,907,2,99.0,1200,9.5,130
TRN-02096,Express,COR-009,SEC-0086,2026-09-09,1399,1404,3,63.1,1400,9.9,120
TRN-02097,Superfast,COR-010,SEC-0099,2026-09-15,442,454,3,65.6,1600,10.7,120
TRN-02098,EMU,COR-001,SEC-0009,2026-09-08,792,807,2,99.0,900,15.7,110
TRN-02099,Freight,COR-008,SEC-0073,2026-09-14,777,782,1,30.8,3000,1.3,110
TRN-02100,Freight,COR-007,SEC-0066,2026-09-06,619,629,1,32.5,3000,11.2,80
TRN-02101,Express,COR-005,SEC-0045,2026-09-10,195,205,3,88.0,1400,10.2,120
TRN-02102,Express,COR-015,SEC-0142,2026-09-04,1294,1306,3,71.4,1400,9.4,120
TRN-02103,EMU,COR-008,SEC-0079,2026-09-04,1214,1221,2,70.6,900,10.1,100
TRN-02104,Passenger,COR-016,SEC-0160,2026-09-10,159,166,2,83.3,1200,13.2,110
TRN-02105,Superfast,COR-015,SEC-0145,2026-09-11,898,903,3,66.4,1600,6.1,80
TRN-02106,Freight,COR-016,SEC-0159,2026-09-03,812,822,1,20.9,3000,4.4,110
TRN-02107,Passenger,COR-004,SEC-0038,2026-09-07,1037,1042,2,59.4,1200,7.6,130
TRN-02108,Passenger,COR-014,SEC-0134,2026-09-05,1310,1322,2,99.0,1200,13.3,130
TRN-02109,Passenger,COR-015,SEC-0150,2026-09-09,80,87,2,85.7,1200,7.9,120
TRN-02110,Passenger,COR-012,SEC-0118,2026-09-04,330,340,2,76.6,1200,13.0,80
TRN-02111,Passenger,COR-017,SEC-0162,2026-09-16,485,492,2,89.6,1200,13.5,80
TRN-02112,EMU,COR-011,SEC-0104,2026-09-05,359,369,2,64.1,900,8.6,110
TRN-02113,Superfast,COR-018,SEC-0173,2026-09-07,574,586,3,74.1,1600,11.4,110
TRN-02114,Express,COR-018,SEC-0180,2026-09-03,656,661,3,99.0,1400,14.2,110
TRN-02115,Passenger,COR-005,SEC-0048,2026-09-16,652,664,2,66.7,1200,11.0,100
TRN-02116,Freight,COR-005,SEC-0047,2026-09-05,474,486,1,28.6,3000,4.1,100
TRN-02117,EMU,COR-017,SEC-0170,2026-09-08,418,430,2,62.0,900,7.6,130
TRN-02118,Freight,COR-006,SEC-0054,2026-09-04,73,83,1,46.9,3000,6.0,100
TRN-02119,Superfast,COR-016,SEC-0157,2026-09-08,827,839,3,92.7,1600,13.7,110
TRN-02120,Passenger,COR-019,SEC-0190,2026-09-08,1078,1090,2,74.6,1200,4.3,100
TRN-02121,Passenger,COR-019,SEC-0188,2026-09-15,252,264,2,55.3,1200,9.9,110
TRN-02122,Superfast,COR-006,SEC-0060,2026-09-16,407,417,3,35.0,1600,11.8,120
TRN-02123,Passenger,COR-019,SEC-0190,2026-09-15,705,717,2,76.4,1200,14.9,130
TRN-02124,Passenger,COR-003,SEC-0026,2026-09-13,858,863,2,86.3,1200,12.3,100
TRN-02125,Passenger,COR-005,SEC-0049,2026-09-05,979,986,2,93.4,1200,7.3,80
TRN-02126,Passenger,COR-008,SEC-0075,2026-09-09,1024,1031,2,65.0,1200,7.9,110
TRN-02127,Freight,COR-009,SEC-0089,2026-09-09,982,987,1,45.1,3000,8.8,100
TRN-02128,Passenger,COR-001,SEC-0009,2026-09-09,646,666,2,67.9,1200,6.2,110
TRN-02129,EMU,COR-005,SEC-0046,2026-09-09,1055,1062,2,64.3,900,12.0,110
TRN-02130,Freight,COR-005,SEC-0050,2026-09-11,623,633,1,27.8,3000,8.0,110
TRN-02131,Passenger,COR-015,SEC-0145,2026-09-05,409,429,2,99.0,1200,12.8,130
TRN-02132,EMU,COR-004,SEC-0037,2026-09-03,253,260,2,77.1,900,10.1,100
TRN-02133,Passenger,COR-008,SEC-0078,2026-09-06,527,542,2,79.2,1200,6.9,110
TRN-02134,Passenger,COR-008,SEC-0080,2026-09-11,255,262,2,92.6,1200,5.6,80
TRN-02135,Express,COR-003,SEC-0026,2026-09-14,555,562,3,73.8,1400,10.0,100
TRN-02136,Passenger,COR-004,SEC-0033,2026-09-03,346,366,2,99.0,1200,11.7,110
TRN-02137,Passenger,COR-014,SEC-0137,2026-09-10,1011,1031,2,68.9,1200,2.6,110
TRN-02138,Freight,COR-018,SEC-0179,2026-09-12,1437,1439,1,35.5,3000,8.1,80
TRN-02139,EMU,COR-018,SEC-0180,2026-09-03,242,262,2,62.4,900,9.4,100
TRN-02140,Superfast,COR-011,SEC-0110,2026-09-11,1158,1168,3,67.3,1600,12.4,80
TRN-02141,Express,COR-010,SEC-0096,2026-09-03,243,250,3,77.3,1400,6.9,120
TRN-02142,Superfast,COR-011,SEC-0101,2026-09-09,276,291,3,69.5,1600,10.7,110
TRN-02143,Superfast,COR-019,SEC-0186,2026-09-05,871,881,3,67.7,1600,13.2,120
TRN-02144,Freight,COR-007,SEC-0069,2026-09-03,200,207,1,53.7,3000,10.5,120
TRN-02145,Superfast,COR-017,SEC-0170,2026-09-13,997,1007,3,95.0,1600,12.2,110
TRN-02146,Express,COR-008,SEC-0077,2026-09-13,912,919,3,53.4,1400,1.0,100
TRN-02147,Passenger,COR-007,SEC-0063,2026-09-08,928,943,2,66.2,1200,11.1,110
TRN-02148,Freight,COR-001,SEC-0004,2026-09-03,174,186,1,53.5,3000,8.1,110
TRN-02149,Superfast,COR-005,SEC-0050,2026-09-15,1437,1439,3,55.9,1600,6.2,80
TRN-02150,Express,COR-009,SEC-0087,2026-09-16,643,658,3,66.4,1400,5.3,120
TRN-02151,Superfast,COR-011,SEC-0109,2026-09-13,1439,1440,3,78.3,1600,9.2,120
TRN-02152,Freight,COR-008,SEC-0077,2026-09-08,428,433,1,37.5,3000,3.6,100
TRN-02153,Superfast,COR-004,SEC-0034,2026-09-08,73,78,3,56.1,1600,6.4,100
TRN-02154,EMU,COR-006,SEC-0052,2026-09-14,740,760,2,45.1,900,8.7,110
TRN-02155,Freight,COR-020,SEC-0199,2026-09-10,384,394,1,27.6,3000,8.7,100
TRN-02156,Express,COR-003,SEC-0022,2026-09-07,1093,1103,3,72.5,1400,9.6,120
TRN-02157,Passenger,COR-011,SEC-0107,2026-09-08,625,637,2,68.2,1200,4.6,80
TRN-02158,EMU,COR-020,SEC-0194,2026-09-07,411,418,2,84.6,900,6.7,120
TRN-02159,Superfast,COR-015,SEC-0147,2026-09-11,418,428,3,70.5,1600,5.5,110
TRN-02160,Superfast,COR-005,SEC-0041,2026-09-12,405,412,3,75.3,1600,7.7,120
TRN-02161,Freight,COR-001,SEC-0003,2026-09-14,465,472,1,35.0,3000,12.2,120
TRN-02162,EMU,COR-002,SEC-0019,2026-09-16,608,615,2,82.6,900,6.0,100
TRN-02163,Freight,COR-008,SEC-0080,2026-09-11,942,957,1,34.5,3000,3.3,110
TRN-02164,Freight,COR-006,SEC-0051,2026-09-16,225,235,1,53.6,3000,6.4,110
TRN-02165,Express,COR-005,SEC-0048,2026-09-07,1284,1299,3,69.3,1400,3.3,100
TRN-02166,Passenger,COR-006,SEC-0057,2026-09-12,1211,1218,2,76.3,1200,15.9,130
TRN-02167,Express,COR-001,SEC-0008,2026-09-06,1266,1281,3,68.2,1400,8.6,120
TRN-02168,Express,COR-005,SEC-0049,2026-09-14,48,58,3,79.4,1400,12.7,100
TRN-02169,Superfast,COR-010,SEC-0094,2026-09-16,220,225,3,54.7,1600,9.8,130
TRN-02170,Express,COR-009,SEC-0085,2026-09-05,1173,1178,3,76.8,1400,8.7,80
TRN-02171,Superfast,COR-002,SEC-0016,2026-09-09,1097,1109,3,94.8,1600,17.4,130
TRN-02172,Freight,COR-015,SEC-0145,2026-09-14,1260,1267,1,44.1,3000,7.8,110
TRN-02173,Passenger,COR-013,SEC-0127,2026-09-13,1375,1387,2,99.0,1200,11.2,120
TRN-02174,Superfast,COR-015,SEC-0142,2026-09-14,1322,1332,3,71.8,1600,13.3,80
TRN-02175,Freight,COR-002,SEC-0018,2026-09-10,835,847,1,41.5,3000,8.8,120
TRN-02176,Passenger,COR-009,SEC-0087,2026-09-12,1337,1342,2,68.2,1200,8.8,100
TRN-02177,EMU,COR-004,SEC-0038,2026-09-15,505,520,2,99.0,900,14.1,130
TRN-02178,Passenger,COR-002,SEC-0019,2026-09-13,1406,1416,2,61.9,1200,7.3,110
TRN-02179,Express,COR-003,SEC-0030,2026-09-10,852,857,3,60.3,1400,6.7,110
TRN-02180,Express,COR-014,SEC-0136,2026-09-11,709,714,3,85.1,1400,10.9,110
TRN-02181,Express,COR-002,SEC-0017,2026-09-06,1409,1421,3,55.7,1400,7.0,100
TRN-02182,Superfast,COR-004,SEC-0036,2026-09-09,813,823,3,94.1,1600,11.6,130
TRN-02183,Passenger,COR-008,SEC-0075,2026-09-04,1068,1083,2,58.2,1200,6.4,100
TRN-02184,Passenger,COR-016,SEC-0153,2026-09-15,93,105,2,99.0,1200,11.3,120
TRN-02185,Express,COR-015,SEC-0144,2026-09-11,1222,1229,3,72.5,1400,11.2,110
TRN-02186,Passenger,COR-014,SEC-0134,2026-09-05,471,481,2,80.4,1200,6.4,100
TRN-02187,Express,COR-011,SEC-0104,2026-09-04,1151,1158,3,94.7,1400,13.7,110
TRN-02188,Express,COR-001,SEC-0008,2026-09-05,211,221,3,72.2,1400,6.7,100
TRN-02189,Express,COR-008,SEC-0073,2026-09-13,497,517,3,75.5,1400,4.7,120
TRN-02190,Superfast,COR-001,SEC-0003,2026-09-11,39,49,3,74.3,1600,7.0,80
TRN-02191,Superfast,COR-015,SEC-0149,2026-09-07,553,573,3,36.4,1600,5.1,110
TRN-02192,Passenger,COR-011,SEC-0108,2026-09-07,1255,1265,2,94.0,1200,8.1,80
TRN-02193,Passenger,COR-008,SEC-0077,2026-09-12,439,444,2,84.8,1200,9.3,130
TRN-02194,Express,COR-017,SEC-0170,2026-09-07,778,798,3,73.4,1400,15.1,80
TRN-02195,Superfast,COR-018,SEC-0175,2026-09-09,933,938,3,67.1,1600,9.8,130
TRN-02196,Freight,COR-010,SEC-0095,2026-09-04,918,938,1,37.6,3000,5.7,80
TRN-02197,Freight,COR-007,SEC-0062,2026-09-09,909,914,1,56.5,3000,7.8,110
TRN-02198,Superfast,COR-020,SEC-0199,2026-09-10,396,411,3,79.2,1600,12.8,100
TRN-02199,Freight,COR-014,SEC-0133,2026-09-10,1074,1081,1,52.5,3000,6.2,120
TRN-02200,Superfast,COR-006,SEC-0056,2026-09-06,338,358,3,55.2,1600,4.0,110
TRN-02201,Superfast,COR-002,SEC-0015,2026-09-08,765,785,3,71.3,1600,11.0,120
TRN-02202,EMU,COR-013,SEC-0129,2026-09-09,371,376,2,82.8,900,10.0,110
TRN-02203,EMU,COR-015,SEC-0143,2026-09-14,384,389,2,91.3,900,10.3,110
TRN-02204,Freight,COR-019,SEC-0187,2026-09-15,483,498,1,51.7,3000,8.5,110
TRN-02205,EMU,COR-014,SEC-0131,2026-09-08,546,556,2,78.0,900,5.8,100
TRN-02206,Express,COR-001,SEC-0003,2026-09-15,707,727,3,89.8,1400,15.3,100
TRN-02207,Superfast,COR-007,SEC-0065,2026-09-06,740,745,3,72.2,1600,7.8,130
TRN-02208,Passenger,COR-003,SEC-0030,2026-09-09,722,734,2,90.9,1200,5.3,120
TRN-02209,Passenger,COR-016,SEC-0155,2026-09-14,976,983,2,57.4,1200,15.2,110
TRN-02210,Superfast,COR-006,SEC-0060,2026-09-06,1413,1423,3,69.2,1600,13.3,110
TRN-02211,Freight,COR-014,SEC-0132,2026-09-07,37,52,1,68.4,3000,13.0,100
TRN-02212,Passenger,COR-015,SEC-0144,2026-09-03,481,488,2,81.7,1200,14.4,100
TRN-02213,Freight,COR-011,SEC-0103,2026-09-09,78,90,1,38.4,3000,4.8,120
TRN-02214,Express,COR-015,SEC-0147,2026-09-15,762,769,3,45.8,1400,5.4,110
TRN-02215,EMU,COR-005,SEC-0041,2026-09-03,534,549,2,88.8,900,10.6,100
TRN-02216,Superfast,COR-017,SEC-0162,2026-09-04,440,447,3,66.1,1600,12.5,110
TRN-02217,Superfast,COR-012,SEC-0120,2026-09-10,1220,1225,3,87.9,1600,11.3,80
TRN-02218,Passenger,COR-017,SEC-0165,2026-09-12,1092,1107,2,89.3,1200,12.4,100
TRN-02219,Express,COR-004,SEC-0032,2026-09-15,81,88,3,57.1,1400,6.2,110
TRN-02220,Freight,COR-005,SEC-0043,2026-09-12,907,917,1,36.3,3000,10.0,120
TRN-02221,Superfast,COR-014,SEC-0133,2026-09-14,783,793,3,72.0,1600,6.9,120
TRN-02222,EMU,COR-016,SEC-0159,2026-09-10,1309,1324,2,65.0,900,4.2,130
TRN-02223,Superfast,COR-010,SEC-0098,2026-09-11,339,344,3,57.3,1600,12.0,120
TRN-02224,Freight,COR-009,SEC-0082,2026-09-14,307,322,1,50.2,3000,9.3,100
TRN-02225,Superfast,COR-005,SEC-0042,2026-09-15,1417,1432,3,83.2,1600,10.5,100
TRN-02226,Freight,COR-005,SEC-0043,2026-09-08,1163,1175,1,72.3,3000,3.5,110
TRN-02227,Express,COR-014,SEC-0137,2026-09-10,1083,1095,3,75.0,1400,11.1,130
TRN-02228,Express,COR-005,SEC-0045,2026-09-15,457,469,3,47.9,1400,9.2,100
TRN-02229,Passenger,COR-013,SEC-0122,2026-09-13,1269,1281,2,87.9,1200,9.8,100
TRN-02230,Express,COR-016,SEC-0151,2026-09-06,450,457,3,53.7,1400,9.0,80
TRN-02231,Freight,COR-020,SEC-0197,2026-09-06,1107,1117,1,52.4,3000,4.6,80
TRN-02232,Express,COR-019,SEC-0182,2026-09-08,1213,1220,3,84.5,1400,11.0,120
TRN-02233,Freight,COR-015,SEC-0141,2026-09-09,1297,1307,1,53.3,3000,8.2,120
TRN-02234,Express,COR-020,SEC-0196,2026-09-09,1071,1081,3,63.4,1400,9.2,110
TRN-02235,Freight,COR-009,SEC-0086,2026-09-03,461,473,1,27.9,3000,3.0,120
TRN-02236,Freight,COR-009,SEC-0090,2026-09-05,1286,1296,1,24.4,3000,2.2,100
TRN-02237,Passenger,COR-008,SEC-0076,2026-09-04,1035,1045,2,61.4,1200,7.9,80
TRN-02238,Superfast,COR-011,SEC-0103,2026-09-03,887,907,3,85.4,1600,10.9,120
TRN-02239,EMU,COR-002,SEC-0012,2026-09-11,471,481,2,58.2,900,7.2,120
TRN-02240,Express,COR-013,SEC-0127,2026-09-05,1355,1367,3,82.7,1400,11.3,110
TRN-02241,Passenger,COR-019,SEC-0189,2026-09-10,454,464,2,69.3,1200,4.9,110
TRN-02242,Express,COR-014,SEC-0137,2026-09-11,446,456,3,64.1,1400,8.8,120
TRN-02243,Superfast,COR-014,SEC-0132,2026-09-09,250,260,3,55.7,1600,11.0,110
TRN-02244,Superfast,COR-004,SEC-0037,2026-09-06,1354,1359,3,50.8,1600,10.1,120
TRN-02245,Express,COR-011,SEC-0108,2026-09-09,795,802,3,56.5,1400,7.2,120
TRN-02246,Express,COR-011,SEC-0110,2026-09-08,1197,1207,3,66.6,1400,7.6,110
TRN-02247,Express,COR-009,SEC-0088,2026-09-16,897,902,3,81.2,1400,8.0,100
TRN-02248,Passenger,COR-014,SEC-0137,2026-09-12,275,285,2,73.5,1200,8.3,100
TRN-02249,Express,COR-008,SEC-0077,2026-09-05,608,620,3,60.1,1400,1.9,130
TRN-02250,Passenger,COR-017,SEC-0163,2026-09-06,1020,1027,2,95.9,1200,10.1,120
TRN-02251,Superfast,COR-010,SEC-0098,2026-09-04,150,170,3,78.8,1600,5.7,80
TRN-02252,Superfast,COR-010,SEC-0092,2026-09-16,271,281,3,89.2,1600,16.2,120
TRN-02253,EMU,COR-003,SEC-0026,2026-09-13,1365,1370,2,67.1,900,11.6,120
TRN-02254,EMU,COR-010,SEC-0092,2026-09-15,787,797,2,47.4,900,7.9,80
TRN-02255,Freight,COR-005,SEC-0049,2026-09-12,311,331,1,47.0,3000,8.7,100
TRN-02256,EMU,COR-017,SEC-0164,2026-09-05,907,914,2,62.6,900,7.5,120
TRN-02257,EMU,COR-015,SEC-0147,2026-09-13,624,629,2,72.9,900,7.1,120
TRN-02258,Express,COR-014,SEC-0133,2026-09-04,475,490,3,56.7,1400,8.1,100
TRN-02259,Express,COR-010,SEC-0095,2026-09-12,685,695,3,85.6,1400,8.4,120
TRN-02260,Freight,COR-017,SEC-0166,2026-09-03,281,291,1,27.8,3000,5.6,100
TRN-02261,Passenger,COR-017,SEC-0161,2026-09-08,738,758,2,56.9,1200,15.1,120
TRN-02262,Express,COR-019,SEC-0186,2026-09-07,248,268,3,45.9,1400,8.8,80
TRN-02263,Superfast,COR-002,SEC-0012,2026-09-13,456,463,3,67.0,1600,4.6,80
TRN-02264,EMU,COR-016,SEC-0153,2026-09-14,1375,1385,2,99.0,900,11.6,130
TRN-02265,EMU,COR-020,SEC-0198,2026-09-11,1398,1403,2,76.9,900,10.4,110
TRN-02266,Freight,COR-020,SEC-0196,2026-09-09,1338,1348,1,5.0,3000,7.1,100
TRN-02267,Express,COR-010,SEC-0098,2026-09-08,1046,1056,3,59.5,1400,10.6,130
TRN-02268,Passenger,COR-009,SEC-0085,2026-09-09,667,687,2,76.6,1200,19.9,100
TRN-02269,Freight,COR-008,SEC-0078,2026-09-08,1331,1341,1,32.4,3000,12.4,110
TRN-02270,Passenger,COR-009,SEC-0090,2026-09-07,10,22,2,74.6,1200,8.9,100
TRN-02271,EMU,COR-006,SEC-0051,2026-09-06,1369,1374,2,42.6,900,5.4,120
TRN-02272,Express,COR-003,SEC-0021,2026-09-13,1409,1421,3,54.1,1400,5.3,120
TRN-02273,Freight,COR-020,SEC-0195,2026-09-10,726,746,1,41.6,3000,6.0,100
TRN-02274,EMU,COR-008,SEC-0074,2026-09-03,272,287,2,50.9,900,4.0,100
TRN-02275,Passenger,COR-011,SEC-0106,2026-09-14,1021,1031,2,69.6,1200,12.7,100
TRN-02276,Superfast,COR-016,SEC-0152,2026-09-12,805,815,3,78.8,1600,6.8,110
TRN-02277,EMU,COR-004,SEC-0034,2026-09-04,152,159,2,99.0,900,15.6,110
TRN-02278,Passenger,COR-002,SEC-0015,2026-09-16,187,194,2,80.3,1200,10.2,110
TRN-02279,Freight,COR-011,SEC-0103,2026-09-09,433,440,1,57.8,3000,8.3,110
TRN-02280,EMU,COR-001,SEC-0006,2026-09-06,677,692,2,80.4,900,8.5,120
TRN-02281,Express,COR-015,SEC-0146,2026-09-16,1312,1327,3,76.8,1400,7.7,120
TRN-02282,Superfast,COR-005,SEC-0048,2026-09-05,393,403,3,72.7,1600,8.4,100
TRN-02283,Express,COR-003,SEC-0021,2026-09-16,551,561,3,90.9,1400,12.5,110
TRN-02284,Passenger,COR-003,SEC-0026,2026-09-09,1156,1176,2,99.0,1200,5.3,110
TRN-02285,Freight,COR-012,SEC-0118,2026-09-12,633,643,1,39.3,3000,11.3,100
TRN-02286,Passenger,COR-004,SEC-0037,2026-09-13,694,706,2,67.3,1200,13.6,100
TRN-02287,Freight,COR-020,SEC-0192,2026-09-09,1425,1432,1,16.1,3000,5.4,100
TRN-02288,Freight,COR-020,SEC-0199,2026-09-16,832,839,1,5.0,3000,2.1,130
TRN-02289,Express,COR-019,SEC-0189,2026-09-09,437,447,3,89.7,1400,8.8,120
TRN-02290,Passenger,COR-018,SEC-0173,2026-09-13,365,370,2,66.3,1200,9.1,80
TRN-02291,Passenger,COR-006,SEC-0058,2026-09-14,1421,1436,2,77.3,1200,7.7,120
TRN-02292,Passenger,COR-014,SEC-0139,2026-09-07,819,831,2,76.8,1200,9.9,100
TRN-02293,Superfast,COR-016,SEC-0153,2026-09-06,370,377,3,72.1,1600,12.1,80
TRN-02294,Passenger,COR-010,SEC-0093,2026-09-07,634,646,2,99.0,1200,14.8,110
TRN-02295,Passenger,COR-009,SEC-0081,2026-09-05,625,637,2,95.2,1200,11.1,80
TRN-02296,Passenger,COR-012,SEC-0117,2026-09-09,625,630,2,59.6,1200,6.9,120
TRN-02297,Passenger,COR-014,SEC-0136,2026-09-07,507,519,2,79.4,1200,6.8,110
TRN-02298,Express,COR-002,SEC-0013,2026-09-12,931,943,3,71.7,1400,4.7,110
TRN-02299,Freight,COR-016,SEC-0158,2026-09-03,1241,1251,1,45.3,3000,6.5,100
TRN-02300,Passenger,COR-020,SEC-0195,2026-09-06,1280,1290,2,72.9,1200,9.5,120
TRN-02301,Superfast,COR-003,SEC-0022,2026-09-13,72,84,3,76.2,1600,13.7,100
TRN-02302,Express,COR-009,SEC-0085,2026-09-15,79,86,3,46.6,1400,6.7,100
TRN-02303,Superfast,COR-006,SEC-0055,2026-09-16,195,215,3,70.5,1600,5.8,120
TRN-02304,Passenger,COR-015,SEC-0147,2026-09-16,31,38,2,70.2,1200,1.8,110
TRN-02305,Passenger,COR-011,SEC-0101,2026-09-15,872,879,2,99.0,1200,11.0,100
TRN-02306,Freight,COR-009,SEC-0083,2026-09-14,379,391,1,63.5,3000,10.7,120
TRN-02307,Superfast,COR-011,SEC-0109,2026-09-12,1352,1367,3,91.5,1600,12.8,110
TRN-02308,EMU,COR-006,SEC-0054,2026-09-05,1348,1355,2,75.9,900,15.8,120
TRN-02309,EMU,COR-016,SEC-0158,2026-09-13,826,838,2,57.6,900,3.3,130
TRN-02310,Passenger,COR-020,SEC-0194,2026-09-07,767,782,2,81.7,1200,11.9,120
TRN-02311,EMU,COR-006,SEC-0051,2026-09-10,97,107,2,55.2,900,7.7,120
TRN-02312,Passenger,COR-012,SEC-0117,2026-09-15,1110,1120,2,81.1,1200,9.9,120
TRN-02313,Superfast,COR-004,SEC-0039,2026-09-06,1195,1205,3,89.4,1600,14.0,110
TRN-02314,Passenger,COR-010,SEC-0097,2026-09-10,901,913,2,78.6,1200,8.6,110
TRN-02315,Superfast,COR-013,SEC-0126,2026-09-10,588,603,3,56.7,1600,10.7,130
TRN-02316,Passenger,COR-002,SEC-0020,2026-09-13,991,1006,2,71.0,1200,6.2,110
TRN-02317,Freight,COR-012,SEC-0112,2026-09-08,1240,1252,1,18.8,3000,1.6,80
TRN-02318,Freight,COR-009,SEC-0089,2026-09-11,1220,1230,1,33.0,3000,1.0,130
TRN-02319,Superfast,COR-019,SEC-0185,2026-09-07,146,151,3,71.6,1600,10.9,110
TRN-02320,EMU,COR-007,SEC-0068,2026-09-15,682,692,2,81.8,900,10.4,130
TRN-02321,Passenger,COR-019,SEC-0187,2026-09-05,1213,1218,2,71.0,1200,13.2,120
TRN-02322,Passenger,COR-011,SEC-0104,2026-09-16,34,44,2,64.2,1200,13.2,100
TRN-02323,Passenger,COR-011,SEC-0107,2026-09-12,797,802,2,76.8,1200,11.9,100
TRN-02324,Passenger,COR-020,SEC-0197,2026-09-05,1216,1228,2,79.6,1200,13.3,110
TRN-02325,Freight,COR-020,SEC-0199,2026-09-14,162,172,1,57.8,3000,10.7,120
TRN-02326,Passenger,COR-017,SEC-0161,2026-09-09,1265,1277,2,55.0,1200,15.9,100
TRN-02327,Passenger,COR-013,SEC-0125,2026-09-04,1221,1241,2,71.5,1200,11.1,110
TRN-02328,Superfast,COR-007,SEC-0062,2026-09-03,644,664,3,74.6,1600,6.8,100
TRN-02329,Freight,COR-019,SEC-0183,2026-09-09,674,684,1,45.8,3000,4.5,80
TRN-02330,Freight,COR-017,SEC-0167,2026-09-10,411,421,1,31.9,3000,8.0,80
TRN-02331,Freight,COR-013,SEC-0128,2026-09-04,1392,1404,1,34.9,3000,3.3,120
TRN-02332,EMU,COR-017,SEC-0162,2026-09-16,846,853,2,55.2,900,8.5,80
TRN-02333,Superfast,COR-002,SEC-0013,2026-09-15,1270,1277,3,79.7,1600,8.1,110
TRN-02334,Superfast,COR-015,SEC-0143,2026-09-16,1334,1344,3,71.0,1600,10.0,110
TRN-02335,Express,COR-018,SEC-0171,2026-09-04,1001,1011,3,82.7,1400,15.3,80
TRN-02336,Passenger,COR-014,SEC-0131,2026-09-07,309,321,2,74.6,1200,8.3,100
TRN-02337,Freight,COR-006,SEC-0053,2026-09-03,535,550,1,33.7,3000,2.4,100
TRN-02338,Express,COR-011,SEC-0105,2026-09-15,957,962,3,68.6,1400,8.8,100
TRN-02339,Superfast,COR-005,SEC-0050,2026-09-16,648,660,3,99.0,1600,13.3,130
TRN-02340,Freight,COR-015,SEC-0144,2026-09-06,7,12,1,41.0,3000,10.6,110
TRN-02341,Freight,COR-001,SEC-0009,2026-09-16,288,298,1,24.3,3000,1.8,110
TRN-02342,Freight,COR-002,SEC-0014,2026-09-14,1218,1228,1,28.3,3000,5.5,80
TRN-02343,Express,COR-015,SEC-0141,2026-09-11,1420,1432,3,66.7,1400,10.7,130
TRN-02344,Express,COR-006,SEC-0053,2026-09-12,313,333,3,65.4,1400,7.9,120
TRN-02345,EMU,COR-014,SEC-0138,2026-09-13,239,246,2,69.8,900,11.1,130
TRN-02346,Express,COR-005,SEC-0042,2026-09-14,306,313,3,59.2,1400,9.8,110
TRN-02347,Passenger,COR-013,SEC-0125,2026-09-06,759,766,2,70.4,1200,1.0,80
TRN-02348,EMU,COR-005,SEC-0043,2026-09-03,1412,1424,2,53.0,900,5.6,110
TRN-02349,Freight,COR-015,SEC-0149,2026-09-10,588,595,1,5.0,3000,1.0,120
TRN-02350,Express,COR-007,SEC-0070,2026-09-06,580,587,3,77.9,1400,3.3,110
TRN-02351,Superfast,COR-015,SEC-0144,2026-09-11,286,301,3,82.4,1600,9.2,110
TRN-02352,Superfast,COR-014,SEC-0138,2026-09-10,634,641,3,62.6,1600,9.7,80
TRN-02353,Passenger,COR-018,SEC-0173,2026-09-08,222,234,2,78.7,1200,9.7,100
TRN-02354,Superfast,COR-002,SEC-0014,2026-09-11,968,975,3,95.1,1600,18.5,120
TRN-02355,Passenger,COR-008,SEC-0071,2026-09-07,375,385,2,69.0,1200,5.8,100
TRN-02356,Superfast,COR-005,SEC-0050,2026-09-14,589,594,3,80.4,1600,10.5,80
TRN-02357,Express,COR-012,SEC-0111,2026-09-07,557,569,3,95.9,1400,8.8,130
TRN-02358,Passenger,COR-002,SEC-0018,2026-09-13,601,606,2,68.6,1200,12.4,80
TRN-02359,Express,COR-001,SEC-0004,2026-09-09,872,879,3,83.5,1400,11.6,100
TRN-02360,Freight,COR-019,SEC-0186,2026-09-10,1153,1158,1,24.7,3000,2.7,80
TRN-02361,Passenger,COR-014,SEC-0140,2026-09-04,365,375,2,56.6,1200,7.6,80
TRN-02362,Express,COR-013,SEC-0128,2026-09-07,1228,1233,3,48.4,1400,1.7,100
TRN-02363,Express,COR-018,SEC-0172,2026-09-12,84,91,3,58.9,1400,9.3,110
TRN-02364,EMU,COR-010,SEC-0094,2026-09-15,830,850,2,56.2,900,8.4,80
TRN-02365,Express,COR-007,SEC-0064,2026-09-16,494,499,3,98.5,1400,14.3,110
TRN-02366,EMU,COR-018,SEC-0179,2026-09-15,481,491,2,78.9,900,10.4,110
TRN-02367,EMU,COR-009,SEC-0084,2026-09-11,1410,1430,2,84.3,900,11.8,80
TRN-02368,Freight,COR-004,SEC-0032,2026-09-14,1055,1070,1,37.1,3000,12.0,80
TRN-02369,EMU,COR-017,SEC-0167,2026-09-15,573,580,2,81.2,900,14.4,120
TRN-02370,Freight,COR-004,SEC-0033,2026-09-13,291,301,1,34.1,3000,9.6,120
TRN-02371,EMU,COR-010,SEC-0099,2026-09-13,816,826,2,65.9,900,10.5,80
TRN-02372,Superfast,COR-003,SEC-0028,2026-09-04,901,911,3,66.9,1600,15.7,120
TRN-02373,Freight,COR-020,SEC-0200,2026-09-10,122,127,1,42.2,3000,6.3,130
TRN-02374,Superfast,COR-017,SEC-0162,2026-09-03,437,452,3,46.2,1600,7.2,80
TRN-02375,Passenger,COR-008,SEC-0080,2026-09-03,69,79,2,86.4,1200,11.1,120
TRN-02376,EMU,COR-018,SEC-0177,2026-09-03,938,948,2,58.8,900,6.9,110
TRN-02377,EMU,COR-014,SEC-0133,2026-09-14,348,355,2,52.6,900,8.2,100
TRN-02378,Express,COR-016,SEC-0160,2026-09-14,1065,1077,3,62.6,1400,11.3,120
TRN-02379,Freight,COR-016,SEC-0160,2026-09-15,870,877,1,47.3,3000,6.2,110
TRN-02380,Passenger,COR-018,SEC-0172,2026-09-08,879,884,2,65.5,1200,8.9,110
TRN-02381,Superfast,COR-013,SEC-0127,2026-09-14,794,814,3,80.6,1600,11.4,100
TRN-02382,Freight,COR-002,SEC-0012,2026-09-14,714,719,1,33.7,3000,11.3,100
TRN-02383,Freight,COR-009,SEC-0088,2026-09-12,754,761,1,40.1,3000,10.4,120
TRN-02384,Passenger,COR-003,SEC-0029,2026-09-07,1304,1311,2,72.7,1200,5.3,120
TRN-02385,EMU,COR-004,SEC-0039,2026-09-11,392,402,2,84.5,900,11.6,100
TRN-02386,Freight,COR-019,SEC-0187,2026-09-03,1189,1196,1,26.9,3000,5.4,110
TRN-02387,Freight,COR-004,SEC-0034,2026-09-04,1380,1400,1,17.8,3000,3.4,80
TRN-02388,Express,COR-012,SEC-0114,2026-09-04,813,820,3,49.1,1400,7.0,110
TRN-02389,Passenger,COR-008,SEC-0073,2026-09-15,294,309,2,61.7,1200,7.1,100
TRN-02390,Express,COR-005,SEC-0048,2026-09-14,490,510,3,28.1,1400,12.2,110
TRN-02391,Express,COR-013,SEC-0125,2026-09-12,541,551,3,61.9,1400,11.5,110
TRN-02392,Freight,COR-018,SEC-0175,2026-09-06,269,279,1,33.7,3000,5.9,110
TRN-02393,Passenger,COR-017,SEC-0161,2026-09-16,499,509,2,71.0,1200,11.9,130
TRN-02394,Superfast,COR-020,SEC-0198,2026-09-09,520,525,3,63.6,1600,9.8,110
TRN-02395,EMU,COR-009,SEC-0082,2026-09-15,702,712,2,62.6,900,11.9,130
TRN-02396,Passenger,COR-007,SEC-0063,2026-09-07,609,614,2,61.1,1200,10.6,120
TRN-02397,Superfast,COR-006,SEC-0056,2026-09-16,1202,1214,3,80.3,1600,16.1,110
TRN-02398,Freight,COR-003,SEC-0029,2026-09-04,411,421,1,54.6,3000,8.9,80
TRN-02399,Express,COR-002,SEC-0020,2026-09-13,501,511,3,53.9,1400,6.6,110
TRN-02400,Superfast,COR-009,SEC-0089,2026-09-11,1344,1356,3,75.8,1600,4.0,110
TRN-02401,Passenger,COR-019,SEC-0190,2026-09-10,1255,1265,2,72.7,1200,11.6,110
TRN-02402,Freight,COR-002,SEC-0019,2026-09-06,973,985,1,60.2,3000,4.3,100
TRN-02403,Passenger,COR-010,SEC-0098,2026-09-11,1315,1327,2,79.8,1200,11.5,110
TRN-02404,EMU,COR-010,SEC-0091,2026-09-12,836,843,2,94.9,900,9.7,80
TRN-02405,Express,COR-010,SEC-0093,2026-09-05,1088,1103,3,51.4,1400,7.6,110
TRN-02406,Superfast,COR-014,SEC-0138,2026-09-05,288,293,3,98.0,1600,12.4,100
TRN-02407,Passenger,COR-016,SEC-0157,2026-09-10,847,852,2,93.4,1200,9.5,100
TRN-02408,Superfast,COR-004,SEC-0038,2026-09-04,763,770,3,65.4,1600,8.3,110
TRN-02409,EMU,COR-009,SEC-0089,2026-09-05,443,450,2,91.1,900,7.1,110
TRN-02410,Passenger,COR-008,SEC-0071,2026-09-03,1103,1115,2,47.4,1200,3.9,80
TRN-02411,Express,COR-002,SEC-0014,2026-09-16,845,865,3,69.5,1400,10.6,100
TRN-02412,Superfast,COR-005,SEC-0042,2026-09-15,565,580,3,81.8,1600,9.8,130
TRN-02413,Freight,COR-010,SEC-0098,2026-09-06,931,938,1,49.2,3000,7.7,120
TRN-02414,Express,COR-012,SEC-0117,2026-09-15,1214,1226,3,75.7,1400,8.7,100
TRN-02415,Superfast,COR-004,SEC-0032,2026-09-08,432,437,3,59.3,1600,9.3,110
TRN-02416,EMU,COR-005,SEC-0042,2026-09-11,1115,1122,2,71.7,900,12.7,120
TRN-02417,Express,COR-015,SEC-0145,2026-09-08,119,126,3,43.2,1400,11.7,130
TRN-02418,Passenger,COR-003,SEC-0022,2026-09-16,1438,1439,2,56.6,1200,8.4,120
TRN-02419,Express,COR-014,SEC-0133,2026-09-11,1382,1387,3,41.4,1400,11.7,110
TRN-02420,EMU,COR-006,SEC-0059,2026-09-08,474,484,2,67.1,900,10.3,120
TRN-02421,Express,COR-007,SEC-0068,2026-09-14,104,111,3,53.3,1400,7.0,110
TRN-02422,EMU,COR-011,SEC-0104,2026-09-10,812,822,2,90.9,900,13.8,110
TRN-02423,Passenger,COR-011,SEC-0101,2026-09-11,168,188,2,93.0,1200,9.0,80
TRN-02424,Superfast,COR-016,SEC-0157,2026-09-12,1267,1272,3,99.0,1600,12.0,100
TRN-02425,Passenger,COR-017,SEC-0166,2026-09-04,822,832,2,64.3,1200,11.2,80
TRN-02426,Freight,COR-016,SEC-0154,2026-09-07,708,720,1,41.0,3000,7.2,100
TRN-02427,Freight,COR-007,SEC-0066,2026-09-13,892,904,1,54.3,3000,10.9,120
TRN-02428,EMU,COR-020,SEC-0194,2026-09-09,173,183,2,60.8,900,10.4,110
TRN-02429,Express,COR-001,SEC-0007,2026-09-05,356,361,3,80.2,1400,11.1,110
TRN-02430,Express,COR-002,SEC-0018,2026-09-05,279,294,3,81.9,1400,9.1,80
TRN-02431,Express,COR-019,SEC-0181,2026-09-15,362,372,3,42.3,1400,6.3,100
TRN-02432,Passenger,COR-019,SEC-0190,2026-09-15,1132,1142,2,95.2,1200,13.1,120
TRN-02433,Passenger,COR-020,SEC-0200,2026-09-12,1076,1083,2,69.7,1200,13.9,120
TRN-02434,EMU,COR-010,SEC-0092,2026-09-13,1022,1029,2,93.1,900,6.0,110
TRN-02435,Freight,COR-006,SEC-0056,2026-09-03,437,452,1,47.1,3000,5.2,100
TRN-02436,EMU,COR-013,SEC-0129,2026-09-15,1226,1231,2,84.2,900,11.7,100
TRN-02437,Express,COR-003,SEC-0028,2026-09-05,593,600,3,69.1,1400,14.7,110
TRN-02438,EMU,COR-020,SEC-0198,2026-09-12,2,12,2,92.9,900,14.2,130
TRN-02439,Passenger,COR-003,SEC-0026,2026-09-10,442,452,2,72.1,1200,11.3,80
TRN-02440,Freight,COR-009,SEC-0086,2026-09-03,568,580,1,16.4,3000,1.0,120
TRN-02441,Superfast,COR-001,SEC-0007,2026-09-08,820,830,3,52.8,1600,7.3,110
TRN-02442,Passenger,COR-008,SEC-0073,2026-09-12,835,840,2,88.2,1200,11.4,120
TRN-02443,Freight,COR-001,SEC-0001,2026-09-06,609,621,1,9.1,3000,7.2,100
TRN-02444,Superfast,COR-010,SEC-0091,2026-09-03,610,615,3,95.4,1600,13.6,100
TRN-02445,Passenger,COR-012,SEC-0117,2026-09-03,744,754,2,99.0,1200,11.2,110
TRN-02446,Passenger,COR-008,SEC-0076,2026-09-13,878,888,2,69.4,1200,12.3,110
TRN-02447,Express,COR-020,SEC-0200,2026-09-14,729,741,3,96.4,1400,8.7,100
TRN-02448,Superfast,COR-020,SEC-0191,2026-09-14,1336,1346,3,69.2,1600,9.1,110
TRN-02449,Superfast,COR-006,SEC-0054,2026-09-05,84,89,3,84.1,1600,3.1,110
TRN-02450,Express,COR-013,SEC-0121,2026-09-09,1096,1111,3,84.6,1400,8.1,110
TRN-02451,EMU,COR-007,SEC-0067,2026-09-13,1437,1439,2,73.7,900,7.9,100
TRN-02452,EMU,COR-019,SEC-0189,2026-09-12,667,674,2,90.3,900,14.3,100
TRN-02453,Superfast,COR-015,SEC-0150,2026-09-12,912,924,3,89.9,1600,16.3,110
TRN-02454,Superfast,COR-014,SEC-0133,2026-09-07,993,1000,3,65.8,1600,9.5,100
TRN-02455,Passenger,COR-015,SEC-0147,2026-09-05,118,130,2,54.9,1200,12.8,110
TRN-02456,Express,COR-013,SEC-0124,2026-09-10,950,962,3,82.8,1400,12.2,120
TRN-02457,Freight,COR-002,SEC-0013,2026-09-15,1062,1074,1,22.7,3000,5.1,100
TRN-02458,Superfast,COR-008,SEC-0072,2026-09-12,444,456,3,66.6,1600,9.0,120
TRN-02459,EMU,COR-005,SEC-0046,2026-09-03,316,328,2,95.8,900,15.0,110
TRN-02460,Express,COR-015,SEC-0141,2026-09-13,4,19,3,70.5,1400,9.0,120
TRN-02461,Superfast,COR-019,SEC-0189,2026-09-15,185,205,3,71.8,1600,6.4,120
TRN-02462,Freight,COR-005,SEC-0046,2026-09-08,1011,1016,1,15.9,3000,4.5,110
TRN-02463,Superfast,COR-020,SEC-0192,2026-09-16,837,852,3,53.0,1600,7.6,120
TRN-02464,Freight,COR-002,SEC-0020,2026-09-11,1151,1163,1,45.0,3000,11.3,120
TRN-02465,Superfast,COR-020,SEC-0194,2026-09-05,697,704,3,73.9,1600,13.5,100
TRN-02466,Passenger,COR-004,SEC-0040,2026-09-15,1106,1121,2,83.9,1200,9.8,100
TRN-02467,EMU,COR-001,SEC-0002,2026-09-11,205,220,2,88.5,900,15.8,130
TRN-02468,Superfast,COR-007,SEC-0063,2026-09-16,1432,1439,3,61.3,1600,5.4,100
TRN-02469,Passenger,COR-006,SEC-0051,2026-09-13,750,760,2,68.7,1200,10.5,100
TRN-02470,Passenger,COR-003,SEC-0025,2026-09-13,1315,1322,2,27.1,1200,4.9,120
TRN-02471,EMU,COR-012,SEC-0116,2026-09-04,820,827,2,74.2,900,11.9,80
TRN-02472,Freight,COR-012,SEC-0116,2026-09-15,1311,1323,1,23.7,3000,3.4,120
TRN-02473,Express,COR-010,SEC-0100,2026-09-05,521,526,3,89.0,1400,6.6,110
TRN-02474,Superfast,COR-017,SEC-0165,2026-09-16,639,646,3,81.7,1600,10.2,100
TRN-02475,Superfast,COR-013,SEC-0125,2026-09-10,233,253,3,47.7,1600,9.3,120
TRN-02476,Passenger,COR-012,SEC-0113,2026-09-06,767,779,2,60.6,1200,10.0,130
TRN-02477,Passenger,COR-007,SEC-0069,2026-09-16,1365,1375,2,83.1,1200,11.8,110
TRN-02478,Freight,COR-012,SEC-0117,2026-09-14,832,847,1,63.5,3000,12.0,110
TRN-02479,Passenger,COR-016,SEC-0160,2026-09-15,1199,1219,2,66.2,1200,10.5,80
TRN-02480,Superfast,COR-009,SEC-0087,2026-09-04,432,447,3,66.5,1600,12.5,110
TRN-02481,Freight,COR-009,SEC-0088,2026-09-14,160,165,1,43.0,3000,10.6,110
TRN-02482,Freight,COR-003,SEC-0030,2026-09-04,86,98,1,62.1,3000,10.2,100
TRN-02483,EMU,COR-018,SEC-0180,2026-09-04,1160,1165,2,76.1,900,9.4,120
TRN-02484,EMU,COR-010,SEC-0091,2026-09-03,277,284,2,86.2,900,6.0,120
TRN-02485,Freight,COR-014,SEC-0135,2026-09-06,1095,1110,1,39.6,3000,9.2,130
TRN-02486,Superfast,COR-005,SEC-0046,2026-09-16,654,661,3,73.7,1600,7.5,120
TRN-02487,Superfast,COR-001,SEC-0008,2026-09-13,287,294,3,59.7,1600,2.3,80
TRN-02488,EMU,COR-010,SEC-0094,2026-09-09,755,765,2,76.8,900,3.8,100
TRN-02489,Passenger,COR-010,SEC-0100,2026-09-09,535,550,2,84.4,1200,12.7,80
TRN-02490,Passenger,COR-020,SEC-0199,2026-09-07,145,150,2,92.4,1200,12.3,100
TRN-02491,Express,COR-001,SEC-0002,2026-09-04,92,104,3,78.5,1400,9.9,110
TRN-02492,EMU,COR-010,SEC-0097,2026-09-03,469,476,2,73.9,900,11.1,110
TRN-02493,Passenger,COR-018,SEC-0176,2026-09-10,56,76,2,61.3,1200,6.4,120
TRN-02494,Freight,COR-013,SEC-0125,2026-09-10,559,566,1,34.4,3000,3.0,110
TRN-02495,EMU,COR-015,SEC-0147,2026-09-04,719,726,2,83.3,900,11.2,130
TRN-02496,Passenger,COR-001,SEC-0009,2026-09-16,651,656,2,50.9,1200,11.5,110
TRN-02497,Express,COR-019,SEC-0185,2026-09-07,1167,1182,3,94.3,1400,5.7,110
TRN-02498,Express,COR-020,SEC-0195,2026-09-07,104,116,3,93.5,1400,12.0,110
TRN-02499,Passenger,COR-001,SEC-0002,2026-09-13,565,575,2,69.4,1200,13.3,120
TRN-02500,Freight,COR-009,SEC-0082,2026-09-07,1228,1248,1,32.5,3000,1.0,100
TRN-02501,Passenger,COR-005,SEC-0050,2026-09-04,1080,1090,2,77.9,1200,12.8,120
TRN-02502,Freight,COR-016,SEC-0151,2026-09-15,1337,1349,1,61.7,3000,15.3,80
TRN-02503,EMU,COR-013,SEC-0130,2026-09-10,1376,1396,2,45.3,900,2.1,110
TRN-02504,Freight,COR-013,SEC-0127,2026-09-14,23,38,1,36.4,3000,7.4,120
TRN-02505,EMU,COR-012,SEC-0112,2026-09-05,1264,1274,2,61.4,900,9.3,110
TRN-02506,Passenger,COR-020,SEC-0195,2026-09-10,2,7,2,56.8,1200,8.1,120
TRN-02507,Express,COR-017,SEC-0168,2026-09-04,540,547,3,51.2,1400,11.6,110
TRN-02508,Superfast,COR-002,SEC-0018,2026-09-09,236,243,3,64.2,1600,8.4,80
TRN-02509,Express,COR-018,SEC-0177,2026-09-12,509,519,3,77.4,1400,12.8,120
TRN-02510,Freight,COR-004,SEC-0036,2026-09-06,883,895,1,11.2,3000,9.2,110
TRN-02511,Passenger,COR-017,SEC-0162,2026-09-11,944,964,2,98.4,1200,13.4,80
TRN-02512,Express,COR-015,SEC-0144,2026-09-11,18,30,3,64.5,1400,6.2,120
TRN-02513,EMU,COR-011,SEC-0108,2026-09-06,930,937,2,57.9,900,4.8,110
TRN-02514,EMU,COR-002,SEC-0019,2026-09-03,1052,1057,2,51.7,900,6.2,110
TRN-02515,Superfast,COR-009,SEC-0085,2026-09-07,1389,1404,3,67.6,1600,7.2,110
TRN-02516,Express,COR-010,SEC-0097,2026-09-11,554,561,3,88.1,1400,13.7,130
TRN-02517,Superfast,COR-009,SEC-0086,2026-09-09,608,620,3,78.4,1600,10.4,100
TRN-02518,EMU,COR-020,SEC-0197,2026-09-12,1088,1098,2,54.2,900,12.4,110
TRN-02519,Superfast,COR-009,SEC-0081,2026-09-07,53,65,3,78.3,1600,12.7,80
TRN-02520,Passenger,COR-020,SEC-0197,2026-09-10,1191,1203,2,59.5,1200,5.0,120
TRN-02521,Passenger,COR-019,SEC-0185,2026-09-08,286,306,2,72.6,1200,7.4,110
TRN-02522,Passenger,COR-010,SEC-0097,2026-09-09,457,469,2,79.3,1200,9.9,80
TRN-02523,Freight,COR-015,SEC-0142,2026-09-13,1367,1377,1,50.5,3000,5.2,100
TRN-02524,Superfast,COR-008,SEC-0071,2026-09-16,912,922,3,91.9,1600,8.8,110
TRN-02525,Superfast,COR-001,SEC-0007,2026-09-12,980,987,3,80.7,1600,8.7,110
TRN-02526,Superfast,COR-019,SEC-0182,2026-09-13,42,49,3,84.0,1600,8.5,100
TRN-02527,EMU,COR-004,SEC-0037,2026-09-07,170,180,2,74.2,900,6.8,130
TRN-02528,Superfast,COR-004,SEC-0035,2026-09-09,1294,1306,3,81.4,1600,7.4,110
TRN-02529,Superfast,COR-002,SEC-0014,2026-09-12,739,746,3,78.1,1600,7.7,80
TRN-02530,Freight,COR-012,SEC-0118,2026-09-10,9,16,1,33.3,3000,3.7,120
TRN-02531,EMU,COR-011,SEC-0102,2026-09-12,912,932,2,73.2,900,10.7,120
TRN-02532,Express,COR-020,SEC-0200,2026-09-15,200,210,3,63.2,1400,7.7,80
TRN-02533,Superfast,COR-003,SEC-0023,2026-09-14,1430,1439,3,75.8,1600,10.8,100
TRN-02534,EMU,COR-020,SEC-0198,2026-09-11,31,41,2,80.0,900,12.3,110
TRN-02535,Passenger,COR-010,SEC-0093,2026-09-13,317,329,2,82.0,1200,11.1,120
TRN-02536,EMU,COR-001,SEC-0003,2026-09-11,13,23,2,61.6,900,2.3,110
TRN-02537,Superfast,COR-014,SEC-0138,2026-09-15,886,891,3,83.8,1600,12.5,110
TRN-02538,Express,COR-004,SEC-0039,2026-09-13,1152,1162,3,74.7,1400,12.2,80
TRN-02539,Passenger,COR-010,SEC-0098,2026-09-04,590,600,2,92.2,1200,13.5,100
TRN-02540,Superfast,COR-014,SEC-0138,2026-09-16,372,379,3,37.3,1600,6.3,110
TRN-02541,Passenger,COR-007,SEC-0069,2026-09-08,289,296,2,71.5,1200,12.3,80
TRN-02542,Express,COR-003,SEC-0021,2026-09-07,1195,1202,3,75.6,1400,8.9,100
TRN-02543,Passenger,COR-012,SEC-0119,2026-09-06,504,511,2,64.4,1200,9.1,110
TRN-02544,Superfast,COR-001,SEC-0001,2026-09-08,811,821,3,91.6,1600,10.3,120
TRN-02545,Passenger,COR-015,SEC-0150,2026-09-13,253,265,2,67.2,1200,9.5,80
TRN-02546,Passenger,COR-006,SEC-0054,2026-09-04,501,516,2,54.2,1200,8.7,100
TRN-02547,Superfast,COR-001,SEC-0010,2026-09-07,307,314,3,60.3,1600,6.5,110
TRN-02548,Superfast,COR-015,SEC-0143,2026-09-09,1291,1298,3,57.9,1600,7.6,80
TRN-02549,Freight,COR-001,SEC-0009,2026-09-11,1137,1147,1,18.0,3000,9.7,100
TRN-02550,Superfast,COR-016,SEC-0158,2026-09-10,1013,1023,3,65.4,1600,8.1,110
TRN-02551,Superfast,COR-003,SEC-0029,2026-09-07,507,512,3,95.4,1600,13.6,100
TRN-02552,Freight,COR-007,SEC-0070,2026-09-04,1383,1393,1,59.9,3000,14.7,110
TRN-02553,Express,COR-018,SEC-0171,2026-09-09,1263,1283,3,97.6,1400,13.1,110
TRN-02554,Express,COR-006,SEC-0056,2026-09-10,975,990,3,48.6,1400,8.3,120
TRN-02555,Express,COR-009,SEC-0082,2026-09-04,1112,1132,3,62.5,1400,7.8,100
TRN-02556,Express,COR-020,SEC-0191,2026-09-13,372,392,3,64.3,1400,9.6,100
TRN-02557,Passenger,COR-018,SEC-0175,2026-09-09,1163,1175,2,77.9,1200,10.1,80
TRN-02558,Passenger,COR-010,SEC-0100,2026-09-09,544,554,2,63.5,1200,4.1,110
TRN-02559,Freight,COR-004,SEC-0031,2026-09-09,1434,1439,1,29.3,3000,9.8,80
TRN-02560,Freight,COR-003,SEC-0024,2026-09-08,564,576,1,54.0,3000,4.2,100
TRN-02561,EMU,COR-009,SEC-0088,2026-09-14,1289,1309,2,84.9,900,8.3,110
TRN-02562,Superfast,COR-018,SEC-0176,2026-09-03,1244,1254,3,91.6,1600,11.5,120
TRN-02563,Freight,COR-003,SEC-0029,2026-09-09,583,595,1,16.6,3000,3.6,80
TRN-02564,Passenger,COR-012,SEC-0116,2026-09-15,211,231,2,62.0,1200,7.0,100
TRN-02565,Freight,COR-015,SEC-0150,2026-09-06,832,839,1,45.1,3000,9.2,100
TRN-02566,Express,COR-016,SEC-0155,2026-09-07,59,71,3,84.0,1400,11.1,120
TRN-02567,Freight,COR-015,SEC-0147,2026-09-12,1315,1325,1,14.6,3000,3.8,110
TRN-02568,Freight,COR-007,SEC-0070,2026-09-04,404,419,1,47.0,3000,11.2,100
TRN-02569,Express,COR-003,SEC-0021,2026-09-07,846,851,3,55.7,1400,9.7,120
TRN-02570,Express,COR-004,SEC-0032,2026-09-03,469,476,3,77.8,1400,18.4,120
TRN-02571,Superfast,COR-016,SEC-0151,2026-09-03,1414,1424,3,74.1,1600,12.6,100
TRN-02572,Passenger,COR-003,SEC-0021,2026-09-08,1039,1049,2,47.3,1200,6.9,100
TRN-02573,Superfast,COR-005,SEC-0050,2026-09-15,348,363,3,30.3,1600,7.3,100
TRN-02574,Superfast,COR-001,SEC-0005,2026-09-07,1250,1260,3,70.0,1600,10.8,120
TRN-02575,Superfast,COR-004,SEC-0039,2026-09-05,473,493,3,90.5,1600,3.0,100
TRN-02576,Passenger,COR-014,SEC-0137,2026-09-12,1410,1417,2,65.9,1200,11.6,100
TRN-02577,Express,COR-003,SEC-0027,2026-09-10,846,856,3,69.5,1400,17.7,130
TRN-02578,Superfast,COR-011,SEC-0104,2026-09-15,719,726,3,61.6,1600,9.6,110
TRN-02579,Passenger,COR-008,SEC-0076,2026-09-11,156,168,2,94.1,1200,9.5,110
TRN-02580,Express,COR-009,SEC-0082,2026-09-05,705,712,3,34.0,1400,6.1,120
TRN-02581,Freight,COR-004,SEC-0039,2026-09-14,969,974,1,57.7,3000,5.8,100
TRN-02582,Freight,COR-009,SEC-0088,2026-09-07,687,694,1,28.8,3000,4.7,120
TRN-02583,Passenger,COR-013,SEC-0125,2026-09-07,1067,1077,2,80.6,1200,8.3,80
TRN-02584,Superfast,COR-010,SEC-0096,2026-09-05,537,547,3,55.4,1600,5.1,120
TRN-02585,EMU,COR-020,SEC-0195,2026-09-11,303,315,2,77.6,900,8.5,80
TRN-02586,Superfast,COR-011,SEC-0102,2026-09-05,1184,1199,3,94.9,1600,11.0,110
TRN-02587,EMU,COR-019,SEC-0182,2026-09-09,822,827,2,76.6,900,13.0,120
TRN-02588,EMU,COR-001,SEC-0007,2026-09-16,1086,1096,2,76.4,900,12.2,130
TRN-02589,Express,COR-018,SEC-0176,2026-09-16,1226,1241,3,47.3,1400,1.0,110
TRN-02590,Passenger,COR-003,SEC-0029,2026-09-09,1148,1168,2,73.9,1200,11.8,80
TRN-02591,Passenger,COR-006,SEC-0052,2026-09-09,1081,1101,2,96.7,1200,15.2,120
TRN-02592,Express,COR-016,SEC-0151,2026-09-14,948,963,3,96.2,1400,11.6,80
TRN-02593,Freight,COR-015,SEC-0147,2026-09-12,1364,1376,1,18.2,3000,5.2,80
TRN-02594,Express,COR-002,SEC-0013,2026-09-03,1022,1032,3,64.7,1400,4.9,100
TRN-02595,Passenger,COR-004,SEC-0031,2026-09-04,1182,1189,2,84.0,1200,11.4,120
TRN-02596,Express,COR-020,SEC-0199,2026-09-07,1023,1030,3,51.2,1400,10.9,110
TRN-02597,Freight,COR-011,SEC-0110,2026-09-13,933,940,1,40.1,3000,6.8,110
TRN-02598,Superfast,COR-008,SEC-0072,2026-09-06,240,252,3,85.0,1600,14.2,100
TRN-02599,Express,COR-019,SEC-0189,2026-09-07,417,427,3,66.0,1400,14.7,100
TRN-02600,Passenger,COR-009,SEC-0090,2026-09-13,327,332,2,73.6,1200,6.6,100
TRN-02601,Express,COR-007,SEC-0066,2026-09-10,1396,1408,3,89.5,1400,13.1,80
TRN-02602,Express,COR-009,SEC-0084,2026-09-04,5,15,3,63.5,1400,4.0,120
TRN-02603,Superfast,COR-018,SEC-0178,2026-09-09,1274,1284,3,59.1,1600,9.2,120
TRN-02604,Express,COR-016,SEC-0157,2026-09-15,337,344,3,57.1,1400,7.7,80
TRN-02605,Passenger,COR-020,SEC-0192,2026-09-09,837,849,2,74.0,1200,8.4,120
TRN-02606,Express,COR-020,SEC-0200,2026-09-06,408,420,3,73.8,1400,10.7,110
TRN-02607,Express,COR-006,SEC-0052,2026-09-15,525,532,3,62.6,1400,9.2,120
TRN-02608,Superfast,COR-014,SEC-0131,2026-09-15,1182,1189,3,61.5,1600,4.4,100
TRN-02609,EMU,COR-007,SEC-0070,2026-09-12,312,317,2,63.2,900,9.8,100
TRN-02610,Superfast,COR-014,SEC-0136,2026-09-05,1348,1355,3,82.2,1600,10.8,110
TRN-02611,EMU,COR-015,SEC-0144,2026-09-13,134,139,2,90.7,900,14.1,130
TRN-02612,Freight,COR-013,SEC-0130,2026-09-15,928,938,1,43.6,3000,9.9,100
TRN-02613,Superfast,COR-012,SEC-0119,2026-09-12,58,68,3,77.7,1600,11.8,110
TRN-02614,Passenger,COR-001,SEC-0001,2026-09-11,731,751,2,79.4,1200,10.5,100
TRN-02615,Freight,COR-013,SEC-0129,2026-09-13,602,614,1,46.7,3000,9.8,110
TRN-02616,Express,COR-014,SEC-0139,2026-09-15,929,939,3,99.0,1400,9.7,100
TRN-02617,Superfast,COR-010,SEC-0096,2026-09-10,1045,1055,3,88.0,1600,12.9,80
TRN-02618,Passenger,COR-013,SEC-0124,2026-09-07,468,478,2,55.5,1200,7.8,120
TRN-02619,Passenger,COR-007,SEC-0066,2026-09-13,869,876,2,94.6,1200,16.1,120
TRN-02620,Superfast,COR-013,SEC-0124,2026-09-13,1171,1178,3,80.5,1600,8.5,120
TRN-02621,Superfast,COR-017,SEC-0168,2026-09-04,312,319,3,46.8,1600,11.0,120
TRN-02622,Express,COR-008,SEC-0073,2026-09-07,478,490,3,69.0,1400,10.0,80
TRN-02623,Passenger,COR-016,SEC-0156,2026-09-13,1258,1270,2,68.3,1200,8.8,120
TRN-02624,EMU,COR-012,SEC-0114,2026-09-06,738,750,2,49.4,900,7.0,120
TRN-02625,Superfast,COR-020,SEC-0195,2026-09-16,224,231,3,44.5,1600,5.3,100
TRN-02626,Freight,COR-001,SEC-0010,2026-09-09,1032,1042,1,40.0,3000,10.6,110
TRN-02627,EMU,COR-020,SEC-0192,2026-09-07,1039,1046,2,83.3,900,8.9,110
TRN-02628,Freight,COR-007,SEC-0066,2026-09-09,429,439,1,18.8,3000,7.9,100
TRN-02629,EMU,COR-018,SEC-0177,2026-09-14,124,136,2,74.7,900,1.7,100
TRN-02630,Freight,COR-003,SEC-0028,2026-09-06,1330,1335,1,11.3,3000,3.4,110
TRN-02631,Passenger,COR-001,SEC-0010,2026-09-03,443,448,2,93.3,1200,11.7,120
TRN-02632,Freight,COR-010,SEC-0092,2026-09-13,643,650,1,14.0,3000,4.5,110
TRN-02633,EMU,COR-001,SEC-0004,2026-09-15,1273,1288,2,72.0,900,5.6,120
TRN-02634,Superfast,COR-011,SEC-0104,2026-09-11,301,321,3,55.5,1600,8.3,130
TRN-02635,Superfast,COR-018,SEC-0175,2026-09-09,119,126,3,80.1,1600,8.9,120
TRN-02636,Freight,COR-004,SEC-0040,2026-09-16,269,284,1,39.3,3000,8.3,100
TRN-02637,Passenger,COR-006,SEC-0060,2026-09-06,115,125,2,88.1,1200,11.5,110
TRN-02638,Express,COR-006,SEC-0051,2026-09-14,691,706,3,99.0,1400,7.5,110
TRN-02639,Passenger,COR-016,SEC-0151,2026-09-11,1276,1281,2,69.7,1200,9.3,100
TRN-02640,EMU,COR-020,SEC-0193,2026-09-13,225,237,2,55.2,900,8.4,100
TRN-02641,Superfast,COR-007,SEC-0065,2026-09-08,600,610,3,77.6,1600,6.4,120
TRN-02642,Superfast,COR-007,SEC-0069,2026-09-08,1376,1386,3,47.8,1600,15.0,100
TRN-02643,Freight,COR-012,SEC-0111,2026-09-15,1241,1261,1,45.7,3000,11.0,100
TRN-02644,Express,COR-004,SEC-0034,2026-09-10,406,411,3,70.9,1400,5.0,80
TRN-02645,Express,COR-003,SEC-0025,2026-09-04,1367,1374,3,79.2,1400,9.2,110
TRN-02646,EMU,COR-017,SEC-0170,2026-09-07,665,670,2,48.0,900,13.3,110
TRN-02647,Express,COR-018,SEC-0174,2026-09-11,938,948,3,80.0,1400,10.4,110
TRN-02648,Superfast,COR-008,SEC-0076,2026-09-14,180,192,3,76.3,1600,6.9,120
TRN-02649,Superfast,COR-019,SEC-0190,2026-09-10,379,389,3,74.2,1600,11.6,120
TRN-02650,Superfast,COR-005,SEC-0050,2026-09-13,1150,1155,3,88.4,1600,3.7,120
TRN-02651,Freight,COR-010,SEC-0091,2026-09-03,1113,1118,1,16.8,3000,7.2,110
TRN-02652,Passenger,COR-013,SEC-0121,2026-09-15,685,695,2,92.7,1200,9.8,120
TRN-02653,Express,COR-010,SEC-0098,2026-09-16,263,275,3,70.3,1400,11.3,120
TRN-02654,Passenger,COR-005,SEC-0046,2026-09-14,343,353,2,61.0,1200,9.1,120
TRN-02655,Express,COR-014,SEC-0132,2026-09-09,49,59,3,57.2,1400,8.9,80
TRN-02656,Express,COR-016,SEC-0155,2026-09-04,424,429,3,84.0,1400,12.3,130
TRN-02657,EMU,COR-018,SEC-0171,2026-09-12,1359,1369,2,88.7,900,11.3,100
TRN-02658,Express,COR-016,SEC-0156,2026-09-09,765,775,3,99.0,1400,14.6,100
TRN-02659,Superfast,COR-004,SEC-0035,2026-09-09,120,135,3,79.9,1600,11.6,110
TRN-02660,Express,COR-018,SEC-0171,2026-09-10,1398,1410,3,84.4,1400,11.9,120
TRN-02661,EMU,COR-001,SEC-0003,2026-09-04,478,490,2,65.4,900,7.6,130
TRN-02662,Freight,COR-011,SEC-0103,2026-09-13,937,952,1,43.5,3000,10.4,120
TRN-02663,Express,COR-002,SEC-0018,2026-09-13,705,715,3,70.4,1400,8.8,100
TRN-02664,Freight,COR-002,SEC-0017,2026-09-09,628,640,1,39.3,3000,10.6,80
TRN-02665,EMU,COR-005,SEC-0044,2026-09-10,177,184,2,78.5,900,11.5,110
TRN-02666,EMU,COR-018,SEC-0172,2026-09-12,37,49,2,84.1,900,14.2,100
TRN-02667,Express,COR-006,SEC-0052,2026-09-07,615,625,3,51.2,1400,3.3,110
TRN-02668,Passenger,COR-017,SEC-0164,2026-09-07,655,665,2,87.0,1200,21.0,100
TRN-02669,Passenger,COR-016,SEC-0154,2026-09-05,897,912,2,66.8,1200,15.1,80
TRN-02670,Freight,COR-005,SEC-0050,2026-09-07,356,368,1,21.9,3000,6.2,110
TRN-02671,Superfast,COR-002,SEC-0017,2026-09-13,1322,1332,3,70.6,1600,10.6,80
TRN-02672,Express,COR-008,SEC-0074,2026-09-15,197,207,3,51.6,1400,9.8,120
TRN-02673,Passenger,COR-009,SEC-0084,2026-09-13,291,301,2,65.2,1200,12.3,120
TRN-02674,Superfast,COR-012,SEC-0112,2026-09-04,1359,1374,3,74.1,1600,9.5,120
TRN-02675,Superfast,COR-018,SEC-0174,2026-09-09,942,949,3,75.5,1600,7.5,110
TRN-02676,Express,COR-005,SEC-0048,2026-09-10,210,222,3,46.6,1400,9.5,110
TRN-02677,EMU,COR-014,SEC-0139,2026-09-13,311,321,2,66.0,900,11.4,110
TRN-02678,Freight,COR-020,SEC-0195,2026-09-09,438,450,1,37.8,3000,5.8,130
TRN-02679,Superfast,COR-007,SEC-0067,2026-09-07,357,362,3,45.9,1600,1.0,80
TRN-02680,Passenger,COR-004,SEC-0040,2026-09-08,847,862,2,77.1,1200,8.2,130
TRN-02681,Freight,COR-004,SEC-0040,2026-09-12,311,323,1,32.5,3000,8.2,110
TRN-02682,Freight,COR-018,SEC-0174,2026-09-08,65,70,1,46.7,3000,4.7,80
TRN-02683,Express,COR-006,SEC-0056,2026-09-06,714,724,3,49.3,1400,12.7,100
TRN-02684,Superfast,COR-012,SEC-0111,2026-09-03,1292,1299,3,62.9,1600,8.1,100
TRN-02685,EMU,COR-006,SEC-0060,2026-09-15,1300,1307,2,79.9,900,6.6,130
TRN-02686,EMU,COR-013,SEC-0121,2026-09-07,508,528,2,65.7,900,8.7,130
TRN-02687,Superfast,COR-018,SEC-0171,2026-09-07,1172,1179,3,57.5,1600,9.2,80
TRN-02688,Passenger,COR-015,SEC-0149,2026-09-06,1107,1117,2,86.5,1200,4.4,110
TRN-02689,Freight,COR-006,SEC-0056,2026-09-04,596,616,1,36.1,3000,8.1,110
TRN-02690,Superfast,COR-016,SEC-0154,2026-09-07,9,14,3,71.3,1600,12.6,110
TRN-02691,Passenger,COR-001,SEC-0010,2026-09-06,132,144,2,55.9,1200,7.1,110
TRN-02692,Freight,COR-003,SEC-0027,2026-09-16,506,526,1,32.3,3000,5.0,120
TRN-02693,Superfast,COR-010,SEC-0100,2026-09-03,1348,1353,3,81.6,1600,8.5,110
TRN-02694,EMU,COR-006,SEC-0056,2026-09-10,228,233,2,61.9,900,9.1,100
TRN-02695,Express,COR-019,SEC-0184,2026-09-07,283,295,3,99.0,1400,13.1,80
TRN-02696,Freight,COR-001,SEC-0001,2026-09-07,1364,1376,1,41.1,3000,5.2,110
TRN-02697,Superfast,COR-008,SEC-0071,2026-09-10,817,829,3,96.3,1600,8.2,100
TRN-02698,Freight,COR-009,SEC-0090,2026-09-16,514,529,1,33.3,3000,8.8,110
TRN-02699,Passenger,COR-001,SEC-0010,2026-09-13,1145,1155,2,69.1,1200,13.0,100
TRN-02700,Passenger,COR-006,SEC-0057,2026-09-04,373,393,2,94.2,1200,10.7,100
TRN-02701,Passenger,COR-002,SEC-0018,2026-09-09,624,636,2,68.3,1200,13.0,120
TRN-02702,Express,COR-010,SEC-0100,2026-09-09,410,420,3,44.3,1400,6.6,110
TRN-02703,Freight,COR-007,SEC-0061,2026-09-09,2,22,1,33.0,3000,7.9,130
TRN-02704,Superfast,COR-018,SEC-0177,2026-09-10,73,78,3,67.3,1600,10.2,80
TRN-02705,Passenger,COR-014,SEC-0131,2026-09-12,306,326,2,86.4,1200,15.7,110
TRN-02706,Express,COR-006,SEC-0060,2026-09-13,1436,1439,3,82.5,1400,8.1,130
TRN-02707,Express,COR-014,SEC-0137,2026-09-05,1199,1204,3,71.7,1400,13.9,110
TRN-02708,Freight,COR-012,SEC-0118,2026-09-08,1365,1372,1,27.8,3000,1.0,100
TRN-02709,EMU,COR-001,SEC-0005,2026-09-16,1264,1284,2,90.7,900,12.4,120
TRN-02710,Superfast,COR-003,SEC-0029,2026-09-07,529,541,3,87.9,1600,11.7,120
TRN-02711,EMU,COR-001,SEC-0009,2026-09-07,845,852,2,56.3,900,4.5,110
TRN-02712,EMU,COR-020,SEC-0199,2026-09-08,267,279,2,65.1,900,16.9,110
TRN-02713,Freight,COR-020,SEC-0195,2026-09-12,986,1006,1,45.1,3000,2.9,100
TRN-02714,Passenger,COR-005,SEC-0048,2026-09-10,548,555,2,42.6,1200,2.5,80
TRN-02715,Express,COR-018,SEC-0171,2026-09-09,1186,1198,3,70.7,1400,10.1,100
TRN-02716,Freight,COR-014,SEC-0132,2026-09-15,110,117,1,52.5,3000,12.3,80
TRN-02717,Superfast,COR-009,SEC-0081,2026-09-13,943,955,3,57.4,1600,11.5,120
TRN-02718,Freight,COR-003,SEC-0027,2026-09-10,596,601,1,48.7,3000,6.5,110
TRN-02719,Passenger,COR-012,SEC-0118,2026-09-04,630,635,2,86.5,1200,12.8,110
TRN-02720,Freight,COR-003,SEC-0023,2026-09-10,325,330,1,61.3,3000,13.0,110
TRN-02721,Passenger,COR-011,SEC-0105,2026-09-07,544,554,2,99.0,1200,12.8,110
TRN-02722,Passenger,COR-005,SEC-0049,2026-09-10,592,602,2,77.6,1200,14.0,110
TRN-02723,Superfast,COR-011,SEC-0108,2026-09-13,631,638,3,77.6,1600,11.5,80
TRN-02724,Passenger,COR-005,SEC-0041,2026-09-04,56,68,2,76.1,1200,8.7,100
TRN-02725,Passenger,COR-018,SEC-0177,2026-09-04,106,121,2,65.0,1200,9.3,110
TRN-02726,Express,COR-013,SEC-0128,2026-09-12,634,644,3,76.8,1400,5.3,80
TRN-02727,Passenger,COR-002,SEC-0012,2026-09-09,605,617,2,35.4,1200,4.3,110
TRN-02728,Superfast,COR-019,SEC-0189,2026-09-05,325,335,3,30.2,1600,9.0,110
TRN-02729,EMU,COR-006,SEC-0053,2026-09-15,4,9,2,99.0,900,11.0,110
TRN-02730,EMU,COR-018,SEC-0177,2026-09-10,1430,1439,2,44.6,900,3.8,110
TRN-02731,Superfast,COR-001,SEC-0009,2026-09-11,777,784,3,60.3,1600,7.9,100
TRN-02732,EMU,COR-017,SEC-0161,2026-09-10,370,385,2,68.5,900,12.2,110
TRN-02733,Passenger,COR-007,SEC-0070,2026-09-04,983,988,2,99.0,1200,12.8,100
TRN-02734,EMU,COR-007,SEC-0070,2026-09-09,1216,1226,2,51.8,900,2.5,130
TRN-02735,Freight,COR-008,SEC-0071,2026-09-08,308,323,1,22.7,3000,6.0,130
TRN-02736,Superfast,COR-013,SEC-0122,2026-09-12,221,233,3,50.9,1600,9.7,110
TRN-02737,Passenger,COR-018,SEC-0179,2026-09-08,493,503,2,46.2,1200,9.2,110
TRN-02738,Passenger,COR-014,SEC-0131,2026-09-05,467,472,2,90.0,1200,11.7,110
TRN-02739,Express,COR-013,SEC-0122,2026-09-16,904,914,3,67.5,1400,6.2,130
TRN-02740,Passenger,COR-020,SEC-0194,2026-09-08,453,458,2,72.3,1200,12.4,100
TRN-02741,Superfast,COR-015,SEC-0145,2026-09-08,1117,1124,3,78.6,1600,12.8,120
TRN-02742,Freight,COR-018,SEC-0176,2026-09-12,796,816,1,5.0,3000,5.1,130
TRN-02743,Superfast,COR-006,SEC-0051,2026-09-06,895,902,3,70.2,1600,13.2,100
TRN-02744,Freight,COR-008,SEC-0076,2026-09-10,1330,1337,1,41.6,3000,2.6,110
TRN-02745,Freight,COR-018,SEC-0179,2026-09-05,447,459,1,39.3,3000,5.8,80
TRN-02746,EMU,COR-016,SEC-0155,2026-09-03,1019,1026,2,80.0,900,6.2,120
TRN-02747,Superfast,COR-006,SEC-0058,2026-09-06,206,221,3,49.8,1600,1.4,100
TRN-02748,Express,COR-001,SEC-0008,2026-09-08,559,579,3,67.6,1400,8.7,110
TRN-02749,Freight,COR-007,SEC-0067,2026-09-05,274,289,1,21.6,3000,7.2,100
TRN-02750,Passenger,COR-016,SEC-0155,2026-09-12,381,391,2,71.5,1200,9.1,100
TRN-02751,Superfast,COR-008,SEC-0079,2026-09-08,1279,1291,3,62.6,1600,14.9,110
TRN-02752,Express,COR-001,SEC-0001,2026-09-04,904,911,3,87.9,1400,9.1,80
TRN-02753,EMU,COR-004,SEC-0036,2026-09-08,667,677,2,92.9,900,14.1,80
TRN-02754,Superfast,COR-014,SEC-0134,2026-09-03,258,268,3,92.5,1600,12.3,110
TRN-02755,EMU,COR-019,SEC-0188,2026-09-16,328,333,2,79.5,900,13.4,100
TRN-02756,EMU,COR-015,SEC-0143,2026-09-12,343,355,2,50.4,900,8.0,110
TRN-02757,Passenger,COR-007,SEC-0065,2026-09-11,949,969,2,77.2,1200,6.9,130
TRN-02758,EMU,COR-001,SEC-0005,2026-09-06,376,386,2,67.0,900,6.1,100
TRN-02759,Superfast,COR-008,SEC-0076,2026-09-04,1348,1358,3,64.9,1600,12.6,100
TRN-02760,Express,COR-011,SEC-0104,2026-09-09,361,371,3,99.0,1400,9.4,120
TRN-02761,Superfast,COR-007,SEC-0069,2026-09-08,820,840,3,74.0,1600,11.7,120
TRN-02762,EMU,COR-014,SEC-0137,2026-09-10,24,36,2,70.1,900,6.6,110
TRN-02763,Freight,COR-019,SEC-0181,2026-09-04,207,222,1,37.5,3000,8.3,120
TRN-02764,Passenger,COR-010,SEC-0099,2026-09-11,916,921,2,67.7,1200,8.1,100
TRN-02765,Freight,COR-008,SEC-0073,2026-09-13,1008,1018,1,42.9,3000,8.7,110
TRN-02766,Passenger,COR-009,SEC-0090,2026-09-09,917,929,2,69.3,1200,9.7,110
TRN-02767,Passenger,COR-016,SEC-0151,2026-09-13,1433,1439,2,68.4,1200,11.5,100
TRN-02768,Express,COR-006,SEC-0057,2026-09-13,1413,1423,3,88.1,1400,14.1,100
TRN-02769,Superfast,COR-013,SEC-0130,2026-09-10,791,803,3,78.9,1600,11.9,110
TRN-02770,Passenger,COR-004,SEC-0040,2026-09-13,688,700,2,92.4,1200,12.0,100
TRN-02771,Superfast,COR-006,SEC-0053,2026-09-11,1183,1193,3,75.0,1600,9.0,80
TRN-02772,Superfast,COR-020,SEC-0199,2026-09-16,1244,1249,3,69.4,1600,11.7,110
TRN-02773,Freight,COR-019,SEC-0189,2026-09-09,1199,1209,1,23.2,3000,8.5,100
TRN-02774,Passenger,COR-002,SEC-0015,2026-09-06,1192,1202,2,72.1,1200,6.1,120
TRN-02775,Express,COR-018,SEC-0178,2026-09-06,279,289,3,74.4,1400,8.9,80
TRN-02776,Passenger,COR-017,SEC-0162,2026-09-05,792,804,2,55.3,1200,11.1,130
TRN-02777,Superfast,COR-020,SEC-0196,2026-09-05,130,137,3,79.7,1600,12.0,130
TRN-02778,Freight,COR-008,SEC-0076,2026-09-03,1215,1230,1,32.0,3000,9.4,110
TRN-02779,Express,COR-015,SEC-0149,2026-09-13,345,355,3,88.5,1400,9.5,130
TRN-02780,Express,COR-020,SEC-0200,2026-09-09,924,936,3,59.1,1400,9.6,100
TRN-02781,Superfast,COR-019,SEC-0181,2026-09-15,522,529,3,97.8,1600,14.7,80
TRN-02782,Superfast,COR-007,SEC-0063,2026-09-05,39,49,3,69.1,1600,5.3,120
TRN-02783,Passenger,COR-015,SEC-0141,2026-09-15,806,813,2,61.7,1200,16.3,120
TRN-02784,EMU,COR-008,SEC-0075,2026-09-08,952,962,2,42.8,900,8.2,110
TRN-02785,EMU,COR-006,SEC-0058,2026-09-09,197,217,2,69.3,900,12.9,100
TRN-02786,Freight,COR-011,SEC-0109,2026-09-15,303,308,1,30.0,3000,6.7,110
TRN-02787,Freight,COR-013,SEC-0122,2026-09-10,193,200,1,57.0,3000,8.9,110
TRN-02788,EMU,COR-019,SEC-0189,2026-09-03,88,100,2,76.3,900,10.7,120
TRN-02789,EMU,COR-001,SEC-0005,2026-09-14,451,463,2,62.7,900,11.6,100
TRN-02790,Passenger,COR-020,SEC-0193,2026-09-13,98,108,2,94.9,1200,10.7,120
TRN-02791,EMU,COR-019,SEC-0182,2026-09-10,1092,1102,2,52.3,900,12.7,120
TRN-02792,Superfast,COR-020,SEC-0197,2026-09-16,1393,1405,3,86.7,1600,12.9,80
TRN-02793,Superfast,COR-004,SEC-0039,2026-09-10,142,149,3,90.4,1600,10.4,110
TRN-02794,Freight,COR-019,SEC-0186,2026-09-11,996,1006,1,46.5,3000,11.4,120
TRN-02795,EMU,COR-005,SEC-0049,2026-09-03,1193,1200,2,39.1,900,7.9,100
TRN-02796,Superfast,COR-006,SEC-0054,2026-09-08,24,36,3,63.0,1600,4.6,110
TRN-02797,Express,COR-010,SEC-0092,2026-09-13,506,516,3,71.0,1400,5.8,130
TRN-02798,Superfast,COR-015,SEC-0147,2026-09-15,1385,1392,3,83.5,1600,9.9,110
TRN-02799,Superfast,COR-019,SEC-0187,2026-09-13,176,181,3,58.7,1600,5.6,110
TRN-02800,Superfast,COR-005,SEC-0050,2026-09-15,1014,1034,3,60.1,1600,8.7,120
TRN-02801,Superfast,COR-002,SEC-0018,2026-09-12,1400,1405,3,68.9,1600,7.8,100
TRN-02802,Freight,COR-005,SEC-0041,2026-09-11,1140,1145,1,65.3,3000,12.5,120
TRN-02803,Passenger,COR-017,SEC-0169,2026-09-09,228,238,2,60.9,1200,10.4,100
TRN-02804,Freight,COR-008,SEC-0078,2026-09-15,1283,1298,1,38.9,3000,7.4,100
TRN-02805,Passenger,COR-019,SEC-0182,2026-09-05,1147,1157,2,78.3,1200,10.9,80
TRN-02806,EMU,COR-006,SEC-0058,2026-09-10,893,913,2,82.7,900,15.0,120
TRN-02807,Superfast,COR-020,SEC-0196,2026-09-03,187,194,3,53.2,1600,9.7,100
TRN-02808,Express,COR-004,SEC-0037,2026-09-16,368,383,3,68.8,1400,7.7,110
TRN-02809,Superfast,COR-004,SEC-0036,2026-09-10,93,103,3,74.2,1600,5.1,80
TRN-02810,EMU,COR-003,SEC-0024,2026-09-09,691,706,2,58.3,900,7.6,100
TRN-02811,EMU,COR-015,SEC-0142,2026-09-14,976,981,2,72.8,900,10.3,120
TRN-02812,EMU,COR-006,SEC-0057,2026-09-15,610,617,2,87.1,900,11.5,80
TRN-02813,EMU,COR-001,SEC-0005,2026-09-13,561,566,2,51.9,900,5.9,100
TRN-02814,Passenger,COR-012,SEC-0116,2026-09-12,1309,1316,2,59.2,1200,9.9,100
TRN-02815,Superfast,COR-010,SEC-0098,2026-09-05,315,322,3,67.7,1600,10.6,100
TRN-02816,EMU,COR-005,SEC-0047,2026-09-03,1079,1091,2,53.7,900,15.5,100
TRN-02817,Freight,COR-002,SEC-0016,2026-09-06,353,358,1,21.6,3000,9.5,110
TRN-02818,Passenger,COR-018,SEC-0175,2026-09-07,290,300,2,89.0,1200,10.2,110
TRN-02819,Express,COR-016,SEC-0159,2026-09-05,1256,1263,3,92.9,1400,10.3,80
TRN-02820,Passenger,COR-011,SEC-0105,2026-09-03,290,300,2,90.4,1200,10.7,120
TRN-02821,Passenger,COR-011,SEC-0109,2026-09-05,172,182,2,42.3,1200,7.2,100
TRN-02822,Superfast,COR-010,SEC-0095,2026-09-09,6,18,3,72.8,1600,12.9,100
TRN-02823,Express,COR-015,SEC-0150,2026-09-09,895,902,3,55.1,1400,11.2,80
TRN-02824,EMU,COR-016,SEC-0151,2026-09-04,67,72,2,93.9,900,10.6,120
TRN-02825,Passenger,COR-002,SEC-0011,2026-09-09,64,79,2,97.8,1200,7.0,80
TRN-02826,Freight,COR-004,SEC-0031,2026-09-07,1300,1307,1,33.8,3000,9.7,80
TRN-02827,EMU,COR-014,SEC-0133,2026-09-09,781,788,2,59.9,900,13.1,120
TRN-02828,EMU,COR-018,SEC-0180,2026-09-10,638,650,2,86.5,900,7.6,100
TRN-02829,Freight,COR-019,SEC-0190,2026-09-09,916,931,1,43.6,3000,12.7,110
TRN-02830,Express,COR-003,SEC-0030,2026-09-13,920,927,3,89.9,1400,13.4,130
TRN-02831,Freight,COR-011,SEC-0107,2026-09-04,1290,1295,1,40.2,3000,7.6,110
TRN-02832,Passenger,COR-014,SEC-0136,2026-09-14,281,286,2,84.7,1200,17.8,110
TRN-02833,Express,COR-004,SEC-0036,2026-09-16,1149,1161,3,83.0,1400,13.0,110
TRN-02834,Superfast,COR-017,SEC-0166,2026-09-07,163,173,3,47.2,1600,4.1,110
TRN-02835,Express,COR-017,SEC-0162,2026-09-05,161,176,3,87.8,1400,3.0,80
TRN-02836,Superfast,COR-005,SEC-0046,2026-09-10,934,944,3,63.3,1600,9.8,80
TRN-02837,Freight,COR-020,SEC-0198,2026-09-16,1322,1337,1,39.0,3000,9.0,100
TRN-02838,Superfast,COR-002,SEC-0012,2026-09-11,1425,1439,3,40.6,1600,1.7,120
TRN-02839,Passenger,COR-015,SEC-0143,2026-09-09,821,831,2,80.3,1200,11.3,100
TRN-02840,EMU,COR-001,SEC-0010,2026-09-04,262,274,2,95.7,900,16.1,100
TRN-02841,Passenger,COR-018,SEC-0171,2026-09-12,1349,1359,2,61.9,1200,8.9,110
TRN-02842,Passenger,COR-020,SEC-0196,2026-09-06,839,844,2,87.3,1200,13.3,80
TRN-02843,Superfast,COR-006,SEC-0052,2026-09-09,30,50,3,99.0,1600,8.3,110
TRN-02844,EMU,COR-010,SEC-0092,2026-09-15,422,434,2,74.1,900,10.1,110
TRN-02845,Passenger,COR-020,SEC-0200,2026-09-13,149,154,2,64.3,1200,5.6,120
TRN-02846,Passenger,COR-005,SEC-0049,2026-09-07,1235,1247,2,99.0,1200,7.1,120
TRN-02847,Superfast,COR-017,SEC-0168,2026-09-13,1189,1196,3,69.5,1600,4.1,130
TRN-02848,Passenger,COR-018,SEC-0175,2026-09-16,412,422,2,84.0,1200,14.6,110
TRN-02849,Passenger,COR-016,SEC-0158,2026-09-14,618,630,2,48.7,1200,8.5,80
TRN-02850,Superfast,COR-012,SEC-0117,2026-09-14,902,912,3,67.8,1600,5.0,100
TRN-02851,Superfast,COR-019,SEC-0185,2026-09-14,629,636,3,70.5,1600,8.7,120
TRN-02852,Superfast,COR-009,SEC-0086,2026-09-06,365,385,3,82.9,1600,11.1,120
TRN-02853,Superfast,COR-001,SEC-0001,2026-09-15,811,823,3,76.5,1600,8.3,100
TRN-02854,Superfast,COR-019,SEC-0190,2026-09-16,315,327,3,69.5,1600,11.2,110
TRN-02855,Express,COR-007,SEC-0064,2026-09-16,777,782,3,75.3,1400,9.9,120
TRN-02856,Freight,COR-019,SEC-0186,2026-09-03,465,480,1,20.5,3000,12.6,120
TRN-02857,Passenger,COR-018,SEC-0176,2026-09-16,810,830,2,55.4,1200,4.2,80
TRN-02858,EMU,COR-008,SEC-0072,2026-09-13,239,249,2,61.3,900,7.8,110
TRN-02859,EMU,COR-010,SEC-0095,2026-09-13,1207,1214,2,47.9,900,9.1,120
TRN-02860,Freight,COR-020,SEC-0192,2026-09-03,303,308,1,23.7,3000,1.3,80
TRN-02861,Passenger,COR-014,SEC-0137,2026-09-03,1153,1168,2,99.0,1200,12.5,120
TRN-02862,Passenger,COR-001,SEC-0007,2026-09-07,976,988,2,62.2,1200,13.7,110
TRN-02863,Passenger,COR-016,SEC-0157,2026-09-11,21,41,2,79.3,1200,7.2,110
TRN-02864,Express,COR-003,SEC-0022,2026-09-12,446,461,3,79.2,1400,9.0,130
TRN-02865,Freight,COR-001,SEC-0003,2026-09-12,1225,1230,1,33.3,3000,5.0,100
TRN-02866,Express,COR-020,SEC-0198,2026-09-07,590,595,3,82.6,1400,8.9,120
TRN-02867,Express,COR-009,SEC-0082,2026-09-08,1316,1323,3,87.1,1400,4.4,110
TRN-02868,Superfast,COR-012,SEC-0116,2026-09-11,1319,1334,3,61.4,1600,8.8,80
TRN-02869,EMU,COR-006,SEC-0059,2026-09-14,994,1006,2,33.6,900,8.6,100
TRN-02870,Passenger,COR-019,SEC-0187,2026-09-11,922,932,2,48.1,1200,5.9,80
TRN-02871,Superfast,COR-008,SEC-0080,2026-09-11,252,264,3,81.9,1600,9.0,80
TRN-02872,Passenger,COR-018,SEC-0176,2026-09-13,991,1006,2,74.9,1200,6.5,100
TRN-02873,Passenger,COR-007,SEC-0069,2026-09-11,1149,1154,2,57.4,1200,10.2,100
TRN-02874,Express,COR-013,SEC-0122,2026-09-12,235,250,3,58.8,1400,6.3,100
TRN-02875,Superfast,COR-004,SEC-0031,2026-09-05,811,826,3,51.3,1600,7.2,110
TRN-02876,EMU,COR-013,SEC-0129,2026-09-10,339,359,2,97.3,900,11.2,130
TRN-02877,Superfast,COR-016,SEC-0160,2026-09-11,640,655,3,99.0,1600,19.9,100
TRN-02878,Express,COR-009,SEC-0088,2026-09-07,1365,1377,3,84.3,1400,17.0,120
TRN-02879,EMU,COR-011,SEC-0104,2026-09-13,1063,1068,2,65.4,900,5.0,120
TRN-02880,EMU,COR-015,SEC-0147,2026-09-14,729,739,2,53.6,900,5.7,110
TRN-02881,Express,COR-010,SEC-0096,2026-09-03,177,184,3,83.5,1400,7.2,120
TRN-02882,Superfast,COR-006,SEC-0060,2026-09-03,226,233,3,79.3,1600,13.1,130
TRN-02883,Passenger,COR-015,SEC-0145,2026-09-10,698,705,2,67.0,1200,12.6,120
TRN-02884,Express,COR-002,SEC-0012,2026-09-10,1012,1022,3,84.3,1400,8.4,130
TRN-02885,Superfast,COR-003,SEC-0027,2026-09-06,1292,1297,3,47.8,1600,9.8,110
TRN-02886,Express,COR-011,SEC-0105,2026-09-12,585,600,3,87.0,1400,9.1,120
TRN-02887,Express,COR-010,SEC-0095,2026-09-04,1408,1420,3,61.1,1400,8.4,120
TRN-02888,Passenger,COR-014,SEC-0138,2026-09-05,404,411,2,41.8,1200,5.7,80
TRN-02889,EMU,COR-019,SEC-0186,2026-09-07,693,705,2,64.1,900,9.4,110
TRN-02890,Express,COR-016,SEC-0159,2026-09-11,20,35,3,66.3,1400,11.1,120
TRN-02891,Passenger,COR-020,SEC-0194,2026-09-14,1417,1427,2,71.2,1200,8.9,100
TRN-02892,Passenger,COR-017,SEC-0168,2026-09-13,1269,1284,2,81.1,1200,8.0,100
TRN-02893,EMU,COR-020,SEC-0194,2026-09-13,1185,1195,2,83.0,900,11.5,110
TRN-02894,Passenger,COR-016,SEC-0158,2026-09-09,168,180,2,78.4,1200,5.8,120
TRN-02895,Freight,COR-005,SEC-0041,2026-09-14,775,795,1,29.0,3000,4.7,80
TRN-02896,Superfast,COR-020,SEC-0191,2026-09-06,745,750,3,54.5,1600,8.6,110
TRN-02897,Passenger,COR-015,SEC-0141,2026-09-14,176,186,2,64.8,1200,14.4,80
TRN-02898,Passenger,COR-007,SEC-0070,2026-09-13,1185,1190,2,75.5,1200,9.0,120
TRN-02899,EMU,COR-007,SEC-0065,2026-09-05,720,730,2,58.5,900,4.9,100
TRN-02900,Superfast,COR-006,SEC-0059,2026-09-08,519,539,3,60.9,1600,5.7,80
TRN-02901,Express,COR-006,SEC-0052,2026-09-05,113,128,3,80.2,1400,9.0,120
TRN-02902,Freight,COR-015,SEC-0144,2026-09-10,1336,1346,1,60.9,3000,7.0,100
TRN-02903,EMU,COR-009,SEC-0086,2026-09-06,539,546,2,63.6,900,9.9,130
TRN-02904,Express,COR-019,SEC-0181,2026-09-06,852,864,3,70.5,1400,7.2,120
TRN-02905,Express,COR-017,SEC-0167,2026-09-08,1245,1265,3,84.9,1400,13.7,100
TRN-02906,Superfast,COR-009,SEC-0090,2026-09-16,1125,1132,3,55.2,1600,8.3,110
TRN-02907,Express,COR-009,SEC-0088,2026-09-13,720,725,3,49.2,1400,8.9,120
TRN-02908,Passenger,COR-016,SEC-0155,2026-09-12,1334,1341,2,70.7,1200,8.1,80
TRN-02909,Passenger,COR-002,SEC-0016,2026-09-11,663,683,2,58.9,1200,10.3,120
TRN-02910,EMU,COR-006,SEC-0054,2026-09-05,708,715,2,86.7,900,6.1,130
TRN-02911,EMU,COR-001,SEC-0001,2026-09-14,949,954,2,59.2,900,9.0,120
TRN-02912,Superfast,COR-013,SEC-0127,2026-09-15,637,647,3,85.4,1600,8.8,110
TRN-02913,Passenger,COR-003,SEC-0026,2026-09-15,1245,1252,2,74.8,1200,9.6,110
TRN-02914,Superfast,COR-003,SEC-0026,2026-09-08,394,404,3,72.2,1600,11.4,120
TRN-02915,Superfast,COR-012,SEC-0111,2026-09-08,90,100,3,99.0,1600,9.7,80
TRN-02916,EMU,COR-010,SEC-0100,2026-09-15,1418,1425,2,79.9,900,8.5,100
TRN-02917,Superfast,COR-017,SEC-0168,2026-09-13,545,552,3,60.6,1600,13.7,110
TRN-02918,Freight,COR-017,SEC-0163,2026-09-08,206,211,1,26.4,3000,2.8,80
TRN-02919,Freight,COR-016,SEC-0159,2026-09-07,963,968,1,42.1,3000,10.7,110
TRN-02920,Express,COR-017,SEC-0168,2026-09-09,351,356,3,52.0,1400,5.8,110
TRN-02921,Passenger,COR-018,SEC-0179,2026-09-11,620,635,2,52.9,1200,4.9,110
TRN-02922,EMU,COR-018,SEC-0175,2026-09-14,587,599,2,70.7,900,9.8,110
TRN-02923,Freight,COR-005,SEC-0042,2026-09-07,1295,1307,1,41.4,3000,7.3,120
TRN-02924,Superfast,COR-019,SEC-0186,2026-09-13,81,86,3,67.0,1600,4.8,100
TRN-02925,Passenger,COR-002,SEC-0017,2026-09-11,1076,1091,2,78.4,1200,11.9,80
TRN-02926,Freight,COR-005,SEC-0042,2026-09-16,703,708,1,45.9,3000,10.1,110
TRN-02927,Superfast,COR-004,SEC-0031,2026-09-14,409,421,3,57.5,1600,3.4,80
TRN-02928,Express,COR-010,SEC-0096,2026-09-16,687,699,3,80.4,1400,13.4,110
TRN-02929,Passenger,COR-010,SEC-0100,2026-09-12,916,928,2,66.8,1200,8.1,130
TRN-02930,Freight,COR-015,SEC-0148,2026-09-03,356,361,1,42.9,3000,3.5,100
TRN-02931,EMU,COR-003,SEC-0027,2026-09-03,1059,1071,2,73.6,900,10.7,110
TRN-02932,Passenger,COR-020,SEC-0198,2026-09-11,738,743,2,96.2,1200,16.9,80
TRN-02933,Passenger,COR-007,SEC-0069,2026-09-06,714,724,2,64.6,1200,4.7,100
TRN-02934,Freight,COR-009,SEC-0082,2026-09-12,467,487,1,21.1,3000,6.4,110
TRN-02935,Superfast,COR-002,SEC-0011,2026-09-13,125,132,3,82.6,1600,8.2,80
TRN-02936,EMU,COR-009,SEC-0081,2026-09-16,477,484,2,52.7,900,8.2,110
TRN-02937,EMU,COR-004,SEC-0034,2026-09-12,953,963,2,86.8,900,9.0,110
TRN-02938,Freight,COR-001,SEC-0003,2026-09-15,1210,1220,1,13.0,3000,7.9,130
TRN-02939,Express,COR-003,SEC-0023,2026-09-09,1029,1039,3,52.2,1400,14.1,110
TRN-02940,Express,COR-001,SEC-0003,2026-09-11,227,239,3,99.0,1400,10.9,110
TRN-02941,Superfast,COR-003,SEC-0025,2026-09-07,340,355,3,58.1,1600,6.7,110
TRN-02942,Superfast,COR-016,SEC-0157,2026-09-08,145,157,3,68.1,1600,10.8,120
TRN-02943,Express,COR-002,SEC-0012,2026-09-14,1277,1289,3,67.8,1400,6.5,110
TRN-02944,EMU,COR-017,SEC-0169,2026-09-16,604,611,2,81.7,900,9.2,100
TRN-02945,Express,COR-003,SEC-0030,2026-09-07,861,871,3,40.8,1400,3.9,80
TRN-02946,Passenger,COR-005,SEC-0047,2026-09-15,1251,1263,2,62.6,1200,8.4,100
TRN-02947,Superfast,COR-003,SEC-0022,2026-09-12,54,74,3,84.9,1600,12.3,80
TRN-02948,Passenger,COR-012,SEC-0115,2026-09-05,1081,1088,2,83.7,1200,14.9,110
TRN-02949,Superfast,COR-005,SEC-0041,2026-09-03,79,84,3,62.0,1600,9.8,100
TRN-02950,Freight,COR-020,SEC-0194,2026-09-14,393,408,1,31.3,3000,7.1,100
TRN-02951,EMU,COR-007,SEC-0067,2026-09-05,593,605,2,84.0,900,11.8,100
TRN-02952,Freight,COR-004,SEC-0036,2026-09-16,610,622,1,22.7,3000,7.9,130
TRN-02953,Superfast,COR-003,SEC-0024,2026-09-07,620,632,3,51.3,1600,4.3,110
TRN-02954,EMU,COR-003,SEC-0028,2026-09-14,260,280,2,55.5,900,5.6,110
TRN-02955,EMU,COR-006,SEC-0051,2026-09-15,547,552,2,54.7,900,12.9,110
TRN-02956,Express,COR-002,SEC-0020,2026-09-15,388,398,3,64.0,1400,7.3,110
TRN-02957,Passenger,COR-016,SEC-0154,2026-09-03,164,171,2,82.1,1200,10.3,110
TRN-02958,Superfast,COR-009,SEC-0082,2026-09-09,468,478,3,68.8,1600,10.5,120
TRN-02959,EMU,COR-004,SEC-0040,2026-09-08,1114,1129,2,68.6,900,8.3,80
TRN-02960,Superfast,COR-018,SEC-0173,2026-09-14,1164,1169,3,72.4,1600,14.4,110
TRN-02961,Freight,COR-017,SEC-0167,2026-09-15,921,933,1,36.7,3000,3.9,120
TRN-02962,EMU,COR-006,SEC-0054,2026-09-04,462,482,2,97.4,900,14.1,120
TRN-02963,Express,COR-019,SEC-0183,2026-09-10,430,437,3,80.2,1400,10.2,120
TRN-02964,Passenger,COR-014,SEC-0136,2026-09-05,361,381,2,80.5,1200,15.4,100
TRN-02965,EMU,COR-009,SEC-0083,2026-09-03,357,369,2,70.0,900,4.2,110
TRN-02966,Passenger,COR-007,SEC-0067,2026-09-15,890,900,2,80.8,1200,7.8,80
TRN-02967,Freight,COR-017,SEC-0166,2026-09-06,490,500,1,50.8,3000,12.9,130
TRN-02968,Express,COR-009,SEC-0083,2026-09-15,13,20,3,71.7,1400,8.4,110
TRN-02969,Freight,COR-016,SEC-0157,2026-09-10,179,189,1,53.9,3000,3.0,110
TRN-02970,Passenger,COR-007,SEC-0068,2026-09-08,888,895,2,55.2,1200,5.9,110
TRN-02971,Superfast,COR-002,SEC-0020,2026-09-14,983,990,3,50.5,1600,3.5,110
TRN-02972,Freight,COR-001,SEC-0007,2026-09-16,840,850,1,31.8,3000,4.8,120
TRN-02973,Superfast,COR-004,SEC-0037,2026-09-08,172,177,3,84.3,1600,8.6,110
TRN-02974,Passenger,COR-013,SEC-0125,2026-09-08,172,182,2,75.3,1200,7.6,110
TRN-02975,Passenger,COR-018,SEC-0171,2026-09-13,1041,1051,2,58.3,1200,3.2,80
TRN-02976,Passenger,COR-005,SEC-0048,2026-09-16,1052,1067,2,65.0,1200,8.4,100
TRN-02977,Freight,COR-004,SEC-0034,2026-09-10,1198,1210,1,24.3,3000,5.9,80
TRN-02978,EMU,COR-009,SEC-0089,2026-09-08,360,370,2,77.4,900,13.0,120
TRN-02979,Superfast,COR-015,SEC-0146,2026-09-13,666,676,3,81.8,1600,10.8,80
TRN-02980,Express,COR-009,SEC-0085,2026-09-09,139,144,3,40.7,1400,9.6,110
TRN-02981,Passenger,COR-006,SEC-0055,2026-09-14,1295,1310,2,92.0,1200,12.1,100
TRN-02982,EMU,COR-003,SEC-0026,2026-09-04,699,709,2,58.6,900,11.6,100
TRN-02983,EMU,COR-010,SEC-0092,2026-09-08,79,86,2,92.4,900,8.7,100
TRN-02984,EMU,COR-020,SEC-0193,2026-09-10,689,699,2,66.1,900,4.4,80
TRN-02985,EMU,COR-017,SEC-0169,2026-09-12,1074,1084,2,76.0,900,12.8,80
TRN-02986,Express,COR-016,SEC-0157,2026-09-14,361,366,3,85.3,1400,14.9,100
TRN-02987,Express,COR-012,SEC-0119,2026-09-10,23,28,3,50.2,1400,11.6,110
TRN-02988,Express,COR-009,SEC-0090,2026-09-15,865,877,3,60.6,1400,11.1,120
TRN-02989,Passenger,COR-015,SEC-0145,2026-09-16,1028,1033,2,55.0,1200,12.6,80
TRN-02990,EMU,COR-005,SEC-0043,2026-09-09,862,874,2,51.5,900,4.9,110
TRN-02991,Superfast,COR-004,SEC-0038,2026-09-04,1318,1338,3,69.3,1600,8.0,100
TRN-02992,Freight,COR-009,SEC-0082,2026-09-12,851,861,1,49.9,3000,8.1,110
TRN-02993,Freight,COR-019,SEC-0188,2026-09-08,528,535,1,43.2,3000,5.6,130
TRN-02994,Superfast,COR-008,SEC-0080,2026-09-12,490,502,3,85.5,1600,10.5,80
TRN-02995,Superfast,COR-020,SEC-0193,2026-09-12,1005,1017,3,59.1,1600,10.6,110
TRN-02996,Express,COR-011,SEC-0103,2026-09-11,51,61,3,79.9,1400,14.6,80
TRN-02997,EMU,COR-006,SEC-0052,2026-09-12,1131,1141,2,82.2,900,11.9,120
TRN-02998,Passenger,COR-016,SEC-0156,2026-09-03,533,538,2,79.9,1200,8.3,120
TRN-02999,EMU,COR-009,SEC-0086,2026-09-05,354,361,2,64.7,900,8.1,120
TRN-03000,Freight,COR-001,SEC-0002,2026-09-13,495,510,1,18.5,3000,7.4,120
TRN-03001,Superfast,COR-016,SEC-0160,2026-09-16,1328,1340,3,63.4,1600,9.8,120
TRN-03002,Superfast,COR-001,SEC-0003,2026-09-14,1131,1143,3,99.0,1600,10.3,110
TRN-03003,EMU,COR-014,SEC-0137,2026-09-16,1339,1349,2,60.0,900,6.0,100
TRN-03004,Express,COR-018,SEC-0180,2026-09-05,1174,1181,3,87.2,1400,8.7,110
TRN-03005,Passenger,COR-003,SEC-0026,2026-09-15,278,288,2,84.2,1200,10.8,110
TRN-03006,Express,COR-012,SEC-0115,2026-09-15,474,489,3,85.7,1400,11.8,120
TRN-03007,Superfast,COR-014,SEC-0133,2026-09-09,1402,1414,3,79.0,1600,14.0,100
TRN-03008,Superfast,COR-013,SEC-0129,2026-09-08,1244,1254,3,78.5,1600,6.2,100
TRN-03009,Express,COR-010,SEC-0092,2026-09-15,85,95,3,42.4,1400,5.4,120
TRN-03010,Express,COR-006,SEC-0056,2026-09-08,1023,1035,3,72.9,1400,7.5,80
TRN-03011,Passenger,COR-007,SEC-0064,2026-09-03,509,519,2,67.8,1200,7.9,100
TRN-03012,EMU,COR-016,SEC-0152,2026-09-12,890,900,2,73.5,900,15.6,80
TRN-03013,EMU,COR-006,SEC-0054,2026-09-10,617,632,2,69.8,900,6.1,120
TRN-03014,Passenger,COR-012,SEC-0120,2026-09-12,1033,1043,2,60.8,1200,10.0,100
TRN-03015,Superfast,COR-009,SEC-0085,2026-09-04,580,592,3,47.5,1600,13.7,100
TRN-03016,Superfast,COR-005,SEC-0045,2026-09-15,390,402,3,69.9,1600,6.4,100
TRN-03017,Passenger,COR-008,SEC-0074,2026-09-13,1094,1101,2,79.1,1200,14.4,110
TRN-03018,Freight,COR-015,SEC-0148,2026-09-06,177,182,1,27.3,3000,5.4,110
TRN-03019,Superfast,COR-004,SEC-0037,2026-09-16,980,990,3,72.9,1600,6.5,80
TRN-03020,Superfast,COR-004,SEC-0036,2026-09-15,1431,1439,3,99.0,1600,12.4,110
TRN-03021,EMU,COR-002,SEC-0015,2026-09-06,109,116,2,86.8,900,11.2,110
TRN-03022,EMU,COR-004,SEC-0038,2026-09-05,1204,1214,2,60.6,900,8.6,100
TRN-03023,Superfast,COR-010,SEC-0093,2026-09-10,1061,1066,3,84.5,1600,7.3,110
TRN-03024,Passenger,COR-019,SEC-0190,2026-09-05,143,153,2,51.3,1200,11.1,110
TRN-03025,Passenger,COR-010,SEC-0093,2026-09-06,840,852,2,70.3,1200,9.1,110
TRN-03026,Passenger,COR-014,SEC-0134,2026-09-03,708,715,2,71.6,1200,7.6,100
TRN-03027,Passenger,COR-003,SEC-0021,2026-09-10,372,377,2,90.6,1200,11.8,120
TRN-03028,Superfast,COR-009,SEC-0083,2026-09-12,958,970,3,59.5,1600,8.2,100
TRN-03029,Superfast,COR-009,SEC-0081,2026-09-11,211,226,3,70.8,1600,9.2,120
TRN-03030,Superfast,COR-007,SEC-0067,2026-09-09,1040,1055,3,54.2,1600,6.1,130
TRN-03031,Express,COR-005,SEC-0041,2026-09-05,379,399,3,77.2,1400,10.3,80
TRN-03032,Express,COR-001,SEC-0004,2026-09-04,692,699,3,74.6,1400,7.8,100
TRN-03033,EMU,COR-005,SEC-0048,2026-09-03,246,253,2,74.8,900,8.4,110
TRN-03034,Freight,COR-003,SEC-0023,2026-09-13,488,493,1,42.5,3000,5.0,100
TRN-03035,Passenger,COR-018,SEC-0177,2026-09-07,1085,1090,2,67.2,1200,11.2,130
TRN-03036,EMU,COR-011,SEC-0106,2026-09-14,7,17,2,99.0,900,13.4,80
TRN-03037,Passenger,COR-007,SEC-0063,2026-09-12,859,871,2,75.5,1200,8.0,110
TRN-03038,Passenger,COR-015,SEC-0150,2026-09-07,21,36,2,78.2,1200,12.4,100
TRN-03039,Passenger,COR-014,SEC-0138,2026-09-12,1220,1232,2,86.8,1200,10.5,110
TRN-03040,Superfast,COR-018,SEC-0171,2026-09-14,582,589,3,67.6,1600,8.3,130
TRN-03041,Passenger,COR-013,SEC-0129,2026-09-15,1170,1177,2,50.8,1200,7.2,110
TRN-03042,EMU,COR-010,SEC-0098,2026-09-05,429,449,2,70.6,900,7.1,130
TRN-03043,Freight,COR-004,SEC-0031,2026-09-16,1227,1237,1,32.6,3000,2.2,100
TRN-03044,Express,COR-019,SEC-0186,2026-09-13,807,817,3,35.6,1400,1.0,120
TRN-03045,Express,COR-010,SEC-0097,2026-09-15,1318,1323,3,57.2,1400,4.3,120
TRN-03046,EMU,COR-001,SEC-0007,2026-09-07,302,309,2,88.2,900,12.6,110
TRN-03047,Express,COR-017,SEC-0163,2026-09-07,647,652,3,87.2,1400,7.0,130
TRN-03048,Freight,COR-018,SEC-0179,2026-09-04,1186,1198,1,24.6,3000,7.3,100
TRN-03049,Passenger,COR-004,SEC-0031,2026-09-15,1067,1087,2,71.0,1200,6.4,100
TRN-03050,EMU,COR-017,SEC-0162,2026-09-09,896,906,2,98.7,900,15.8,120
TRN-03051,Express,COR-008,SEC-0080,2026-09-05,994,1004,3,62.3,1400,11.8,110
TRN-03052,Passenger,COR-010,SEC-0095,2026-09-03,193,208,2,74.1,1200,6.7,110
TRN-03053,Express,COR-019,SEC-0189,2026-09-12,77,89,3,59.6,1400,6.0,100
TRN-03054,Express,COR-011,SEC-0102,2026-09-06,914,921,3,81.7,1400,10.7,110
TRN-03055,Express,COR-014,SEC-0132,2026-09-08,230,245,3,83.9,1400,11.2,120
TRN-03056,Superfast,COR-002,SEC-0017,2026-09-06,619,629,3,80.1,1600,13.2,100
TRN-03057,Superfast,COR-008,SEC-0080,2026-09-10,1293,1298,3,69.2,1600,11.2,110
TRN-03058,Passenger,COR-002,SEC-0016,2026-09-05,644,659,2,61.6,1200,14.9,80
TRN-03059,Freight,COR-013,SEC-0129,2026-09-03,904,911,1,8.4,3000,2.6,120
TRN-03060,EMU,COR-005,SEC-0044,2026-09-03,628,638,2,99.0,900,9.4,80
TRN-03061,Express,COR-020,SEC-0199,2026-09-15,1277,1289,3,48.1,1400,9.0,100
TRN-03062,Freight,COR-009,SEC-0088,2026-09-12,967,974,1,23.6,3000,5.8,80
TRN-03063,Superfast,COR-012,SEC-0120,2026-09-14,44,56,3,65.3,1600,8.4,120
TRN-03064,Passenger,COR-014,SEC-0139,2026-09-07,524,536,2,62.5,1200,7.9,120
TRN-03065,Superfast,COR-015,SEC-0141,2026-09-13,63,73,3,87.4,1600,18.0,100
TRN-03066,EMU,COR-010,SEC-0099,2026-09-03,125,132,2,99.0,900,7.9,120
TRN-03067,Passenger,COR-013,SEC-0129,2026-09-04,433,443,2,92.5,1200,14.7,130
TRN-03068,EMU,COR-008,SEC-0071,2026-09-08,272,282,2,99.0,900,14.1,110
TRN-03069,Superfast,COR-011,SEC-0103,2026-09-08,1168,1178,3,81.2,1600,10.0,120
TRN-03070,Freight,COR-006,SEC-0052,2026-09-09,738,748,1,20.1,3000,1.0,110
TRN-03071,Superfast,COR-003,SEC-0023,2026-09-15,1318,1330,3,87.8,1600,14.6,120
TRN-03072,Passenger,COR-008,SEC-0072,2026-09-09,55,60,2,66.8,1200,10.0,100
TRN-03073,EMU,COR-007,SEC-0065,2026-09-09,245,250,2,62.5,900,5.7,110
TRN-03074,Freight,COR-015,SEC-0149,2026-09-08,100,110,1,55.8,3000,13.3,130
TRN-03075,Freight,COR-008,SEC-0076,2026-09-16,894,914,1,35.3,3000,7.5,80
TRN-03076,EMU,COR-015,SEC-0147,2026-09-08,951,961,2,71.0,900,8.4,120
TRN-03077,Superfast,COR-019,SEC-0190,2026-09-12,675,695,3,80.6,1600,11.3,80
TRN-03078,Freight,COR-010,SEC-0096,2026-09-14,680,690,1,24.7,3000,11.1,100
TRN-03079,Superfast,COR-009,SEC-0083,2026-09-14,1063,1078,3,71.6,1600,12.2,110
TRN-03080,Express,COR-010,SEC-0097,2026-09-16,843,848,3,73.9,1400,7.8,120
TRN-03081,Superfast,COR-018,SEC-0179,2026-09-04,796,816,3,59.4,1600,4.3,130
TRN-03082,Passenger,COR-005,SEC-0050,2026-09-12,446,461,2,85.3,1200,13.3,110
TRN-03083,Freight,COR-008,SEC-0080,2026-09-14,1078,1083,1,77.3,3000,9.0,100
TRN-03084,EMU,COR-009,SEC-0087,2026-09-10,1031,1041,2,80.3,900,10.1,130
TRN-03085,Passenger,COR-004,SEC-0039,2026-09-05,475,487,2,66.1,1200,10.1,130
TRN-03086,Freight,COR-020,SEC-0199,2026-09-04,1367,1374,1,50.4,3000,6.7,100
TRN-03087,Freight,COR-003,SEC-0029,2026-09-16,355,365,1,49.9,3000,1.3,100
TRN-03088,EMU,COR-002,SEC-0015,2026-09-15,340,352,2,89.7,900,10.0,80
TRN-03089,Passenger,COR-006,SEC-0057,2026-09-09,1346,1353,2,39.5,1200,4.6,120
TRN-03090,Freight,COR-011,SEC-0103,2026-09-05,1438,1439,1,65.8,3000,17.0,100
TRN-03091,Passenger,COR-020,SEC-0197,2026-09-10,886,896,2,69.2,1200,7.4,100
TRN-03092,Freight,COR-008,SEC-0076,2026-09-14,1008,1013,1,30.7,3000,12.2,110
TRN-03093,Freight,COR-016,SEC-0160,2026-09-05,335,347,1,9.7,3000,1.0,100
TRN-03094,Passenger,COR-014,SEC-0131,2026-09-13,361,373,2,75.5,1200,7.3,110
TRN-03095,Passenger,COR-002,SEC-0014,2026-09-13,236,246,2,86.1,1200,13.0,120
TRN-03096,EMU,COR-013,SEC-0127,2026-09-15,843,853,2,81.8,900,9.2,80
TRN-03097,Superfast,COR-002,SEC-0018,2026-09-12,389,396,3,74.0,1600,7.2,100
TRN-03098,Freight,COR-001,SEC-0007,2026-09-06,1387,1392,1,19.5,3000,5.1,100
TRN-03099,Freight,COR-018,SEC-0180,2026-09-06,823,835,1,58.4,3000,8.3,110
TRN-03100,Superfast,COR-001,SEC-0006,2026-09-13,198,208,3,53.6,1600,11.1,100
TRN-03101,EMU,COR-020,SEC-0196,2026-09-10,423,435,2,64.6,900,8.0,110
TRN-03102,Superfast,COR-003,SEC-0023,2026-09-06,921,933,3,64.9,1600,8.4,100
TRN-03103,Superfast,COR-019,SEC-0190,2026-09-11,893,908,3,81.5,1600,10.3,100
TRN-03104,Freight,COR-013,SEC-0126,2026-09-11,1414,1429,1,52.4,3000,9.6,110
TRN-03105,Freight,COR-016,SEC-0155,2026-09-03,699,706,1,49.4,3000,6.4,100
TRN-03106,Freight,COR-011,SEC-0106,2026-09-12,1068,1073,1,18.2,3000,5.1,110
TRN-03107,Express,COR-014,SEC-0131,2026-09-07,409,419,3,70.0,1400,6.3,120
TRN-03108,Superfast,COR-015,SEC-0145,2026-09-03,1054,1061,3,73.2,1600,10.8,130
TRN-03109,Freight,COR-013,SEC-0128,2026-09-11,717,737,1,24.8,3000,4.4,120
TRN-03110,Express,COR-002,SEC-0020,2026-09-16,1368,1380,3,63.3,1400,9.8,80
TRN-03111,Express,COR-002,SEC-0019,2026-09-06,1080,1085,3,62.2,1400,10.6,100
TRN-03112,Express,COR-013,SEC-0126,2026-09-12,1415,1425,3,52.6,1400,11.1,110
TRN-03113,EMU,COR-020,SEC-0191,2026-09-16,619,626,2,93.5,900,12.7,110
TRN-03114,EMU,COR-014,SEC-0135,2026-09-12,626,638,2,73.1,900,11.8,120
TRN-03115,Express,COR-017,SEC-0161,2026-09-13,1120,1140,3,62.3,1400,5.7,120
TRN-03116,Superfast,COR-004,SEC-0040,2026-09-13,47,59,3,73.0,1600,11.0,80
TRN-03117,Superfast,COR-007,SEC-0067,2026-09-12,6,21,3,93.0,1600,9.4,130
TRN-03118,Passenger,COR-002,SEC-0015,2026-09-10,101,111,2,70.8,1200,13.7,120
TRN-03119,Freight,COR-012,SEC-0112,2026-09-03,168,173,1,11.4,3000,2.6,120
TRN-03120,Express,COR-019,SEC-0187,2026-09-08,876,883,3,65.6,1400,3.8,110
TRN-03121,Express,COR-010,SEC-0095,2026-09-10,1027,1047,3,99.0,1400,13.4,110
TRN-03122,Freight,COR-004,SEC-0040,2026-09-08,635,650,1,33.9,3000,4.4,110
TRN-03123,Passenger,COR-013,SEC-0126,2026-09-14,412,417,2,69.1,1200,7.5,110
TRN-03124,Passenger,COR-001,SEC-0009,2026-09-06,452,472,2,47.6,1200,12.7,110
TRN-03125,Superfast,COR-008,SEC-0073,2026-09-11,610,622,3,89.9,1600,11.4,110
TRN-03126,EMU,COR-005,SEC-0041,2026-09-13,327,332,2,76.7,900,5.3,100
TRN-03127,Superfast,COR-016,SEC-0158,2026-09-07,790,797,3,86.7,1600,10.1,120
TRN-03128,EMU,COR-017,SEC-0162,2026-09-05,1288,1293,2,59.3,900,8.3,130
TRN-03129,Freight,COR-001,SEC-0001,2026-09-03,987,992,1,36.7,3000,7.3,110
TRN-03130,Passenger,COR-017,SEC-0170,2026-09-14,975,985,2,80.1,1200,7.9,120
TRN-03131,Express,COR-012,SEC-0119,2026-09-07,530,535,3,61.5,1400,10.0,80
TRN-03132,Express,COR-010,SEC-0095,2026-09-14,552,567,3,87.0,1400,10.3,130
TRN-03133,EMU,COR-010,SEC-0092,2026-09-12,88,98,2,73.0,900,13.1,120
TRN-03134,Superfast,COR-011,SEC-0109,2026-09-11,790,802,3,39.2,1600,3.2,120
TRN-03135,Express,COR-012,SEC-0117,2026-09-06,745,752,3,62.6,1400,7.6,120
TRN-03136,EMU,COR-004,SEC-0032,2026-09-05,430,440,2,82.4,900,11.0,120
TRN-03137,Superfast,COR-019,SEC-0181,2026-09-06,55,62,3,64.4,1600,7.0,120
TRN-03138,Freight,COR-017,SEC-0165,2026-09-10,674,679,1,27.6,3000,3.8,110
TRN-03139,Freight,COR-009,SEC-0081,2026-09-13,41,51,1,23.8,3000,1.8,110
TRN-03140,Passenger,COR-006,SEC-0051,2026-09-10,1159,1171,2,94.1,1200,11.4,120
TRN-03141,Passenger,COR-019,SEC-0182,2026-09-16,310,325,2,50.2,1200,9.0,110
TRN-03142,Superfast,COR-010,SEC-0099,2026-09-03,1167,1174,3,52.3,1600,10.4,80
TRN-03143,Passenger,COR-015,SEC-0150,2026-09-05,1009,1019,2,59.3,1200,3.8,110
TRN-03144,Express,COR-006,SEC-0057,2026-09-13,25,40,3,48.5,1400,8.3,110
TRN-03145,Superfast,COR-018,SEC-0180,2026-09-09,60,70,3,90.6,1600,16.0,120
TRN-03146,Superfast,COR-015,SEC-0146,2026-09-14,1248,1263,3,64.9,1600,9.8,110
TRN-03147,Passenger,COR-007,SEC-0063,2026-09-09,560,572,2,74.9,1200,2.0,120
TRN-03148,Superfast,COR-019,SEC-0183,2026-09-03,311,321,3,61.1,1600,5.1,120
TRN-03149,EMU,COR-004,SEC-0039,2026-09-11,610,620,2,94.9,900,9.0,120
TRN-03150,Superfast,COR-007,SEC-0068,2026-09-05,953,960,3,46.5,1600,15.3,110
TRN-03151,Express,COR-013,SEC-0124,2026-09-14,451,463,3,79.1,1400,13.3,100
TRN-03152,Express,COR-012,SEC-0114,2026-09-15,330,337,3,68.2,1400,9.6,110
TRN-03153,Freight,COR-005,SEC-0046,2026-09-15,716,726,1,30.4,3000,4.2,110
TRN-03154,Express,COR-010,SEC-0091,2026-09-14,218,225,3,86.9,1400,9.8,110
TRN-03155,Superfast,COR-005,SEC-0041,2026-09-06,18,33,3,47.4,1600,6.4,110
TRN-03156,Freight,COR-020,SEC-0193,2026-09-16,1097,1112,1,28.9,3000,5.0,110
TRN-03157,EMU,COR-012,SEC-0114,2026-09-04,1137,1147,2,84.9,900,8.5,100
TRN-03158,Express,COR-016,SEC-0157,2026-09-10,466,481,3,51.9,1400,4.2,130
TRN-03159,Passenger,COR-001,SEC-0009,2026-09-10,1320,1330,2,78.4,1200,12.0,110
TRN-03160,Express,COR-005,SEC-0048,2026-09-16,261,276,3,64.0,1400,8.1,100
TRN-03161,Freight,COR-009,SEC-0084,2026-09-05,1401,1421,1,27.0,3000,6.0,80
TRN-03162,Superfast,COR-015,SEC-0142,2026-09-11,1059,1071,3,82.9,1600,9.0,110
TRN-03163,Freight,COR-020,SEC-0195,2026-09-12,325,337,1,65.5,3000,11.3,110
TRN-03164,Freight,COR-006,SEC-0055,2026-09-05,1225,1232,1,12.4,3000,10.0,100
TRN-03165,Passenger,COR-002,SEC-0015,2026-09-11,1107,1114,2,55.4,1200,10.3,110
TRN-03166,Passenger,COR-014,SEC-0136,2026-09-07,300,310,2,68.1,1200,9.0,100
TRN-03167,Superfast,COR-015,SEC-0146,2026-09-06,665,670,3,61.5,1600,9.8,100
TRN-03168,Passenger,COR-005,SEC-0048,2026-09-14,548,560,2,83.4,1200,3.3,120
TRN-03169,Express,COR-006,SEC-0055,2026-09-11,971,976,3,57.4,1400,8.4,80
TRN-03170,EMU,COR-004,SEC-0038,2026-09-15,1062,1069,2,64.6,900,10.2,110
TRN-03171,Express,COR-016,SEC-0158,2026-09-06,230,235,3,60.1,1400,5.0,120
TRN-03172,Superfast,COR-017,SEC-0168,2026-09-08,1420,1425,3,72.2,1600,6.7,120
TRN-03173,Passenger,COR-003,SEC-0026,2026-09-14,363,373,2,73.7,1200,12.2,80
TRN-03174,Passenger,COR-012,SEC-0118,2026-09-03,325,345,2,52.8,1200,5.4,80
TRN-03175,Superfast,COR-016,SEC-0151,2026-09-10,1274,1286,3,68.8,1600,7.3,110
TRN-03176,Express,COR-015,SEC-0146,2026-09-08,261,276,3,67.9,1400,7.9,110
TRN-03177,Passenger,COR-003,SEC-0024,2026-09-10,349,361,2,70.5,1200,14.4,120
TRN-03178,Freight,COR-007,SEC-0068,2026-09-07,1275,1285,1,34.7,3000,2.5,110
TRN-03179,Superfast,COR-019,SEC-0182,2026-09-06,1086,1098,3,68.7,1600,5.5,110
TRN-03180,Superfast,COR-018,SEC-0179,2026-09-15,898,905,3,40.5,1600,7.7,80
TRN-03181,Express,COR-009,SEC-0083,2026-09-11,1268,1275,3,82.0,1400,12.6,100
TRN-03182,Passenger,COR-014,SEC-0131,2026-09-08,1360,1367,2,99.0,1200,9.9,110
TRN-03183,Freight,COR-011,SEC-0102,2026-09-15,159,171,1,25.9,3000,6.5,110
TRN-03184,EMU,COR-013,SEC-0123,2026-09-15,342,362,2,92.2,900,13.5,110
TRN-03185,Passenger,COR-002,SEC-0016,2026-09-06,432,442,2,83.3,1200,12.8,100
TRN-03186,EMU,COR-019,SEC-0187,2026-09-12,1387,1392,2,79.7,900,11.3,120
TRN-03187,Passenger,COR-004,SEC-0038,2026-09-07,70,77,2,71.1,1200,14.2,110
TRN-03188,EMU,COR-001,SEC-0002,2026-09-04,68,80,2,55.6,900,9.3,120
TRN-03189,Superfast,COR-013,SEC-0121,2026-09-10,843,848,3,54.2,1600,10.4,110
TRN-03190,Freight,COR-012,SEC-0111,2026-09-11,846,861,1,44.5,3000,10.8,100
TRN-03191,Express,COR-008,SEC-0080,2026-09-10,281,291,3,69.2,1400,12.5,100
TRN-03192,Superfast,COR-020,SEC-0199,2026-09-06,1097,1117,3,63.3,1600,10.8,100
TRN-03193,Superfast,COR-003,SEC-0024,2026-09-14,136,156,3,73.5,1600,5.2,100
TRN-03194,EMU,COR-011,SEC-0106,2026-09-06,839,849,2,78.1,900,10.3,110
TRN-03195,Passenger,COR-007,SEC-0063,2026-09-13,719,724,2,72.3,1200,10.4,130
TRN-03196,Superfast,COR-003,SEC-0021,2026-09-11,1171,1178,3,80.6,1600,11.4,120
TRN-03197,Superfast,COR-015,SEC-0142,2026-09-05,177,187,3,75.6,1600,8.9,80
TRN-03198,Passenger,COR-001,SEC-0002,2026-09-11,1392,1407,2,76.9,1200,10.4,130
TRN-03199,Passenger,COR-009,SEC-0086,2026-09-16,753,763,2,88.2,1200,9.3,110
TRN-03200,Express,COR-010,SEC-0094,2026-09-14,1241,1251,3,66.5,1400,9.4,120
TRN-03201,Passenger,COR-019,SEC-0187,2026-09-13,709,724,2,74.8,1200,6.6,120
TRN-03202,Superfast,COR-018,SEC-0172,2026-09-07,464,474,3,30.5,1600,8.0,80
TRN-03203,Passenger,COR-010,SEC-0099,2026-09-14,398,405,2,72.2,1200,6.9,120
TRN-03204,Freight,COR-002,SEC-0011,2026-09-08,120,130,1,44.7,3000,7.6,80
TRN-03205,Superfast,COR-008,SEC-0074,2026-09-06,664,671,3,70.2,1600,12.5,120
TRN-03206,Superfast,COR-013,SEC-0128,2026-09-10,1180,1200,3,73.6,1600,9.4,120
TRN-03207,Passenger,COR-004,SEC-0039,2026-09-15,84,89,2,99.0,1200,14.3,130
TRN-03208,Passenger,COR-003,SEC-0024,2026-09-11,657,669,2,81.2,1200,1.9,110
TRN-03209,Passenger,COR-018,SEC-0179,2026-09-10,1209,1229,2,53.3,1200,10.2,110
TRN-03210,Express,COR-001,SEC-0005,2026-09-13,1039,1051,3,73.2,1400,10.2,80
TRN-03211,Express,COR-015,SEC-0148,2026-09-11,781,788,3,91.6,1400,13.6,100
TRN-03212,EMU,COR-002,SEC-0016,2026-09-13,288,293,2,51.3,900,8.3,100
TRN-03213,Superfast,COR-016,SEC-0160,2026-09-06,704,719,3,69.8,1600,14.0,110
TRN-03214,EMU,COR-012,SEC-0113,2026-09-08,989,1001,2,81.8,900,9.8,110
TRN-03215,EMU,COR-020,SEC-0197,2026-09-09,865,880,2,69.2,900,6.2,80
TRN-03216,Freight,COR-014,SEC-0136,2026-09-10,831,846,1,31.9,3000,4.8,110
TRN-03217,EMU,COR-001,SEC-0006,2026-09-10,94,106,2,62.0,900,7.6,120
TRN-03218,Freight,COR-009,SEC-0086,2026-09-11,971,983,1,14.1,3000,3.7,100
TRN-03219,EMU,COR-002,SEC-0015,2026-09-04,214,234,2,47.9,900,9.3,110
TRN-03220,Express,COR-020,SEC-0195,2026-09-10,688,703,3,84.3,1400,13.1,100
TRN-03221,EMU,COR-006,SEC-0055,2026-09-08,130,140,2,61.5,900,11.7,100
TRN-03222,Express,COR-011,SEC-0102,2026-09-06,814,829,3,61.2,1400,8.7,110
TRN-03223,Freight,COR-009,SEC-0088,2026-09-15,634,654,1,41.7,3000,4.9,120
TRN-03224,Superfast,COR-015,SEC-0144,2026-09-15,854,861,3,69.1,1600,10.5,110
TRN-03225,EMU,COR-009,SEC-0089,2026-09-16,36,43,2,62.8,900,7.9,130
TRN-03226,Passenger,COR-017,SEC-0167,2026-09-05,1389,1409,2,65.2,1200,8.9,110
TRN-03227,Freight,COR-018,SEC-0177,2026-09-14,1204,1209,1,39.6,3000,4.7,110
TRN-03228,Freight,COR-009,SEC-0088,2026-09-16,808,813,1,34.1,3000,7.2,120
TRN-03229,Express,COR-009,SEC-0088,2026-09-13,1265,1285,3,85.6,1400,9.3,100
TRN-03230,Passenger,COR-020,SEC-0196,2026-09-03,1361,1366,2,65.8,1200,9.1,110
TRN-03231,Freight,COR-012,SEC-0116,2026-09-04,419,429,1,35.7,3000,4.9,100
TRN-03232,Express,COR-008,SEC-0077,2026-09-14,9,21,3,84.8,1400,8.3,100
TRN-03233,Superfast,COR-015,SEC-0147,2026-09-08,1100,1112,3,73.3,1600,11.8,110
TRN-03234,Passenger,COR-013,SEC-0122,2026-09-12,980,995,2,88.6,1200,14.1,80
TRN-03235,Passenger,COR-018,SEC-0177,2026-09-03,1323,1338,2,73.3,1200,6.8,80
TRN-03236,Express,COR-001,SEC-0008,2026-09-06,150,157,3,99.0,1400,8.7,120
TRN-03237,Freight,COR-003,SEC-0028,2026-09-11,1202,1212,1,25.5,3000,4.4,110
TRN-03238,Superfast,COR-015,SEC-0143,2026-09-04,368,375,3,83.2,1600,14.8,130
TRN-03239,Express,COR-001,SEC-0005,2026-09-11,229,236,3,68.1,1400,7.8,110
TRN-03240,Passenger,COR-019,SEC-0182,2026-09-05,1436,1439,2,68.6,1200,10.4,130
TRN-03241,Freight,COR-018,SEC-0179,2026-09-13,551,566,1,17.0,3000,4.6,100
TRN-03242,Passenger,COR-019,SEC-0186,2026-09-14,685,692,2,61.1,1200,12.1,120
TRN-03243,Passenger,COR-011,SEC-0103,2026-09-07,999,1009,2,63.0,1200,7.9,120
TRN-03244,EMU,COR-013,SEC-0127,2026-09-08,436,443,2,51.0,900,7.8,120
TRN-03245,Superfast,COR-001,SEC-0006,2026-09-09,80,85,3,60.6,1600,8.8,110
TRN-03246,EMU,COR-003,SEC-0025,2026-09-06,1210,1220,2,58.8,900,9.1,100
TRN-03247,Freight,COR-012,SEC-0114,2026-09-05,386,401,1,29.1,3000,5.6,80
TRN-03248,Express,COR-019,SEC-0185,2026-09-08,415,435,3,59.0,1400,5.0,80
TRN-03249,Superfast,COR-010,SEC-0095,2026-09-06,918,930,3,58.9,1600,9.0,80
TRN-03250,Express,COR-001,SEC-0001,2026-09-15,68,75,3,99.0,1400,10.8,130
TRN-03251,EMU,COR-005,SEC-0044,2026-09-11,681,686,2,82.4,900,10.4,110
TRN-03252,Express,COR-013,SEC-0123,2026-09-06,848,863,3,67.1,1400,9.2,130
TRN-03253,Freight,COR-017,SEC-0168,2026-09-13,932,952,1,28.2,3000,9.2,120
TRN-03254,Superfast,COR-013,SEC-0129,2026-09-10,1386,1401,3,60.9,1600,8.2,80
TRN-03255,Passenger,COR-019,SEC-0190,2026-09-12,1287,1297,2,69.1,1200,8.0,120
TRN-03256,Express,COR-002,SEC-0012,2026-09-09,736,746,3,73.2,1400,12.0,100
TRN-03257,Freight,COR-017,SEC-0168,2026-09-16,94,106,1,35.7,3000,5.4,100
TRN-03258,Superfast,COR-006,SEC-0058,2026-09-15,592,604,3,91.0,1600,12.1,120
TRN-03259,Passenger,COR-015,SEC-0146,2026-09-16,116,123,2,86.5,1200,15.4,110
TRN-03260,EMU,COR-014,SEC-0135,2026-09-03,274,281,2,70.3,900,9.6,110
TRN-03261,Passenger,COR-005,SEC-0047,2026-09-08,701,713,2,44.2,1200,12.7,110
TRN-03262,Superfast,COR-007,SEC-0061,2026-09-16,56,71,3,59.5,1600,13.4,130
TRN-03263,Passenger,COR-014,SEC-0139,2026-09-13,1277,1284,2,84.7,1200,7.1,110
TRN-03264,EMU,COR-015,SEC-0148,2026-09-08,1000,1007,2,50.2,900,4.3,120
TRN-03265,Passenger,COR-002,SEC-0016,2026-09-08,823,838,2,60.2,1200,10.5,120
TRN-03266,Passenger,COR-003,SEC-0027,2026-09-06,892,897,2,64.3,1200,9.1,80
TRN-03267,Superfast,COR-015,SEC-0144,2026-09-13,1110,1115,3,80.1,1600,10.5,110
TRN-03268,Superfast,COR-016,SEC-0154,2026-09-14,870,885,3,43.6,1600,12.9,100
TRN-03269,Superfast,COR-006,SEC-0054,2026-09-14,1413,1423,3,79.8,1600,11.9,80
TRN-03270,Express,COR-005,SEC-0043,2026-09-10,1242,1252,3,83.4,1400,9.1,100
TRN-03271,EMU,COR-018,SEC-0177,2026-09-11,724,736,2,41.4,900,2.1,80
TRN-03272,Express,COR-007,SEC-0061,2026-09-10,528,538,3,64.6,1400,10.9,100
TRN-03273,Superfast,COR-011,SEC-0103,2026-09-14,338,358,3,76.5,1600,12.3,100
TRN-03274,EMU,COR-011,SEC-0101,2026-09-07,463,473,2,99.0,900,14.0,110
TRN-03275,Passenger,COR-005,SEC-0048,2026-09-06,1206,1218,2,60.6,1200,13.3,80
TRN-03276,Freight,COR-013,SEC-0128,2026-09-14,744,754,1,34.2,3000,9.0,110
TRN-03277,EMU,COR-020,SEC-0192,2026-09-09,806,818,2,70.1,900,1.0,80
TRN-03278,Superfast,COR-017,SEC-0168,2026-09-06,681,691,3,72.0,1600,6.3,110
TRN-03279,Passenger,COR-013,SEC-0129,2026-09-15,589,594,2,64.4,1200,8.3,120
TRN-03280,EMU,COR-015,SEC-0146,2026-09-03,419,429,2,79.0,900,10.3,110
TRN-03281,Superfast,COR-017,SEC-0163,2026-09-13,597,607,3,53.8,1600,10.9,100
TRN-03282,Passenger,COR-007,SEC-0068,2026-09-10,1347,1359,2,87.4,1200,11.3,80
TRN-03283,Freight,COR-013,SEC-0125,2026-09-13,1377,1397,1,36.4,3000,5.5,110
TRN-03284,Passenger,COR-005,SEC-0043,2026-09-07,444,449,2,75.7,1200,12.0,100
TRN-03285,Express,COR-020,SEC-0191,2026-09-05,1426,1436,3,61.3,1400,18.6,100
TRN-03286,Superfast,COR-012,SEC-0111,2026-09-14,633,645,3,66.9,1600,3.5,110
TRN-03287,Freight,COR-010,SEC-0096,2026-09-16,199,211,1,23.8,3000,9.8,130
TRN-03288,Superfast,COR-010,SEC-0100,2026-09-04,886,893,3,71.4,1600,6.4,120
TRN-03289,Passenger,COR-003,SEC-0029,2026-09-07,1163,1170,2,54.3,1200,9.8,110
TRN-03290,Superfast,COR-019,SEC-0182,2026-09-13,405,415,3,63.6,1600,15.2,100
TRN-03291,Express,COR-014,SEC-0134,2026-09-06,766,778,3,66.4,1400,8.5,120
TRN-03292,Superfast,COR-013,SEC-0124,2026-09-16,413,420,3,47.2,1600,6.5,100
TRN-03293,Passenger,COR-006,SEC-0055,2026-09-03,1325,1340,2,60.8,1200,5.6,100
TRN-03294,Superfast,COR-020,SEC-0198,2026-09-15,1380,1392,3,60.6,1600,1.7,110
TRN-03295,EMU,COR-012,SEC-0114,2026-09-16,862,867,2,77.8,900,10.3,80
TRN-03296,Superfast,COR-017,SEC-0165,2026-09-03,594,609,3,81.9,1600,10.5,110
TRN-03297,Superfast,COR-002,SEC-0020,2026-09-03,694,704,3,90.6,1600,5.5,110
TRN-03298,Passenger,COR-017,SEC-0167,2026-09-05,889,901,2,37.6,1200,5.3,100
TRN-03299,Passenger,COR-020,SEC-0193,2026-09-16,859,869,2,49.0,1200,4.9,120
TRN-03300,Passenger,COR-013,SEC-0125,2026-09-05,350,360,2,86.7,1200,15.8,120
TRN-03301,Express,COR-008,SEC-0077,2026-09-14,234,246,3,97.4,1400,10.1,100
TRN-03302,Passenger,COR-003,SEC-0025,2026-09-10,178,193,2,82.6,1200,11.5,110
TRN-03303,Express,COR-001,SEC-0005,2026-09-07,157,164,3,65.6,1400,8.2,80
TRN-03304,Freight,COR-012,SEC-0113,2026-09-08,288,308,1,38.0,3000,11.9,80
TRN-03305,Superfast,COR-006,SEC-0055,2026-09-07,524,536,3,99.0,1600,11.0,110
TRN-03306,Express,COR-016,SEC-0153,2026-09-12,1198,1205,3,60.9,1400,9.8,100
TRN-03307,Passenger,COR-016,SEC-0160,2026-09-12,545,555,2,74.7,1200,8.0,80
TRN-03308,Superfast,COR-014,SEC-0133,2026-09-06,817,824,3,79.8,1600,13.5,130
TRN-03309,Passenger,COR-012,SEC-0119,2026-09-12,471,491,2,70.3,1200,10.6,120
TRN-03310,Freight,COR-005,SEC-0049,2026-09-13,892,899,1,19.7,3000,8.6,80
TRN-03311,Freight,COR-020,SEC-0195,2026-09-14,208,218,1,5.0,3000,5.0,80
TRN-03312,Passenger,COR-008,SEC-0075,2026-09-06,247,254,2,84.2,1200,11.2,110
TRN-03313,Passenger,COR-018,SEC-0173,2026-09-11,364,384,2,86.1,1200,15.3,110
TRN-03314,Freight,COR-017,SEC-0163,2026-09-07,1418,1428,1,32.6,3000,6.9,100
TRN-03315,Superfast,COR-011,SEC-0107,2026-09-10,804,814,3,76.3,1600,10.2,120
TRN-03316,EMU,COR-005,SEC-0043,2026-09-14,1384,1391,2,65.9,900,10.8,110
TRN-03317,Superfast,COR-020,SEC-0194,2026-09-14,276,283,3,53.7,1600,8.9,110
TRN-03318,EMU,COR-020,SEC-0199,2026-09-14,7,22,2,51.0,900,2.9,110
TRN-03319,Express,COR-006,SEC-0054,2026-09-07,1413,1425,3,66.9,1400,7.4,110
TRN-03320,Passenger,COR-001,SEC-0010,2026-09-05,1426,1431,2,34.4,1200,13.0,100
TRN-03321,Freight,COR-019,SEC-0181,2026-09-15,433,443,1,28.8,3000,8.8,110
TRN-03322,Freight,COR-002,SEC-0013,2026-09-06,310,322,1,47.6,3000,9.2,100
TRN-03323,Freight,COR-005,SEC-0050,2026-09-09,326,341,1,43.4,3000,12.7,130
TRN-03324,EMU,COR-017,SEC-0167,2026-09-10,1121,1126,2,82.0,900,6.7,110
TRN-03325,Superfast,COR-004,SEC-0031,2026-09-08,1349,1356,3,95.8,1600,16.0,100
TRN-03326,Superfast,COR-003,SEC-0026,2026-09-03,553,563,3,70.4,1600,14.2,110
TRN-03327,EMU,COR-003,SEC-0030,2026-09-04,934,939,2,82.3,900,11.6,80
TRN-03328,Superfast,COR-015,SEC-0144,2026-09-07,303,310,3,82.1,1600,7.6,120
TRN-03329,Express,COR-014,SEC-0140,2026-09-04,1197,1207,3,44.5,1400,9.0,100
TRN-03330,Freight,COR-004,SEC-0033,2026-09-05,233,238,1,21.8,3000,3.9,100
TRN-03331,Express,COR-001,SEC-0001,2026-09-16,943,953,3,78.1,1400,11.5,110
TRN-03332,Freight,COR-001,SEC-0001,2026-09-15,1078,1088,1,53.8,3000,10.1,120
TRN-03333,Express,COR-019,SEC-0188,2026-09-12,536,548,3,99.0,1400,11.4,80
TRN-03334,Freight,COR-004,SEC-0032,2026-09-15,1410,1422,1,68.3,3000,8.7,110
TRN-03335,Passenger,COR-020,SEC-0198,2026-09-04,1257,1269,2,99.0,1200,8.6,100
TRN-03336,Superfast,COR-016,SEC-0154,2026-09-15,806,816,3,54.2,1600,13.0,130
TRN-03337,Express,COR-007,SEC-0066,2026-09-05,622,627,3,76.8,1400,9.5,80
TRN-03338,EMU,COR-015,SEC-0143,2026-09-12,520,530,2,79.1,900,12.5,130
TRN-03339,EMU,COR-001,SEC-0010,2026-09-14,983,995,2,80.0,900,9.3,110
TRN-03340,Express,COR-019,SEC-0189,2026-09-14,345,357,3,91.3,1400,12.5,120
TRN-03341,Passenger,COR-016,SEC-0152,2026-09-16,1369,1384,2,72.2,1200,7.8,80
TRN-03342,Freight,COR-020,SEC-0196,2026-09-14,926,946,1,77.9,3000,12.8,120
TRN-03343,Express,COR-010,SEC-0098,2026-09-15,1423,1433,3,72.0,1400,12.2,100
TRN-03344,Express,COR-010,SEC-0100,2026-09-15,948,955,3,86.5,1400,14.2,100
TRN-03345,Express,COR-008,SEC-0076,2026-09-07,995,1000,3,43.5,1400,6.1,120
TRN-03346,Superfast,COR-003,SEC-0024,2026-09-10,149,161,3,74.1,1600,12.4,80
TRN-03347,Express,COR-014,SEC-0137,2026-09-08,158,173,3,49.9,1400,3.5,100
TRN-03348,Superfast,COR-015,SEC-0146,2026-09-09,355,370,3,78.4,1600,7.7,80
TRN-03349,Freight,COR-010,SEC-0094,2026-09-05,774,789,1,33.3,3000,4.9,110
TRN-03350,Freight,COR-016,SEC-0151,2026-09-13,534,541,1,48.5,3000,6.4,80
TRN-03351,Passenger,COR-011,SEC-0105,2026-09-12,1256,1261,2,69.0,1200,10.4,80
TRN-03352,Superfast,COR-006,SEC-0052,2026-09-14,1113,1128,3,94.6,1600,16.4,80
TRN-03353,Superfast,COR-019,SEC-0189,2026-09-13,463,473,3,59.1,1600,5.5,110
TRN-03354,Express,COR-017,SEC-0169,2026-09-03,145,152,3,70.1,1400,15.7,100
TRN-03355,Freight,COR-007,SEC-0063,2026-09-10,170,185,1,40.9,3000,7.0,120
TRN-03356,Superfast,COR-018,SEC-0177,2026-09-14,99,104,3,79.2,1600,6.0,130
TRN-03357,EMU,COR-013,SEC-0128,2026-09-10,1032,1052,2,72.1,900,7.1,120
TRN-03358,Passenger,COR-002,SEC-0012,2026-09-10,1379,1384,2,76.0,1200,9.4,100
TRN-03359,Freight,COR-009,SEC-0084,2026-09-07,4,9,1,19.9,3000,6.7,110
TRN-03360,Passenger,COR-011,SEC-0109,2026-09-16,836,848,2,47.1,1200,13.7,100
TRN-03361,Freight,COR-001,SEC-0007,2026-09-10,95,107,1,31.1,3000,1.0,110
TRN-03362,Express,COR-002,SEC-0014,2026-09-04,1165,1172,3,72.5,1400,10.1,100
TRN-03363,Express,COR-002,SEC-0020,2026-09-07,1221,1233,3,59.1,1400,5.3,100
TRN-03364,Passenger,COR-006,SEC-0060,2026-09-15,1300,1310,2,48.9,1200,10.8,120
TRN-03365,Express,COR-001,SEC-0004,2026-09-06,864,871,3,47.1,1400,8.5,80
TRN-03366,Superfast,COR-014,SEC-0132,2026-09-16,1243,1248,3,68.6,1600,11.2,100
TRN-03367,Superfast,COR-001,SEC-0009,2026-09-09,1152,1162,3,82.1,1600,9.8,100
TRN-03368,Express,COR-003,SEC-0021,2026-09-05,760,770,3,69.8,1400,9.9,110
TRN-03369,Superfast,COR-009,SEC-0083,2026-09-13,888,898,3,77.2,1600,13.4,80
TRN-03370,Express,COR-014,SEC-0136,2026-09-10,773,783,3,46.3,1400,6.5,80
TRN-03371,Passenger,COR-006,SEC-0058,2026-09-07,916,928,2,49.5,1200,9.9,80
TRN-03372,Freight,COR-011,SEC-0102,2026-09-16,417,432,1,39.5,3000,3.2,110
TRN-03373,Passenger,COR-012,SEC-0114,2026-09-11,144,151,2,62.2,1200,9.7,120
TRN-03374,Freight,COR-007,SEC-0070,2026-09-08,433,443,1,32.9,3000,10.7,100
TRN-03375,Freight,COR-013,SEC-0130,2026-09-08,565,577,1,34.8,3000,3.5,120
TRN-03376,Freight,COR-003,SEC-0028,2026-09-10,255,265,1,55.4,3000,6.5,80
TRN-03377,EMU,COR-010,SEC-0095,2026-09-10,444,464,2,80.2,900,15.6,130
TRN-03378,Superfast,COR-017,SEC-0167,2026-09-12,1056,1071,3,57.0,1600,10.7,80
TRN-03379,Express,COR-016,SEC-0153,2026-09-09,527,547,3,54.2,1400,8.3,100
TRN-03380,EMU,COR-013,SEC-0122,2026-09-15,1181,1188,2,86.7,900,11.4,100
TRN-03381,EMU,COR-019,SEC-0183,2026-09-11,1326,1333,2,68.7,900,8.6,110
TRN-03382,Freight,COR-006,SEC-0055,2026-09-16,1219,1224,1,36.3,3000,7.8,100
TRN-03383,Passenger,COR-006,SEC-0056,2026-09-07,931,941,2,93.1,1200,15.0,100
TRN-03384,Passenger,COR-011,SEC-0101,2026-09-06,145,152,2,75.3,1200,14.8,110
TRN-03385,EMU,COR-017,SEC-0166,2026-09-15,1291,1303,2,60.5,900,8.2,110
TRN-03386,EMU,COR-011,SEC-0107,2026-09-05,690,702,2,97.8,900,8.1,100
TRN-03387,Freight,COR-011,SEC-0104,2026-09-05,123,135,1,32.8,3000,4.4,100
TRN-03388,EMU,COR-005,SEC-0044,2026-09-14,908,918,2,45.1,900,11.3,130
TRN-03389,Superfast,COR-019,SEC-0182,2026-09-13,1318,1330,3,82.3,1600,17.0,80
TRN-03390,Passenger,COR-016,SEC-0155,2026-09-07,106,111,2,79.4,1200,10.9,100
TRN-03391,EMU,COR-014,SEC-0131,2026-09-16,147,159,2,88.2,900,12.5,80
TRN-03392,Express,COR-007,SEC-0061,2026-09-06,1325,1337,3,90.1,1400,12.7,130
TRN-03393,Express,COR-015,SEC-0145,2026-09-14,492,499,3,73.9,1400,6.1,120
TRN-03394,Superfast,COR-001,SEC-0006,2026-09-04,1375,1385,3,51.6,1600,4.9,120
TRN-03395,Passenger,COR-011,SEC-0104,2026-09-05,579,591,2,77.0,1200,9.3,100
TRN-03396,Express,COR-020,SEC-0197,2026-09-16,530,550,3,68.9,1400,15.7,110
TRN-03397,Passenger,COR-003,SEC-0027,2026-09-07,673,683,2,74.0,1200,9.4,100
TRN-03398,EMU,COR-002,SEC-0012,2026-09-07,250,257,2,76.0,900,12.4,80
TRN-03399,Passenger,COR-013,SEC-0125,2026-09-08,1103,1110,2,72.1,1200,8.0,100
TRN-03400,Express,COR-004,SEC-0031,2026-09-14,38,48,3,96.9,1400,14.1,100
TRN-03401,Express,COR-017,SEC-0166,2026-09-12,1080,1090,3,49.4,1400,6.9,110
TRN-03402,EMU,COR-005,SEC-0050,2026-09-16,209,216,2,53.9,900,14.5,100
TRN-03403,Passenger,COR-007,SEC-0063,2026-09-04,821,833,2,59.7,1200,9.9,80
TRN-03404,Freight,COR-008,SEC-0073,2026-09-16,1379,1391,1,47.6,3000,11.6,130
TRN-03405,Passenger,COR-009,SEC-0084,2026-09-03,732,742,2,63.3,1200,10.1,110
TRN-03406,EMU,COR-019,SEC-0188,2026-09-07,411,418,2,74.0,900,4.6,120
TRN-03407,Express,COR-005,SEC-0041,2026-09-08,712,719,3,81.0,1400,10.6,110
TRN-03408,Superfast,COR-002,SEC-0015,2026-09-12,1116,1121,3,56.4,1600,13.3,120
TRN-03409,Passenger,COR-009,SEC-0088,2026-09-16,773,783,2,85.0,1200,7.6,100
TRN-03410,EMU,COR-019,SEC-0183,2026-09-09,563,578,2,72.2,900,9.9,100
TRN-03411,EMU,COR-012,SEC-0111,2026-09-05,1423,1433,2,57.3,900,8.1,120
TRN-03412,Freight,COR-018,SEC-0178,2026-09-14,1251,1261,1,49.3,3000,7.7,100
TRN-03413,Express,COR-015,SEC-0147,2026-09-09,23,30,3,56.4,1400,10.9,110
TRN-03414,Superfast,COR-006,SEC-0055,2026-09-12,357,362,3,73.7,1600,3.6,120
TRN-03415,Passenger,COR-016,SEC-0157,2026-09-16,1305,1317,2,74.4,1200,11.6,120
TRN-03416,EMU,COR-007,SEC-0067,2026-09-14,1422,1434,2,86.7,900,13.3,110
TRN-03417,Express,COR-017,SEC-0170,2026-09-09,953,965,3,75.3,1400,14.0,100
TRN-03418,Superfast,COR-003,SEC-0028,2026-09-04,1164,1174,3,91.9,1600,14.8,100
TRN-03419,Superfast,COR-012,SEC-0118,2026-09-08,1403,1415,3,59.4,1600,7.1,130
TRN-03420,Passenger,COR-002,SEC-0017,2026-09-14,1347,1367,2,83.6,1200,8.9,100
TRN-03421,Express,COR-010,SEC-0091,2026-09-04,1035,1045,3,88.6,1400,4.2,110
TRN-03422,Superfast,COR-003,SEC-0021,2026-09-08,43,53,3,88.6,1600,4.1,130
TRN-03423,Superfast,COR-008,SEC-0071,2026-09-11,1232,1242,3,42.2,1600,8.2,110
TRN-03424,Passenger,COR-015,SEC-0147,2026-09-07,1106,1126,2,57.6,1200,7.9,110
TRN-03425,Superfast,COR-004,SEC-0031,2026-09-11,305,315,3,68.0,1600,8.4,80
TRN-03426,Express,COR-013,SEC-0130,2026-09-15,881,896,3,89.8,1400,9.2,120
TRN-03427,Express,COR-011,SEC-0106,2026-09-16,71,86,3,41.5,1400,7.4,100
TRN-03428,EMU,COR-020,SEC-0198,2026-09-04,1307,1312,2,25.0,900,5.6,130
TRN-03429,Passenger,COR-016,SEC-0156,2026-09-08,258,270,2,60.0,1200,8.0,120
TRN-03430,EMU,COR-008,SEC-0080,2026-09-06,68,83,2,76.2,900,13.2,110
TRN-03431,Superfast,COR-009,SEC-0090,2026-09-05,1164,1174,3,93.8,1600,13.9,110
TRN-03432,EMU,COR-018,SEC-0175,2026-09-03,1188,1203,2,79.6,900,10.8,120
TRN-03433,Freight,COR-010,SEC-0099,2026-09-08,835,847,1,10.2,3000,1.7,120
TRN-03434,Express,COR-002,SEC-0019,2026-09-13,274,281,3,77.3,1400,12.6,100
TRN-03435,Passenger,COR-011,SEC-0107,2026-09-13,940,950,2,70.1,1200,3.8,120
TRN-03436,EMU,COR-005,SEC-0045,2026-09-13,1379,1394,2,61.3,900,4.5,120
TRN-03437,Freight,COR-016,SEC-0159,2026-09-11,898,908,1,46.4,3000,9.3,80
TRN-03438,Freight,COR-010,SEC-0092,2026-09-09,415,422,1,34.8,3000,9.9,120
TRN-03439,Express,COR-012,SEC-0118,2026-09-16,812,819,3,82.1,1400,6.2,110
TRN-03440,EMU,COR-020,SEC-0200,2026-09-03,647,652,2,99.0,900,11.7,100
TRN-03441,Passenger,COR-012,SEC-0116,2026-09-13,258,273,2,35.0,1200,3.0,100
TRN-03442,Freight,COR-011,SEC-0106,2026-09-08,162,177,1,36.8,3000,9.2,110
TRN-03443,Freight,COR-018,SEC-0179,2026-09-10,508,518,1,32.1,3000,8.3,80
TRN-03444,Express,COR-005,SEC-0046,2026-09-11,532,539,3,29.6,1400,3.5,110
TRN-03445,Express,COR-006,SEC-0056,2026-09-15,540,550,3,79.0,1400,15.9,120
TRN-03446,Superfast,COR-001,SEC-0010,2026-09-07,290,300,3,79.9,1600,8.7,110
TRN-03447,Express,COR-010,SEC-0096,2026-09-06,1360,1365,3,54.4,1400,7.3,80
TRN-03448,Express,COR-003,SEC-0029,2026-09-15,1058,1070,3,78.4,1400,7.5,120
TRN-03449,Superfast,COR-001,SEC-0010,2026-09-16,61,73,3,57.6,1600,7.3,100
TRN-03450,Passenger,COR-017,SEC-0169,2026-09-15,845,860,2,25.0,1200,2.7,100
TRN-03451,EMU,COR-018,SEC-0178,2026-09-05,1088,1095,2,82.5,900,10.1,110
TRN-03452,Passenger,COR-010,SEC-0095,2026-09-11,1226,1231,2,60.9,1200,9.5,120
TRN-03453,Express,COR-001,SEC-0006,2026-09-12,1084,1104,3,74.0,1400,11.3,130
TRN-03454,EMU,COR-004,SEC-0033,2026-09-06,1175,1185,2,56.0,900,1.4,80
TRN-03455,Passenger,COR-004,SEC-0036,2026-09-13,1430,1439,2,61.2,1200,4.6,110
TRN-03456,Superfast,COR-001,SEC-0002,2026-09-12,159,166,3,48.8,1600,3.7,120
TRN-03457,Passenger,COR-008,SEC-0074,2026-09-06,343,350,2,77.9,1200,13.0,110
TRN-03458,Superfast,COR-012,SEC-0111,2026-09-16,430,442,3,85.2,1600,13.2,80
TRN-03459,Freight,COR-014,SEC-0137,2026-09-04,1156,1166,1,49.3,3000,11.2,110
TRN-03460,Passenger,COR-017,SEC-0166,2026-09-16,600,607,2,58.8,1200,13.5,100
TRN-03461,Passenger,COR-019,SEC-0182,2026-09-10,662,677,2,83.7,1200,18.2,110
TRN-03462,Freight,COR-006,SEC-0053,2026-09-04,1408,1415,1,11.0,3000,7.8,100
TRN-03463,EMU,COR-014,SEC-0135,2026-09-14,996,1011,2,62.9,900,12.0,130
TRN-03464,Passenger,COR-003,SEC-0030,2026-09-07,1217,1227,2,81.6,1200,6.9,110
TRN-03465,Superfast,COR-002,SEC-0013,2026-09-10,400,407,3,52.4,1600,10.6,120
TRN-03466,Passenger,COR-004,SEC-0032,2026-09-03,1274,1284,2,99.0,1200,11.2,120
TRN-03467,EMU,COR-010,SEC-0095,2026-09-15,537,552,2,75.9,900,7.7,110
TRN-03468,EMU,COR-008,SEC-0076,2026-09-03,1379,1386,2,62.6,900,9.0,120
TRN-03469,Express,COR-001,SEC-0010,2026-09-13,1213,1225,3,63.3,1400,9.9,120
TRN-03470,Superfast,COR-005,SEC-0048,2026-09-05,19,26,3,99.0,1600,14.9,130
TRN-03471,EMU,COR-010,SEC-0098,2026-09-09,1119,1131,2,74.1,900,11.6,110
TRN-03472,EMU,COR-012,SEC-0119,2026-09-07,709,721,2,48.2,900,7.8,110
TRN-03473,Passenger,COR-011,SEC-0109,2026-09-04,1154,1159,2,54.8,1200,5.7,120
TRN-03474,Passenger,COR-007,SEC-0064,2026-09-13,1373,1393,2,93.0,1200,12.5,100
TRN-03475,Superfast,COR-008,SEC-0074,2026-09-13,1210,1222,3,64.7,1600,13.8,130
TRN-03476,Superfast,COR-020,SEC-0195,2026-09-07,1144,1151,3,89.8,1600,12.8,120
TRN-03477,Express,COR-019,SEC-0182,2026-09-10,686,698,3,95.1,1400,9.9,110
TRN-03478,Express,COR-018,SEC-0171,2026-09-10,1026,1033,3,67.7,1400,5.4,80
TRN-03479,Superfast,COR-003,SEC-0030,2026-09-13,568,575,3,74.0,1600,13.3,80
TRN-03480,EMU,COR-012,SEC-0111,2026-09-14,1410,1425,2,43.4,900,12.9,130
TRN-03481,Superfast,COR-013,SEC-0126,2026-09-13,1180,1190,3,64.8,1600,7.4,120
TRN-03482,Freight,COR-004,SEC-0039,2026-09-15,1271,1278,1,30.3,3000,1.7,120
TRN-03483,Passenger,COR-003,SEC-0025,2026-09-09,239,244,2,88.6,1200,10.8,110
TRN-03484,Superfast,COR-017,SEC-0165,2026-09-11,711,718,3,67.3,1600,11.2,100
TRN-03485,Superfast,COR-017,SEC-0169,2026-09-07,766,773,3,90.2,1600,13.5,120
TRN-03486,Passenger,COR-018,SEC-0174,2026-09-06,626,641,2,52.8,1200,10.3,120
TRN-03487,Freight,COR-001,SEC-0004,2026-09-05,87,99,1,23.8,3000,6.1,80
TRN-03488,Passenger,COR-013,SEC-0129,2026-09-13,864,876,2,81.8,1200,10.8,100
TRN-03489,Passenger,COR-010,SEC-0095,2026-09-07,599,619,2,50.6,1200,5.9,100
TRN-03490,Freight,COR-007,SEC-0067,2026-09-16,316,336,1,60.2,3000,8.3,120
TRN-03491,Superfast,COR-008,SEC-0071,2026-09-07,1022,1032,3,99.0,1600,12.1,100
TRN-03492,Passenger,COR-011,SEC-0102,2026-09-15,1325,1335,2,81.2,1200,19.7,110
TRN-03493,Passenger,COR-003,SEC-0030,2026-09-12,1096,1108,2,83.9,1200,11.4,100
TRN-03494,Freight,COR-015,SEC-0143,2026-09-05,159,166,1,41.0,3000,8.3,80
TRN-03495,EMU,COR-001,SEC-0004,2026-09-11,397,404,2,80.5,900,9.1,80
TRN-03496,Express,COR-019,SEC-0188,2026-09-14,956,971,3,81.3,1400,13.2,80
TRN-03497,Passenger,COR-006,SEC-0052,2026-09-03,411,418,2,46.3,1200,7.9,120
TRN-03498,Express,COR-005,SEC-0041,2026-09-06,1062,1072,3,83.9,1400,4.3,110
TRN-03499,Freight,COR-005,SEC-0048,2026-09-16,1132,1152,1,38.7,3000,3.3,110
TRN-03500,EMU,COR-010,SEC-0098,2026-09-13,793,803,2,57.8,900,13.0,80
TRN-03501,Freight,COR-003,SEC-0021,2026-09-15,45,55,1,36.7,3000,4.9,110
TRN-03502,Superfast,COR-008,SEC-0077,2026-09-08,400,407,3,43.5,1600,8.9,100
TRN-03503,Superfast,COR-013,SEC-0129,2026-09-05,809,824,3,86.7,1600,9.5,120
TRN-03504,Express,COR-014,SEC-0137,2026-09-07,841,851,3,63.8,1400,8.2,130
TRN-03505,Passenger,COR-006,SEC-0054,2026-09-13,992,997,2,86.8,1200,9.0,110
TRN-03506,Passenger,COR-018,SEC-0177,2026-09-08,25,37,2,82.5,1200,10.4,120
TRN-03507,Passenger,COR-008,SEC-0075,2026-09-08,890,897,2,72.6,1200,12.0,100
TRN-03508,Freight,COR-010,SEC-0091,2026-09-10,301,316,1,25.0,3000,1.0,80
TRN-03509,Superfast,COR-002,SEC-0011,2026-09-09,43,63,3,63.0,1600,7.6,80
TRN-03510,Passenger,COR-015,SEC-0142,2026-09-10,388,403,2,87.4,1200,13.5,120
TRN-03511,Express,COR-018,SEC-0177,2026-09-05,71,91,3,65.4,1400,7.5,100
TRN-03512,Passenger,COR-012,SEC-0114,2026-09-10,927,934,2,97.6,1200,17.9,120
TRN-03513,EMU,COR-006,SEC-0053,2026-09-09,825,835,2,87.4,900,9.8,120
TRN-03514,Express,COR-007,SEC-0069,2026-09-08,1306,1313,3,72.1,1400,11.1,100
TRN-03515,Superfast,COR-002,SEC-0019,2026-09-05,319,326,3,70.7,1600,4.1,110
TRN-03516,Superfast,COR-012,SEC-0114,2026-09-04,221,233,3,67.2,1600,2.5,100
TRN-03517,Freight,COR-017,SEC-0169,2026-09-16,334,349,1,34.9,3000,8.0,130
TRN-03518,Freight,COR-006,SEC-0057,2026-09-13,565,570,1,38.3,3000,8.5,110
TRN-03519,Passenger,COR-012,SEC-0116,2026-09-16,310,330,2,87.2,1200,14.9,110
TRN-03520,Passenger,COR-004,SEC-0039,2026-09-12,1187,1207,2,64.3,1200,12.2,110
TRN-03521,Express,COR-007,SEC-0066,2026-09-10,1331,1341,3,74.9,1400,8.2,130
TRN-03522,Express,COR-018,SEC-0179,2026-09-13,1122,1137,3,67.9,1400,11.4,110
TRN-03523,Freight,COR-002,SEC-0015,2026-09-16,168,183,1,39.0,3000,9.1,80
TRN-03524,EMU,COR-013,SEC-0124,2026-09-16,529,536,2,93.7,900,11.2,120
TRN-03525,Passenger,COR-020,SEC-0200,2026-09-09,1344,1359,2,87.0,1200,11.3,100
TRN-03526,Express,COR-012,SEC-0114,2026-09-11,1280,1285,3,54.5,1400,9.5,80
TRN-03527,Passenger,COR-018,SEC-0173,2026-09-04,269,279,2,96.4,1200,8.7,100
TRN-03528,Passenger,COR-001,SEC-0007,2026-09-12,67,77,2,56.9,1200,12.7,130
TRN-03529,Passenger,COR-006,SEC-0051,2026-09-16,1202,1209,2,56.7,1200,5.2,120
TRN-03530,EMU,COR-001,SEC-0007,2026-09-06,103,118,2,60.8,900,8.4,110
TRN-03531,Superfast,COR-006,SEC-0053,2026-09-12,1210,1220,3,66.8,1600,10.8,110
TRN-03532,EMU,COR-004,SEC-0033,2026-09-13,891,901,2,81.0,900,14.4,120
TRN-03533,Superfast,COR-017,SEC-0165,2026-09-09,513,525,3,79.9,1600,10.2,80
TRN-03534,Express,COR-001,SEC-0009,2026-09-15,1228,1238,3,71.8,1400,10.2,110
TRN-03535,Superfast,COR-006,SEC-0053,2026-09-12,992,1002,3,76.0,1600,11.5,80
TRN-03536,Freight,COR-016,SEC-0158,2026-09-13,1109,1116,1,31.3,3000,5.6,110
TRN-03537,Superfast,COR-001,SEC-0009,2026-09-09,536,551,3,80.1,1600,12.9,100
TRN-03538,Passenger,COR-015,SEC-0150,2026-09-12,352,372,2,62.8,1200,12.4,120
TRN-03539,Superfast,COR-012,SEC-0118,2026-09-10,383,388,3,73.1,1600,11.0,100
TRN-03540,Freight,COR-018,SEC-0177,2026-09-14,11,23,1,33.6,3000,6.9,100
TRN-03541,Express,COR-005,SEC-0041,2026-09-11,885,892,3,64.4,1400,7.8,110
TRN-03542,Express,COR-010,SEC-0092,2026-09-07,172,182,3,99.0,1400,11.5,100
TRN-03543,EMU,COR-016,SEC-0151,2026-09-12,645,665,2,61.0,900,6.3,80
TRN-03544,Express,COR-018,SEC-0180,2026-09-05,481,496,3,78.5,1400,11.5,110
TRN-03545,Freight,COR-005,SEC-0044,2026-09-11,846,858,1,33.8,3000,2.9,120
TRN-03546,Express,COR-011,SEC-0101,2026-09-12,498,513,3,60.9,1400,9.3,120
TRN-03547,Passenger,COR-009,SEC-0087,2026-09-05,82,87,2,93.9,1200,10.3,130
TRN-03548,Passenger,COR-013,SEC-0128,2026-09-14,1129,1136,2,82.7,1200,10.7,100
TRN-03549,EMU,COR-007,SEC-0066,2026-09-12,996,1008,2,57.5,900,9.8,100
TRN-03550,Express,COR-016,SEC-0158,2026-09-12,698,710,3,70.9,1400,10.1,110
TRN-03551,Passenger,COR-007,SEC-0062,2026-09-15,713,718,2,74.8,1200,10.1,100
TRN-03552,Passenger,COR-007,SEC-0061,2026-09-10,757,764,2,74.3,1200,6.7,120
TRN-03553,EMU,COR-004,SEC-0033,2026-09-07,1404,1414,2,90.4,900,11.2,80
TRN-03554,Express,COR-018,SEC-0172,2026-09-12,159,166,3,96.3,1400,10.1,120
TRN-03555,EMU,COR-003,SEC-0028,2026-09-14,76,83,2,99.0,900,9.3,120
TRN-03556,Express,COR-011,SEC-0110,2026-09-08,91,98,3,81.8,1400,5.5,100
TRN-03557,Freight,COR-018,SEC-0171,2026-09-04,1290,1297,1,7.1,3000,8.9,110
TRN-03558,EMU,COR-016,SEC-0155,2026-09-11,820,835,2,88.9,900,11.1,80
TRN-03559,EMU,COR-001,SEC-0008,2026-09-16,1026,1046,2,70.5,900,10.1,80
TRN-03560,Superfast,COR-010,SEC-0091,2026-09-10,627,637,3,71.9,1600,10.4,120
TRN-03561,Superfast,COR-008,SEC-0075,2026-09-08,1343,1350,3,99.0,1600,15.5,110
TRN-03562,Freight,COR-015,SEC-0143,2026-09-10,1151,1163,1,44.2,3000,8.2,100
TRN-03563,Superfast,COR-009,SEC-0082,2026-09-07,998,1013,3,76.1,1600,9.3,80
TRN-03564,EMU,COR-003,SEC-0029,2026-09-09,163,170,2,79.4,900,7.4,110
TRN-03565,Express,COR-003,SEC-0021,2026-09-11,1417,1429,3,90.0,1400,7.6,110
TRN-03566,Passenger,COR-020,SEC-0193,2026-09-04,1158,1170,2,48.8,1200,5.9,110
TRN-03567,Express,COR-019,SEC-0189,2026-09-09,141,161,3,44.7,1400,7.6,110
TRN-03568,Express,COR-018,SEC-0175,2026-09-08,605,615,3,69.2,1400,10.7,120
TRN-03569,Superfast,COR-017,SEC-0165,2026-09-06,1381,1401,3,88.1,1600,9.8,120
TRN-03570,Passenger,COR-005,SEC-0046,2026-09-12,1252,1257,2,71.1,1200,7.5,100
TRN-03571,Freight,COR-008,SEC-0075,2026-09-05,417,437,1,60.8,3000,8.4,120
TRN-03572,Passenger,COR-013,SEC-0124,2026-09-04,40,45,2,51.2,1200,10.5,100
TRN-03573,Superfast,COR-002,SEC-0013,2026-09-15,433,438,3,70.3,1600,8.6,120
TRN-03574,Passenger,COR-006,SEC-0053,2026-09-13,1023,1033,2,90.1,1200,12.2,80
TRN-03575,Passenger,COR-002,SEC-0017,2026-09-07,1039,1049,2,73.2,1200,12.1,110
TRN-03576,Freight,COR-020,SEC-0198,2026-09-06,1255,1265,1,55.9,3000,2.3,110
TRN-03577,Freight,COR-015,SEC-0147,2026-09-16,907,914,1,41.5,3000,6.4,80
TRN-03578,Superfast,COR-013,SEC-0128,2026-09-13,468,473,3,51.9,1600,4.5,100
TRN-03579,Express,COR-014,SEC-0131,2026-09-11,951,958,3,80.0,1400,7.5,110
TRN-03580,Passenger,COR-016,SEC-0152,2026-09-10,1200,1207,2,53.0,1200,7.4,110
TRN-03581,Freight,COR-008,SEC-0074,2026-09-06,1207,1219,1,11.6,3000,1.0,110
TRN-03582,Passenger,COR-018,SEC-0175,2026-09-08,391,401,2,66.7,1200,8.3,110
TRN-03583,EMU,COR-017,SEC-0168,2026-09-13,521,528,2,71.8,900,13.7,110
TRN-03584,Express,COR-014,SEC-0132,2026-09-03,128,133,3,82.4,1400,6.4,80
TRN-03585,Superfast,COR-013,SEC-0126,2026-09-14,1130,1142,3,62.0,1600,9.3,120
TRN-03586,Passenger,COR-016,SEC-0160,2026-09-03,927,932,2,47.4,1200,8.7,120
TRN-03587,Superfast,COR-016,SEC-0156,2026-09-07,570,580,3,84.7,1600,11.3,120
TRN-03588,EMU,COR-010,SEC-0097,2026-09-10,348,358,2,55.7,900,7.4,80
TRN-03589,EMU,COR-008,SEC-0079,2026-09-15,1294,1301,2,74.3,900,11.6,80
TRN-03590,Freight,COR-013,SEC-0122,2026-09-04,476,496,1,35.4,3000,13.0,100
TRN-03591,Freight,COR-008,SEC-0076,2026-09-03,508,518,1,49.5,3000,6.0,80
TRN-03592,Passenger,COR-001,SEC-0010,2026-09-12,1014,1019,2,84.8,1200,11.3,110
TRN-03593,Express,COR-008,SEC-0076,2026-09-03,546,553,3,82.3,1400,14.7,110
TRN-03594,Superfast,COR-002,SEC-0020,2026-09-11,392,402,3,31.4,1600,4.4,80
TRN-03595,Passenger,COR-010,SEC-0091,2026-09-08,14,24,2,63.7,1200,10.8,120
TRN-03596,Freight,COR-015,SEC-0143,2026-09-14,485,495,1,38.4,3000,4.9,80
TRN-03597,Freight,COR-012,SEC-0117,2026-09-03,155,162,1,55.7,3000,7.7,110
TRN-03598,Superfast,COR-003,SEC-0025,2026-09-10,677,684,3,48.3,1600,10.7,100
TRN-03599,Passenger,COR-013,SEC-0126,2026-09-07,861,873,2,41.6,1200,7.5,80
TRN-03600,EMU,COR-011,SEC-0103,2026-09-03,1042,1052,2,53.5,900,9.9,100
TRN-03601,Express,COR-008,SEC-0072,2026-09-15,115,125,3,86.1,1400,7.4,110
TRN-03602,EMU,COR-003,SEC-0023,2026-09-06,1353,1363,2,58.3,900,6.8,110
TRN-03603,Passenger,COR-012,SEC-0118,2026-09-09,371,391,2,88.7,1200,11.2,130
TRN-03604,Express,COR-008,SEC-0077,2026-09-04,559,579,3,85.0,1400,4.6,100
TRN-03605,EMU,COR-011,SEC-0103,2026-09-08,452,462,2,65.9,900,14.0,130
TRN-03606,EMU,COR-014,SEC-0134,2026-09-10,931,936,2,77.7,900,11.6,80
TRN-03607,Passenger,COR-018,SEC-0171,2026-09-08,1360,1367,2,72.1,1200,10.9,110
TRN-03608,Superfast,COR-001,SEC-0004,2026-09-16,814,819,3,74.2,1600,8.9,120
TRN-03609,Superfast,COR-005,SEC-0046,2026-09-13,414,429,3,32.8,1600,3.9,110
TRN-03610,Freight,COR-009,SEC-0085,2026-09-11,1114,1126,1,35.1,3000,4.8,110
TRN-03611,Freight,COR-008,SEC-0071,2026-09-16,1292,1307,1,52.4,3000,11.0,120
TRN-03612,Passenger,COR-002,SEC-0014,2026-09-03,1354,1361,2,82.4,1200,9.4,100
TRN-03613,Superfast,COR-008,SEC-0074,2026-09-13,692,699,3,51.1,1600,4.1,110
TRN-03614,Passenger,COR-001,SEC-0007,2026-09-03,777,789,2,65.7,1200,6.1,110
TRN-03615,Superfast,COR-001,SEC-0003,2026-09-06,606,626,3,54.6,1600,5.0,80
TRN-03616,Freight,COR-001,SEC-0009,2026-09-06,412,427,1,32.4,3000,4.8,120
TRN-03617,Express,COR-004,SEC-0040,2026-09-08,123,133,3,46.5,1400,10.7,100
TRN-03618,Superfast,COR-002,SEC-0016,2026-09-05,506,516,3,46.0,1600,7.5,120
TRN-03619,Express,COR-017,SEC-0164,2026-09-03,567,574,3,86.2,1400,9.8,80
TRN-03620,EMU,COR-014,SEC-0135,2026-09-03,2,12,2,66.8,900,9.1,100
TRN-03621,Express,COR-016,SEC-0152,2026-09-05,781,793,3,48.2,1400,7.3,100
TRN-03622,Passenger,COR-009,SEC-0083,2026-09-05,700,712,2,67.3,1200,10.8,100
TRN-03623,Express,COR-019,SEC-0189,2026-09-03,975,982,3,77.3,1400,6.8,110
TRN-03624,Passenger,COR-015,SEC-0145,2026-09-07,700,720,2,86.1,1200,9.7,100
TRN-03625,Superfast,COR-002,SEC-0019,2026-09-15,1029,1049,3,47.6,1600,8.0,130
TRN-03626,Passenger,COR-001,SEC-0009,2026-09-03,620,630,2,85.0,1200,9.5,120
TRN-03627,EMU,COR-001,SEC-0005,2026-09-12,1271,1278,2,69.4,900,9.0,120
TRN-03628,Freight,COR-009,SEC-0090,2026-09-03,665,675,1,40.0,3000,11.0,110
TRN-03629,Passenger,COR-013,SEC-0129,2026-09-13,796,801,2,81.0,1200,12.1,110
TRN-03630,Freight,COR-006,SEC-0058,2026-09-16,418,428,1,65.8,3000,9.4,120
TRN-03631,EMU,COR-011,SEC-0101,2026-09-14,1196,1211,2,79.5,900,11.0,110
TRN-03632,EMU,COR-003,SEC-0029,2026-09-07,874,886,2,77.2,900,12.8,110
TRN-03633,Superfast,COR-009,SEC-0087,2026-09-13,335,342,3,60.4,1600,7.2,100
TRN-03634,Passenger,COR-019,SEC-0184,2026-09-08,702,712,2,70.2,1200,6.9,110
TRN-03635,EMU,COR-020,SEC-0193,2026-09-11,39,44,2,74.9,900,10.0,100
TRN-03636,Freight,COR-005,SEC-0045,2026-09-16,489,499,1,38.4,3000,6.7,100
TRN-03637,Express,COR-002,SEC-0013,2026-09-14,734,741,3,63.5,1400,9.1,110
TRN-03638,Freight,COR-013,SEC-0130,2026-09-09,130,137,1,64.0,3000,6.5,80
TRN-03639,Superfast,COR-008,SEC-0075,2026-09-08,856,861,3,81.7,1600,14.3,110
TRN-03640,Freight,COR-015,SEC-0146,2026-09-07,643,648,1,48.2,3000,13.1,120
TRN-03641,Express,COR-012,SEC-0114,2026-09-15,1149,1169,3,74.0,1400,11.1,110
TRN-03642,Superfast,COR-003,SEC-0022,2026-09-05,518,523,3,44.5,1600,5.7,80
TRN-03643,Passenger,COR-004,SEC-0040,2026-09-13,701,706,2,96.5,1200,14.2,110
TRN-03644,Freight,COR-006,SEC-0060,2026-09-09,1093,1113,1,54.2,3000,7.3,80
TRN-03645,EMU,COR-003,SEC-0026,2026-09-03,1226,1236,2,94.2,900,10.6,110
TRN-03646,Freight,COR-008,SEC-0072,2026-09-16,1309,1324,1,26.9,3000,4.6,110
TRN-03647,Freight,COR-009,SEC-0084,2026-09-05,989,1009,1,33.0,3000,2.8,100
TRN-03648,Superfast,COR-011,SEC-0104,2026-09-07,852,862,3,66.4,1600,4.3,120
TRN-03649,Superfast,COR-008,SEC-0079,2026-09-14,873,883,3,81.9,1600,12.2,80
TRN-03650,EMU,COR-020,SEC-0194,2026-09-13,487,499,2,48.6,900,1.0,100
TRN-03651,Express,COR-018,SEC-0176,2026-09-09,746,753,3,72.8,1400,11.7,100
TRN-03652,EMU,COR-005,SEC-0046,2026-09-13,551,566,2,89.1,900,14.6,110
TRN-03653,Passenger,COR-011,SEC-0105,2026-09-15,944,949,2,54.3,1200,8.0,80
TRN-03654,Express,COR-012,SEC-0115,2026-09-07,541,561,3,68.5,1400,5.2,120
TRN-03655,EMU,COR-002,SEC-0015,2026-09-03,935,942,2,58.3,900,9.9,110
TRN-03656,EMU,COR-009,SEC-0083,2026-09-10,1435,1439,2,76.1,900,13.0,110
TRN-03657,Express,COR-020,SEC-0198,2026-09-09,298,308,3,78.5,1400,5.7,80
TRN-03658,Superfast,COR-017,SEC-0164,2026-09-13,796,801,3,80.8,1600,3.1,100
TRN-03659,Freight,COR-005,SEC-0048,2026-09-09,718,733,1,48.3,3000,6.5,120
TRN-03660,Superfast,COR-018,SEC-0178,2026-09-11,846,866,3,66.6,1600,7.5,110
TRN-03661,Superfast,COR-005,SEC-0048,2026-09-15,1023,1028,3,46.7,1600,17.6,100
TRN-03662,Passenger,COR-017,SEC-0162,2026-09-07,154,164,2,85.4,1200,6.1,100
TRN-03663,Freight,COR-018,SEC-0172,2026-09-04,947,952,1,33.3,3000,4.0,80
TRN-03664,Passenger,COR-001,SEC-0002,2026-09-12,1043,1053,2,89.5,1200,15.2,110
TRN-03665,Passenger,COR-009,SEC-0089,2026-09-13,1179,1189,2,62.6,1200,10.7,110
TRN-03666,Freight,COR-014,SEC-0134,2026-09-05,301,311,1,45.7,3000,8.3,130
TRN-03667,Freight,COR-017,SEC-0164,2026-09-10,584,604,1,16.8,3000,4.6,120
TRN-03668,EMU,COR-005,SEC-0048,2026-09-05,1309,1319,2,83.0,900,9.3,80
TRN-03669,Passenger,COR-007,SEC-0065,2026-09-06,462,474,2,60.4,1200,11.9,110
TRN-03670,Superfast,COR-012,SEC-0114,2026-09-06,328,340,3,67.3,1600,8.9,110
TRN-03671,Freight,COR-003,SEC-0030,2026-09-11,447,459,1,48.0,3000,7.5,110
TRN-03672,EMU,COR-006,SEC-0060,2026-09-03,1097,1112,2,75.0,900,9.5,110
TRN-03673,Superfast,COR-004,SEC-0032,2026-09-09,658,668,3,48.6,1600,9.5,100
TRN-03674,Superfast,COR-017,SEC-0165,2026-09-07,920,930,3,64.0,1600,9.7,110
TRN-03675,EMU,COR-018,SEC-0172,2026-09-09,1074,1086,2,81.1,900,6.3,100
TRN-03676,Passenger,COR-018,SEC-0177,2026-09-06,1084,1096,2,60.7,1200,9.4,80
TRN-03677,EMU,COR-004,SEC-0037,2026-09-09,936,951,2,49.2,900,12.2,110
TRN-03678,Superfast,COR-014,SEC-0134,2026-09-13,1050,1055,3,68.0,1600,8.4,110
TRN-03679,Passenger,COR-009,SEC-0090,2026-09-07,72,87,2,70.1,1200,7.7,100
TRN-03680,Passenger,COR-013,SEC-0123,2026-09-15,627,642,2,83.0,1200,10.2,110
TRN-03681,Passenger,COR-005,SEC-0043,2026-09-12,485,500,2,60.4,1200,10.3,110
TRN-03682,EMU,COR-013,SEC-0124,2026-09-07,815,827,2,91.0,900,10.3,100
TRN-03683,Freight,COR-006,SEC-0060,2026-09-12,965,970,1,31.5,3000,3.4,120
TRN-03684,Superfast,COR-011,SEC-0109,2026-09-09,564,579,3,66.1,1600,11.5,110
TRN-03685,EMU,COR-013,SEC-0130,2026-09-04,449,459,2,62.9,900,7.6,80
TRN-03686,Superfast,COR-003,SEC-0024,2026-09-12,1115,1125,3,62.5,1600,9.2,130
TRN-03687,Superfast,COR-014,SEC-0138,2026-09-08,879,894,3,72.4,1600,10.5,110
TRN-03688,Passenger,COR-017,SEC-0162,2026-09-04,1206,1216,2,70.4,1200,15.3,120
TRN-03689,Passenger,COR-006,SEC-0058,2026-09-03,1418,1425,2,75.0,1200,15.3,110
TRN-03690,EMU,COR-003,SEC-0022,2026-09-06,222,232,2,81.8,900,5.3,130
TRN-03691,Passenger,COR-001,SEC-0007,2026-09-10,226,246,2,64.7,1200,12.5,100
TRN-03692,EMU,COR-002,SEC-0011,2026-09-07,944,964,2,69.3,900,6.6,110
TRN-03693,Freight,COR-013,SEC-0126,2026-09-11,1102,1112,1,36.7,3000,9.9,120
TRN-03694,Superfast,COR-017,SEC-0165,2026-09-05,793,798,3,68.2,1600,5.5,80
TRN-03695,Express,COR-008,SEC-0076,2026-09-12,693,700,3,65.3,1400,8.5,80
TRN-03696,Superfast,COR-016,SEC-0155,2026-09-07,426,433,3,90.4,1600,12.7,80
TRN-03697,Superfast,COR-008,SEC-0078,2026-09-16,206,216,3,59.4,1600,9.6,110
TRN-03698,Passenger,COR-014,SEC-0138,2026-09-15,446,466,2,86.8,1200,11.0,100
TRN-03699,Express,COR-015,SEC-0148,2026-09-15,50,57,3,66.3,1400,12.2,80
TRN-03700,Express,COR-015,SEC-0148,2026-09-05,559,569,3,43.7,1400,7.8,120
TRN-03701,Express,COR-016,SEC-0151,2026-09-05,1373,1393,3,68.4,1400,10.0,80
TRN-03702,Freight,COR-013,SEC-0128,2026-09-09,713,723,1,61.0,3000,8.0,130
TRN-03703,Superfast,COR-009,SEC-0081,2026-09-10,753,763,3,84.4,1600,10.9,80
TRN-03704,Superfast,COR-003,SEC-0025,2026-09-05,412,424,3,58.1,1600,6.3,120
TRN-03705,Express,COR-004,SEC-0035,2026-09-16,1041,1053,3,94.4,1400,10.0,100
TRN-03706,EMU,COR-001,SEC-0009,2026-09-10,115,127,2,71.8,900,10.7,110
TRN-03707,EMU,COR-010,SEC-0100,2026-09-07,305,317,2,70.2,900,11.4,110
TRN-03708,Express,COR-007,SEC-0069,2026-09-11,81,91,3,64.5,1400,9.0,100
TRN-03709,Superfast,COR-016,SEC-0160,2026-09-06,862,872,3,97.7,1600,7.9,130
TRN-03710,Express,COR-002,SEC-0015,2026-09-16,993,1005,3,71.6,1400,13.1,110
TRN-03711,Freight,COR-013,SEC-0124,2026-09-14,223,230,1,34.7,3000,7.0,110
TRN-03712,Express,COR-006,SEC-0057,2026-09-16,467,482,3,64.8,1400,15.9,110
TRN-03713,Freight,COR-015,SEC-0143,2026-09-05,139,144,1,13.4,3000,5.4,100
TRN-03714,Freight,COR-003,SEC-0028,2026-09-08,206,213,1,40.5,3000,8.5,80
TRN-03715,EMU,COR-014,SEC-0137,2026-09-07,477,484,2,78.3,900,12.2,120
TRN-03716,EMU,COR-012,SEC-0111,2026-09-08,603,613,2,88.8,900,11.4,110
TRN-03717,Freight,COR-008,SEC-0071,2026-09-04,397,412,1,34.2,3000,4.1,100
TRN-03718,Passenger,COR-017,SEC-0170,2026-09-10,867,874,2,61.2,1200,8.9,110
TRN-03719,Passenger,COR-006,SEC-0057,2026-09-07,85,90,2,83.6,1200,9.0,110
TRN-03720,Passenger,COR-020,SEC-0194,2026-09-06,801,811,2,80.2,1200,5.9,110
TRN-03721,Express,COR-007,SEC-0061,2026-09-14,1175,1180,3,99.0,1400,10.4,110
TRN-03722,Passenger,COR-009,SEC-0088,2026-09-15,1130,1140,2,57.7,1200,12.6,130
TRN-03723,Superfast,COR-006,SEC-0054,2026-09-15,127,137,3,73.5,1600,11.7,110
TRN-03724,Passenger,COR-017,SEC-0163,2026-09-09,1329,1339,2,71.2,1200,10.7,110
TRN-03725,Passenger,COR-003,SEC-0025,2026-09-15,46,58,2,66.9,1200,8.1,100
TRN-03726,Freight,COR-019,SEC-0187,2026-09-14,94,106,1,31.2,3000,7.2,120
TRN-03727,Express,COR-018,SEC-0171,2026-09-08,334,339,3,70.0,1400,4.5,120
TRN-03728,Express,COR-019,SEC-0190,2026-09-15,428,435,3,80.6,1400,13.0,80
TRN-03729,EMU,COR-014,SEC-0138,2026-09-09,708,720,2,95.2,900,12.7,120
TRN-03730,Freight,COR-004,SEC-0040,2026-09-09,1058,1068,1,18.1,3000,1.0,120
TRN-03731,Passenger,COR-015,SEC-0150,2026-09-10,1294,1306,2,53.5,1200,12.6,110
TRN-03732,EMU,COR-011,SEC-0107,2026-09-05,1146,1153,2,67.5,900,10.7,100
TRN-03733,Freight,COR-016,SEC-0158,2026-09-08,1392,1412,1,35.0,3000,7.0,80
TRN-03734,Express,COR-007,SEC-0062,2026-09-03,1247,1252,3,67.8,1400,4.0,110
TRN-03735,Superfast,COR-011,SEC-0103,2026-09-15,1083,1090,3,99.0,1600,6.5,120
TRN-03736,Passenger,COR-008,SEC-0072,2026-09-05,221,228,2,65.1,1200,10.3,130
TRN-03737,EMU,COR-007,SEC-0066,2026-09-13,1165,1172,2,55.8,900,5.3,110
TRN-03738,Freight,COR-011,SEC-0106,2026-09-15,925,937,1,32.7,3000,8.7,80
TRN-03739,Passenger,COR-004,SEC-0033,2026-09-10,1354,1361,2,78.9,1200,14.9,80
TRN-03740,Superfast,COR-002,SEC-0013,2026-09-10,815,825,3,63.4,1600,8.1,130
TRN-03741,Freight,COR-018,SEC-0178,2026-09-05,527,539,1,40.5,3000,8.9,100
TRN-03742,Express,COR-017,SEC-0169,2026-09-07,117,124,3,74.9,1400,10.7,120
TRN-03743,Superfast,COR-010,SEC-0100,2026-09-14,736,741,3,71.7,1600,4.7,80
TRN-03744,EMU,COR-019,SEC-0188,2026-09-10,761,773,2,80.7,900,9.1,110
TRN-03745,Freight,COR-002,SEC-0015,2026-09-15,941,951,1,18.7,3000,7.5,120
TRN-03746,Passenger,COR-006,SEC-0057,2026-09-04,29,34,2,64.2,1200,6.7,120
TRN-03747,Freight,COR-013,SEC-0127,2026-09-09,1255,1262,1,45.9,3000,6.3,120
TRN-03748,Express,COR-016,SEC-0159,2026-09-16,1165,1172,3,45.5,1400,1.0,130
TRN-03749,EMU,COR-006,SEC-0057,2026-09-14,464,469,2,48.9,900,4.2,120
TRN-03750,Superfast,COR-009,SEC-0089,2026-09-13,216,226,3,76.0,1600,10.0,100
TRN-03751,Freight,COR-017,SEC-0164,2026-09-12,173,178,1,38.6,3000,3.8,110
TRN-03752,Freight,COR-002,SEC-0020,2026-09-03,1211,1231,1,21.3,3000,7.5,110
TRN-03753,Express,COR-013,SEC-0127,2026-09-11,69,79,3,68.8,1400,7.7,120
TRN-03754,Freight,COR-005,SEC-0042,2026-09-09,1056,1071,1,15.0,3000,9.1,120
TRN-03755,Express,COR-005,SEC-0045,2026-09-07,537,547,3,92.9,1400,10.5,100
TRN-03756,Express,COR-006,SEC-0059,2026-09-15,795,815,3,25.0,1400,4.0,110
TRN-03757,Freight,COR-019,SEC-0190,2026-09-04,805,812,1,67.8,3000,12.8,110
TRN-03758,Passenger,COR-008,SEC-0078,2026-09-03,341,348,2,75.0,1200,7.8,120
TRN-03759,Passenger,COR-020,SEC-0199,2026-09-06,290,297,2,83.0,1200,6.0,100
TRN-03760,Freight,COR-011,SEC-0110,2026-09-06,1115,1125,1,54.6,3000,8.5,110
TRN-03761,Passenger,COR-008,SEC-0074,2026-09-07,1245,1252,2,87.0,1200,8.0,110
TRN-03762,Freight,COR-017,SEC-0163,2026-09-16,901,911,1,40.0,3000,5.4,120
TRN-03763,Superfast,COR-013,SEC-0123,2026-09-05,54,59,3,96.0,1600,13.3,120
TRN-03764,Superfast,COR-007,SEC-0066,2026-09-09,1075,1085,3,76.5,1600,9.2,80
TRN-03765,EMU,COR-011,SEC-0101,2026-09-07,1093,1113,2,57.2,900,8.9,100
TRN-03766,EMU,COR-017,SEC-0165,2026-09-07,183,193,2,77.4,900,9.8,130
TRN-03767,EMU,COR-016,SEC-0157,2026-09-15,1328,1338,2,96.9,900,13.5,110
TRN-03768,Passenger,COR-010,SEC-0098,2026-09-13,520,530,2,62.5,1200,10.8,100
TRN-03769,Freight,COR-009,SEC-0087,2026-09-10,959,966,1,37.3,3000,5.8,100
TRN-03770,Express,COR-001,SEC-0001,2026-09-12,698,705,3,54.7,1400,5.4,110
TRN-03771,Passenger,COR-020,SEC-0196,2026-09-05,460,470,2,96.6,1200,11.8,110
TRN-03772,Express,COR-016,SEC-0154,2026-09-08,1414,1419,3,91.1,1400,13.4,130
TRN-03773,Superfast,COR-014,SEC-0139,2026-09-15,945,955,3,86.7,1600,11.8,80
TRN-03774,Freight,COR-002,SEC-0018,2026-09-13,1311,1316,1,31.1,3000,5.4,120
TRN-03775,Freight,COR-008,SEC-0072,2026-09-05,1089,1096,1,32.5,3000,10.6,120
TRN-03776,Superfast,COR-014,SEC-0136,2026-09-03,829,841,3,53.6,1600,10.6,100
TRN-03777,Superfast,COR-011,SEC-0110,2026-09-14,428,448,3,68.9,1600,12.7,110
TRN-03778,Freight,COR-004,SEC-0035,2026-09-11,556,566,1,25.3,3000,9.0,100
TRN-03779,Freight,COR-014,SEC-0135,2026-09-10,817,837,1,39.6,3000,1.5,100
TRN-03780,Express,COR-013,SEC-0124,2026-09-09,21,33,3,99.0,1400,11.7,80
TRN-03781,Passenger,COR-020,SEC-0200,2026-09-05,651,656,2,78.6,1200,8.1,120
TRN-03782,Express,COR-020,SEC-0195,2026-09-09,1227,1237,3,66.2,1400,7.1,80
TRN-03783,EMU,COR-012,SEC-0113,2026-09-05,378,383,2,57.4,900,7.5,110
TRN-03784,Freight,COR-009,SEC-0083,2026-09-12,1256,1263,1,5.0,3000,6.1,110
TRN-03785,Passenger,COR-019,SEC-0189,2026-09-04,558,570,2,61.9,1200,8.4,110
TRN-03786,Freight,COR-009,SEC-0089,2026-09-11,783,788,1,49.6,3000,7.4,110
TRN-03787,Passenger,COR-012,SEC-0114,2026-09-15,499,519,2,69.3,1200,9.3,130
TRN-03788,EMU,COR-005,SEC-0043,2026-09-07,454,461,2,73.3,900,11.5,130
TRN-03789,EMU,COR-007,SEC-0069,2026-09-03,325,335,2,80.9,900,8.6,110
TRN-03790,Superfast,COR-018,SEC-0175,2026-09-06,698,718,3,68.8,1600,11.1,120
TRN-03791,Passenger,COR-016,SEC-0151,2026-09-08,1083,1098,2,87.4,1200,11.4,110
TRN-03792,Passenger,COR-003,SEC-0023,2026-09-16,1141,1151,2,82.7,1200,8.2,110
TRN-03793,Passenger,COR-020,SEC-0196,2026-09-04,701,708,2,86.6,1200,9.7,110
TRN-03794,Freight,COR-005,SEC-0044,2026-09-07,295,302,1,25.6,3000,3.9,120
TRN-03795,Passenger,COR-004,SEC-0031,2026-09-04,1068,1078,2,80.0,1200,5.3,100
TRN-03796,EMU,COR-011,SEC-0101,2026-09-03,1362,1367,2,70.2,900,8.1,110
TRN-03797,Passenger,COR-014,SEC-0136,2026-09-07,1185,1200,2,61.8,1200,4.9,80
TRN-03798,Passenger,COR-014,SEC-0136,2026-09-07,722,727,2,65.7,1200,1.3,130
TRN-03799,Passenger,COR-013,SEC-0128,2026-09-05,1272,1284,2,85.2,1200,12.9,120
TRN-03800,Freight,COR-004,SEC-0032,2026-09-16,695,710,1,33.8,3000,8.8,120
TRN-03801,Express,COR-011,SEC-0109,2026-09-09,1089,1101,3,57.7,1400,10.9,120
TRN-03802,Superfast,COR-020,SEC-0197,2026-09-10,673,680,3,62.1,1600,9.3,80
TRN-03803,Superfast,COR-019,SEC-0188,2026-09-09,735,745,3,56.4,1600,6.8,110
TRN-03804,Express,COR-002,SEC-0012,2026-09-06,1105,1117,3,72.0,1400,10.1,120
TRN-03805,Express,COR-018,SEC-0180,2026-09-12,1118,1130,3,64.3,1400,5.8,80
TRN-03806,Superfast,COR-009,SEC-0081,2026-09-13,352,367,3,69.1,1600,8.0,110
TRN-03807,Superfast,COR-004,SEC-0038,2026-09-12,478,488,3,60.1,1600,11.9,100
TRN-03808,Freight,COR-017,SEC-0170,2026-09-06,922,932,1,62.6,3000,8.1,100
TRN-03809,Freight,COR-013,SEC-0124,2026-09-12,830,850,1,31.2,3000,6.9,110
TRN-03810,Passenger,COR-016,SEC-0160,2026-09-07,499,519,2,80.6,1200,10.2,80
TRN-03811,Passenger,COR-016,SEC-0154,2026-09-05,514,529,2,99.0,1200,12.4,100
TRN-03812,Freight,COR-008,SEC-0077,2026-09-12,152,167,1,46.4,3000,6.2,110
TRN-03813,Express,COR-019,SEC-0182,2026-09-15,988,1003,3,59.7,1400,11.0,110
TRN-03814,Passenger,COR-017,SEC-0169,2026-09-08,667,679,2,56.0,1200,7.8,110
TRN-03815,EMU,COR-014,SEC-0140,2026-09-05,1014,1024,2,65.7,900,8.1,110
TRN-03816,EMU,COR-008,SEC-0073,2026-09-13,407,414,2,74.0,900,11.0,110
TRN-03817,Superfast,COR-017,SEC-0162,2026-09-11,373,385,3,60.0,1600,9.1,120
TRN-03818,Express,COR-003,SEC-0025,2026-09-14,933,943,3,68.7,1400,10.0,130
TRN-03819,Passenger,COR-001,SEC-0005,2026-09-06,874,879,2,81.6,1200,7.2,110
TRN-03820,Freight,COR-020,SEC-0191,2026-09-08,32,37,1,31.1,3000,1.6,100
TRN-03821,Freight,COR-006,SEC-0051,2026-09-12,300,310,1,30.0,3000,7.2,120
TRN-03822,EMU,COR-018,SEC-0173,2026-09-04,408,423,2,74.0,900,9.0,120
TRN-03823,Freight,COR-003,SEC-0023,2026-09-11,546,553,1,24.1,3000,1.0,100
TRN-03824,Passenger,COR-006,SEC-0054,2026-09-03,1144,1154,2,70.8,1200,10.1,130
TRN-03825,Superfast,COR-006,SEC-0054,2026-09-12,223,230,3,88.7,1600,13.9,110
TRN-03826,Superfast,COR-020,SEC-0194,2026-09-06,657,662,3,48.2,1600,6.4,110
TRN-03827,Freight,COR-018,SEC-0173,2026-09-14,586,593,1,6.4,3000,1.0,120
TRN-03828,EMU,COR-018,SEC-0179,2026-09-11,523,533,2,61.2,900,6.8,80
TRN-03829,Express,COR-012,SEC-0116,2026-09-12,1417,1427,3,70.5,1400,9.3,100
TRN-03830,Passenger,COR-001,SEC-0005,2026-09-10,811,831,2,25.0,1200,9.6,100
TRN-03831,Passenger,COR-014,SEC-0132,2026-09-09,261,268,2,72.1,1200,14.7,100
TRN-03832,Passenger,COR-002,SEC-0014,2026-09-03,877,887,2,54.2,1200,9.4,120
TRN-03833,EMU,COR-009,SEC-0085,2026-09-15,289,309,2,60.0,900,6.1,100
TRN-03834,Express,COR-015,SEC-0145,2026-09-07,354,359,3,51.0,1400,5.5,110
TRN-03835,EMU,COR-011,SEC-0107,2026-09-07,265,277,2,62.4,900,6.5,100
TRN-03836,EMU,COR-001,SEC-0010,2026-09-05,995,1007,2,41.3,900,4.7,120
TRN-03837,EMU,COR-011,SEC-0104,2026-09-10,160,172,2,57.2,900,12.0,80
TRN-03838,Superfast,COR-006,SEC-0059,2026-09-10,774,789,3,72.8,1600,14.3,80
TRN-03839,EMU,COR-013,SEC-0127,2026-09-05,1382,1387,2,63.1,900,7.0,110
TRN-03840,Superfast,COR-004,SEC-0037,2026-09-11,106,118,3,89.3,1600,15.1,80
TRN-03841,Express,COR-013,SEC-0122,2026-09-12,703,710,3,48.6,1400,10.4,100
TRN-03842,Passenger,COR-003,SEC-0025,2026-09-08,429,441,2,60.0,1200,8.1,120
TRN-03843,Freight,COR-012,SEC-0118,2026-09-05,317,329,1,53.3,3000,9.1,100
TRN-03844,Superfast,COR-011,SEC-0104,2026-09-13,889,899,3,76.6,1600,14.5,80
TRN-03845,Passenger,COR-006,SEC-0057,2026-09-03,894,901,2,89.9,1200,9.1,80
TRN-03846,EMU,COR-009,SEC-0084,2026-09-12,764,771,2,99.0,900,12.1,110
TRN-03847,Superfast,COR-004,SEC-0032,2026-09-03,935,945,3,53.3,1600,3.6,100
TRN-03848,Passenger,COR-018,SEC-0180,2026-09-04,806,811,2,86.1,1200,10.3,100
TRN-03849,Freight,COR-016,SEC-0160,2026-09-12,371,376,1,16.8,3000,11.2,130
TRN-03850,Freight,COR-001,SEC-0003,2026-09-10,591,611,1,5.0,3000,2.7,110
TRN-03851,Superfast,COR-003,SEC-0027,2026-09-11,923,930,3,86.9,1600,14.2,120
TRN-03852,Superfast,COR-016,SEC-0159,2026-09-08,920,927,3,63.5,1600,12.2,110
TRN-03853,Freight,COR-002,SEC-0017,2026-09-04,1141,1148,1,25.7,3000,5.8,130
TRN-03854,Passenger,COR-020,SEC-0198,2026-09-11,666,673,2,58.5,1200,5.1,110
TRN-03855,Passenger,COR-015,SEC-0145,2026-09-04,1360,1370,2,64.5,1200,12.3,100
TRN-03856,Superfast,COR-011,SEC-0103,2026-09-12,448,458,3,57.2,1600,10.5,120
TRN-03857,Freight,COR-019,SEC-0183,2026-09-07,251,263,1,27.8,3000,4.4,120
TRN-03858,Freight,COR-005,SEC-0050,2026-09-08,1362,1367,1,36.4,3000,11.2,110
TRN-03859,Superfast,COR-014,SEC-0133,2026-09-07,1077,1097,3,90.9,1600,10.8,130
TRN-03860,Freight,COR-017,SEC-0161,2026-09-05,487,502,1,35.3,3000,3.4,80
TRN-03861,EMU,COR-011,SEC-0105,2026-09-11,1395,1400,2,74.0,900,14.4,100
TRN-03862,Passenger,COR-017,SEC-0164,2026-09-10,208,228,2,79.1,1200,16.1,120
TRN-03863,EMU,COR-005,SEC-0047,2026-09-12,1331,1341,2,93.9,900,1.9,100
TRN-03864,Freight,COR-001,SEC-0003,2026-09-15,1193,1203,1,39.4,3000,1.2,80
TRN-03865,Superfast,COR-018,SEC-0173,2026-09-10,1150,1160,3,86.7,1600,12.5,100
TRN-03866,Passenger,COR-002,SEC-0014,2026-09-05,628,643,2,75.5,1200,3.6,80
TRN-03867,Passenger,COR-015,SEC-0143,2026-09-06,249,259,2,69.5,1200,13.0,120
TRN-03868,Passenger,COR-019,SEC-0183,2026-09-05,68,75,2,90.7,1200,12.3,80
TRN-03869,EMU,COR-003,SEC-0030,2026-09-08,631,651,2,69.6,900,14.8,100
TRN-03870,Passenger,COR-012,SEC-0116,2026-09-16,152,159,2,54.5,1200,3.3,80
TRN-03871,Freight,COR-004,SEC-0039,2026-09-13,408,415,1,37.0,3000,7.5,120
TRN-03872,Express,COR-019,SEC-0187,2026-09-09,651,663,3,94.7,1400,11.0,100
TRN-03873,Superfast,COR-014,SEC-0135,2026-09-05,105,115,3,50.9,1600,8.1,80
TRN-03874,EMU,COR-012,SEC-0119,2026-09-13,129,144,2,80.0,900,18.2,100
TRN-03875,Superfast,COR-014,SEC-0131,2026-09-08,618,638,3,67.6,1600,8.0,110
TRN-03876,Superfast,COR-003,SEC-0026,2026-09-03,414,429,3,65.4,1600,7.6,120
TRN-03877,Superfast,COR-014,SEC-0133,2026-09-07,1248,1263,3,69.9,1600,11.5,100
TRN-03878,EMU,COR-013,SEC-0130,2026-09-10,741,753,2,64.0,900,13.3,130
TRN-03879,Passenger,COR-015,SEC-0149,2026-09-09,1141,1151,2,90.9,1200,12.3,120
TRN-03880,Express,COR-011,SEC-0101,2026-09-04,532,544,3,74.7,1400,11.6,80
TRN-03881,Superfast,COR-008,SEC-0078,2026-09-12,286,291,3,70.1,1600,7.5,100
TRN-03882,EMU,COR-019,SEC-0184,2026-09-16,1233,1248,2,82.6,900,13.3,110
TRN-03883,EMU,COR-011,SEC-0106,2026-09-13,1048,1058,2,64.2,900,10.8,100
TRN-03884,Express,COR-006,SEC-0055,2026-09-07,952,964,3,76.0,1400,12.7,110
TRN-03885,Superfast,COR-018,SEC-0174,2026-09-08,12,27,3,54.5,1600,9.8,110
TRN-03886,Passenger,COR-010,SEC-0097,2026-09-08,587,607,2,99.0,1200,13.5,120
TRN-03887,Freight,COR-007,SEC-0062,2026-09-08,1349,1354,1,19.8,3000,7.5,120
TRN-03888,Superfast,COR-020,SEC-0192,2026-09-15,1283,1290,3,43.4,1600,7.1,80
TRN-03889,Superfast,COR-004,SEC-0037,2026-09-14,99,106,3,99.0,1600,10.2,120
TRN-03890,EMU,COR-009,SEC-0084,2026-09-15,15,25,2,80.6,900,13.4,100
TRN-03891,Passenger,COR-016,SEC-0156,2026-09-16,421,426,2,68.3,1200,6.3,120
TRN-03892,Superfast,COR-014,SEC-0138,2026-09-06,1170,1185,3,63.5,1600,8.5,120
TRN-03893,Superfast,COR-016,SEC-0158,2026-09-03,691,701,3,79.9,1600,12.5,110
TRN-03894,EMU,COR-016,SEC-0151,2026-09-10,850,857,2,62.1,900,4.4,100
TRN-03895,Freight,COR-004,SEC-0036,2026-09-04,1151,1163,1,5.0,3000,9.8,100
TRN-03896,Passenger,COR-012,SEC-0118,2026-09-09,1091,1098,2,58.9,1200,13.1,110
TRN-03897,Superfast,COR-013,SEC-0128,2026-09-12,817,829,3,85.2,1600,14.9,110
TRN-03898,Express,COR-018,SEC-0174,2026-09-16,344,354,3,46.1,1400,5.8,100
TRN-03899,Express,COR-003,SEC-0026,2026-09-05,341,351,3,50.9,1400,4.2,100
TRN-03900,Passenger,COR-004,SEC-0034,2026-09-12,578,590,2,85.4,1200,2.6,110
TRN-03901,Passenger,COR-015,SEC-0141,2026-09-16,278,288,2,75.4,1200,10.4,130
TRN-03902,Express,COR-003,SEC-0024,2026-09-14,340,352,3,89.3,1400,14.1,100
TRN-03903,Passenger,COR-020,SEC-0192,2026-09-04,792,812,2,81.9,1200,8.3,110
TRN-03904,Superfast,COR-004,SEC-0037,2026-09-09,160,172,3,46.1,1600,5.1,100
TRN-03905,Freight,COR-020,SEC-0191,2026-09-06,1343,1353,1,54.1,3000,7.3,100
TRN-03906,Passenger,COR-006,SEC-0059,2026-09-04,133,138,2,99.0,1200,12.4,120
TRN-03907,Passenger,COR-008,SEC-0078,2026-09-07,859,866,2,82.8,1200,10.6,110
TRN-03908,Passenger,COR-004,SEC-0032,2026-09-16,435,445,2,72.4,1200,9.6,110
TRN-03909,Freight,COR-018,SEC-0175,2026-09-12,663,678,1,25.1,3000,5.3,120
TRN-03910,EMU,COR-020,SEC-0194,2026-09-11,989,994,2,74.9,900,13.0,100
TRN-03911,Express,COR-003,SEC-0023,2026-09-14,80,100,3,67.4,1400,5.2,110
TRN-03912,Freight,COR-014,SEC-0132,2026-09-16,1031,1041,1,37.7,3000,4.6,110
TRN-03913,Freight,COR-006,SEC-0059,2026-09-06,1039,1049,1,42.7,3000,5.0,80
TRN-03914,Freight,COR-001,SEC-0002,2026-09-06,938,950,1,27.1,3000,4.9,80
TRN-03915,Superfast,COR-002,SEC-0018,2026-09-06,65,72,3,69.8,1600,10.5,110
TRN-03916,EMU,COR-005,SEC-0046,2026-09-12,701,708,2,73.9,900,10.4,120
TRN-03917,EMU,COR-003,SEC-0028,2026-09-11,1363,1378,2,70.6,900,12.3,110
TRN-03918,Express,COR-018,SEC-0174,2026-09-03,1296,1306,3,99.0,1400,10.9,110
TRN-03919,Superfast,COR-001,SEC-0009,2026-09-14,1021,1036,3,78.5,1600,13.5,80
TRN-03920,Freight,COR-013,SEC-0128,2026-09-07,639,659,1,33.1,3000,6.9,130
TRN-03921,Freight,COR-015,SEC-0148,2026-09-14,750,762,1,52.4,3000,5.0,110
TRN-03922,EMU,COR-018,SEC-0177,2026-09-15,1151,1161,2,72.4,900,15.7,100
TRN-03923,EMU,COR-009,SEC-0088,2026-09-13,698,703,2,75.7,900,9.6,130
TRN-03924,Express,COR-008,SEC-0076,2026-09-06,115,125,3,85.5,1400,6.9,80
TRN-03925,EMU,COR-005,SEC-0045,2026-09-16,1094,1101,2,72.1,900,11.8,120
TRN-03926,Express,COR-008,SEC-0073,2026-09-03,218,230,3,59.5,1400,3.3,100
TRN-03927,EMU,COR-012,SEC-0119,2026-09-12,556,566,2,58.7,900,11.1,80
TRN-03928,Express,COR-014,SEC-0132,2026-09-07,555,567,3,89.0,1400,8.6,100
TRN-03929,Express,COR-006,SEC-0055,2026-09-10,312,319,3,64.8,1400,3.6,110
TRN-03930,Superfast,COR-006,SEC-0055,2026-09-04,92,102,3,72.5,1600,12.6,120
TRN-03931,Freight,COR-016,SEC-0156,2026-09-12,1120,1130,1,7.3,3000,4.4,110
TRN-03932,EMU,COR-020,SEC-0196,2026-09-11,496,506,2,78.0,900,8.4,120
TRN-03933,Passenger,COR-014,SEC-0132,2026-09-12,698,705,2,70.6,1200,10.1,80
TRN-03934,Superfast,COR-015,SEC-0144,2026-09-03,501,506,3,96.4,1600,15.0,120
TRN-03935,Passenger,COR-014,SEC-0133,2026-09-13,773,793,2,82.8,1200,6.9,130
TRN-03936,Superfast,COR-008,SEC-0073,2026-09-15,526,531,3,83.2,1600,10.5,100
TRN-03937,Superfast,COR-007,SEC-0068,2026-09-15,565,580,3,81.6,1600,13.2,80
TRN-03938,EMU,COR-002,SEC-0015,2026-09-08,192,202,2,89.7,900,14.0,110
TRN-03939,Freight,COR-009,SEC-0083,2026-09-04,612,622,1,41.9,3000,9.5,80
TRN-03940,Superfast,COR-020,SEC-0198,2026-09-14,398,405,3,94.4,1600,9.2,130
TRN-03941,Freight,COR-003,SEC-0026,2026-09-11,368,383,1,35.0,3000,5.7,110
TRN-03942,Freight,COR-002,SEC-0020,2026-09-04,85,90,1,39.0,3000,6.5,100
TRN-03943,Freight,COR-018,SEC-0171,2026-09-04,849,861,1,13.1,3000,5.1,110
TRN-03944,Superfast,COR-018,SEC-0177,2026-09-14,191,211,3,79.0,1600,13.2,130
TRN-03945,Superfast,COR-012,SEC-0111,2026-09-05,1388,1393,3,64.2,1600,13.3,100
TRN-03946,Superfast,COR-009,SEC-0081,2026-09-12,121,141,3,86.2,1600,15.9,80
TRN-03947,Freight,COR-003,SEC-0021,2026-09-06,164,176,1,42.1,3000,12.5,100
TRN-03948,EMU,COR-005,SEC-0048,2026-09-06,1284,1294,2,99.0,900,13.8,110
TRN-03949,Express,COR-017,SEC-0169,2026-09-06,13,33,3,95.8,1400,10.7,110
TRN-03950,Passenger,COR-015,SEC-0147,2026-09-15,596,611,2,58.7,1200,9.0,110
TRN-03951,EMU,COR-007,SEC-0067,2026-09-09,257,267,2,50.8,900,4.0,110
TRN-03952,Passenger,COR-005,SEC-0042,2026-09-06,932,942,2,75.7,1200,6.8,110
TRN-03953,Express,COR-008,SEC-0071,2026-09-07,1295,1310,3,55.6,1400,10.9,120
TRN-03954,Freight,COR-005,SEC-0041,2026-09-05,1299,1306,1,18.2,3000,1.0,110
TRN-03955,Freight,COR-019,SEC-0189,2026-09-05,385,392,1,52.6,3000,8.0,120
TRN-03956,Passenger,COR-014,SEC-0134,2026-09-15,317,324,2,83.5,1200,14.2,110
TRN-03957,Freight,COR-007,SEC-0068,2026-09-09,1257,1267,1,33.6,3000,4.5,110
TRN-03958,EMU,COR-009,SEC-0083,2026-09-11,660,670,2,94.9,900,8.5,120
TRN-03959,Passenger,COR-018,SEC-0178,2026-09-08,955,967,2,73.5,1200,13.0,110
TRN-03960,Passenger,COR-008,SEC-0071,2026-09-09,646,656,2,64.9,1200,7.0,120
TRN-03961,Passenger,COR-018,SEC-0173,2026-09-10,1398,1408,2,81.9,1200,17.1,100
TRN-03962,Passenger,COR-012,SEC-0113,2026-09-14,76,83,2,74.2,1200,12.4,100
TRN-03963,Passenger,COR-019,SEC-0185,2026-09-05,260,272,2,61.6,1200,11.0,120
TRN-03964,Passenger,COR-001,SEC-0007,2026-09-06,126,136,2,55.9,1200,7.6,110
TRN-03965,Superfast,COR-010,SEC-0097,2026-09-08,1249,1256,3,76.5,1600,14.2,130
TRN-03966,Superfast,COR-010,SEC-0099,2026-09-08,1426,1431,3,89.5,1600,9.0,110
TRN-03967,EMU,COR-011,SEC-0110,2026-09-07,58,65,2,57.5,900,13.4,80
TRN-03968,Superfast,COR-006,SEC-0056,2026-09-04,888,898,3,72.8,1600,5.9,80
TRN-03969,Express,COR-006,SEC-0055,2026-09-05,332,347,3,45.3,1400,13.0,100
TRN-03970,Superfast,COR-005,SEC-0049,2026-09-14,674,679,3,78.4,1600,10.4,100
TRN-03971,Superfast,COR-004,SEC-0037,2026-09-15,60,75,3,57.8,1600,7.7,130
TRN-03972,Passenger,COR-018,SEC-0176,2026-09-15,282,289,2,66.0,1200,14.0,110
TRN-03973,Superfast,COR-015,SEC-0141,2026-09-14,539,544,3,75.3,1600,8.0,110
TRN-03974,EMU,COR-005,SEC-0043,2026-09-09,559,574,2,70.2,900,8.8,100
TRN-03975,Express,COR-008,SEC-0077,2026-09-07,846,853,3,90.3,1400,9.2,110
TRN-03976,Passenger,COR-005,SEC-0041,2026-09-03,1213,1223,2,65.0,1200,3.9,120
TRN-03977,EMU,COR-011,SEC-0101,2026-09-07,732,737,2,63.2,900,8.0,120
TRN-03978,EMU,COR-018,SEC-0176,2026-09-07,1319,1326,2,78.6,900,12.5,100
TRN-03979,Superfast,COR-011,SEC-0109,2026-09-13,1154,1169,3,99.0,1600,11.6,120
TRN-03980,Superfast,COR-010,SEC-0094,2026-09-13,451,463,3,99.0,1600,11.6,80
TRN-03981,Passenger,COR-008,SEC-0079,2026-09-12,57,72,2,79.2,1200,9.6,100
TRN-03982,Express,COR-010,SEC-0091,2026-09-04,489,499,3,75.5,1400,1.0,120
TRN-03983,Passenger,COR-016,SEC-0159,2026-09-06,984,989,2,99.0,1200,8.1,80
TRN-03984,Freight,COR-019,SEC-0188,2026-09-05,816,828,1,13.1,3000,2.2,100
TRN-03985,Superfast,COR-015,SEC-0146,2026-09-07,497,507,3,54.8,1600,9.3,110
TRN-03986,EMU,COR-016,SEC-0152,2026-09-05,801,808,2,61.2,900,7.2,80
TRN-03987,EMU,COR-002,SEC-0012,2026-09-15,941,948,2,81.7,900,15.4,100
TRN-03988,Express,COR-014,SEC-0138,2026-09-15,781,801,3,78.1,1400,11.0,100
TRN-03989,EMU,COR-007,SEC-0067,2026-09-11,1119,1129,2,75.8,900,6.9,120
TRN-03990,EMU,COR-014,SEC-0131,2026-09-08,803,813,2,68.9,900,7.3,80
TRN-03991,Passenger,COR-011,SEC-0110,2026-09-08,1248,1255,2,57.2,1200,12.6,80
TRN-03992,Passenger,COR-013,SEC-0124,2026-09-15,225,235,2,73.4,1200,15.1,110
TRN-03993,Passenger,COR-008,SEC-0077,2026-09-04,386,401,2,63.6,1200,2.7,120
TRN-03994,Superfast,COR-017,SEC-0165,2026-09-13,328,343,3,74.8,1600,12.7,100
TRN-03995,EMU,COR-001,SEC-0008,2026-09-13,1299,1309,2,77.4,900,13.8,100
TRN-03996,EMU,COR-012,SEC-0116,2026-09-12,676,696,2,71.1,900,6.9,80
TRN-03997,Passenger,COR-005,SEC-0043,2026-09-04,782,792,2,73.9,1200,17.7,130
TRN-03998,Freight,COR-013,SEC-0126,2026-09-04,639,651,1,57.4,3000,11.2,110
TRN-03999,EMU,COR-001,SEC-0003,2026-09-03,1277,1287,2,50.6,900,5.8,110
TRN-04000,Express,COR-012,SEC-0117,2026-09-16,1223,1233,3,59.5,1400,6.3,80
TRN-04001,EMU,COR-001,SEC-0006,2026-09-13,214,221,2,70.0,900,8.2,130
TRN-04002,Passenger,COR-009,SEC-0087,2026-09-06,419,434,2,66.6,1200,12.6,120
TRN-04003,Superfast,COR-019,SEC-0183,2026-09-09,759,779,3,50.6,1600,12.1,120
TRN-04004,Superfast,COR-018,SEC-0180,2026-09-10,348,358,3,65.2,1600,5.7,110
TRN-04005,Express,COR-009,SEC-0085,2026-09-10,550,557,3,55.5,1400,5.7,130
TRN-04006,Express,COR-008,SEC-0073,2026-09-07,1047,1067,3,68.2,1400,12.6,80
TRN-04007,Passenger,COR-016,SEC-0153,2026-09-16,1317,1322,2,84.5,1200,8.6,100
TRN-04008,Express,COR-006,SEC-0054,2026-09-16,194,204,3,73.0,1400,15.2,110
TRN-04009,Express,COR-009,SEC-0086,2026-09-05,115,127,3,73.9,1400,11.1,80
TRN-04010,EMU,COR-005,SEC-0049,2026-09-08,196,206,2,56.4,900,14.4,80
TRN-04011,Express,COR-007,SEC-0064,2026-09-04,932,942,3,90.4,1400,8.5,100
TRN-04012,Superfast,COR-016,SEC-0156,2026-09-07,78,90,3,82.6,1600,6.6,80
TRN-04013,Superfast,COR-004,SEC-0038,2026-09-09,1236,1246,3,86.6,1600,9.2,100
TRN-04014,Freight,COR-008,SEC-0079,2026-09-12,202,212,1,16.5,3000,2.3,80
TRN-04015,Express,COR-008,SEC-0077,2026-09-11,132,137,3,53.1,1400,14.1,100
TRN-04016,Superfast,COR-008,SEC-0077,2026-09-07,111,131,3,80.6,1600,9.3,110
TRN-04017,Superfast,COR-005,SEC-0048,2026-09-05,1413,1423,3,61.4,1600,10.5,110
TRN-04018,EMU,COR-002,SEC-0014,2026-09-09,821,833,2,51.6,900,4.3,100
TRN-04019,Freight,COR-010,SEC-0091,2026-09-07,727,737,1,41.4,3000,9.8,130
TRN-04020,Superfast,COR-001,SEC-0001,2026-09-14,872,887,3,53.2,1600,6.2,120
TRN-04021,Superfast,COR-004,SEC-0037,2026-09-14,632,644,3,66.3,1600,7.6,80
TRN-04022,Passenger,COR-003,SEC-0025,2026-09-06,967,972,2,72.0,1200,13.6,110
TRN-04023,Passenger,COR-010,SEC-0091,2026-09-08,1273,1283,2,89.2,1200,10.5,120
TRN-04024,Freight,COR-009,SEC-0085,2026-09-15,770,782,1,72.8,3000,12.3,110
TRN-04025,Express,COR-006,SEC-0053,2026-09-16,606,618,3,96.5,1400,7.0,120
TRN-04026,Freight,COR-005,SEC-0047,2026-09-03,1197,1209,1,23.8,3000,2.3,130
TRN-04027,Superfast,COR-011,SEC-0110,2026-09-08,930,950,3,84.7,1600,10.9,100
TRN-04028,Freight,COR-012,SEC-0113,2026-09-13,896,911,1,26.3,3000,3.8,80
TRN-04029,Superfast,COR-019,SEC-0187,2026-09-04,85,95,3,62.0,1600,9.4,80
TRN-04030,EMU,COR-002,SEC-0017,2026-09-14,369,379,2,67.8,900,15.0,80
TRN-04031,Superfast,COR-010,SEC-0091,2026-09-07,405,415,3,81.7,1600,9.0,110
TRN-04032,Freight,COR-003,SEC-0024,2026-09-16,864,876,1,28.8,3000,3.1,110
TRN-04033,Express,COR-004,SEC-0039,2026-09-10,26,36,3,65.6,1400,12.5,100
TRN-04034,Superfast,COR-012,SEC-0111,2026-09-07,738,750,3,78.7,1600,13.6,120
TRN-04035,EMU,COR-011,SEC-0109,2026-09-14,1183,1190,2,64.0,900,10.1,110
TRN-04036,Passenger,COR-013,SEC-0121,2026-09-16,587,607,2,75.0,1200,16.9,80
TRN-04037,Freight,COR-002,SEC-0015,2026-09-11,193,200,1,12.9,3000,9.0,110
TRN-04038,Freight,COR-007,SEC-0068,2026-09-13,434,449,1,40.6,3000,5.2,130
TRN-04039,Express,COR-002,SEC-0019,2026-09-16,354,366,3,75.0,1400,8.6,80
TRN-04040,Freight,COR-014,SEC-0137,2026-09-11,875,885,1,17.7,3000,2.7,80
TRN-04041,Passenger,COR-002,SEC-0019,2026-09-08,1251,1266,2,91.3,1200,11.8,120
TRN-04042,Superfast,COR-001,SEC-0002,2026-09-11,561,568,3,72.8,1600,14.0,120
TRN-04043,EMU,COR-018,SEC-0173,2026-09-06,914,919,2,62.2,900,6.8,110
TRN-04044,Freight,COR-001,SEC-0003,2026-09-08,917,922,1,34.4,3000,4.7,110
TRN-04045,Freight,COR-010,SEC-0094,2026-09-11,1081,1093,1,49.0,3000,5.8,110
TRN-04046,Freight,COR-017,SEC-0166,2026-09-08,445,452,1,38.5,3000,8.9,110
TRN-04047,Express,COR-015,SEC-0141,2026-09-12,1294,1304,3,77.4,1400,6.9,110
TRN-04048,EMU,COR-010,SEC-0100,2026-09-05,839,851,2,55.4,900,10.0,110
TRN-04049,EMU,COR-015,SEC-0143,2026-09-11,692,702,2,56.4,900,11.6,100
TRN-04050,Freight,COR-010,SEC-0092,2026-09-12,1060,1075,1,8.9,3000,1.0,110
TRN-04051,EMU,COR-002,SEC-0011,2026-09-07,1408,1413,2,61.3,900,4.3,120
TRN-04052,Superfast,COR-010,SEC-0092,2026-09-07,375,382,3,64.1,1600,7.0,130
TRN-04053,Superfast,COR-020,SEC-0196,2026-09-15,1223,1235,3,99.0,1600,11.3,110
TRN-04054,Freight,COR-011,SEC-0107,2026-09-06,411,423,1,30.1,3000,9.1,100
TRN-04055,Passenger,COR-008,SEC-0075,2026-09-12,1115,1125,2,64.5,1200,6.7,80
TRN-04056,Passenger,COR-018,SEC-0177,2026-09-13,287,294,2,81.1,1200,9.1,120
TRN-04057,EMU,COR-015,SEC-0146,2026-09-14,857,869,2,84.8,900,8.5,110
TRN-04058,Passenger,COR-008,SEC-0071,2026-09-05,195,202,2,82.1,1200,11.7,100
TRN-04059,Express,COR-011,SEC-0109,2026-09-15,851,871,3,74.8,1400,5.5,120
TRN-04060,Freight,COR-007,SEC-0069,2026-09-03,358,365,1,43.7,3000,8.7,100
TRN-04061,Express,COR-003,SEC-0028,2026-09-16,1015,1020,3,69.1,1400,7.5,120
TRN-04062,EMU,COR-001,SEC-0006,2026-09-03,1208,1223,2,77.4,900,14.6,110
TRN-04063,EMU,COR-011,SEC-0108,2026-09-11,969,979,2,81.9,900,11.9,100
TRN-04064,Express,COR-001,SEC-0003,2026-09-14,658,665,3,65.4,1400,8.3,110
TRN-04065,Passenger,COR-007,SEC-0065,2026-09-07,1348,1363,2,69.8,1200,11.9,110
TRN-04066,Passenger,COR-018,SEC-0172,2026-09-15,648,668,2,74.8,1200,9.9,120
TRN-04067,Freight,COR-001,SEC-0002,2026-09-07,88,103,1,62.8,3000,9.3,120
TRN-04068,Superfast,COR-008,SEC-0080,2026-09-04,926,938,3,53.1,1600,1.0,120
TRN-04069,EMU,COR-009,SEC-0084,2026-09-11,456,468,2,41.5,900,3.7,120
TRN-04070,Superfast,COR-001,SEC-0003,2026-09-05,1222,1232,3,68.1,1600,5.6,120
TRN-04071,Superfast,COR-019,SEC-0185,2026-09-03,84,89,3,68.6,1600,8.0,120
TRN-04072,Express,COR-015,SEC-0149,2026-09-11,1307,1312,3,31.8,1400,5.0,130
TRN-04073,Freight,COR-001,SEC-0006,2026-09-14,607,622,1,37.1,3000,8.9,110
TRN-04074,EMU,COR-005,SEC-0046,2026-09-05,237,249,2,58.6,900,7.7,110
TRN-04075,Express,COR-013,SEC-0126,2026-09-14,293,298,3,53.5,1400,3.7,80
TRN-04076,Superfast,COR-009,SEC-0085,2026-09-03,620,630,3,66.8,1600,10.9,80
TRN-04077,Express,COR-017,SEC-0166,2026-09-15,1350,1355,3,72.4,1400,9.4,130
TRN-04078,Express,COR-015,SEC-0142,2026-09-05,1007,1027,3,61.0,1400,7.1,120
TRN-04079,Freight,COR-013,SEC-0126,2026-09-09,1150,1157,1,17.7,3000,7.0,100
TRN-04080,Superfast,COR-002,SEC-0019,2026-09-14,1438,1439,3,72.9,1600,5.5,80
TRN-04081,Superfast,COR-018,SEC-0180,2026-09-12,1284,1294,3,99.0,1600,12.5,110
TRN-04082,Express,COR-017,SEC-0163,2026-09-05,272,277,3,77.5,1400,8.5,120
TRN-04083,Express,COR-004,SEC-0040,2026-09-11,1067,1077,3,63.8,1400,13.9,120
TRN-04084,Superfast,COR-020,SEC-0199,2026-09-15,1254,1264,3,74.2,1600,11.7,110
TRN-04085,Express,COR-010,SEC-0096,2026-09-10,481,486,3,76.5,1400,12.8,100
TRN-04086,Express,COR-007,SEC-0066,2026-09-12,168,183,3,82.2,1400,9.4,120
TRN-04087,Passenger,COR-007,SEC-0070,2026-09-05,74,81,2,83.8,1200,14.7,110
TRN-04088,Express,COR-007,SEC-0068,2026-09-06,35,45,3,80.0,1400,7.6,100
TRN-04089,Express,COR-017,SEC-0164,2026-09-15,934,944,3,57.8,1400,9.4,110
TRN-04090,Superfast,COR-003,SEC-0021,2026-09-05,633,643,3,54.0,1600,5.0,110
TRN-04091,EMU,COR-012,SEC-0120,2026-09-15,622,637,2,77.8,900,10.5,130
TRN-04092,Freight,COR-017,SEC-0165,2026-09-04,1350,1357,1,39.6,3000,5.6,130
TRN-04093,Passenger,COR-003,SEC-0023,2026-09-15,1363,1370,2,63.7,1200,13.3,80
TRN-04094,EMU,COR-014,SEC-0138,2026-09-13,1112,1122,2,80.2,900,12.0,100
TRN-04095,Express,COR-006,SEC-0051,2026-09-04,437,442,3,99.0,1400,11.8,110
TRN-04096,Express,COR-012,SEC-0115,2026-09-08,101,111,3,74.8,1400,7.7,80
TRN-04097,EMU,COR-004,SEC-0032,2026-09-15,706,716,2,73.4,900,10.9,80
TRN-04098,Express,COR-018,SEC-0180,2026-09-03,766,778,3,43.5,1400,8.1,110
TRN-04099,Superfast,COR-014,SEC-0139,2026-09-04,174,194,3,66.1,1600,13.3,120
TRN-04100,Passenger,COR-017,SEC-0161,2026-09-03,953,968,2,91.3,1200,9.5,130
TRN-04101,Freight,COR-006,SEC-0057,2026-09-03,546,551,1,42.9,3000,10.0,110
TRN-04102,Passenger,COR-020,SEC-0192,2026-09-09,464,474,2,61.5,1200,7.0,130
TRN-04103,Passenger,COR-015,SEC-0142,2026-09-05,206,218,2,71.8,1200,13.2,120
TRN-04104,Passenger,COR-013,SEC-0122,2026-09-08,1042,1052,2,99.0,1200,13.2,100
TRN-04105,Superfast,COR-014,SEC-0138,2026-09-04,598,603,3,54.1,1600,6.7,120
TRN-04106,Passenger,COR-010,SEC-0094,2026-09-13,1011,1021,2,74.9,1200,9.6,110
TRN-04107,Freight,COR-019,SEC-0185,2026-09-06,279,289,1,18.9,3000,3.4,100
TRN-04108,Superfast,COR-012,SEC-0117,2026-09-04,696,711,3,80.4,1600,10.7,100
TRN-04109,Superfast,COR-012,SEC-0114,2026-09-08,1420,1427,3,74.6,1600,12.4,110
TRN-04110,Superfast,COR-011,SEC-0102,2026-09-14,1135,1145,3,88.1,1600,9.3,80
TRN-04111,Freight,COR-005,SEC-0045,2026-09-05,1057,1069,1,14.0,3000,3.1,100
TRN-04112,Freight,COR-003,SEC-0024,2026-09-15,703,708,1,34.6,3000,5.5,100
TRN-04113,EMU,COR-016,SEC-0157,2026-09-03,824,831,2,98.5,900,9.2,80
TRN-04114,Passenger,COR-005,SEC-0046,2026-09-03,468,478,2,98.6,1200,10.2,110
TRN-04115,Superfast,COR-005,SEC-0048,2026-09-11,978,985,3,85.9,1600,15.0,110
TRN-04116,Freight,COR-019,SEC-0182,2026-09-07,1031,1051,1,26.9,3000,12.3,80
TRN-04117,Passenger,COR-020,SEC-0198,2026-09-09,451,456,2,65.2,1200,8.4,110
TRN-04118,EMU,COR-003,SEC-0022,2026-09-14,527,534,2,71.8,900,12.9,120
TRN-04119,EMU,COR-020,SEC-0199,2026-09-10,1401,1406,2,81.9,900,8.7,110
TRN-04120,Freight,COR-009,SEC-0086,2026-09-07,643,658,1,5.0,3000,4.3,120
TRN-04121,Superfast,COR-015,SEC-0148,2026-09-04,1013,1020,3,48.1,1600,7.2,110
TRN-04122,Passenger,COR-013,SEC-0130,2026-09-14,897,912,2,93.3,1200,12.5,80
TRN-04123,Superfast,COR-001,SEC-0010,2026-09-04,709,716,3,97.8,1600,7.5,100
TRN-04124,Superfast,COR-014,SEC-0131,2026-09-15,492,502,3,89.9,1600,13.1,110
TRN-04125,Passenger,COR-013,SEC-0125,2026-09-06,722,729,2,46.2,1200,5.5,100
TRN-04126,Passenger,COR-014,SEC-0131,2026-09-05,186,193,2,80.8,1200,10.8,80
TRN-04127,Passenger,COR-010,SEC-0091,2026-09-03,1371,1376,2,72.8,1200,9.5,100
TRN-04128,EMU,COR-001,SEC-0008,2026-09-16,551,571,2,71.9,900,5.6,120
TRN-04129,Freight,COR-003,SEC-0025,2026-09-05,117,129,1,42.3,3000,10.0,120
TRN-04130,Freight,COR-012,SEC-0114,2026-09-14,311,323,1,44.3,3000,8.2,100
TRN-04131,Freight,COR-003,SEC-0026,2026-09-15,666,678,1,50.3,3000,5.1,110
TRN-04132,Freight,COR-009,SEC-0086,2026-09-03,1264,1271,1,44.7,3000,7.9,120
TRN-04133,Express,COR-010,SEC-0096,2026-09-13,114,126,3,64.2,1400,8.3,110
TRN-04134,Freight,COR-018,SEC-0177,2026-09-10,83,93,1,30.0,3000,6.0,120
TRN-04135,Express,COR-020,SEC-0197,2026-09-14,1297,1307,3,51.7,1400,6.8,110
TRN-04136,Passenger,COR-006,SEC-0058,2026-09-06,964,971,2,84.6,1200,8.5,110
TRN-04137,Freight,COR-016,SEC-0157,2026-09-09,66,71,1,7.2,3000,5.0,100
TRN-04138,Superfast,COR-007,SEC-0066,2026-09-06,1163,1173,3,78.6,1600,13.7,120
TRN-04139,Superfast,COR-009,SEC-0087,2026-09-08,518,533,3,70.3,1600,2.7,100
TRN-04140,Passenger,COR-002,SEC-0018,2026-09-03,1417,1424,2,60.2,1200,10.6,110
TRN-04141,Freight,COR-014,SEC-0133,2026-09-03,785,797,1,40.9,3000,6.4,100
TRN-04142,Superfast,COR-004,SEC-0040,2026-09-09,120,132,3,67.3,1600,10.2,80
TRN-04143,Superfast,COR-019,SEC-0181,2026-09-13,825,832,3,59.5,1600,6.8,110
TRN-04144,Superfast,COR-011,SEC-0109,2026-09-14,467,482,3,78.8,1600,8.0,110
TRN-04145,Passenger,COR-007,SEC-0064,2026-09-11,1326,1331,2,58.4,1200,14.1,100
TRN-04146,Freight,COR-001,SEC-0003,2026-09-08,1349,1356,1,57.0,3000,1.0,110
TRN-04147,Superfast,COR-020,SEC-0194,2026-09-03,820,825,3,68.5,1600,12.3,120
TRN-04148,Express,COR-005,SEC-0050,2026-09-03,362,372,3,91.1,1400,6.5,120
TRN-04149,Express,COR-003,SEC-0027,2026-09-12,363,378,3,59.5,1400,6.1,120
TRN-04150,EMU,COR-002,SEC-0018,2026-09-14,1315,1335,2,54.0,900,8.5,80
TRN-04151,Freight,COR-015,SEC-0143,2026-09-16,1184,1189,1,13.3,3000,3.2,110
TRN-04152,EMU,COR-015,SEC-0147,2026-09-09,169,176,2,99.0,900,3.8,100
TRN-04153,EMU,COR-012,SEC-0113,2026-09-06,1368,1375,2,71.3,900,13.4,100
TRN-04154,Passenger,COR-014,SEC-0135,2026-09-04,1400,1412,2,83.6,1200,9.2,130
TRN-04155,Superfast,COR-020,SEC-0196,2026-09-06,340,350,3,45.0,1600,6.3,110
TRN-04156,Superfast,COR-007,SEC-0063,2026-09-06,1358,1370,3,67.4,1600,11.9,120
TRN-04157,Superfast,COR-003,SEC-0029,2026-09-08,736,751,3,70.2,1600,6.7,120
TRN-04158,EMU,COR-004,SEC-0033,2026-09-12,86,101,2,39.1,900,1.0,130
TRN-04159,EMU,COR-004,SEC-0034,2026-09-05,556,561,2,78.9,900,14.6,110
TRN-04160,Passenger,COR-011,SEC-0105,2026-09-04,897,909,2,94.4,1200,14.1,80
TRN-04161,Superfast,COR-005,SEC-0041,2026-09-12,380,400,3,73.0,1600,10.9,110
TRN-04162,Passenger,COR-016,SEC-0153,2026-09-12,613,633,2,63.7,1200,9.7,110
TRN-04163,Express,COR-012,SEC-0115,2026-09-11,86,93,3,87.2,1400,12.1,120
TRN-04164,Express,COR-019,SEC-0189,2026-09-08,111,118,3,60.5,1400,13.2,110
TRN-04165,Superfast,COR-012,SEC-0118,2026-09-04,143,153,3,84.7,1600,9.1,80
TRN-04166,Superfast,COR-014,SEC-0136,2026-09-11,615,622,3,66.0,1600,10.4,110
TRN-04167,Passenger,COR-004,SEC-0035,2026-09-04,193,198,2,73.7,1200,6.5,110
TRN-04168,Freight,COR-004,SEC-0033,2026-09-04,861,876,1,53.2,3000,3.9,110
TRN-04169,Superfast,COR-013,SEC-0121,2026-09-11,413,420,3,57.0,1600,4.5,100
TRN-04170,Superfast,COR-008,SEC-0077,2026-09-03,1242,1249,3,65.5,1600,8.7,120
TRN-04171,Freight,COR-014,SEC-0136,2026-09-16,391,403,1,31.1,3000,14.7,120
TRN-04172,Freight,COR-011,SEC-0102,2026-09-03,1108,1113,1,34.9,3000,8.4,100
TRN-04173,EMU,COR-017,SEC-0165,2026-09-14,513,525,2,46.7,900,11.3,80
TRN-04174,Freight,COR-005,SEC-0050,2026-09-04,263,275,1,64.1,3000,8.6,110
TRN-04175,Superfast,COR-001,SEC-0002,2026-09-07,1063,1075,3,89.3,1600,8.5,80
TRN-04176,Freight,COR-006,SEC-0060,2026-09-03,182,194,1,26.4,3000,10.2,120
TRN-04177,Superfast,COR-001,SEC-0010,2026-09-14,1314,1326,3,67.4,1600,4.4,110
TRN-04178,Freight,COR-010,SEC-0096,2026-09-12,332,347,1,20.3,3000,3.5,110
TRN-04179,Superfast,COR-020,SEC-0193,2026-09-05,372,384,3,64.8,1600,10.6,100
TRN-04180,Passenger,COR-016,SEC-0156,2026-09-07,157,172,2,71.2,1200,14.4,110
TRN-04181,Superfast,COR-007,SEC-0062,2026-09-04,129,139,3,56.5,1600,13.8,80
TRN-04182,Superfast,COR-003,SEC-0025,2026-09-08,342,352,3,99.0,1600,10.5,120
TRN-04183,EMU,COR-006,SEC-0051,2026-09-11,849,864,2,69.4,900,13.7,100
TRN-04184,Superfast,COR-007,SEC-0064,2026-09-16,473,483,3,88.2,1600,10.3,110
TRN-04185,Superfast,COR-017,SEC-0163,2026-09-12,552,567,3,52.2,1600,8.1,130
TRN-04186,Superfast,COR-006,SEC-0060,2026-09-16,1414,1429,3,88.1,1600,9.9,110
TRN-04187,Superfast,COR-005,SEC-0043,2026-09-13,729,734,3,96.9,1600,11.9,100
TRN-04188,Passenger,COR-005,SEC-0048,2026-09-10,1216,1231,2,84.3,1200,6.9,120
TRN-04189,Express,COR-009,SEC-0083,2026-09-14,1210,1215,3,99.0,1400,7.7,80
TRN-04190,Superfast,COR-020,SEC-0198,2026-09-06,2,17,3,43.7,1600,14.8,120
TRN-04191,Express,COR-004,SEC-0040,2026-09-09,1315,1327,3,89.7,1400,10.2,100
TRN-04192,EMU,COR-012,SEC-0115,2026-09-07,477,487,2,85.7,900,7.2,100
TRN-04193,Superfast,COR-017,SEC-0170,2026-09-09,169,189,3,70.5,1600,13.4,120
TRN-04194,Superfast,COR-015,SEC-0147,2026-09-10,1117,1132,3,59.0,1600,7.3,110
TRN-04195,Freight,COR-015,SEC-0143,2026-09-15,1430,1439,1,5.5,3000,4.1,110
TRN-04196,Superfast,COR-013,SEC-0128,2026-09-10,1167,1172,3,67.1,1600,2.4,100
TRN-04197,Freight,COR-006,SEC-0058,2026-09-03,593,605,1,37.0,3000,4.6,120
TRN-04198,Freight,COR-011,SEC-0107,2026-09-14,489,501,1,39.7,3000,5.7,100
TRN-04199,Superfast,COR-014,SEC-0131,2026-09-04,1336,1346,3,99.0,1600,18.2,110
TRN-04200,Express,COR-019,SEC-0183,2026-09-11,1098,1108,3,92.9,1400,11.0,80
TRN-04201,Freight,COR-012,SEC-0111,2026-09-08,815,827,1,46.7,3000,9.0,120
TRN-04202,Passenger,COR-014,SEC-0138,2026-09-07,279,286,2,96.6,1200,14.0,110
TRN-04203,Passenger,COR-008,SEC-0072,2026-09-11,437,457,2,79.1,1200,7.2,100
TRN-04204,Passenger,COR-008,SEC-0079,2026-09-11,172,177,2,83.5,1200,12.5,120
TRN-04205,Superfast,COR-008,SEC-0076,2026-09-14,1210,1220,3,89.6,1600,10.9,120
TRN-04206,Superfast,COR-001,SEC-0004,2026-09-16,882,889,3,91.4,1600,15.6,100
TRN-04207,Freight,COR-015,SEC-0145,2026-09-07,243,258,1,14.0,3000,1.0,130
TRN-04208,EMU,COR-013,SEC-0124,2026-09-04,721,731,2,99.0,900,9.6,80
TRN-04209,Passenger,COR-011,SEC-0106,2026-09-14,739,754,2,82.5,1200,5.8,130
TRN-04210,Passenger,COR-018,SEC-0171,2026-09-12,208,215,2,59.5,1200,10.5,120
TRN-04211,Superfast,COR-001,SEC-0002,2026-09-06,432,442,3,57.2,1600,1.0,130
TRN-04212,Freight,COR-010,SEC-0097,2026-09-11,932,939,1,45.1,3000,1.4,120
TRN-04213,Passenger,COR-008,SEC-0078,2026-09-13,984,994,2,79.2,1200,14.0,120
TRN-04214,EMU,COR-011,SEC-0110,2026-09-15,886,893,2,42.3,900,10.1,110
TRN-04215,Superfast,COR-004,SEC-0033,2026-09-09,208,218,3,78.2,1600,10.4,110
TRN-04216,Freight,COR-018,SEC-0173,2026-09-12,993,998,1,53.4,3000,7.3,80
TRN-04217,Superfast,COR-018,SEC-0176,2026-09-06,497,507,3,81.7,1600,7.3,80
TRN-04218,Superfast,COR-019,SEC-0187,2026-09-06,1051,1061,3,50.4,1600,8.5,110
TRN-04219,Passenger,COR-002,SEC-0018,2026-09-16,1115,1122,2,53.2,1200,10.0,110
TRN-04220,Superfast,COR-004,SEC-0035,2026-09-13,1317,1324,3,69.1,1600,7.9,110
TRN-04221,Passenger,COR-010,SEC-0098,2026-09-07,1190,1197,2,63.7,1200,3.5,120
TRN-04222,EMU,COR-003,SEC-0023,2026-09-14,1367,1372,2,94.4,900,10.5,110
TRN-04223,Freight,COR-015,SEC-0144,2026-09-14,228,238,1,63.2,3000,6.7,80
TRN-04224,Express,COR-017,SEC-0164,2026-09-06,494,509,3,65.2,1400,9.6,120
TRN-04225,Freight,COR-013,SEC-0125,2026-09-12,934,939,1,34.3,3000,7.8,110
TRN-04226,Freight,COR-009,SEC-0085,2026-09-03,118,130,1,19.5,3000,9.7,110
TRN-04227,Passenger,COR-003,SEC-0021,2026-09-05,124,134,2,56.5,1200,8.8,110
TRN-04228,EMU,COR-020,SEC-0198,2026-09-11,1188,1198,2,63.3,900,4.4,120
TRN-04229,Passenger,COR-016,SEC-0155,2026-09-09,1111,1118,2,72.5,1200,11.0,100
TRN-04230,Superfast,COR-018,SEC-0173,2026-09-15,561,581,3,81.3,1600,10.7,80
TRN-04231,Superfast,COR-007,SEC-0068,2026-09-05,245,252,3,79.4,1600,12.6,110
TRN-04232,EMU,COR-014,SEC-0131,2026-09-10,805,812,2,88.7,900,7.6,110
TRN-04233,EMU,COR-003,SEC-0027,2026-09-04,233,243,2,63.3,900,2.9,130
TRN-04234,Passenger,COR-006,SEC-0058,2026-09-10,1035,1042,2,75.0,1200,11.6,110
TRN-04235,EMU,COR-014,SEC-0136,2026-09-10,491,498,2,74.9,900,12.7,100
TRN-04236,EMU,COR-002,SEC-0020,2026-09-05,785,805,2,54.7,900,3.9,100
TRN-04237,EMU,COR-013,SEC-0126,2026-09-04,701,713,2,50.6,900,10.3,130
TRN-04238,EMU,COR-020,SEC-0194,2026-09-16,1030,1037,2,93.5,900,6.7,100
TRN-04239,Passenger,COR-014,SEC-0133,2026-09-11,1373,1393,2,68.6,1200,6.0,110
TRN-04240,Passenger,COR-013,SEC-0127,2026-09-13,379,394,2,81.9,1200,9.5,100
TRN-04241,EMU,COR-014,SEC-0139,2026-09-13,177,187,2,75.7,900,10.4,120
TRN-04242,Passenger,COR-005,SEC-0046,2026-09-13,475,482,2,56.8,1200,8.8,110
TRN-04243,Superfast,COR-019,SEC-0181,2026-09-08,262,269,3,50.5,1600,6.9,80
TRN-04244,Superfast,COR-014,SEC-0133,2026-09-10,847,854,3,69.3,1600,8.7,110
TRN-04245,Superfast,COR-016,SEC-0160,2026-09-05,1296,1306,3,73.5,1600,7.5,100
TRN-04246,Superfast,COR-009,SEC-0087,2026-09-13,1085,1095,3,66.6,1600,11.1,100
TRN-04247,Superfast,COR-010,SEC-0094,2026-09-03,1296,1308,3,99.0,1600,13.4,80
TRN-04248,EMU,COR-018,SEC-0178,2026-09-11,91,96,2,78.4,900,8.7,80
TRN-04249,Express,COR-011,SEC-0104,2026-09-06,1021,1026,3,28.6,1400,5.6,100
TRN-04250,Passenger,COR-003,SEC-0030,2026-09-08,828,835,2,69.5,1200,5.8,100
TRN-04251,Passenger,COR-008,SEC-0074,2026-09-14,1379,1384,2,83.9,1200,12.6,100
TRN-04252,Freight,COR-017,SEC-0170,2026-09-03,1252,1267,1,31.4,3000,10.6,100
TRN-04253,Express,COR-019,SEC-0190,2026-09-03,36,56,3,78.1,1400,13.4,110
TRN-04254,Passenger,COR-016,SEC-0151,2026-09-08,273,288,2,73.7,1200,9.7,120
TRN-04255,Passenger,COR-013,SEC-0127,2026-09-16,216,223,2,57.6,1200,5.9,120
TRN-04256,EMU,COR-017,SEC-0169,2026-09-16,608,618,2,93.0,900,10.8,100
TRN-04257,Superfast,COR-003,SEC-0029,2026-09-05,1074,1084,3,71.9,1600,11.4,100
TRN-04258,Freight,COR-014,SEC-0135,2026-09-05,1170,1175,1,46.5,3000,4.0,80
TRN-04259,EMU,COR-013,SEC-0124,2026-09-08,637,647,2,65.9,900,1.3,110
TRN-04260,Freight,COR-008,SEC-0073,2026-09-14,737,747,1,26.0,3000,12.2,110
TRN-04261,Express,COR-010,SEC-0092,2026-09-08,727,737,3,71.4,1400,6.0,110
TRN-04262,Passenger,COR-008,SEC-0077,2026-09-14,237,242,2,66.1,1200,13.9,110
TRN-04263,Passenger,COR-001,SEC-0002,2026-09-16,171,176,2,56.2,1200,5.5,100
TRN-04264,EMU,COR-013,SEC-0129,2026-09-03,265,280,2,58.9,900,2.7,100
TRN-04265,Superfast,COR-001,SEC-0002,2026-09-05,50,70,3,89.6,1600,13.7,130
TRN-04266,Passenger,COR-010,SEC-0092,2026-09-09,302,307,2,56.0,1200,11.0,110
TRN-04267,Express,COR-016,SEC-0153,2026-09-05,215,235,3,66.5,1400,7.7,80
TRN-04268,EMU,COR-006,SEC-0057,2026-09-09,642,647,2,92.3,900,9.8,110
TRN-04269,Superfast,COR-014,SEC-0132,2026-09-07,546,566,3,84.8,1600,8.6,100
TRN-04270,EMU,COR-015,SEC-0146,2026-09-14,427,437,2,68.0,900,6.6,100
TRN-04271,Freight,COR-017,SEC-0164,2026-09-04,1012,1022,1,28.3,3000,6.0,100
TRN-04272,Passenger,COR-005,SEC-0042,2026-09-13,1438,1439,2,60.6,1200,8.5,120
TRN-04273,Passenger,COR-010,SEC-0091,2026-09-08,621,633,2,98.7,1200,13.2,130
TRN-04274,Superfast,COR-008,SEC-0071,2026-09-03,1366,1378,3,75.7,1600,14.8,100
TRN-04275,Passenger,COR-019,SEC-0181,2026-09-12,85,92,2,77.4,1200,8.0,130
TRN-04276,EMU,COR-011,SEC-0101,2026-09-07,956,963,2,55.6,900,12.8,100
TRN-04277,Express,COR-011,SEC-0105,2026-09-14,1309,1314,3,61.5,1400,14.8,100
TRN-04278,EMU,COR-020,SEC-0195,2026-09-08,185,190,2,66.7,900,9.3,100
TRN-04279,Express,COR-019,SEC-0188,2026-09-16,719,729,3,74.9,1400,13.5,100
TRN-04280,Express,COR-007,SEC-0070,2026-09-04,173,180,3,79.9,1400,10.3,110
TRN-04281,Passenger,COR-002,SEC-0018,2026-09-03,1387,1394,2,55.7,1200,7.1,100
TRN-04282,Passenger,COR-005,SEC-0049,2026-09-12,1153,1163,2,74.9,1200,10.5,110
TRN-04283,Passenger,COR-009,SEC-0083,2026-09-08,1157,1172,2,70.2,1200,13.3,100
TRN-04284,Passenger,COR-020,SEC-0199,2026-09-11,706,718,2,76.4,1200,15.7,120
TRN-04285,Passenger,COR-014,SEC-0133,2026-09-16,1427,1434,2,53.3,1200,14.7,110
TRN-04286,Superfast,COR-019,SEC-0185,2026-09-12,176,183,3,80.8,1600,11.5,110
TRN-04287,Superfast,COR-009,SEC-0084,2026-09-14,495,507,3,79.2,1600,15.5,110
TRN-04288,Express,COR-018,SEC-0178,2026-09-08,373,378,3,64.0,1400,3.5,80
TRN-04289,Express,COR-018,SEC-0171,2026-09-10,1020,1025,3,48.3,1400,5.6,110
TRN-04290,Superfast,COR-010,SEC-0098,2026-09-15,605,617,3,69.9,1600,9.6,120
TRN-04291,EMU,COR-004,SEC-0035,2026-09-13,373,378,2,59.3,900,12.6,100
TRN-04292,Superfast,COR-015,SEC-0141,2026-09-16,768,775,3,46.7,1600,10.2,110
TRN-04293,Express,COR-018,SEC-0174,2026-09-06,1435,1439,3,66.0,1400,14.0,100
TRN-04294,Passenger,COR-002,SEC-0015,2026-09-14,1133,1153,2,57.1,1200,12.6,80
TRN-04295,Passenger,COR-003,SEC-0028,2026-09-04,1256,1268,2,53.2,1200,12.1,100
TRN-04296,EMU,COR-006,SEC-0056,2026-09-07,1368,1383,2,82.8,900,8.5,80
TRN-04297,Passenger,COR-001,SEC-0008,2026-09-07,481,493,2,64.2,1200,14.0,80
TRN-04298,Express,COR-020,SEC-0197,2026-09-09,17,29,3,72.7,1400,4.4,100
TRN-04299,EMU,COR-010,SEC-0099,2026-09-05,903,910,2,61.6,900,12.8,80
TRN-04300,Express,COR-013,SEC-0126,2026-09-04,1246,1266,3,65.9,1400,9.4,110
TRN-04301,EMU,COR-006,SEC-0060,2026-09-13,898,913,2,74.6,900,12.1,110
TRN-04302,Freight,COR-018,SEC-0179,2026-09-06,894,906,1,47.5,3000,7.6,100
TRN-04303,Superfast,COR-015,SEC-0141,2026-09-13,924,934,3,34.3,1600,6.5,80
TRN-04304,Passenger,COR-014,SEC-0137,2026-09-07,540,552,2,77.9,1200,9.8,100
TRN-04305,Superfast,COR-003,SEC-0021,2026-09-06,797,807,3,66.0,1600,7.1,100
TRN-04306,Passenger,COR-010,SEC-0091,2026-09-08,103,115,2,99.0,1200,10.7,110
TRN-04307,Express,COR-011,SEC-0101,2026-09-14,302,317,3,61.9,1400,8.9,120
TRN-04308,Superfast,COR-011,SEC-0102,2026-09-08,1262,1267,3,59.7,1600,8.6,120
TRN-04309,Passenger,COR-020,SEC-0193,2026-09-08,277,287,2,71.7,1200,8.9,100
TRN-04310,Passenger,COR-007,SEC-0068,2026-09-03,1339,1351,2,87.2,1200,16.7,130
TRN-04311,Superfast,COR-011,SEC-0104,2026-09-14,69,76,3,68.4,1600,11.1,80
TRN-04312,EMU,COR-014,SEC-0136,2026-09-15,1103,1110,2,99.0,900,13.1,80
TRN-04313,Superfast,COR-017,SEC-0170,2026-09-03,1056,1061,3,82.5,1600,11.2,110
TRN-04314,Superfast,COR-010,SEC-0095,2026-09-05,888,895,3,88.7,1600,10.9,130
TRN-04315,Express,COR-001,SEC-0004,2026-09-05,74,81,3,77.9,1400,6.1,110
TRN-04316,Express,COR-020,SEC-0199,2026-09-03,383,390,3,91.9,1400,15.6,100
TRN-04317,Express,COR-005,SEC-0043,2026-09-12,1160,1170,3,67.7,1400,11.7,120
TRN-04318,Express,COR-018,SEC-0178,2026-09-12,456,468,3,77.2,1400,9.1,120
TRN-04319,EMU,COR-020,SEC-0197,2026-09-07,1359,1371,2,57.6,900,9.5,110
TRN-04320,Superfast,COR-005,SEC-0043,2026-09-16,871,891,3,68.6,1600,5.1,130
TRN-04321,Passenger,COR-004,SEC-0035,2026-09-10,271,291,2,85.0,1200,10.6,130
TRN-04322,Superfast,COR-009,SEC-0089,2026-09-13,1335,1347,3,94.1,1600,9.9,120
TRN-04323,Express,COR-017,SEC-0170,2026-09-06,1403,1408,3,59.2,1400,14.8,110
TRN-04324,EMU,COR-003,SEC-0023,2026-09-06,676,686,2,51.5,900,8.6,100
TRN-04325,EMU,COR-006,SEC-0056,2026-09-11,1126,1136,2,74.8,900,11.0,100
TRN-04326,Passenger,COR-016,SEC-0153,2026-09-10,752,772,2,80.3,1200,7.7,80
TRN-04327,EMU,COR-017,SEC-0167,2026-09-16,856,863,2,72.2,900,7.4,110
TRN-04328,EMU,COR-014,SEC-0136,2026-09-03,220,227,2,63.3,900,8.1,130
TRN-04329,Passenger,COR-004,SEC-0033,2026-09-10,549,556,2,70.9,1200,10.2,80
TRN-04330,Freight,COR-019,SEC-0188,2026-09-07,1101,1111,1,8.2,3000,3.8,120
TRN-04331,Passenger,COR-018,SEC-0177,2026-09-05,323,335,2,63.7,1200,4.0,100
TRN-04332,Superfast,COR-001,SEC-0004,2026-09-14,773,780,3,89.5,1600,10.1,130
TRN-04333,Passenger,COR-018,SEC-0171,2026-09-11,323,333,2,78.1,1200,13.8,110
TRN-04334,Express,COR-014,SEC-0136,2026-09-10,228,235,3,45.7,1400,11.0,100
TRN-04335,EMU,COR-009,SEC-0084,2026-09-04,1418,1438,2,77.6,900,9.1,110
TRN-04336,Freight,COR-013,SEC-0128,2026-09-10,528,538,1,50.5,3000,7.8,120
TRN-04337,Express,COR-007,SEC-0065,2026-09-12,1318,1325,3,63.3,1400,8.8,120
TRN-04338,Superfast,COR-020,SEC-0192,2026-09-16,486,496,3,43.6,1600,6.1,80
TRN-04339,Passenger,COR-012,SEC-0118,2026-09-06,605,617,2,73.8,1200,7.6,100
TRN-04340,EMU,COR-018,SEC-0180,2026-09-05,106,111,2,50.9,900,10.4,100
TRN-04341,Freight,COR-007,SEC-0069,2026-09-10,946,958,1,41.5,3000,9.8,110
TRN-04342,Passenger,COR-002,SEC-0015,2026-09-15,119,131,2,73.4,1200,9.5,80
TRN-04343,Passenger,COR-020,SEC-0199,2026-09-16,1067,1072,2,72.9,1200,13.7,120
TRN-04344,Express,COR-018,SEC-0174,2026-09-08,98,108,3,69.9,1400,5.5,100
TRN-04345,EMU,COR-012,SEC-0114,2026-09-06,1354,1374,2,74.6,900,6.1,120
TRN-04346,Passenger,COR-019,SEC-0187,2026-09-16,967,982,2,67.9,1200,6.9,100
TRN-04347,Passenger,COR-003,SEC-0021,2026-09-09,556,561,2,84.5,1200,6.1,100
TRN-04348,Freight,COR-014,SEC-0139,2026-09-05,1425,1439,1,59.2,3000,5.2,110
TRN-04349,Passenger,COR-005,SEC-0047,2026-09-12,603,615,2,99.0,1200,15.8,100
TRN-04350,EMU,COR-007,SEC-0068,2026-09-09,786,793,2,77.1,900,15.5,130
TRN-04351,Superfast,COR-015,SEC-0141,2026-09-05,1177,1184,3,66.5,1600,5.5,120
TRN-04352,Superfast,COR-013,SEC-0127,2026-09-03,532,552,3,68.6,1600,4.7,80
TRN-04353,EMU,COR-007,SEC-0062,2026-09-16,1237,1242,2,97.1,900,14.1,110
TRN-04354,Superfast,COR-015,SEC-0144,2026-09-09,312,319,3,94.3,1600,12.0,130
TRN-04355,Express,COR-010,SEC-0092,2026-09-14,797,804,3,89.1,1400,9.9,100
TRN-04356,Superfast,COR-019,SEC-0187,2026-09-13,1242,1247,3,48.8,1600,12.4,120
TRN-04357,Express,COR-008,SEC-0075,2026-09-09,211,223,3,49.9,1400,7.2,120
TRN-04358,Passenger,COR-001,SEC-0006,2026-09-03,302,312,2,98.5,1200,11.2,110
TRN-04359,Passenger,COR-001,SEC-0004,2026-09-06,270,280,2,53.7,1200,8.6,110
TRN-04360,Express,COR-014,SEC-0131,2026-09-10,127,134,3,65.9,1400,3.0,80
TRN-04361,Freight,COR-013,SEC-0125,2026-09-06,110,115,1,36.9,3000,8.9,100
TRN-04362,Freight,COR-001,SEC-0002,2026-09-10,315,322,1,6.2,3000,1.0,110
TRN-04363,Freight,COR-008,SEC-0072,2026-09-06,615,630,1,17.2,3000,7.1,130
TRN-04364,Freight,COR-013,SEC-0130,2026-09-03,608,615,1,14.5,3000,5.9,110
TRN-04365,Passenger,COR-020,SEC-0199,2026-09-05,762,767,2,99.0,1200,10.3,130
TRN-04366,EMU,COR-005,SEC-0043,2026-09-15,1336,1343,2,90.2,900,16.6,110
TRN-04367,Freight,COR-015,SEC-0150,2026-09-13,68,78,1,30.8,3000,9.5,110
TRN-04368,Superfast,COR-001,SEC-0002,2026-09-08,57,64,3,53.0,1600,7.1,110
TRN-04369,Passenger,COR-016,SEC-0160,2026-09-16,1437,1439,2,66.3,1200,9.0,80
TRN-04370,Superfast,COR-010,SEC-0100,2026-09-16,967,987,3,73.7,1600,6.0,80
TRN-04371,Superfast,COR-008,SEC-0072,2026-09-06,1298,1303,3,66.0,1600,5.4,120
TRN-04372,Passenger,COR-019,SEC-0182,2026-09-14,502,512,2,99.0,1200,12.8,100
TRN-04373,Superfast,COR-015,SEC-0147,2026-09-06,828,835,3,69.4,1600,9.9,100
TRN-04374,EMU,COR-013,SEC-0123,2026-09-16,726,736,2,56.7,900,7.8,80
TRN-04375,Superfast,COR-006,SEC-0056,2026-09-08,97,107,3,52.0,1600,11.8,110
TRN-04376,Superfast,COR-015,SEC-0143,2026-09-03,688,693,3,52.8,1600,6.8,100
TRN-04377,Passenger,COR-013,SEC-0129,2026-09-13,513,520,2,99.0,1200,11.3,110
TRN-04378,Express,COR-005,SEC-0041,2026-09-09,1134,1139,3,68.0,1400,11.6,130
TRN-04379,Freight,COR-014,SEC-0136,2026-09-16,1301,1321,1,29.6,3000,4.5,120
TRN-04380,Superfast,COR-004,SEC-0031,2026-09-15,149,164,3,62.6,1600,10.2,80
TRN-04381,EMU,COR-017,SEC-0164,2026-09-07,123,133,2,96.2,900,10.3,110
TRN-04382,EMU,COR-019,SEC-0187,2026-09-11,282,289,2,83.1,900,14.6,110
TRN-04383,Express,COR-005,SEC-0042,2026-09-06,1137,1147,3,92.9,1400,13.3,110
TRN-04384,Passenger,COR-015,SEC-0143,2026-09-06,1105,1115,2,65.1,1200,12.3,130
TRN-04385,Passenger,COR-003,SEC-0028,2026-09-07,772,782,2,81.7,1200,10.5,120
TRN-04386,Passenger,COR-008,SEC-0079,2026-09-06,901,911,2,55.9,1200,5.4,80
TRN-04387,Freight,COR-007,SEC-0066,2026-09-06,965,970,1,41.1,3000,2.9,120
TRN-04388,EMU,COR-011,SEC-0101,2026-09-11,580,592,2,61.6,900,9.1,120
TRN-04389,Freight,COR-019,SEC-0183,2026-09-13,908,918,1,43.8,3000,5.0,130
TRN-04390,Express,COR-019,SEC-0187,2026-09-11,948,968,3,94.6,1400,9.4,120
TRN-04391,Superfast,COR-002,SEC-0013,2026-09-10,1328,1340,3,85.9,1600,14.0,80
TRN-04392,Passenger,COR-016,SEC-0154,2026-09-03,1425,1432,2,69.1,1200,7.2,120
TRN-04393,Freight,COR-006,SEC-0053,2026-09-13,827,834,1,5.0,3000,4.4,100
TRN-04394,EMU,COR-010,SEC-0100,2026-09-07,878,888,2,64.5,900,11.7,120
TRN-04395,Passenger,COR-018,SEC-0171,2026-09-12,132,142,2,88.3,1200,12.9,110
TRN-04396,Passenger,COR-002,SEC-0011,2026-09-04,1429,1439,2,65.4,1200,13.1,110
TRN-04397,Passenger,COR-013,SEC-0128,2026-09-10,1128,1148,2,65.1,1200,4.8,120
TRN-04398,Superfast,COR-009,SEC-0082,2026-09-16,305,320,3,53.1,1600,12.3,110
TRN-04399,Freight,COR-003,SEC-0021,2026-09-14,686,706,1,24.4,3000,5.7,100
TRN-04400,Express,COR-013,SEC-0122,2026-09-04,571,583,3,72.1,1400,11.7,100
TRN-04401,EMU,COR-007,SEC-0066,2026-09-11,1017,1024,2,99.0,900,10.9,130
TRN-04402,Passenger,COR-001,SEC-0002,2026-09-08,1,21,2,42.5,1200,9.4,110
TRN-04403,Freight,COR-009,SEC-0083,2026-09-04,218,233,1,35.1,3000,7.0,80
TRN-04404,Superfast,COR-009,SEC-0089,2026-09-10,228,248,3,73.0,1600,11.8,100
TRN-04405,EMU,COR-018,SEC-0180,2026-09-03,590,610,2,54.3,900,5.5,110
TRN-04406,Express,COR-008,SEC-0073,2026-09-07,1048,1058,3,73.0,1400,9.9,110
TRN-04407,EMU,COR-011,SEC-0110,2026-09-10,312,322,2,60.1,900,9.2,100
TRN-04408,Superfast,COR-013,SEC-0124,2026-09-07,1085,1092,3,75.8,1600,9.6,120
TRN-04409,EMU,COR-006,SEC-0059,2026-09-07,639,644,2,77.6,900,8.5,80
TRN-04410,Superfast,COR-012,SEC-0120,2026-09-05,721,726,3,70.6,1600,13.3,120
TRN-04411,EMU,COR-005,SEC-0049,2026-09-05,378,390,2,67.1,900,6.9,80
TRN-04412,Freight,COR-018,SEC-0178,2026-09-10,671,676,1,22.9,3000,4.8,120
TRN-04413,EMU,COR-011,SEC-0108,2026-09-07,899,911,2,99.0,900,6.1,110
TRN-04414,Freight,COR-001,SEC-0010,2026-09-10,1123,1133,1,14.8,3000,7.0,100
TRN-04415,Passenger,COR-016,SEC-0157,2026-09-13,1014,1021,2,75.4,1200,12.0,100
TRN-04416,Passenger,COR-003,SEC-0028,2026-09-03,880,892,2,86.5,1200,6.7,120
TRN-04417,Superfast,COR-001,SEC-0001,2026-09-05,253,265,3,76.6,1600,14.2,130
TRN-04418,EMU,COR-015,SEC-0147,2026-09-06,104,109,2,46.1,900,6.4,80
TRN-04419,Passenger,COR-002,SEC-0015,2026-09-11,213,233,2,53.1,1200,11.0,100
TRN-04420,Freight,COR-013,SEC-0128,2026-09-04,696,711,1,46.8,3000,7.3,110
TRN-04421,EMU,COR-019,SEC-0188,2026-09-13,782,792,2,88.9,900,15.2,100
TRN-04422,EMU,COR-020,SEC-0197,2026-09-07,1320,1327,2,71.5,900,6.6,120
TRN-04423,Express,COR-009,SEC-0085,2026-09-14,1028,1048,3,60.8,1400,10.2,110
TRN-04424,Freight,COR-006,SEC-0053,2026-09-06,1262,1272,1,40.4,3000,5.6,110
TRN-04425,Freight,COR-007,SEC-0062,2026-09-10,906,918,1,6.0,3000,5.9,120
TRN-04426,EMU,COR-012,SEC-0117,2026-09-11,802,814,2,89.9,900,15.7,120
TRN-04427,Freight,COR-013,SEC-0129,2026-09-12,226,233,1,29.4,3000,6.2,80
TRN-04428,Freight,COR-004,SEC-0035,2026-09-05,1347,1362,1,44.0,3000,5.9,110
TRN-04429,Superfast,COR-015,SEC-0144,2026-09-16,367,372,3,86.6,1600,10.5,100
TRN-04430,Freight,COR-007,SEC-0063,2026-09-11,1329,1334,1,5.6,3000,2.3,120
TRN-04431,Passenger,COR-013,SEC-0130,2026-09-06,370,390,2,83.5,1200,13.8,130
TRN-04432,Express,COR-017,SEC-0164,2026-09-10,598,610,3,85.8,1400,7.0,100
TRN-04433,EMU,COR-009,SEC-0088,2026-09-10,525,535,2,79.3,900,10.8,110
TRN-04434,EMU,COR-004,SEC-0034,2026-09-13,135,145,2,50.9,900,6.8,100
TRN-04435,Freight,COR-010,SEC-0094,2026-09-09,41,56,1,15.4,3000,1.8,110
TRN-04436,Passenger,COR-020,SEC-0198,2026-09-09,1284,1289,2,35.9,1200,2.6,80
TRN-04437,Superfast,COR-007,SEC-0069,2026-09-09,1304,1324,3,68.2,1600,4.7,110
TRN-04438,Express,COR-006,SEC-0052,2026-09-03,218,223,3,49.2,1400,8.1,100
TRN-04439,Express,COR-005,SEC-0045,2026-09-15,545,552,3,68.9,1400,7.7,80
TRN-04440,Freight,COR-017,SEC-0163,2026-09-04,1261,1281,1,32.9,3000,9.5,110
TRN-04441,Superfast,COR-018,SEC-0179,2026-09-16,490,497,3,61.5,1600,8.8,100
TRN-04442,Passenger,COR-001,SEC-0002,2026-09-06,323,343,2,50.9,1200,10.0,120
TRN-04443,Express,COR-005,SEC-0049,2026-09-08,651,671,3,54.9,1400,6.2,110
TRN-04444,EMU,COR-003,SEC-0029,2026-09-07,871,883,2,86.1,900,9.8,100
TRN-04445,EMU,COR-015,SEC-0141,2026-09-06,702,712,2,59.4,900,7.6,100
TRN-04446,Freight,COR-002,SEC-0014,2026-09-16,749,754,1,9.6,3000,1.0,100
TRN-04447,Passenger,COR-003,SEC-0023,2026-09-03,626,633,2,48.2,1200,7.8,100
TRN-04448,Express,COR-008,SEC-0072,2026-09-14,950,962,3,49.1,1400,6.5,110
TRN-04449,Superfast,COR-011,SEC-0102,2026-09-12,698,708,3,72.0,1600,10.5,80
TRN-04450,Passenger,COR-003,SEC-0025,2026-09-16,143,153,2,66.9,1200,11.5,100
TRN-04451,Superfast,COR-008,SEC-0071,2026-09-15,747,754,3,63.3,1600,14.9,120
TRN-04452,Freight,COR-007,SEC-0062,2026-09-14,663,673,1,44.7,3000,1.0,100
TRN-04453,EMU,COR-004,SEC-0031,2026-09-10,54,74,2,84.8,900,10.7,100
TRN-04454,Express,COR-001,SEC-0001,2026-09-10,741,756,3,53.2,1400,11.9,100
TRN-04455,Superfast,COR-020,SEC-0196,2026-09-10,340,350,3,99.0,1600,11.2,110
TRN-04456,Express,COR-015,SEC-0142,2026-09-09,54,59,3,68.7,1400,9.3,100
TRN-04457,EMU,COR-011,SEC-0109,2026-09-08,1184,1189,2,71.9,900,10.1,110
TRN-04458,Express,COR-007,SEC-0065,2026-09-06,542,557,3,47.6,1400,8.6,110
TRN-04459,EMU,COR-005,SEC-0045,2026-09-05,695,700,2,75.6,900,10.2,80
TRN-04460,Freight,COR-019,SEC-0187,2026-09-08,170,190,1,57.3,3000,8.0,110
TRN-04461,Passenger,COR-008,SEC-0073,2026-09-10,1299,1309,2,79.9,1200,13.6,110
TRN-04462,Passenger,COR-016,SEC-0156,2026-09-16,1352,1362,2,55.3,1200,7.9,120
TRN-04463,Superfast,COR-015,SEC-0149,2026-09-03,1256,1261,3,49.7,1600,7.6,100
TRN-04464,Express,COR-007,SEC-0063,2026-09-07,1009,1019,3,55.1,1400,7.2,110
TRN-04465,Superfast,COR-002,SEC-0019,2026-09-12,909,914,3,68.8,1600,6.1,100
TRN-04466,Freight,COR-002,SEC-0013,2026-09-07,1111,1118,1,26.2,3000,3.8,80
TRN-04467,EMU,COR-003,SEC-0026,2026-09-07,582,592,2,76.6,900,9.2,100
TRN-04468,Passenger,COR-003,SEC-0028,2026-09-13,1357,1362,2,68.5,1200,6.9,120
TRN-04469,Freight,COR-009,SEC-0083,2026-09-15,364,369,1,34.0,3000,2.6,130
TRN-04470,Superfast,COR-019,SEC-0190,2026-09-07,538,545,3,99.0,1600,11.3,120
TRN-04471,Superfast,COR-003,SEC-0025,2026-09-06,442,452,3,62.4,1600,9.3,120
TRN-04472,Freight,COR-013,SEC-0127,2026-09-13,1370,1390,1,54.2,3000,5.7,120
TRN-04473,Superfast,COR-005,SEC-0046,2026-09-10,396,408,3,78.0,1600,11.4,100
TRN-04474,Superfast,COR-015,SEC-0146,2026-09-11,1140,1150,3,75.2,1600,11.7,110
TRN-04475,Express,COR-020,SEC-0192,2026-09-06,857,877,3,81.6,1400,3.7,110
TRN-04476,Express,COR-019,SEC-0186,2026-09-03,501,508,3,77.8,1400,8.1,110
TRN-04477,EMU,COR-007,SEC-0070,2026-09-09,554,561,2,67.3,900,16.4,110
TRN-04478,Freight,COR-008,SEC-0073,2026-09-09,9,16,1,22.2,3000,3.3,100
TRN-04479,Express,COR-006,SEC-0057,2026-09-15,1215,1225,3,52.7,1400,8.2,110
TRN-04480,Passenger,COR-005,SEC-0047,2026-09-14,1312,1332,2,50.0,1200,6.5,120
TRN-04481,Passenger,COR-006,SEC-0059,2026-09-03,533,548,2,53.5,1200,9.4,100
TRN-04482,Express,COR-018,SEC-0175,2026-09-03,683,698,3,83.4,1400,7.4,100
TRN-04483,EMU,COR-017,SEC-0162,2026-09-09,153,163,2,74.1,900,8.9,120
TRN-04484,Freight,COR-014,SEC-0132,2026-09-09,1248,1258,1,28.5,3000,3.3,80
TRN-04485,Passenger,COR-005,SEC-0048,2026-09-13,361,376,2,63.0,1200,7.3,100
TRN-04486,Express,COR-017,SEC-0169,2026-09-11,812,819,3,66.4,1400,10.2,100
TRN-04487,Passenger,COR-007,SEC-0064,2026-09-16,911,931,2,93.2,1200,9.8,80
TRN-04488,Freight,COR-015,SEC-0148,2026-09-04,392,399,1,24.1,3000,4.2,80
TRN-04489,Passenger,COR-014,SEC-0138,2026-09-13,406,411,2,88.3,1200,9.6,120
TRN-04490,Express,COR-015,SEC-0148,2026-09-08,1389,1399,3,54.5,1400,7.4,110
TRN-04491,Freight,COR-014,SEC-0138,2026-09-07,322,332,1,7.4,3000,5.6,100
TRN-04492,EMU,COR-004,SEC-0038,2026-09-03,45,55,2,87.9,900,11.4,110
TRN-04493,EMU,COR-012,SEC-0114,2026-09-14,216,221,2,79.5,900,12.1,120
TRN-04494,Passenger,COR-012,SEC-0113,2026-09-09,752,762,2,44.6,1200,7.5,100
TRN-04495,EMU,COR-005,SEC-0046,2026-09-04,225,235,2,82.0,900,8.4,110
TRN-04496,Express,COR-007,SEC-0067,2026-09-16,567,577,3,83.5,1400,12.3,120
TRN-04497,Superfast,COR-014,SEC-0136,2026-09-13,168,178,3,54.2,1600,12.3,120
TRN-04498,EMU,COR-008,SEC-0077,2026-09-15,431,443,2,51.0,900,11.4,100
TRN-04499,Express,COR-007,SEC-0065,2026-09-15,1301,1311,3,87.4,1400,10.2,100
TRN-04500,Superfast,COR-006,SEC-0054,2026-09-14,941,946,3,54.0,1600,7.4,100
TRN-04501,Superfast,COR-004,SEC-0038,2026-09-11,152,159,3,92.9,1600,10.6,120
TRN-04502,Superfast,COR-014,SEC-0140,2026-09-03,1268,1288,3,77.1,1600,15.3,110
TRN-04503,EMU,COR-005,SEC-0047,2026-09-06,520,535,2,80.1,900,14.4,130
TRN-04504,EMU,COR-009,SEC-0087,2026-09-10,551,566,2,77.5,900,12.6,100
TRN-04505,Express,COR-011,SEC-0102,2026-09-08,1124,1139,3,51.4,1400,6.6,80
TRN-04506,Superfast,COR-005,SEC-0043,2026-09-10,403,413,3,60.2,1600,8.0,100
TRN-04507,Superfast,COR-011,SEC-0104,2026-09-08,1316,1326,3,71.2,1600,5.9,110
TRN-04508,Freight,COR-011,SEC-0102,2026-09-03,294,306,1,43.1,3000,10.0,120
TRN-04509,Passenger,COR-005,SEC-0044,2026-09-03,1428,1435,2,70.7,1200,12.8,120
TRN-04510,Freight,COR-012,SEC-0119,2026-09-06,680,690,1,59.3,3000,11.1,110
TRN-04511,Freight,COR-005,SEC-0045,2026-09-04,721,731,1,16.4,3000,1.0,120
TRN-04512,Passenger,COR-014,SEC-0131,2026-09-06,1231,1243,2,73.1,1200,9.2,100
TRN-04513,Express,COR-013,SEC-0123,2026-09-13,651,658,3,63.4,1400,7.1,100
TRN-04514,Passenger,COR-006,SEC-0052,2026-09-14,1394,1399,2,65.2,1200,6.6,80
TRN-04515,Freight,COR-009,SEC-0087,2026-09-15,247,254,1,18.8,3000,7.2,120
TRN-04516,Freight,COR-015,SEC-0146,2026-09-03,591,598,1,23.3,3000,7.0,110
TRN-04517,Express,COR-005,SEC-0049,2026-09-10,1292,1304,3,82.5,1400,11.1,120
TRN-04518,Superfast,COR-017,SEC-0161,2026-09-11,840,855,3,54.5,1600,5.5,120
TRN-04519,Passenger,COR-011,SEC-0104,2026-09-04,747,754,2,90.4,1200,12.9,80
TRN-04520,Passenger,COR-020,SEC-0200,2026-09-04,1124,1144,2,48.8,1200,2.6,110
TRN-04521,Superfast,COR-017,SEC-0163,2026-09-16,756,763,3,99.0,1600,14.9,110
TRN-04522,Freight,COR-008,SEC-0077,2026-09-06,1302,1317,1,18.8,3000,6.0,100
TRN-04523,Passenger,COR-009,SEC-0083,2026-09-12,501,506,2,89.7,1200,12.6,130
TRN-04524,Superfast,COR-003,SEC-0029,2026-09-14,1166,1176,3,72.6,1600,12.4,100
TRN-04525,Express,COR-005,SEC-0047,2026-09-14,1104,1116,3,59.4,1400,9.8,120
TRN-04526,EMU,COR-004,SEC-0037,2026-09-11,1073,1093,2,60.1,900,15.4,100
TRN-04527,Express,COR-013,SEC-0125,2026-09-09,316,323,3,79.2,1400,10.5,100
TRN-04528,Passenger,COR-019,SEC-0188,2026-09-06,136,146,2,25.0,1200,9.5,80
TRN-04529,Superfast,COR-018,SEC-0177,2026-09-11,914,934,3,83.9,1600,17.5,120
TRN-04530,EMU,COR-020,SEC-0200,2026-09-14,1008,1013,2,64.8,900,8.1,130
TRN-04531,Passenger,COR-014,SEC-0138,2026-09-10,374,379,2,65.8,1200,11.7,120
TRN-04532,Superfast,COR-012,SEC-0112,2026-09-09,577,584,3,65.3,1600,7.5,80
TRN-04533,Express,COR-017,SEC-0163,2026-09-11,1177,1192,3,66.0,1400,12.6,80
TRN-04534,Freight,COR-015,SEC-0146,2026-09-03,150,165,1,34.3,3000,2.3,120
TRN-04535,Express,COR-006,SEC-0054,2026-09-14,37,49,3,64.9,1400,13.4,100
TRN-04536,Express,COR-006,SEC-0058,2026-09-03,316,326,3,70.9,1400,12.9,130
TRN-04537,Freight,COR-019,SEC-0186,2026-09-09,518,530,1,36.4,3000,11.0,110
TRN-04538,Passenger,COR-013,SEC-0122,2026-09-04,912,932,2,54.2,1200,8.7,110
TRN-04539,Passenger,COR-003,SEC-0028,2026-09-10,557,569,2,83.8,1200,11.4,120
TRN-04540,Superfast,COR-009,SEC-0090,2026-09-14,412,419,3,99.0,1600,17.5,110
TRN-04541,Superfast,COR-003,SEC-0028,2026-09-11,23,30,3,65.4,1600,14.6,110
TRN-04542,Express,COR-011,SEC-0102,2026-09-04,1260,1272,3,62.4,1400,9.7,110
TRN-04543,Express,COR-014,SEC-0132,2026-09-03,984,996,3,70.1,1400,11.2,100
TRN-04544,Express,COR-006,SEC-0052,2026-09-11,325,332,3,80.7,1400,6.2,110
TRN-04545,EMU,COR-002,SEC-0012,2026-09-09,599,611,2,64.8,900,2.5,100
TRN-04546,Freight,COR-013,SEC-0125,2026-09-08,322,332,1,41.6,3000,5.5,120
TRN-04547,Express,COR-002,SEC-0019,2026-09-08,576,581,3,94.0,1400,10.3,120
TRN-04548,Superfast,COR-005,SEC-0042,2026-09-04,681,688,3,80.9,1600,10.5,100
TRN-04549,Express,COR-003,SEC-0028,2026-09-10,534,546,3,25.0,1400,5.9,80
TRN-04550,Freight,COR-017,SEC-0167,2026-09-07,414,434,1,24.4,3000,1.0,110
TRN-04551,Freight,COR-007,SEC-0066,2026-09-06,722,742,1,18.0,3000,7.9,80
TRN-04552,Express,COR-003,SEC-0026,2026-09-06,1143,1150,3,77.6,1400,8.9,80
TRN-04553,Freight,COR-015,SEC-0145,2026-09-06,946,956,1,73.8,3000,8.1,110
TRN-04554,EMU,COR-016,SEC-0155,2026-09-04,498,505,2,54.0,900,13.1,100
TRN-04555,Express,COR-018,SEC-0175,2026-09-06,435,445,3,74.7,1400,8.1,120
TRN-04556,Superfast,COR-007,SEC-0066,2026-09-13,1216,1231,3,73.9,1600,5.1,120
TRN-04557,Express,COR-016,SEC-0151,2026-09-10,586,606,3,60.5,1400,12.8,110
TRN-04558,Freight,COR-004,SEC-0032,2026-09-10,209,219,1,44.5,3000,7.9,120
TRN-04559,Passenger,COR-016,SEC-0159,2026-09-15,606,611,2,77.7,1200,8.5,110
TRN-04560,Freight,COR-009,SEC-0090,2026-09-09,132,139,1,34.9,3000,7.8,110
TRN-04561,Passenger,COR-002,SEC-0018,2026-09-16,1315,1325,2,48.0,1200,6.9,110
TRN-04562,EMU,COR-003,SEC-0024,2026-09-09,790,805,2,99.0,900,6.2,110
TRN-04563,EMU,COR-011,SEC-0108,2026-09-06,139,146,2,58.9,900,13.5,110
TRN-04564,Freight,COR-005,SEC-0046,2026-09-11,601,613,1,20.5,3000,5.8,120
TRN-04565,Express,COR-014,SEC-0138,2026-09-03,222,232,3,78.6,1400,11.3,100
TRN-04566,Passenger,COR-015,SEC-0141,2026-09-13,383,393,2,72.7,1200,3.1,110
TRN-04567,Freight,COR-010,SEC-0092,2026-09-16,1263,1270,1,35.7,3000,10.2,100
TRN-04568,Freight,COR-005,SEC-0046,2026-09-06,541,553,1,52.5,3000,8.6,120
TRN-04569,Express,COR-007,SEC-0064,2026-09-11,605,625,3,76.0,1400,14.2,80
TRN-04570,Express,COR-007,SEC-0068,2026-09-16,1045,1055,3,54.9,1400,10.0,100
TRN-04571,Express,COR-013,SEC-0127,2026-09-12,286,306,3,52.3,1400,8.6,100
TRN-04572,Express,COR-001,SEC-0003,2026-09-14,349,356,3,41.1,1400,7.8,80
TRN-04573,Express,COR-016,SEC-0158,2026-09-05,1173,1185,3,77.9,1400,9.9,130
TRN-04574,Express,COR-003,SEC-0028,2026-09-09,568,583,3,64.3,1400,11.0,100
TRN-04575,Superfast,COR-011,SEC-0102,2026-09-10,728,735,3,73.5,1600,13.4,100
TRN-04576,Express,COR-014,SEC-0134,2026-09-04,894,899,3,92.9,1400,11.5,110
TRN-04577,Express,COR-005,SEC-0049,2026-09-07,485,497,3,72.8,1400,6.6,100
TRN-04578,Passenger,COR-016,SEC-0154,2026-09-06,911,923,2,99.0,1200,16.2,120
TRN-04579,Freight,COR-013,SEC-0122,2026-09-08,1363,1373,1,23.6,3000,3.0,100
TRN-04580,Freight,COR-002,SEC-0014,2026-09-09,370,385,1,40.9,3000,4.6,110
TRN-04581,Passenger,COR-005,SEC-0050,2026-09-13,274,279,2,59.8,1200,8.6,110
TRN-04582,Passenger,COR-001,SEC-0006,2026-09-04,775,785,2,66.4,1200,8.8,110
TRN-04583,Passenger,COR-011,SEC-0110,2026-09-14,670,677,2,39.9,1200,7.3,110
TRN-04584,EMU,COR-009,SEC-0089,2026-09-14,631,643,2,67.6,900,11.9,100
TRN-04585,Freight,COR-005,SEC-0041,2026-09-08,486,498,1,15.9,3000,3.3,100
TRN-04586,Express,COR-004,SEC-0032,2026-09-07,885,897,3,67.7,1400,9.9,130
TRN-04587,EMU,COR-020,SEC-0193,2026-09-14,872,884,2,73.3,900,7.1,80
TRN-04588,Freight,COR-019,SEC-0181,2026-09-06,749,759,1,26.8,3000,3.5,100
TRN-04589,Passenger,COR-003,SEC-0023,2026-09-13,883,893,2,76.1,1200,7.8,100
TRN-04590,Freight,COR-019,SEC-0190,2026-09-15,1198,1208,1,21.1,3000,7.1,80
TRN-04591,EMU,COR-006,SEC-0055,2026-09-10,219,229,2,43.8,900,6.5,110
TRN-04592,Superfast,COR-016,SEC-0159,2026-09-04,102,122,3,93.4,1600,12.7,120
TRN-04593,Express,COR-009,SEC-0090,2026-09-08,889,901,3,67.0,1400,4.4,100
TRN-04594,Passenger,COR-013,SEC-0130,2026-09-06,745,765,2,84.4,1200,14.6,80
TRN-04595,Passenger,COR-007,SEC-0066,2026-09-03,563,575,2,87.3,1200,3.1,120
TRN-04596,Express,COR-008,SEC-0078,2026-09-14,989,1004,3,97.3,1400,13.8,80
TRN-04597,Express,COR-017,SEC-0167,2026-09-13,224,231,3,49.9,1400,11.1,100
TRN-04598,Express,COR-019,SEC-0183,2026-09-05,515,520,3,82.7,1400,11.0,110
TRN-04599,Express,COR-004,SEC-0037,2026-09-09,624,644,3,61.9,1400,10.7,120
TRN-04600,Superfast,COR-017,SEC-0170,2026-09-04,1199,1214,3,72.4,1600,5.6,120
TRN-04601,Passenger,COR-007,SEC-0070,2026-09-11,206,211,2,52.0,1200,6.1,110
TRN-04602,Superfast,COR-019,SEC-0187,2026-09-15,1012,1024,3,69.2,1600,8.2,80
TRN-04603,Superfast,COR-002,SEC-0016,2026-09-06,187,192,3,64.2,1600,11.5,110
TRN-04604,Express,COR-013,SEC-0125,2026-09-03,851,861,3,79.5,1400,9.8,80
TRN-04605,Passenger,COR-020,SEC-0197,2026-09-04,1208,1213,2,61.9,1200,6.7,110
TRN-04606,EMU,COR-001,SEC-0006,2026-09-08,1315,1325,2,90.2,900,12.6,100
TRN-04607,Passenger,COR-007,SEC-0067,2026-09-07,206,211,2,99.0,1200,11.1,80
TRN-04608,Superfast,COR-019,SEC-0189,2026-09-08,129,144,3,68.4,1600,9.5,100
TRN-04609,Superfast,COR-001,SEC-0004,2026-09-08,175,182,3,52.7,1600,8.5,80
TRN-04610,Express,COR-003,SEC-0029,2026-09-15,258,268,3,72.2,1400,6.5,100
TRN-04611,Passenger,COR-009,SEC-0090,2026-09-14,397,409,2,52.6,1200,8.7,130
TRN-04612,EMU,COR-020,SEC-0195,2026-09-16,492,502,2,87.4,900,8.7,100
TRN-04613,Passenger,COR-002,SEC-0019,2026-09-06,313,320,2,67.7,1200,10.2,100
TRN-04614,Express,COR-014,SEC-0133,2026-09-03,882,892,3,73.1,1400,12.9,120
TRN-04615,Freight,COR-020,SEC-0193,2026-09-03,810,817,1,36.4,3000,8.2,130
TRN-04616,Passenger,COR-015,SEC-0143,2026-09-03,1189,1194,2,71.6,1200,5.8,110
TRN-04617,Passenger,COR-009,SEC-0089,2026-09-09,1159,1171,2,99.0,1200,14.5,100
TRN-04618,Freight,COR-008,SEC-0073,2026-09-14,1382,1389,1,33.1,3000,10.9,100
TRN-04619,Superfast,COR-016,SEC-0158,2026-09-07,1415,1425,3,75.6,1600,2.7,120
TRN-04620,Freight,COR-018,SEC-0180,2026-09-11,846,853,1,24.4,3000,4.7,130
TRN-04621,Freight,COR-007,SEC-0066,2026-09-13,1219,1224,1,44.9,3000,9.9,130
TRN-04622,Superfast,COR-004,SEC-0033,2026-09-12,593,608,3,47.6,1600,11.9,80
TRN-04623,EMU,COR-007,SEC-0066,2026-09-07,57,77,2,78.1,900,7.8,80
TRN-04624,Superfast,COR-013,SEC-0121,2026-09-05,1028,1038,3,93.7,1600,10.7,100
TRN-04625,EMU,COR-011,SEC-0105,2026-09-05,131,138,2,98.6,900,8.5,80
TRN-04626,Superfast,COR-004,SEC-0038,2026-09-07,398,403,3,59.3,1600,7.3,130
TRN-04627,Freight,COR-004,SEC-0037,2026-09-11,1192,1207,1,23.5,3000,3.8,80
TRN-04628,Passenger,COR-009,SEC-0086,2026-09-07,178,193,2,56.4,1200,5.9,120
TRN-04629,Express,COR-011,SEC-0102,2026-09-10,1247,1262,3,91.0,1400,7.6,110
TRN-04630,Freight,COR-002,SEC-0020,2026-09-12,754,766,1,29.9,3000,10.0,120
TRN-04631,EMU,COR-005,SEC-0041,2026-09-14,1322,1332,2,84.8,900,9.8,110
TRN-04632,Passenger,COR-007,SEC-0067,2026-09-05,649,661,2,57.6,1200,3.5,100
TRN-04633,Freight,COR-005,SEC-0049,2026-09-04,886,891,1,52.9,3000,4.1,100
TRN-04634,Express,COR-015,SEC-0141,2026-09-13,1369,1389,3,59.6,1400,14.2,110
TRN-04635,Passenger,COR-017,SEC-0165,2026-09-09,815,825,2,87.3,1200,6.7,100
TRN-04636,Express,COR-004,SEC-0039,2026-09-04,616,636,3,63.2,1400,9.5,100
TRN-04637,Express,COR-020,SEC-0199,2026-09-10,322,327,3,83.3,1400,8.8,100
TRN-04638,EMU,COR-007,SEC-0068,2026-09-08,52,72,2,85.5,900,14.4,80
TRN-04639,Freight,COR-019,SEC-0190,2026-09-08,974,986,1,25.5,3000,5.8,100
TRN-04640,Freight,COR-003,SEC-0029,2026-09-07,650,657,1,65.4,3000,13.2,120
TRN-04641,Express,COR-017,SEC-0165,2026-09-05,741,753,3,58.3,1400,6.6,130
TRN-04642,EMU,COR-003,SEC-0022,2026-09-13,1333,1343,2,88.6,900,5.9,110
TRN-04643,Superfast,COR-019,SEC-0189,2026-09-13,694,704,3,76.3,1600,7.7,110
TRN-04644,Freight,COR-011,SEC-0109,2026-09-07,173,188,1,58.5,3000,11.5,120
TRN-04645,Passenger,COR-009,SEC-0083,2026-09-13,1304,1314,2,62.1,1200,4.8,120
TRN-04646,EMU,COR-016,SEC-0153,2026-09-10,1324,1331,2,99.0,900,14.4,80
TRN-04647,Express,COR-017,SEC-0161,2026-09-11,356,368,3,55.4,1400,4.6,80
TRN-04648,Express,COR-010,SEC-0094,2026-09-10,1000,1020,3,39.7,1400,7.6,110
TRN-04649,Passenger,COR-004,SEC-0034,2026-09-08,1197,1207,2,55.7,1200,4.7,120
TRN-04650,EMU,COR-007,SEC-0066,2026-09-05,386,398,2,90.3,900,14.4,80
TRN-04651,Freight,COR-014,SEC-0135,2026-09-05,267,272,1,26.3,3000,10.1,110
TRN-04652,Superfast,COR-005,SEC-0050,2026-09-16,1260,1270,3,73.3,1600,5.8,100
TRN-04653,EMU,COR-018,SEC-0175,2026-09-11,30,50,2,91.7,900,8.5,100
TRN-04654,Passenger,COR-010,SEC-0099,2026-09-14,214,229,2,62.9,1200,7.3,100
TRN-04655,Passenger,COR-011,SEC-0101,2026-09-09,110,130,2,70.8,1200,8.9,80
TRN-04656,Freight,COR-011,SEC-0104,2026-09-09,794,806,1,5.0,3000,2.6,80
TRN-04657,Passenger,COR-012,SEC-0114,2026-09-07,1051,1056,2,69.8,1200,2.9,80
TRN-04658,Superfast,COR-010,SEC-0091,2026-09-14,22,37,3,73.9,1600,6.7,100
TRN-04659,EMU,COR-017,SEC-0168,2026-09-12,1226,1241,2,93.7,900,13.6,120
TRN-04660,Freight,COR-004,SEC-0032,2026-09-14,162,169,1,49.9,3000,8.8,120
TRN-04661,Freight,COR-004,SEC-0040,2026-09-16,1024,1044,1,76.5,3000,7.0,130
TRN-04662,Superfast,COR-001,SEC-0002,2026-09-15,1096,1116,3,52.2,1600,6.1,100
TRN-04663,Superfast,COR-020,SEC-0196,2026-09-13,93,103,3,72.9,1600,10.9,120
TRN-04664,Freight,COR-002,SEC-0011,2026-09-12,465,472,1,38.0,3000,5.5,110
TRN-04665,Passenger,COR-020,SEC-0192,2026-09-12,856,863,2,61.4,1200,8.8,100
TRN-04666,Freight,COR-014,SEC-0137,2026-09-13,1092,1102,1,52.8,3000,8.1,120
TRN-04667,Express,COR-016,SEC-0156,2026-09-08,161,166,3,82.7,1400,12.2,130
TRN-04668,Express,COR-006,SEC-0055,2026-09-09,675,682,3,67.9,1400,10.3,130
TRN-04669,Express,COR-011,SEC-0109,2026-09-15,1048,1058,3,61.7,1400,9.4,110
TRN-04670,Freight,COR-015,SEC-0142,2026-09-04,600,610,1,20.0,3000,4.7,110
TRN-04671,Express,COR-002,SEC-0016,2026-09-06,1342,1349,3,78.4,1400,5.8,130
TRN-04672,EMU,COR-011,SEC-0110,2026-09-15,459,466,2,63.8,900,6.9,110
TRN-04673,Passenger,COR-020,SEC-0196,2026-09-03,925,935,2,61.2,1200,3.9,110
TRN-04674,Freight,COR-015,SEC-0142,2026-09-08,425,445,1,35.6,3000,11.0,130
TRN-04675,Superfast,COR-006,SEC-0052,2026-09-13,971,983,3,71.1,1600,9.8,110
TRN-04676,Superfast,COR-005,SEC-0046,2026-09-16,117,129,3,58.4,1600,10.6,100
TRN-04677,Express,COR-008,SEC-0078,2026-09-03,239,251,3,75.5,1400,10.3,120
TRN-04678,Express,COR-002,SEC-0012,2026-09-08,708,728,3,64.4,1400,10.6,120
TRN-04679,EMU,COR-002,SEC-0012,2026-09-12,732,742,2,46.1,900,8.5,110
TRN-04680,EMU,COR-019,SEC-0181,2026-09-13,336,348,2,78.2,900,12.7,120
TRN-04681,Passenger,COR-019,SEC-0185,2026-09-07,576,586,2,73.0,1200,11.7,110
TRN-04682,Freight,COR-013,SEC-0130,2026-09-09,979,986,1,31.5,3000,6.3,100
TRN-04683,Superfast,COR-014,SEC-0136,2026-09-16,1318,1325,3,54.5,1600,15.4,100
TRN-04684,Freight,COR-020,SEC-0195,2026-09-12,190,202,1,8.7,3000,5.9,80
TRN-04685,Superfast,COR-006,SEC-0056,2026-09-16,649,661,3,49.8,1600,5.0,130
TRN-04686,EMU,COR-001,SEC-0005,2026-09-08,594,606,2,85.7,900,12.0,100
TRN-04687,EMU,COR-010,SEC-0093,2026-09-03,888,908,2,84.5,900,10.4,120
TRN-04688,Express,COR-017,SEC-0170,2026-09-10,722,727,3,71.4,1400,9.6,100
TRN-04689,Freight,COR-005,SEC-0048,2026-09-11,283,290,1,36.1,3000,10.0,120
TRN-04690,EMU,COR-007,SEC-0068,2026-09-11,998,1005,2,34.5,900,5.0,120
TRN-04691,Passenger,COR-010,SEC-0092,2026-09-04,863,873,2,67.1,1200,6.0,80
TRN-04692,Superfast,COR-006,SEC-0052,2026-09-16,1119,1129,3,69.7,1600,6.3,80
TRN-04693,Passenger,COR-019,SEC-0182,2026-09-06,226,233,2,68.7,1200,12.2,100
TRN-04694,Passenger,COR-018,SEC-0176,2026-09-15,69,76,2,67.8,1200,14.9,100
TRN-04695,EMU,COR-017,SEC-0164,2026-09-12,348,363,2,72.1,900,10.7,120
TRN-04696,Express,COR-010,SEC-0100,2026-09-16,1423,1433,3,78.4,1400,12.5,100
TRN-04697,Superfast,COR-014,SEC-0134,2026-09-07,742,757,3,97.9,1600,11.7,100
TRN-04698,Superfast,COR-015,SEC-0148,2026-09-10,1090,1110,3,67.0,1600,7.9,120
TRN-04699,Freight,COR-013,SEC-0126,2026-09-10,165,172,1,29.5,3000,12.4,130
TRN-04700,Passenger,COR-012,SEC-0119,2026-09-14,195,205,2,85.3,1200,13.7,110
TRN-04701,Passenger,COR-011,SEC-0101,2026-09-10,11,31,2,84.9,1200,5.5,120
TRN-04702,Passenger,COR-014,SEC-0140,2026-09-10,643,650,2,60.9,1200,9.0,110
TRN-04703,Passenger,COR-012,SEC-0113,2026-09-14,165,170,2,80.8,1200,16.5,100
TRN-04704,Passenger,COR-003,SEC-0027,2026-09-06,478,498,2,97.2,1200,16.2,100
TRN-04705,Passenger,COR-014,SEC-0140,2026-09-09,762,767,2,93.0,1200,11.9,110
TRN-04706,Freight,COR-006,SEC-0059,2026-09-09,1359,1369,1,22.1,3000,4.8,80
TRN-04707,Superfast,COR-004,SEC-0031,2026-09-06,1146,1158,3,75.0,1600,13.5,110
TRN-04708,Freight,COR-003,SEC-0024,2026-09-10,410,417,1,70.3,3000,8.5,100
TRN-04709,Superfast,COR-011,SEC-0107,2026-09-04,288,295,3,25.0,1600,5.7,130
TRN-04710,Passenger,COR-005,SEC-0046,2026-09-08,1337,1342,2,89.0,1200,12.0,100
TRN-04711,Superfast,COR-017,SEC-0162,2026-09-05,1388,1398,3,55.1,1600,6.6,80
TRN-04712,Superfast,COR-018,SEC-0175,2026-09-08,248,260,3,62.3,1600,8.3,120
TRN-04713,Passenger,COR-003,SEC-0028,2026-09-09,57,67,2,95.4,1200,13.0,80
TRN-04714,Freight,COR-005,SEC-0041,2026-09-13,1227,1234,1,10.9,3000,1.0,120
TRN-04715,Superfast,COR-013,SEC-0124,2026-09-16,1335,1350,3,52.7,1600,12.1,100
TRN-04716,EMU,COR-004,SEC-0040,2026-09-10,279,291,2,73.9,900,9.5,110
TRN-04717,Passenger,COR-006,SEC-0057,2026-09-09,1114,1126,2,98.5,1200,12.2,110
TRN-04718,Passenger,COR-011,SEC-0107,2026-09-05,288,293,2,53.2,1200,12.1,110
TRN-04719,EMU,COR-009,SEC-0083,2026-09-04,141,148,2,85.8,900,11.3,120
TRN-04720,Express,COR-007,SEC-0064,2026-09-12,844,854,3,79.4,1400,8.6,80
TRN-04721,Express,COR-001,SEC-0006,2026-09-14,743,750,3,58.0,1400,9.5,110
TRN-04722,Superfast,COR-012,SEC-0119,2026-09-09,519,526,3,82.2,1600,13.9,120
TRN-04723,Express,COR-011,SEC-0102,2026-09-16,895,910,3,54.4,1400,10.2,120
TRN-04724,Superfast,COR-015,SEC-0150,2026-09-06,349,354,3,96.0,1600,11.7,110
TRN-04725,EMU,COR-001,SEC-0005,2026-09-05,1217,1229,2,96.0,900,13.1,80
TRN-04726,Freight,COR-011,SEC-0102,2026-09-04,239,249,1,41.5,3000,9.6,120
TRN-04727,Superfast,COR-002,SEC-0020,2026-09-15,810,820,3,53.9,1600,10.7,100
TRN-04728,Freight,COR-016,SEC-0160,2026-09-11,488,498,1,25.6,3000,7.3,110
TRN-04729,Superfast,COR-001,SEC-0008,2026-09-15,996,1006,3,53.5,1600,8.4,100
TRN-04730,Superfast,COR-019,SEC-0187,2026-09-03,665,685,3,68.3,1600,9.2,110
TRN-04731,Express,COR-010,SEC-0100,2026-09-09,842,854,3,99.0,1400,9.8,110
TRN-04732,Passenger,COR-002,SEC-0013,2026-09-13,554,569,2,78.0,1200,10.4,120
TRN-04733,EMU,COR-009,SEC-0086,2026-09-14,819,829,2,86.4,900,6.6,120
TRN-04734,Superfast,COR-004,SEC-0032,2026-09-07,123,135,3,61.7,1600,7.1,110
TRN-04735,Superfast,COR-009,SEC-0081,2026-09-10,1363,1375,3,70.9,1600,13.3,110
TRN-04736,EMU,COR-009,SEC-0089,2026-09-10,258,270,2,84.3,900,7.6,100
TRN-04737,Passenger,COR-007,SEC-0070,2026-09-13,1081,1091,2,47.0,1200,5.0,80
TRN-04738,Superfast,COR-013,SEC-0124,2026-09-08,640,655,3,79.1,1600,11.3,110
TRN-04739,Express,COR-009,SEC-0085,2026-09-08,1195,1205,3,38.7,1400,8.0,120
TRN-04740,Passenger,COR-017,SEC-0166,2026-09-04,801,808,2,99.0,1200,14.3,110
TRN-04741,Express,COR-001,SEC-0009,2026-09-16,331,341,3,73.0,1400,10.6,80
TRN-04742,Express,COR-010,SEC-0097,2026-09-03,446,461,3,75.7,1400,5.7,100
TRN-04743,EMU,COR-016,SEC-0152,2026-09-15,1030,1042,2,62.3,900,11.0,120
TRN-04744,Express,COR-010,SEC-0097,2026-09-15,1074,1094,3,56.7,1400,9.3,120
TRN-04745,Passenger,COR-002,SEC-0013,2026-09-07,741,756,2,98.4,1200,6.8,100
TRN-04746,Superfast,COR-013,SEC-0130,2026-09-03,1309,1321,3,57.8,1600,6.8,110
TRN-04747,Express,COR-004,SEC-0034,2026-09-10,1170,1180,3,81.1,1400,12.2,120
TRN-04748,Superfast,COR-016,SEC-0157,2026-09-10,1141,1148,3,97.7,1600,7.5,120
TRN-04749,Superfast,COR-020,SEC-0197,2026-09-16,1317,1322,3,84.8,1600,13.6,120
TRN-04750,Freight,COR-012,SEC-0117,2026-09-11,825,835,1,34.9,3000,3.7,110
TRN-04751,Superfast,COR-018,SEC-0171,2026-09-08,828,835,3,71.5,1600,11.6,100
TRN-04752,Express,COR-007,SEC-0069,2026-09-03,781,786,3,66.2,1400,11.5,130
TRN-04753,EMU,COR-018,SEC-0180,2026-09-04,533,540,2,59.1,900,5.5,80
TRN-04754,Superfast,COR-003,SEC-0029,2026-09-07,330,335,3,69.5,1600,10.0,100
TRN-04755,Passenger,COR-018,SEC-0176,2026-09-06,42,52,2,83.5,1200,10.0,100
TRN-04756,Passenger,COR-010,SEC-0098,2026-09-12,151,171,2,60.8,1200,8.8,130
TRN-04757,Express,COR-019,SEC-0189,2026-09-08,50,62,3,76.9,1400,12.6,100
TRN-04758,Freight,COR-008,SEC-0078,2026-09-12,1085,1092,1,31.3,3000,8.0,100
TRN-04759,EMU,COR-001,SEC-0005,2026-09-04,424,436,2,61.0,900,12.9,120
TRN-04760,Passenger,COR-010,SEC-0096,2026-09-06,735,747,2,53.2,1200,9.6,110
TRN-04761,Express,COR-010,SEC-0092,2026-09-07,245,255,3,70.7,1400,11.0,120
TRN-04762,Passenger,COR-017,SEC-0170,2026-09-05,1140,1147,2,85.0,1200,10.3,110
TRN-04763,Express,COR-019,SEC-0188,2026-09-05,1276,1288,3,77.4,1400,9.9,130
TRN-04764,Freight,COR-010,SEC-0092,2026-09-14,1371,1378,1,35.3,3000,6.6,80
TRN-04765,Freight,COR-003,SEC-0029,2026-09-13,761,776,1,5.0,3000,1.1,120
TRN-04766,Passenger,COR-012,SEC-0115,2026-09-10,1258,1265,2,52.0,1200,12.7,100
TRN-04767,Express,COR-011,SEC-0101,2026-09-10,4,16,3,52.8,1400,6.3,120
TRN-04768,Superfast,COR-019,SEC-0189,2026-09-07,389,394,3,76.7,1600,8.4,120
TRN-04769,Superfast,COR-015,SEC-0146,2026-09-09,1113,1133,3,67.8,1600,12.7,130
TRN-04770,Superfast,COR-009,SEC-0085,2026-09-13,148,155,3,64.4,1600,7.2,80
TRN-04771,Passenger,COR-019,SEC-0187,2026-09-12,930,950,2,71.3,1200,7.0,120
TRN-04772,Superfast,COR-015,SEC-0142,2026-09-10,678,683,3,49.6,1600,6.3,120
TRN-04773,Freight,COR-007,SEC-0063,2026-09-06,720,727,1,5.0,3000,7.7,120
TRN-04774,Superfast,COR-004,SEC-0035,2026-09-10,49,59,3,51.3,1600,1.0,80
TRN-04775,Express,COR-001,SEC-0005,2026-09-08,67,82,3,69.3,1400,12.4,110
TRN-04776,Passenger,COR-020,SEC-0191,2026-09-16,1150,1160,2,63.0,1200,5.7,120
TRN-04777,Passenger,COR-017,SEC-0161,2026-09-09,1423,1438,2,61.1,1200,5.0,100
TRN-04778,EMU,COR-018,SEC-0179,2026-09-10,939,946,2,82.2,900,8.1,110
TRN-04779,Express,COR-004,SEC-0037,2026-09-04,1290,1302,3,56.0,1400,8.4,130
TRN-04780,Freight,COR-013,SEC-0128,2026-09-13,226,231,1,42.8,3000,5.6,120
TRN-04781,Passenger,COR-011,SEC-0101,2026-09-07,409,419,2,55.4,1200,10.4,80
TRN-04782,Passenger,COR-015,SEC-0150,2026-09-10,484,494,2,82.7,1200,11.4,110
TRN-04783,EMU,COR-011,SEC-0110,2026-09-14,1147,1159,2,73.3,900,6.6,110
TRN-04784,Superfast,COR-016,SEC-0152,2026-09-04,1316,1326,3,89.6,1600,4.5,120
TRN-04785,Superfast,COR-007,SEC-0062,2026-09-09,1299,1304,3,47.8,1600,7.4,80
TRN-04786,EMU,COR-001,SEC-0003,2026-09-15,1040,1050,2,85.6,900,14.1,120
TRN-04787,EMU,COR-016,SEC-0157,2026-09-14,173,183,2,56.0,900,10.8,100
TRN-04788,Freight,COR-003,SEC-0030,2026-09-03,812,822,1,70.6,3000,11.3,110
TRN-04789,Freight,COR-002,SEC-0011,2026-09-07,43,50,1,23.5,3000,6.6,80
TRN-04790,Express,COR-001,SEC-0006,2026-09-16,1257,1269,3,50.7,1400,2.8,110
TRN-04791,Superfast,COR-018,SEC-0173,2026-09-05,1047,1057,3,98.7,1600,16.2,110
TRN-04792,EMU,COR-018,SEC-0172,2026-09-07,561,573,2,51.6,900,5.2,100
TRN-04793,Passenger,COR-018,SEC-0178,2026-09-06,1073,1083,2,87.3,1200,9.9,110
TRN-04794,Superfast,COR-001,SEC-0009,2026-09-03,17,32,3,39.6,1600,5.0,120
TRN-04795,Freight,COR-017,SEC-0168,2026-09-15,35,50,1,19.1,3000,9.2,130
TRN-04796,EMU,COR-004,SEC-0037,2026-09-11,205,220,2,94.5,900,15.4,100
TRN-04797,Freight,COR-010,SEC-0093,2026-09-16,1207,1217,1,18.8,3000,3.2,80
TRN-04798,EMU,COR-011,SEC-0105,2026-09-16,1259,1274,2,99.0,900,16.5,110
TRN-04799,Express,COR-020,SEC-0194,2026-09-16,1246,1256,3,86.3,1400,12.3,110
TRN-04800,EMU,COR-018,SEC-0177,2026-09-09,401,421,2,73.3,900,15.5,110
TRN-04801,Passenger,COR-012,SEC-0120,2026-09-06,460,470,2,63.5,1200,12.7,110
TRN-04802,Express,COR-001,SEC-0008,2026-09-07,1170,1185,3,91.3,1400,11.8,100
TRN-04803,Express,COR-002,SEC-0019,2026-09-15,278,288,3,64.2,1400,2.6,130
TRN-04804,Passenger,COR-002,SEC-0018,2026-09-14,830,840,2,64.6,1200,7.3,100
TRN-04805,Passenger,COR-004,SEC-0033,2026-09-15,653,660,2,78.1,1200,7.6,100
TRN-04806,EMU,COR-005,SEC-0046,2026-09-08,1312,1327,2,62.4,900,15.1,120
TRN-04807,EMU,COR-007,SEC-0062,2026-09-11,1183,1188,2,68.1,900,13.4,120
TRN-04808,Superfast,COR-017,SEC-0168,2026-09-09,893,905,3,74.7,1600,6.5,120
TRN-04809,Superfast,COR-014,SEC-0131,2026-09-07,1013,1025,3,73.4,1600,9.5,120
TRN-04810,Express,COR-012,SEC-0118,2026-09-13,1254,1274,3,27.0,1400,15.6,80
TRN-04811,Freight,COR-003,SEC-0028,2026-09-10,269,274,1,16.8,3000,8.2,100
TRN-04812,Express,COR-006,SEC-0059,2026-09-10,817,822,3,88.1,1400,7.6,120
TRN-04813,EMU,COR-003,SEC-0025,2026-09-12,34,54,2,71.1,900,9.2,110
TRN-04814,Superfast,COR-014,SEC-0133,2026-09-13,1140,1155,3,99.0,1600,13.8,80
TRN-04815,Passenger,COR-014,SEC-0139,2026-09-13,346,356,2,68.0,1200,10.9,110
TRN-04816,Passenger,COR-008,SEC-0071,2026-09-07,251,258,2,83.4,1200,12.8,120
TRN-04817,EMU,COR-012,SEC-0118,2026-09-16,492,497,2,77.7,900,11.4,80
TRN-04818,Freight,COR-004,SEC-0035,2026-09-08,176,196,1,43.2,3000,11.8,100
TRN-04819,Passenger,COR-005,SEC-0043,2026-09-05,367,377,2,57.7,1200,6.0,120
TRN-04820,Freight,COR-006,SEC-0055,2026-09-15,122,132,1,50.7,3000,7.2,130
TRN-04821,Superfast,COR-002,SEC-0014,2026-09-04,1369,1379,3,99.0,1600,15.6,110
TRN-04822,Express,COR-010,SEC-0100,2026-09-06,440,455,3,34.7,1400,4.7,80
TRN-04823,Express,COR-016,SEC-0151,2026-09-04,804,819,3,69.7,1400,9.2,110
TRN-04824,Express,COR-015,SEC-0143,2026-09-13,849,856,3,53.5,1400,8.4,80
TRN-04825,Freight,COR-004,SEC-0031,2026-09-11,499,514,1,30.5,3000,6.0,130
TRN-04826,Freight,COR-007,SEC-0069,2026-09-07,1418,1428,1,9.8,3000,3.9,110
TRN-04827,Passenger,COR-008,SEC-0077,2026-09-11,218,225,2,99.0,1200,11.0,80
TRN-04828,Superfast,COR-019,SEC-0182,2026-09-15,705,715,3,93.7,1600,5.7,100
TRN-04829,EMU,COR-015,SEC-0145,2026-09-15,128,140,2,63.1,900,10.9,110
TRN-04830,Freight,COR-001,SEC-0004,2026-09-15,386,391,1,33.8,3000,1.1,130
TRN-04831,Freight,COR-007,SEC-0069,2026-09-14,388,395,1,51.1,3000,8.2,110
TRN-04832,Freight,COR-018,SEC-0177,2026-09-10,471,483,1,46.2,3000,14.5,110
TRN-04833,Passenger,COR-019,SEC-0190,2026-09-10,749,759,2,58.9,1200,7.5,110
TRN-04834,Express,COR-007,SEC-0065,2026-09-04,1077,1084,3,56.5,1400,5.3,80
TRN-04835,Passenger,COR-018,SEC-0177,2026-09-08,1244,1251,2,94.8,1200,13.9,110
TRN-04836,EMU,COR-001,SEC-0001,2026-09-13,1232,1244,2,58.9,900,6.7,80
TRN-04837,Express,COR-013,SEC-0128,2026-09-14,1148,1160,3,69.9,1400,8.9,120
TRN-04838,Superfast,COR-007,SEC-0061,2026-09-04,1182,1189,3,49.2,1600,7.9,110
TRN-04839,Passenger,COR-005,SEC-0050,2026-09-12,587,599,2,88.4,1200,12.3,80
TRN-04840,Superfast,COR-016,SEC-0155,2026-09-16,273,280,3,70.8,1600,6.4,110
TRN-04841,EMU,COR-016,SEC-0153,2026-09-03,725,732,2,70.6,900,16.7,120
TRN-04842,Freight,COR-012,SEC-0119,2026-09-10,1397,1407,1,58.9,3000,1.9,100
TRN-04843,Passenger,COR-010,SEC-0094,2026-09-11,1256,1263,2,63.2,1200,8.4,120
TRN-04844,Passenger,COR-009,SEC-0086,2026-09-15,1162,1172,2,84.2,1200,7.8,110
TRN-04845,EMU,COR-013,SEC-0126,2026-09-07,120,127,2,86.2,900,12.2,100
TRN-04846,Freight,COR-001,SEC-0002,2026-09-12,1330,1340,1,25.8,3000,9.4,80
TRN-04847,Passenger,COR-012,SEC-0119,2026-09-05,1036,1046,2,87.4,1200,9.5,100
TRN-04848,Freight,COR-016,SEC-0155,2026-09-04,390,405,1,49.8,3000,7.4,130
TRN-04849,Superfast,COR-002,SEC-0019,2026-09-05,531,546,3,65.2,1600,9.5,80
TRN-04850,Freight,COR-004,SEC-0031,2026-09-04,821,831,1,50.9,3000,9.9,100
TRN-04851,Freight,COR-006,SEC-0055,2026-09-14,649,659,1,26.8,3000,5.8,80
TRN-04852,Passenger,COR-008,SEC-0075,2026-09-14,208,215,2,64.0,1200,12.3,100
TRN-04853,Passenger,COR-004,SEC-0035,2026-09-10,1210,1217,2,86.7,1200,15.6,100
TRN-04854,Express,COR-012,SEC-0120,2026-09-13,1430,1435,3,56.5,1400,8.0,80
TRN-04855,Superfast,COR-019,SEC-0186,2026-09-04,47,52,3,59.8,1600,9.4,110
TRN-04856,Superfast,COR-002,SEC-0015,2026-09-13,1296,1306,3,36.4,1600,10.5,100
TRN-04857,Passenger,COR-020,SEC-0192,2026-09-06,864,869,2,50.1,1200,4.5,100
TRN-04858,Passenger,COR-006,SEC-0057,2026-09-14,333,348,2,80.9,1200,14.7,110
TRN-04859,EMU,COR-020,SEC-0200,2026-09-08,930,942,2,87.7,900,15.6,100
TRN-04860,Express,COR-014,SEC-0134,2026-09-10,123,130,3,92.5,1400,12.3,120
TRN-04861,Express,COR-015,SEC-0143,2026-09-13,1095,1102,3,57.2,1400,7.1,100
TRN-04862,Superfast,COR-007,SEC-0063,2026-09-09,703,723,3,82.3,1600,11.3,110
TRN-04863,Superfast,COR-003,SEC-0024,2026-09-03,1086,1093,3,54.3,1600,8.1,110
TRN-04864,Freight,COR-008,SEC-0078,2026-09-07,628,638,1,34.6,3000,9.7,110
TRN-04865,Passenger,COR-018,SEC-0178,2026-09-09,403,410,2,79.2,1200,6.0,100
TRN-04866,Freight,COR-010,SEC-0099,2026-09-13,496,511,1,41.2,3000,9.1,130
TRN-04867,Passenger,COR-020,SEC-0195,2026-09-07,1026,1031,2,99.0,1200,10.1,100
TRN-04868,Express,COR-002,SEC-0019,2026-09-06,779,799,3,68.4,1400,14.0,80
TRN-04869,Express,COR-004,SEC-0039,2026-09-15,241,246,3,71.8,1400,7.3,80
TRN-04870,Express,COR-003,SEC-0029,2026-09-05,1055,1070,3,72.6,1400,12.1,110
TRN-04871,EMU,COR-002,SEC-0012,2026-09-16,613,620,2,96.4,900,5.5,100
TRN-04872,Passenger,COR-020,SEC-0196,2026-09-14,1313,1320,2,99.0,1200,9.9,130
TRN-04873,Express,COR-008,SEC-0077,2026-09-08,806,816,3,44.3,1400,7.9,80
TRN-04874,Superfast,COR-010,SEC-0094,2026-09-06,842,847,3,58.0,1600,13.5,110
TRN-04875,Freight,COR-011,SEC-0103,2026-09-11,1010,1015,1,42.1,3000,6.1,100
TRN-04876,Express,COR-004,SEC-0036,2026-09-04,194,206,3,99.0,1400,17.5,100
TRN-04877,Passenger,COR-015,SEC-0143,2026-09-08,247,252,2,59.6,1200,8.0,110
TRN-04878,Express,COR-016,SEC-0160,2026-09-04,1042,1052,3,61.2,1400,7.7,110
TRN-04879,Express,COR-017,SEC-0169,2026-09-03,98,113,3,93.2,1400,9.4,130
TRN-04880,Superfast,COR-019,SEC-0181,2026-09-12,114,129,3,65.8,1600,6.3,110
TRN-04881,Passenger,COR-005,SEC-0045,2026-09-10,1163,1168,2,54.8,1200,15.6,120
TRN-04882,Superfast,COR-008,SEC-0072,2026-09-11,1278,1290,3,55.2,1600,4.0,130
TRN-04883,Superfast,COR-013,SEC-0127,2026-09-16,82,97,3,90.1,1600,9.3,120
TRN-04884,EMU,COR-014,SEC-0133,2026-09-08,7,27,2,60.1,900,9.3,110
TRN-04885,EMU,COR-018,SEC-0179,2026-09-10,1011,1018,2,52.4,900,4.8,100
TRN-04886,Passenger,COR-009,SEC-0089,2026-09-04,234,239,2,87.1,1200,20.4,130
TRN-04887,Freight,COR-013,SEC-0122,2026-09-04,740,760,1,82.0,3000,12.4,100
TRN-04888,Superfast,COR-012,SEC-0119,2026-09-07,526,536,3,95.4,1600,10.2,80
TRN-04889,Passenger,COR-001,SEC-0002,2026-09-10,752,759,2,70.5,1200,12.3,110
TRN-04890,EMU,COR-006,SEC-0055,2026-09-14,120,130,2,71.3,900,14.3,110
TRN-04891,Express,COR-012,SEC-0116,2026-09-12,1407,1419,3,89.0,1400,14.0,110
TRN-04892,Superfast,COR-010,SEC-0092,2026-09-06,446,458,3,56.3,1600,5.1,110
TRN-04893,Freight,COR-017,SEC-0161,2026-09-14,40,55,1,30.9,3000,4.0,80
TRN-04894,Superfast,COR-006,SEC-0055,2026-09-10,130,137,3,87.9,1600,8.9,120
TRN-04895,EMU,COR-014,SEC-0140,2026-09-06,1291,1303,2,62.1,900,11.7,80
TRN-04896,Passenger,COR-018,SEC-0178,2026-09-15,1423,1435,2,95.3,1200,9.8,110
TRN-04897,Freight,COR-019,SEC-0187,2026-09-06,1409,1416,1,36.2,3000,6.5,100
TRN-04898,Superfast,COR-007,SEC-0066,2026-09-14,286,298,3,81.3,1600,7.1,110
TRN-04899,Freight,COR-008,SEC-0079,2026-09-12,370,377,1,61.6,3000,9.3,100
TRN-04900,Freight,COR-019,SEC-0186,2026-09-13,1274,1289,1,5.0,3000,8.6,120
TRN-04901,Express,COR-002,SEC-0018,2026-09-03,706,721,3,57.5,1400,7.4,100
TRN-04902,Passenger,COR-010,SEC-0096,2026-09-11,628,640,2,51.7,1200,6.8,100
TRN-04903,Passenger,COR-011,SEC-0108,2026-09-06,762,772,2,91.9,1200,10.5,120
TRN-04904,Superfast,COR-001,SEC-0006,2026-09-03,1181,1186,3,74.9,1600,11.8,80
TRN-04905,Superfast,COR-020,SEC-0195,2026-09-05,1040,1060,3,87.9,1600,9.4,120
TRN-04906,Freight,COR-018,SEC-0179,2026-09-08,838,853,1,37.9,3000,8.5,110
TRN-04907,Superfast,COR-003,SEC-0023,2026-09-15,284,289,3,80.5,1600,11.9,110
TRN-04908,Passenger,COR-018,SEC-0171,2026-09-13,1225,1237,2,63.0,1200,8.7,80
TRN-04909,Superfast,COR-010,SEC-0091,2026-09-06,1180,1185,3,88.2,1600,13.7,120
TRN-04910,EMU,COR-006,SEC-0051,2026-09-09,720,735,2,74.9,900,9.4,110
TRN-04911,Passenger,COR-005,SEC-0041,2026-09-10,1420,1425,2,94.6,1200,12.8,80
TRN-04912,Passenger,COR-005,SEC-0044,2026-09-16,1341,1353,2,70.2,1200,11.5,110
TRN-04913,Passenger,COR-004,SEC-0038,2026-09-03,277,284,2,69.1,1200,8.2,80
TRN-04914,EMU,COR-004,SEC-0036,2026-09-06,1102,1117,2,64.1,900,8.1,110
TRN-04915,Superfast,COR-019,SEC-0182,2026-09-04,49,54,3,70.5,1600,3.4,110
TRN-04916,Passenger,COR-005,SEC-0045,2026-09-05,932,942,2,66.7,1200,9.6,120
TRN-04917,Passenger,COR-016,SEC-0157,2026-09-09,779,784,2,52.5,1200,9.3,100
TRN-04918,Freight,COR-011,SEC-0109,2026-09-04,247,257,1,42.9,3000,3.4,100
TRN-04919,Superfast,COR-015,SEC-0143,2026-09-12,1050,1062,3,63.1,1600,8.9,110
TRN-04920,Passenger,COR-001,SEC-0006,2026-09-15,251,256,2,72.6,1200,12.3,100
TRN-04921,Passenger,COR-015,SEC-0144,2026-09-04,282,287,2,86.9,1200,10.6,120
TRN-04922,Passenger,COR-001,SEC-0008,2026-09-05,640,650,2,87.4,1200,7.3,120
TRN-04923,Passenger,COR-004,SEC-0040,2026-09-06,1079,1086,2,60.0,1200,6.4,100
TRN-04924,EMU,COR-005,SEC-0048,2026-09-07,636,651,2,57.8,900,6.1,100
TRN-04925,EMU,COR-017,SEC-0170,2026-09-11,839,854,2,68.0,900,10.8,110
TRN-04926,Superfast,COR-004,SEC-0036,2026-09-07,1360,1372,3,83.2,1600,12.2,80
TRN-04927,EMU,COR-001,SEC-0003,2026-09-06,422,437,2,96.8,900,10.4,110
TRN-04928,Freight,COR-010,SEC-0098,2026-09-07,1421,1433,1,45.2,3000,7.7,110
TRN-04929,Express,COR-018,SEC-0173,2026-09-04,1391,1398,3,98.3,1400,13.5,110
TRN-04930,Passenger,COR-004,SEC-0039,2026-09-11,1135,1147,2,68.4,1200,12.5,110
TRN-04931,Superfast,COR-002,SEC-0019,2026-09-15,1053,1060,3,76.2,1600,14.5,100
TRN-04932,Superfast,COR-012,SEC-0118,2026-09-08,235,255,3,86.3,1600,12.0,120
TRN-04933,Superfast,COR-003,SEC-0022,2026-09-12,696,708,3,82.3,1600,11.9,80
TRN-04934,EMU,COR-010,SEC-0093,2026-09-15,274,281,2,57.0,900,14.2,110
TRN-04935,Express,COR-019,SEC-0183,2026-09-09,1238,1245,3,76.0,1400,12.1,80
TRN-04936,EMU,COR-006,SEC-0058,2026-09-13,62,69,2,56.6,900,9.9,80
TRN-04937,Freight,COR-008,SEC-0079,2026-09-12,294,309,1,74.0,3000,7.5,100
TRN-04938,Express,COR-015,SEC-0149,2026-09-16,1170,1177,3,99.0,1400,14.4,130
TRN-04939,Superfast,COR-004,SEC-0035,2026-09-13,708,723,3,84.8,1600,13.6,100
TRN-04940,Passenger,COR-008,SEC-0080,2026-09-07,1405,1417,2,61.2,1200,4.3,100
TRN-04941,Passenger,COR-016,SEC-0159,2026-09-14,1208,1223,2,56.2,1200,7.1,120
TRN-04942,Express,COR-017,SEC-0164,2026-09-09,682,694,3,47.6,1400,8.8,100
TRN-04943,Express,COR-017,SEC-0164,2026-09-14,316,328,3,73.8,1400,9.7,110
TRN-04944,Express,COR-001,SEC-0003,2026-09-03,821,833,3,51.9,1400,9.4,100
TRN-04945,EMU,COR-014,SEC-0139,2026-09-03,1308,1315,2,83.9,900,8.5,110
TRN-04946,Superfast,COR-014,SEC-0132,2026-09-03,829,849,3,75.3,1600,4.0,110
TRN-04947,Superfast,COR-020,SEC-0199,2026-09-12,121,131,3,69.4,1600,11.1,110
TRN-04948,Express,COR-012,SEC-0119,2026-09-08,1143,1150,3,84.5,1400,7.5,100
TRN-04949,Freight,COR-018,SEC-0180,2026-09-07,1140,1145,1,12.0,3000,4.9,110
TRN-04950,Freight,COR-020,SEC-0200,2026-09-14,952,964,1,22.1,3000,9.1,110
TRN-04951,Passenger,COR-013,SEC-0121,2026-09-09,488,500,2,78.9,1200,2.9,100
TRN-04952,EMU,COR-010,SEC-0091,2026-09-15,1201,1216,2,79.7,900,9.2,120
TRN-04953,Superfast,COR-006,SEC-0052,2026-09-09,920,925,3,81.3,1600,11.9,100
TRN-04954,EMU,COR-006,SEC-0056,2026-09-03,373,388,2,70.6,900,7.4,110
TRN-04955,EMU,COR-015,SEC-0148,2026-09-13,1079,1086,2,70.2,900,10.2,120
TRN-04956,Express,COR-003,SEC-0022,2026-09-15,1022,1032,3,74.3,1400,8.2,80
TRN-04957,Freight,COR-020,SEC-0193,2026-09-10,252,262,1,30.4,3000,1.0,110
TRN-04958,Passenger,COR-013,SEC-0121,2026-09-11,365,377,2,67.1,1200,7.5,80
TRN-04959,Express,COR-019,SEC-0186,2026-09-13,1392,1402,3,80.1,1400,13.0,100
TRN-04960,Freight,COR-008,SEC-0075,2026-09-15,1147,1157,1,33.9,3000,1.2,120
TRN-04961,Freight,COR-019,SEC-0186,2026-09-13,464,474,1,55.7,3000,1.5,110
TRN-04962,EMU,COR-004,SEC-0036,2026-09-06,29,36,2,65.5,900,9.6,130
TRN-04963,Freight,COR-018,SEC-0179,2026-09-06,1034,1041,1,34.6,3000,4.3,130
TRN-04964,Passenger,COR-012,SEC-0115,2026-09-11,1340,1350,2,52.4,1200,11.0,120
TRN-04965,Freight,COR-020,SEC-0194,2026-09-16,1024,1039,1,45.4,3000,10.6,130
TRN-04966,Express,COR-016,SEC-0160,2026-09-14,741,746,3,51.5,1400,8.3,100
TRN-04967,Superfast,COR-011,SEC-0102,2026-09-14,1121,1131,3,86.2,1600,7.8,80
TRN-04968,EMU,COR-014,SEC-0137,2026-09-04,1161,1171,2,59.2,900,8.9,110
TRN-04969,Superfast,COR-013,SEC-0126,2026-09-08,624,631,3,54.4,1600,3.1,80
TRN-04970,Passenger,COR-013,SEC-0128,2026-09-03,575,580,2,81.3,1200,8.6,80
TRN-04971,Freight,COR-001,SEC-0007,2026-09-05,532,552,1,6.0,3000,5.7,110
TRN-04972,Passenger,COR-002,SEC-0016,2026-09-04,599,609,2,99.0,1200,17.9,80
TRN-04973,Express,COR-002,SEC-0011,2026-09-04,756,766,3,79.9,1400,11.5,110
TRN-04974,Freight,COR-018,SEC-0180,2026-09-11,566,571,1,33.1,3000,9.0,110
TRN-04975,Freight,COR-002,SEC-0011,2026-09-11,767,774,1,25.1,3000,7.3,120
TRN-04976,Freight,COR-004,SEC-0033,2026-09-06,663,678,1,5.0,3000,2.4,100
TRN-04977,Express,COR-011,SEC-0102,2026-09-16,1378,1385,3,87.6,1400,12.4,110
TRN-04978,EMU,COR-018,SEC-0180,2026-09-06,581,601,2,78.5,900,18.1,130
TRN-04979,EMU,COR-016,SEC-0159,2026-09-15,781,791,2,43.1,900,10.2,100
TRN-04980,Express,COR-006,SEC-0053,2026-09-15,815,835,3,62.6,1400,7.7,100
TRN-04981,EMU,COR-017,SEC-0167,2026-09-14,1039,1049,2,54.9,900,8.5,110
TRN-04982,EMU,COR-010,SEC-0094,2026-09-08,1176,1191,2,64.1,900,2.0,130
TRN-04983,EMU,COR-007,SEC-0069,2026-09-14,770,780,2,99.0,900,13.7,100
TRN-04984,Express,COR-012,SEC-0112,2026-09-12,494,509,3,96.3,1400,15.3,110
TRN-04985,Express,COR-014,SEC-0132,2026-09-04,30,42,3,72.4,1400,8.6,80
TRN-04986,Passenger,COR-008,SEC-0073,2026-09-08,340,352,2,78.6,1200,9.0,110
TRN-04987,EMU,COR-008,SEC-0076,2026-09-06,477,487,2,88.0,900,14.7,100
TRN-04988,Express,COR-016,SEC-0160,2026-09-10,1310,1322,3,99.0,1400,10.1,120
TRN-04989,Freight,COR-007,SEC-0062,2026-09-04,1412,1422,1,27.9,3000,10.8,100
TRN-04990,Passenger,COR-004,SEC-0039,2026-09-07,1408,1413,2,54.1,1200,9.3,110
TRN-04991,Express,COR-004,SEC-0031,2026-09-08,813,818,3,69.2,1400,8.2,110
TRN-04992,Passenger,COR-018,SEC-0175,2026-09-11,680,685,2,64.8,1200,12.4,120
TRN-04993,Express,COR-002,SEC-0012,2026-09-07,226,246,3,60.0,1400,7.0,120
TRN-04994,Freight,COR-012,SEC-0111,2026-09-10,959,966,1,20.3,3000,5.2,120
TRN-04995,Passenger,COR-005,SEC-0042,2026-09-06,566,581,2,60.0,1200,7.0,120
TRN-04996,Passenger,COR-006,SEC-0051,2026-09-16,1393,1398,2,64.6,1200,7.1,100
TRN-04997,Passenger,COR-008,SEC-0072,2026-09-04,1177,1197,2,90.4,1200,11.2,80
TRN-04998,Superfast,COR-018,SEC-0174,2026-09-12,426,433,3,92.4,1600,11.1,110
TRN-04999,Express,COR-010,SEC-0096,2026-09-07,595,607,3,68.2,1400,5.1,100
TRN-05000,Passenger,COR-001,SEC-0009,2026-09-06,55,70,2,79.3,1200,10.1,110
TRN-05001,Passenger,COR-012,SEC-0118,2026-09-05,15,20,2,83.2,1200,11.9,120
TRN-05002,Freight,COR-002,SEC-0019,2026-09-07,857,864,1,25.7,3000,7.0,120
TRN-05003,Freight,COR-020,SEC-0198,2026-09-10,668,673,1,36.2,3000,4.1,110
TRN-05004,EMU,COR-004,SEC-0033,2026-09-14,1395,1405,2,65.1,900,11.0,120
TRN-05005,EMU,COR-018,SEC-0171,2026-09-08,885,895,2,58.2,900,2.6,130
TRN-05006,Freight,COR-011,SEC-0102,2026-09-11,50,62,1,41.3,3000,7.9,120
TRN-05007,Superfast,COR-009,SEC-0090,2026-09-03,1279,1284,3,63.1,1600,7.1,120
TRN-05008,Express,COR-006,SEC-0058,2026-09-15,590,605,3,74.0,1400,11.0,80
TRN-05009,Freight,COR-019,SEC-0188,2026-09-07,520,525,1,32.5,3000,8.4,110
TRN-05010,Express,COR-010,SEC-0097,2026-09-05,249,259,3,67.5,1400,7.4,110
TRN-05011,Express,COR-008,SEC-0075,2026-09-10,241,251,3,77.6,1400,10.5,110
TRN-05012,Passenger,COR-013,SEC-0121,2026-09-10,870,875,2,54.3,1200,14.3,130
TRN-05013,Passenger,COR-020,SEC-0197,2026-09-16,767,779,2,87.2,1200,6.8,120
TRN-05014,Superfast,COR-017,SEC-0169,2026-09-04,790,797,3,71.3,1600,8.5,130
TRN-05015,EMU,COR-019,SEC-0183,2026-09-13,114,121,2,71.0,900,11.5,120
TRN-05016,Express,COR-001,SEC-0003,2026-09-07,215,225,3,99.0,1400,6.8,100
TRN-05017,Superfast,COR-014,SEC-0134,2026-09-07,216,223,3,86.9,1600,9.6,100
TRN-05018,Superfast,COR-018,SEC-0177,2026-09-04,865,875,3,70.9,1600,3.1,110
TRN-05019,EMU,COR-008,SEC-0071,2026-09-13,509,524,2,64.8,900,12.9,130
TRN-05020,Express,COR-007,SEC-0069,2026-09-13,847,862,3,54.6,1400,9.5,110
TRN-05021,Express,COR-007,SEC-0061,2026-09-15,155,162,3,89.5,1400,10.7,80
TRN-05022,Superfast,COR-015,SEC-0143,2026-09-16,441,446,3,99.0,1600,10.2,120
TRN-05023,EMU,COR-014,SEC-0140,2026-09-12,1362,1374,2,93.9,900,2.9,110
TRN-05024,Passenger,COR-008,SEC-0075,2026-09-16,93,100,2,68.6,1200,11.2,120
TRN-05025,Express,COR-016,SEC-0152,2026-09-10,189,194,3,56.9,1400,10.0,110
TRN-05026,Freight,COR-002,SEC-0019,2026-09-10,184,191,1,27.9,3000,4.6,80
TRN-05027,Superfast,COR-009,SEC-0082,2026-09-08,790,810,3,64.9,1600,7.9,80
TRN-05028,Superfast,COR-001,SEC-0007,2026-09-14,737,749,3,70.6,1600,8.1,120
TRN-05029,Freight,COR-005,SEC-0048,2026-09-11,514,521,1,22.5,3000,2.4,80
TRN-05030,Passenger,COR-003,SEC-0024,2026-09-08,369,381,2,94.9,1200,10.3,80
TRN-05031,EMU,COR-002,SEC-0013,2026-09-04,789,809,2,56.3,900,12.1,130
TRN-05032,EMU,COR-012,SEC-0111,2026-09-14,865,870,2,32.4,900,7.5,120
TRN-05033,Freight,COR-012,SEC-0119,2026-09-16,1215,1225,1,44.5,3000,8.1,130
TRN-05034,Passenger,COR-006,SEC-0055,2026-09-06,470,475,2,76.3,1200,6.7,110
TRN-05035,Superfast,COR-017,SEC-0164,2026-09-14,481,493,3,69.3,1600,11.6,80
TRN-05036,Freight,COR-010,SEC-0091,2026-09-15,999,1009,1,18.1,3000,1.0,100
TRN-05037,EMU,COR-007,SEC-0069,2026-09-09,207,222,2,60.5,900,7.7,100
TRN-05038,Freight,COR-010,SEC-0092,2026-09-09,392,412,1,39.1,3000,13.2,120
TRN-05039,Superfast,COR-016,SEC-0155,2026-09-14,1203,1210,3,51.0,1600,9.6,100
TRN-05040,Freight,COR-015,SEC-0148,2026-09-03,344,356,1,5.0,3000,5.9,110
TRN-05041,Express,COR-006,SEC-0058,2026-09-06,567,577,3,99.0,1400,12.1,110
TRN-05042,Freight,COR-002,SEC-0018,2026-09-08,126,146,1,35.6,3000,5.8,80
TRN-05043,Freight,COR-014,SEC-0134,2026-09-09,639,649,1,23.2,3000,9.5,110
TRN-05044,Superfast,COR-015,SEC-0147,2026-09-10,356,361,3,69.2,1600,10.4,120
TRN-05045,Express,COR-011,SEC-0101,2026-09-16,622,629,3,59.6,1400,9.9,110
TRN-05046,Passenger,COR-018,SEC-0172,2026-09-08,587,597,2,55.0,1200,9.5,120
TRN-05047,Passenger,COR-010,SEC-0094,2026-09-15,735,740,2,99.0,1200,9.9,110
TRN-05048,Passenger,COR-005,SEC-0041,2026-09-04,1197,1212,2,56.6,1200,13.1,130
TRN-05049,Superfast,COR-007,SEC-0068,2026-09-08,683,695,3,80.9,1600,13.9,100
TRN-05050,Superfast,COR-006,SEC-0056,2026-09-07,464,474,3,73.2,1600,4.7,120
TRN-05051,Freight,COR-013,SEC-0128,2026-09-03,459,466,1,37.4,3000,6.1,120
TRN-05052,Passenger,COR-015,SEC-0146,2026-09-15,573,593,2,84.3,1200,11.1,110
TRN-05053,Superfast,COR-020,SEC-0193,2026-09-11,936,946,3,88.9,1600,12.8,100
TRN-05054,Freight,COR-008,SEC-0074,2026-09-09,293,303,1,59.8,3000,6.9,80
TRN-05055,Freight,COR-006,SEC-0054,2026-09-13,1219,1229,1,23.0,3000,11.7,80
TRN-05056,EMU,COR-006,SEC-0056,2026-09-09,643,653,2,84.7,900,14.5,120
TRN-05057,Passenger,COR-017,SEC-0169,2026-09-05,166,178,2,74.9,1200,8.9,110
TRN-05058,EMU,COR-018,SEC-0177,2026-09-04,1027,1037,2,92.9,900,12.2,120
TRN-05059,Superfast,COR-001,SEC-0006,2026-09-05,306,318,3,99.0,1600,11.9,120
TRN-05060,Passenger,COR-018,SEC-0177,2026-09-09,683,690,2,55.1,1200,10.1,100
TRN-05061,Freight,COR-001,SEC-0005,2026-09-03,1098,1108,1,26.1,3000,5.8,100
TRN-05062,Passenger,COR-015,SEC-0141,2026-09-12,227,234,2,84.7,1200,7.9,120
TRN-05063,Superfast,COR-003,SEC-0029,2026-09-13,1380,1387,3,92.3,1600,14.2,110
TRN-05064,Passenger,COR-013,SEC-0124,2026-09-11,195,207,2,77.6,1200,9.8,80
TRN-05065,Passenger,COR-017,SEC-0162,2026-09-07,1260,1265,2,90.3,1200,15.0,110
TRN-05066,Freight,COR-013,SEC-0122,2026-09-11,624,629,1,55.1,3000,6.0,120
TRN-05067,Freight,COR-008,SEC-0074,2026-09-12,25,30,1,52.2,3000,3.9,80
TRN-05068,Superfast,COR-005,SEC-0048,2026-09-09,376,388,3,63.3,1600,3.5,130
TRN-05069,Superfast,COR-001,SEC-0008,2026-09-05,485,495,3,72.9,1600,5.1,120
TRN-05070,Passenger,COR-008,SEC-0076,2026-09-15,865,872,2,76.9,1200,13.2,110
TRN-05071,Superfast,COR-016,SEC-0154,2026-09-10,1356,1363,3,75.1,1600,16.1,100
TRN-05072,Freight,COR-019,SEC-0184,2026-09-10,976,988,1,16.3,3000,4.5,120
TRN-05073,Passenger,COR-006,SEC-0052,2026-09-12,647,657,2,66.5,1200,12.3,100
TRN-05074,Superfast,COR-003,SEC-0021,2026-09-04,154,169,3,99.0,1600,12.4,110
TRN-05075,Passenger,COR-009,SEC-0089,2026-09-13,1032,1039,2,64.4,1200,9.7,120
TRN-05076,Passenger,COR-007,SEC-0067,2026-09-11,40,47,2,99.0,1200,12.8,110
TRN-05077,Express,COR-013,SEC-0126,2026-09-11,503,513,3,88.5,1400,8.4,110
TRN-05078,EMU,COR-014,SEC-0135,2026-09-16,1412,1417,2,73.9,900,4.8,100
TRN-05079,Freight,COR-002,SEC-0013,2026-09-12,937,947,1,32.7,3000,5.6,80
TRN-05080,Passenger,COR-002,SEC-0017,2026-09-04,1272,1279,2,65.2,1200,1.9,80
TRN-05081,Express,COR-009,SEC-0088,2026-09-16,999,1019,3,48.7,1400,7.8,110
TRN-05082,Express,COR-020,SEC-0195,2026-09-03,1322,1332,3,59.4,1400,5.7,80
TRN-05083,Superfast,COR-005,SEC-0047,2026-09-05,405,425,3,76.9,1600,11.7,100
TRN-05084,Passenger,COR-003,SEC-0024,2026-09-08,850,855,2,69.2,1200,12.4,120
TRN-05085,Superfast,COR-003,SEC-0030,2026-09-04,1119,1129,3,45.4,1600,5.7,110
TRN-05086,Passenger,COR-019,SEC-0182,2026-09-11,1259,1279,2,44.8,1200,8.3,100
TRN-05087,EMU,COR-008,SEC-0073,2026-09-15,442,447,2,73.0,900,15.6,120
TRN-05088,Freight,COR-007,SEC-0061,2026-09-10,981,988,1,21.7,3000,4.3,110
TRN-05089,EMU,COR-016,SEC-0155,2026-09-09,917,927,2,98.5,900,9.0,130
TRN-05090,EMU,COR-009,SEC-0081,2026-09-15,862,877,2,97.0,900,7.8,110
TRN-05091,EMU,COR-013,SEC-0127,2026-09-10,511,516,2,72.7,900,6.6,100
TRN-05092,Freight,COR-001,SEC-0006,2026-09-10,449,454,1,25.8,3000,7.2,130
TRN-05093,EMU,COR-013,SEC-0128,2026-09-06,162,172,2,65.5,900,7.1,120
TRN-05094,Express,COR-011,SEC-0103,2026-09-07,479,486,3,70.3,1400,11.5,80
TRN-05095,EMU,COR-005,SEC-0045,2026-09-12,1214,1221,2,56.9,900,2.4,100
TRN-05096,Freight,COR-016,SEC-0153,2026-09-08,751,756,1,26.4,3000,1.6,120
TRN-05097,Freight,COR-019,SEC-0182,2026-09-13,271,291,1,40.1,3000,3.7,100
TRN-05098,Express,COR-009,SEC-0084,2026-09-16,1005,1017,3,72.6,1400,12.3,110
TRN-05099,Superfast,COR-006,SEC-0055,2026-09-10,977,982,3,60.1,1600,4.4,120
TRN-05100,Express,COR-019,SEC-0189,2026-09-08,1164,1174,3,76.0,1400,6.9,100
TRN-05101,EMU,COR-013,SEC-0124,2026-09-11,443,453,2,85.3,900,13.6,120
TRN-05102,Superfast,COR-019,SEC-0184,2026-09-16,428,448,3,89.4,1600,11.1,110
TRN-05103,Freight,COR-002,SEC-0020,2026-09-15,558,573,1,38.2,3000,8.4,100
TRN-05104,Freight,COR-010,SEC-0093,2026-09-04,481,501,1,26.3,3000,11.3,100
TRN-05105,Passenger,COR-005,SEC-0050,2026-09-15,400,407,2,62.9,1200,9.4,120
TRN-05106,Superfast,COR-003,SEC-0030,2026-09-10,141,146,3,49.0,1600,6.5,110
TRN-05107,Freight,COR-007,SEC-0064,2026-09-10,104,114,1,44.2,3000,4.4,120
TRN-05108,Freight,COR-009,SEC-0086,2026-09-06,773,780,1,22.0,3000,6.3,110
TRN-05109,Freight,COR-015,SEC-0143,2026-09-11,883,898,1,37.1,3000,7.0,120
TRN-05110,Superfast,COR-015,SEC-0141,2026-09-12,812,819,3,73.7,1600,13.8,110
TRN-05111,Superfast,COR-014,SEC-0131,2026-09-15,602,617,3,53.7,1600,4.2,110
TRN-05112,EMU,COR-012,SEC-0120,2026-09-05,92,104,2,51.9,900,8.7,100
TRN-05113,Express,COR-003,SEC-0023,2026-09-03,716,721,3,93.3,1400,13.9,110
TRN-05114,Superfast,COR-005,SEC-0045,2026-09-16,991,1006,3,99.0,1600,9.5,120
TRN-05115,Passenger,COR-010,SEC-0092,2026-09-09,609,621,2,87.7,1200,16.1,100
TRN-05116,Passenger,COR-008,SEC-0074,2026-09-04,950,970,2,83.7,1200,9.5,120
TRN-05117,Freight,COR-004,SEC-0032,2026-09-14,1225,1240,1,46.7,3000,9.9,100
TRN-05118,Superfast,COR-020,SEC-0192,2026-09-03,1160,1167,3,67.5,1600,12.3,110
TRN-05119,Express,COR-017,SEC-0166,2026-09-04,1049,1054,3,52.1,1400,5.2,110
TRN-05120,Superfast,COR-007,SEC-0063,2026-09-10,114,124,3,75.3,1600,9.3,80
TRN-05121,Express,COR-006,SEC-0060,2026-09-06,710,722,3,47.6,1400,2.9,80
TRN-05122,EMU,COR-010,SEC-0094,2026-09-06,1080,1085,2,87.1,900,14.5,100
TRN-05123,Passenger,COR-013,SEC-0127,2026-09-11,996,1016,2,88.7,1200,11.4,110
TRN-05124,Superfast,COR-013,SEC-0122,2026-09-12,705,712,3,63.2,1600,9.7,100
TRN-05125,Passenger,COR-014,SEC-0132,2026-09-13,312,327,2,67.3,1200,9.9,130
TRN-05126,Passenger,COR-010,SEC-0097,2026-09-13,608,628,2,82.3,1200,15.5,80
TRN-05127,Freight,COR-010,SEC-0100,2026-09-16,1386,1406,1,63.5,3000,6.5,100
TRN-05128,Superfast,COR-015,SEC-0148,2026-09-07,1377,1382,3,71.2,1600,8.0,80
TRN-05129,Superfast,COR-008,SEC-0073,2026-09-12,331,341,3,79.1,1600,7.2,130
TRN-05130,EMU,COR-015,SEC-0150,2026-09-12,1429,1434,2,99.0,900,9.5,110
TRN-05131,Passenger,COR-017,SEC-0166,2026-09-13,443,458,2,99.0,1200,6.6,100
TRN-05132,Freight,COR-002,SEC-0020,2026-09-14,473,478,1,34.7,3000,8.6,120
TRN-05133,Passenger,COR-001,SEC-0002,2026-09-11,873,883,2,68.0,1200,5.5,120
TRN-05134,Freight,COR-008,SEC-0071,2026-09-10,38,48,1,55.1,3000,11.0,110
TRN-05135,Express,COR-013,SEC-0129,2026-09-03,1039,1049,3,63.8,1400,10.7,110
TRN-05136,Express,COR-014,SEC-0140,2026-09-07,741,751,3,45.2,1400,7.3,80
TRN-05137,Freight,COR-012,SEC-0112,2026-09-05,599,611,1,23.7,3000,10.9,100
TRN-05138,Passenger,COR-017,SEC-0170,2026-09-05,978,988,2,84.0,1200,10.4,110
TRN-05139,EMU,COR-013,SEC-0121,2026-09-12,357,377,2,45.8,900,9.3,110
TRN-05140,Freight,COR-002,SEC-0014,2026-09-06,957,962,1,14.7,3000,3.7,110
TRN-05141,Express,COR-019,SEC-0184,2026-09-14,1129,1139,3,56.0,1400,10.6,100
TRN-05142,EMU,COR-012,SEC-0116,2026-09-14,1306,1313,2,71.0,900,11.8,120
TRN-05143,Passenger,COR-012,SEC-0115,2026-09-04,709,719,2,73.2,1200,10.3,120
TRN-05144,Passenger,COR-004,SEC-0032,2026-09-03,1260,1265,2,33.1,1200,3.9,110
TRN-05145,Superfast,COR-003,SEC-0023,2026-09-05,967,972,3,79.0,1600,9.0,100
TRN-05146,Superfast,COR-004,SEC-0034,2026-09-05,426,431,3,99.0,1600,11.8,120
TRN-05147,Express,COR-014,SEC-0136,2026-09-10,255,262,3,54.5,1400,1.0,80
TRN-05148,Passenger,COR-012,SEC-0115,2026-09-12,30,37,2,79.6,1200,8.9,100
TRN-05149,Freight,COR-007,SEC-0063,2026-09-13,710,715,1,53.8,3000,9.2,110
TRN-05150,Freight,COR-016,SEC-0158,2026-09-16,463,468,1,15.0,3000,6.1,110
TRN-05151,Passenger,COR-010,SEC-0098,2026-09-05,211,231,2,73.0,1200,11.3,100
TRN-05152,Superfast,COR-001,SEC-0002,2026-09-11,427,439,3,93.4,1600,13.2,100
TRN-05153,Superfast,COR-006,SEC-0056,2026-09-04,1416,1426,3,91.5,1600,11.7,130
TRN-05154,Superfast,COR-015,SEC-0143,2026-09-11,862,869,3,83.8,1600,15.0,130
TRN-05155,EMU,COR-013,SEC-0128,2026-09-16,1216,1228,2,91.8,900,13.1,100
TRN-05156,Freight,COR-013,SEC-0125,2026-09-16,772,782,1,10.4,3000,5.7,110
TRN-05157,EMU,COR-007,SEC-0069,2026-09-10,238,248,2,80.8,900,10.9,110
TRN-05158,Express,COR-003,SEC-0023,2026-09-03,801,808,3,71.2,1400,12.5,100
TRN-05159,Express,COR-002,SEC-0012,2026-09-11,210,220,3,77.0,1400,10.7,110
TRN-05160,Passenger,COR-016,SEC-0153,2026-09-12,1267,1274,2,69.6,1200,8.4,110
TRN-05161,Passenger,COR-013,SEC-0125,2026-09-10,582,587,2,93.3,1200,10.6,120
TRN-05162,EMU,COR-011,SEC-0109,2026-09-05,300,320,2,77.8,900,21.6,120
TRN-05163,EMU,COR-012,SEC-0119,2026-09-10,1369,1379,2,41.5,900,5.9,100
TRN-05164,Freight,COR-010,SEC-0100,2026-09-04,118,138,1,57.5,3000,11.7,110
TRN-05165,Freight,COR-015,SEC-0150,2026-09-04,981,1001,1,26.6,3000,10.5,100
TRN-05166,Superfast,COR-005,SEC-0049,2026-09-11,216,236,3,92.2,1600,9.5,110
TRN-05167,Superfast,COR-004,SEC-0033,2026-09-08,1124,1136,3,44.7,1600,10.3,100
TRN-05168,Passenger,COR-011,SEC-0109,2026-09-09,201,211,2,52.2,1200,3.0,120
TRN-05169,Express,COR-020,SEC-0198,2026-09-06,210,215,3,58.5,1400,8.5,100
TRN-05170,Passenger,COR-010,SEC-0093,2026-09-03,576,586,2,64.1,1200,11.0,100
TRN-05171,Freight,COR-012,SEC-0112,2026-09-04,1162,1182,1,33.7,3000,8.2,80
TRN-05172,Freight,COR-007,SEC-0063,2026-09-16,1150,1160,1,44.3,3000,4.6,80
TRN-05173,Freight,COR-002,SEC-0018,2026-09-16,129,139,1,33.0,3000,5.4,120
TRN-05174,Superfast,COR-018,SEC-0180,2026-09-03,1306,1321,3,79.4,1600,7.4,110
TRN-05175,Superfast,COR-020,SEC-0198,2026-09-09,630,642,3,72.8,1600,12.0,120
TRN-05176,EMU,COR-007,SEC-0066,2026-09-06,513,528,2,73.8,900,11.1,120
TRN-05177,Express,COR-019,SEC-0184,2026-09-09,1086,1093,3,81.7,1400,6.3,110
TRN-05178,Passenger,COR-015,SEC-0146,2026-09-14,1241,1248,2,76.7,1200,13.3,80
TRN-05179,Express,COR-012,SEC-0116,2026-09-06,389,399,3,70.2,1400,9.9,130
TRN-05180,Freight,COR-003,SEC-0025,2026-09-06,1103,1123,1,28.1,3000,9.5,100
TRN-05181,Passenger,COR-019,SEC-0182,2026-09-13,648,660,2,65.1,1200,10.2,100
TRN-05182,Passenger,COR-001,SEC-0009,2026-09-08,340,355,2,78.8,1200,10.9,110
TRN-05183,Superfast,COR-020,SEC-0199,2026-09-05,887,894,3,74.3,1600,3.3,110
TRN-05184,Superfast,COR-008,SEC-0075,2026-09-04,908,915,3,56.2,1600,4.3,110
TRN-05185,Express,COR-008,SEC-0071,2026-09-03,916,923,3,64.1,1400,5.6,120
TRN-05186,Passenger,COR-012,SEC-0112,2026-09-07,33,43,2,49.1,1200,5.3,120
TRN-05187,Express,COR-013,SEC-0128,2026-09-11,903,913,3,76.3,1400,8.5,100
TRN-05188,Freight,COR-014,SEC-0132,2026-09-10,1161,1168,1,40.2,3000,5.0,80
TRN-05189,Passenger,COR-007,SEC-0061,2026-09-09,349,359,2,76.8,1200,4.1,80
TRN-05190,Superfast,COR-010,SEC-0100,2026-09-15,923,943,3,84.7,1600,11.2,100
TRN-05191,Passenger,COR-008,SEC-0075,2026-09-06,85,97,2,78.3,1200,12.0,130
TRN-05192,Express,COR-019,SEC-0188,2026-09-09,1338,1350,3,81.0,1400,13.4,120
TRN-05193,Express,COR-012,SEC-0117,2026-09-10,367,387,3,68.4,1400,11.5,120
TRN-05194,Superfast,COR-008,SEC-0077,2026-09-05,918,928,3,79.4,1600,10.6,120
TRN-05195,Superfast,COR-015,SEC-0150,2026-09-06,910,925,3,79.9,1600,8.9,80
TRN-05196,Express,COR-002,SEC-0012,2026-09-05,1423,1430,3,36.4,1400,1.4,110
TRN-05197,Superfast,COR-007,SEC-0068,2026-09-11,793,808,3,63.3,1600,9.4,110
TRN-05198,Express,COR-017,SEC-0167,2026-09-09,1070,1082,3,81.1,1400,14.7,120
TRN-05199,EMU,COR-014,SEC-0134,2026-09-07,876,881,2,81.3,900,9.4,100
TRN-05200,Freight,COR-012,SEC-0119,2026-09-04,947,959,1,23.6,3000,1.6,120
TRN-05201,Freight,COR-001,SEC-0008,2026-09-08,623,630,1,5.0,3000,6.4,110
TRN-05202,Superfast,COR-016,SEC-0154,2026-09-11,459,471,3,50.6,1600,7.6,100
TRN-05203,Passenger,COR-012,SEC-0118,2026-09-06,1167,1177,2,54.6,1200,5.4,80
TRN-05204,EMU,COR-019,SEC-0183,2026-09-14,1058,1065,2,73.7,900,13.6,120
TRN-05205,Express,COR-010,SEC-0093,2026-09-10,980,987,3,62.0,1400,7.7,130
TRN-05206,Freight,COR-002,SEC-0014,2026-09-06,264,279,1,10.5,3000,2.2,120
TRN-05207,Passenger,COR-007,SEC-0070,2026-09-16,1140,1145,2,81.8,1200,13.4,110
TRN-05208,Express,COR-008,SEC-0074,2026-09-15,1002,1014,3,98.6,1400,15.0,80
TRN-05209,Freight,COR-014,SEC-0139,2026-09-08,1056,1076,1,5.0,3000,8.0,80
TRN-05210,Superfast,COR-008,SEC-0074,2026-09-06,295,302,3,87.8,1600,13.6,120
TRN-05211,Express,COR-010,SEC-0094,2026-09-15,79,91,3,82.1,1400,6.5,110
TRN-05212,Superfast,COR-012,SEC-0119,2026-09-14,672,682,3,69.9,1600,6.9,100
TRN-05213,Passenger,COR-016,SEC-0154,2026-09-16,865,880,2,81.5,1200,5.6,110
TRN-05214,Superfast,COR-008,SEC-0072,2026-09-04,1315,1322,3,86.4,1600,9.7,100
TRN-05215,Superfast,COR-006,SEC-0053,2026-09-04,872,882,3,88.6,1600,10.4,130
TRN-05216,Passenger,COR-001,SEC-0005,2026-09-13,1090,1110,2,57.0,1200,7.2,110
TRN-05217,Superfast,COR-004,SEC-0033,2026-09-08,778,793,3,56.8,1600,12.0,100
TRN-05218,Superfast,COR-012,SEC-0113,2026-09-04,841,848,3,96.7,1600,15.9,110
TRN-05219,Freight,COR-007,SEC-0067,2026-09-14,759,771,1,43.5,3000,7.4,100
TRN-05220,EMU,COR-001,SEC-0005,2026-09-15,659,664,2,90.5,900,12.9,100
TRN-05221,Freight,COR-007,SEC-0069,2026-09-11,1241,1256,1,37.5,3000,6.7,80
TRN-05222,Freight,COR-003,SEC-0021,2026-09-16,156,161,1,40.2,3000,9.0,110
TRN-05223,Express,COR-018,SEC-0174,2026-09-14,567,577,3,51.2,1400,10.4,120
TRN-05224,Express,COR-016,SEC-0153,2026-09-12,1133,1140,3,99.0,1400,11.1,80
TRN-05225,Passenger,COR-009,SEC-0084,2026-09-12,978,988,2,66.7,1200,5.8,100
TRN-05226,EMU,COR-017,SEC-0161,2026-09-10,1404,1411,2,81.1,900,7.2,110
TRN-05227,Freight,COR-016,SEC-0155,2026-09-06,1086,1096,1,43.3,3000,5.9,120
TRN-05228,Superfast,COR-012,SEC-0118,2026-09-04,1300,1315,3,71.5,1600,14.1,80
TRN-05229,Passenger,COR-010,SEC-0099,2026-09-16,911,921,2,55.0,1200,9.9,120
TRN-05230,Passenger,COR-004,SEC-0032,2026-09-11,1167,1177,2,69.1,1200,5.4,110
TRN-05231,Passenger,COR-003,SEC-0024,2026-09-07,780,790,2,81.4,1200,7.1,110
TRN-05232,Express,COR-004,SEC-0039,2026-09-10,1321,1333,3,62.7,1400,13.9,110
TRN-05233,Superfast,COR-019,SEC-0185,2026-09-07,1166,1176,3,78.3,1600,11.8,100
TRN-05234,Express,COR-010,SEC-0093,2026-09-10,900,905,3,77.4,1400,9.1,110
TRN-05235,Superfast,COR-016,SEC-0158,2026-09-03,779,784,3,45.7,1600,6.1,80
TRN-05236,Passenger,COR-001,SEC-0006,2026-09-15,1432,1439,2,92.1,1200,10.6,110
TRN-05237,EMU,COR-012,SEC-0116,2026-09-08,1312,1324,2,65.8,900,10.0,100
TRN-05238,EMU,COR-019,SEC-0183,2026-09-07,1132,1152,2,87.2,900,13.9,130
TRN-05239,Superfast,COR-019,SEC-0184,2026-09-10,406,416,3,42.9,1600,10.7,120
TRN-05240,Passenger,COR-009,SEC-0089,2026-09-10,814,821,2,76.4,1200,9.4,100
TRN-05241,Passenger,COR-020,SEC-0193,2026-09-05,476,481,2,75.1,1200,6.7,130
TRN-05242,Passenger,COR-006,SEC-0057,2026-09-05,737,742,2,68.7,1200,7.4,130
TRN-05243,Freight,COR-001,SEC-0006,2026-09-03,1096,1106,1,43.9,3000,5.0,110
TRN-05244,Superfast,COR-009,SEC-0082,2026-09-16,38,48,3,44.3,1600,6.5,130
TRN-05245,Passenger,COR-019,SEC-0183,2026-09-07,649,656,2,75.3,1200,8.4,120
TRN-05246,Freight,COR-011,SEC-0101,2026-09-15,728,738,1,23.6,3000,5.7,110
TRN-05247,EMU,COR-010,SEC-0091,2026-09-12,382,387,2,52.8,900,9.7,100
TRN-05248,Superfast,COR-020,SEC-0197,2026-09-03,94,101,3,79.5,1600,9.4,100
TRN-05249,Passenger,COR-005,SEC-0045,2026-09-08,849,861,2,70.1,1200,11.7,130
TRN-05250,EMU,COR-015,SEC-0147,2026-09-10,1014,1029,2,75.8,900,10.7,80
TRN-05251,Superfast,COR-009,SEC-0087,2026-09-04,1390,1410,3,72.0,1600,14.0,100
TRN-05252,Passenger,COR-019,SEC-0189,2026-09-14,559,569,2,65.1,1200,8.5,80
TRN-05253,Passenger,COR-018,SEC-0173,2026-09-05,755,770,2,42.5,1200,2.4,100
TRN-05254,Superfast,COR-001,SEC-0010,2026-09-13,850,862,3,70.7,1600,9.5,100
TRN-05255,EMU,COR-009,SEC-0084,2026-09-11,1150,1160,2,51.8,900,6.8,120
TRN-05256,Passenger,COR-001,SEC-0001,2026-09-11,749,756,2,52.1,1200,7.8,100
TRN-05257,Superfast,COR-007,SEC-0062,2026-09-10,26,33,3,65.3,1600,8.5,110
TRN-05258,Express,COR-011,SEC-0109,2026-09-16,1022,1032,3,43.3,1400,8.3,80
TRN-05259,Express,COR-008,SEC-0075,2026-09-10,262,269,3,97.9,1400,6.5,80
TRN-05260,Superfast,COR-014,SEC-0133,2026-09-05,958,978,3,78.7,1600,13.5,110
TRN-05261,Superfast,COR-013,SEC-0126,2026-09-03,573,593,3,59.6,1600,6.9,80
TRN-05262,Superfast,COR-017,SEC-0169,2026-09-07,953,958,3,82.4,1600,8.7,130
TRN-05263,Passenger,COR-004,SEC-0032,2026-09-12,720,725,2,78.8,1200,11.8,110
TRN-05264,Passenger,COR-004,SEC-0035,2026-09-11,554,561,2,37.5,1200,6.9,110
TRN-05265,EMU,COR-001,SEC-0004,2026-09-07,810,822,2,79.8,900,14.0,80
TRN-05266,Passenger,COR-017,SEC-0163,2026-09-06,159,169,2,85.0,1200,12.8,110
TRN-05267,Express,COR-017,SEC-0161,2026-09-05,741,748,3,91.6,1400,7.5,110
TRN-05268,Freight,COR-008,SEC-0077,2026-09-15,93,100,1,19.8,3000,3.0,100
TRN-05269,Passenger,COR-007,SEC-0061,2026-09-10,895,900,2,80.7,1200,12.3,110
TRN-05270,Superfast,COR-001,SEC-0005,2026-09-04,183,193,3,64.6,1600,11.1,110
TRN-05271,EMU,COR-017,SEC-0163,2026-09-16,280,285,2,66.3,900,8.1,110
TRN-05272,Passenger,COR-018,SEC-0171,2026-09-16,270,282,2,78.0,1200,12.9,120
TRN-05273,Express,COR-016,SEC-0160,2026-09-12,1307,1327,3,74.4,1400,12.3,80
TRN-05274,Superfast,COR-003,SEC-0024,2026-09-09,75,85,3,33.9,1600,8.5,120
TRN-05275,EMU,COR-014,SEC-0138,2026-09-16,1082,1087,2,80.2,900,7.5,100
TRN-05276,Passenger,COR-018,SEC-0175,2026-09-05,371,391,2,62.2,1200,8.8,100
TRN-05277,Express,COR-009,SEC-0090,2026-09-04,1358,1363,3,53.5,1400,14.1,110
TRN-05278,Freight,COR-007,SEC-0068,2026-09-12,1401,1411,1,11.7,3000,7.9,100
TRN-05279,Superfast,COR-020,SEC-0199,2026-09-12,22,29,3,69.6,1600,13.9,100
TRN-05280,EMU,COR-003,SEC-0027,2026-09-03,202,212,2,80.2,900,11.8,130
TRN-05281,Superfast,COR-001,SEC-0001,2026-09-07,201,206,3,54.6,1600,10.7,110
TRN-05282,Superfast,COR-005,SEC-0046,2026-09-09,542,549,3,87.1,1600,9.8,100
TRN-05283,Superfast,COR-002,SEC-0018,2026-09-03,461,473,3,80.2,1600,7.5,80
TRN-05284,Passenger,COR-006,SEC-0054,2026-09-03,1092,1097,2,66.2,1200,9.5,100
TRN-05285,Passenger,COR-011,SEC-0108,2026-09-16,942,957,2,45.1,1200,2.3,110
TRN-05286,Freight,COR-015,SEC-0141,2026-09-11,981,988,1,48.9,3000,9.4,100
TRN-05287,Passenger,COR-002,SEC-0011,2026-09-12,419,426,2,80.0,1200,4.4,120
TRN-05288,Superfast,COR-005,SEC-0045,2026-09-16,1124,1136,3,76.0,1600,12.9,110
TRN-05289,Passenger,COR-003,SEC-0029,2026-09-07,1058,1068,2,63.8,1200,8.9,110
TRN-05290,Freight,COR-001,SEC-0006,2026-09-05,1435,1439,1,30.9,3000,1.0,110
TRN-05291,Express,COR-018,SEC-0175,2026-09-06,125,132,3,72.5,1400,9.0,120
TRN-05292,Passenger,COR-008,SEC-0071,2026-09-09,827,837,2,90.5,1200,5.5,100
TRN-05293,Freight,COR-008,SEC-0075,2026-09-08,1378,1385,1,39.0,3000,7.8,100
TRN-05294,Express,COR-001,SEC-0004,2026-09-16,1392,1399,3,91.0,1400,12.8,130
TRN-05295,Passenger,COR-010,SEC-0097,2026-09-11,306,321,2,79.4,1200,8.6,110
TRN-05296,Superfast,COR-003,SEC-0030,2026-09-11,838,850,3,91.4,1600,10.6,120
TRN-05297,Passenger,COR-009,SEC-0083,2026-09-13,975,980,2,85.4,1200,14.3,80
TRN-05298,Superfast,COR-002,SEC-0015,2026-09-03,1162,1172,3,52.4,1600,8.4,100
TRN-05299,Freight,COR-008,SEC-0078,2026-09-16,543,563,1,28.8,3000,3.1,110
TRN-05300,Passenger,COR-020,SEC-0191,2026-09-09,105,120,2,59.4,1200,10.0,80
TRN-05301,Passenger,COR-010,SEC-0094,2026-09-03,81,101,2,89.9,1200,8.9,110
TRN-05302,Superfast,COR-008,SEC-0073,2026-09-06,615,622,3,63.2,1600,7.1,100
TRN-05303,Express,COR-008,SEC-0078,2026-09-04,499,514,3,79.6,1400,9.6,110
TRN-05304,Freight,COR-016,SEC-0160,2026-09-15,937,957,1,34.2,3000,10.0,120
TRN-05305,Passenger,COR-004,SEC-0037,2026-09-04,410,422,2,87.6,1200,14.7,110
TRN-05306,Passenger,COR-002,SEC-0015,2026-09-10,656,666,2,63.0,1200,7.4,110
TRN-05307,Passenger,COR-011,SEC-0103,2026-09-10,1423,1428,2,51.7,1200,10.3,80
TRN-05308,Passenger,COR-014,SEC-0139,2026-09-15,228,233,2,70.9,1200,9.8,100
TRN-05309,Superfast,COR-016,SEC-0156,2026-09-03,50,60,3,50.1,1600,7.8,80
TRN-05310,Superfast,COR-002,SEC-0015,2026-09-04,658,670,3,83.8,1600,11.6,120
TRN-05311,Express,COR-004,SEC-0031,2026-09-06,609,616,3,75.1,1400,8.5,80
TRN-05312,Superfast,COR-004,SEC-0035,2026-09-15,296,303,3,83.4,1600,9.8,100
TRN-05313,Express,COR-017,SEC-0164,2026-09-09,250,262,3,91.2,1400,12.0,80
TRN-05314,EMU,COR-001,SEC-0004,2026-09-14,327,337,2,75.3,900,13.4,110
TRN-05315,Passenger,COR-006,SEC-0054,2026-09-11,456,471,2,58.3,1200,11.0,110
TRN-05316,Express,COR-015,SEC-0149,2026-09-08,61,76,3,84.5,1400,15.9,110
TRN-05317,Passenger,COR-014,SEC-0135,2026-09-13,265,285,2,58.6,1200,8.6,120
TRN-05318,Freight,COR-017,SEC-0161,2026-09-12,394,406,1,29.1,3000,10.2,80
TRN-05319,Superfast,COR-018,SEC-0175,2026-09-16,103,113,3,94.1,1600,10.9,100
TRN-05320,Superfast,COR-020,SEC-0192,2026-09-15,570,585,3,76.1,1600,5.6,110
TRN-05321,Express,COR-018,SEC-0173,2026-09-12,121,126,3,79.3,1400,8.1,100
TRN-05322,Superfast,COR-009,SEC-0088,2026-09-04,1397,1412,3,71.4,1600,5.2,110
TRN-05323,Superfast,COR-008,SEC-0078,2026-09-10,1382,1387,3,55.0,1600,4.6,120
TRN-05324,Freight,COR-010,SEC-0100,2026-09-08,450,460,1,29.3,3000,2.0,100
TRN-05325,Passenger,COR-004,SEC-0036,2026-09-04,663,673,2,48.6,1200,4.1,100
TRN-05326,Express,COR-007,SEC-0067,2026-09-07,906,916,3,66.1,1400,9.1,120
TRN-05327,Superfast,COR-004,SEC-0039,2026-09-05,244,259,3,73.9,1600,5.1,100
TRN-05328,Freight,COR-017,SEC-0167,2026-09-11,106,118,1,30.5,3000,6.2,110
TRN-05329,Superfast,COR-018,SEC-0179,2026-09-04,221,226,3,74.2,1600,6.3,100
TRN-05330,Superfast,COR-015,SEC-0148,2026-09-09,39,59,3,60.8,1600,7.7,100
TRN-05331,Superfast,COR-003,SEC-0025,2026-09-10,11,21,3,54.7,1600,10.4,110
TRN-05332,Superfast,COR-015,SEC-0147,2026-09-06,1161,1171,3,75.9,1600,10.7,110
TRN-05333,Express,COR-020,SEC-0193,2026-09-16,376,388,3,71.5,1400,5.5,120
TRN-05334,Freight,COR-013,SEC-0127,2026-09-06,1174,1184,1,29.5,3000,1.2,120
TRN-05335,Superfast,COR-012,SEC-0113,2026-09-16,364,376,3,68.4,1600,13.2,100
TRN-05336,Passenger,COR-017,SEC-0167,2026-09-04,384,394,2,87.2,1200,13.7,120
TRN-05337,EMU,COR-010,SEC-0096,2026-09-16,1017,1024,2,82.5,900,11.1,130
TRN-05338,Express,COR-013,SEC-0123,2026-09-13,523,538,3,44.0,1400,7.9,80
TRN-05339,Superfast,COR-007,SEC-0064,2026-09-07,1074,1094,3,57.8,1600,7.5,100
TRN-05340,Passenger,COR-005,SEC-0045,2026-09-07,642,657,2,64.1,1200,10.5,100
TRN-05341,Superfast,COR-006,SEC-0055,2026-09-03,1331,1338,3,54.2,1600,12.7,120
TRN-05342,Passenger,COR-007,SEC-0064,2026-09-10,822,832,2,76.6,1200,13.2,110
TRN-05343,Express,COR-011,SEC-0107,2026-09-16,497,504,3,72.5,1400,15.5,130
TRN-05344,Superfast,COR-014,SEC-0131,2026-09-03,1049,1054,3,25.0,1600,1.0,120
TRN-05345,Freight,COR-006,SEC-0056,2026-09-15,945,957,1,30.1,3000,11.9,110
TRN-05346,Superfast,COR-010,SEC-0097,2026-09-10,676,686,3,55.2,1600,10.3,130
TRN-05347,EMU,COR-017,SEC-0166,2026-09-04,1364,1384,2,60.9,900,8.3,100
TRN-05348,Freight,COR-004,SEC-0034,2026-09-14,1432,1439,1,45.4,3000,10.7,110
TRN-05349,Express,COR-014,SEC-0135,2026-09-06,12,19,3,88.3,1400,8.5,80
TRN-05350,Passenger,COR-010,SEC-0098,2026-09-12,767,772,2,49.1,1200,13.1,100
TRN-05351,Express,COR-018,SEC-0172,2026-09-09,92,102,3,57.3,1400,9.7,120
TRN-05352,EMU,COR-015,SEC-0148,2026-09-13,1149,1156,2,51.4,900,8.4,120
TRN-05353,Superfast,COR-019,SEC-0187,2026-09-05,705,725,3,73.8,1600,11.9,100
TRN-05354,Express,COR-012,SEC-0120,2026-09-13,955,965,3,74.1,1400,6.8,100
TRN-05355,Passenger,COR-009,SEC-0086,2026-09-04,1305,1312,2,74.2,1200,6.6,80
TRN-05356,Passenger,COR-003,SEC-0023,2026-09-15,1397,1407,2,50.5,1200,4.1,80
TRN-05357,Express,COR-010,SEC-0093,2026-09-16,296,306,3,88.2,1400,5.2,100
TRN-05358,Passenger,COR-008,SEC-0080,2026-09-13,921,933,2,85.7,1200,15.1,120
TRN-05359,Passenger,COR-012,SEC-0114,2026-09-10,396,401,2,66.0,1200,3.3,120
TRN-05360,EMU,COR-009,SEC-0083,2026-09-08,680,690,2,79.9,900,6.8,120
TRN-05361,Passenger,COR-005,SEC-0050,2026-09-13,790,800,2,65.4,1200,4.2,100
TRN-05362,EMU,COR-020,SEC-0191,2026-09-07,964,979,2,69.2,900,14.7,100
TRN-05363,Freight,COR-010,SEC-0097,2026-09-04,193,203,1,40.6,3000,5.6,80
TRN-05364,Superfast,COR-001,SEC-0008,2026-09-07,1,8,3,77.5,1600,14.7,130
TRN-05365,EMU,COR-019,SEC-0190,2026-09-03,606,611,2,67.2,900,5.0,80
TRN-05366,Express,COR-017,SEC-0162,2026-09-16,540,550,3,62.5,1400,2.8,120
TRN-05367,Superfast,COR-008,SEC-0072,2026-09-15,285,297,3,67.9,1600,7.1,100
TRN-05368,Express,COR-007,SEC-0064,2026-09-05,497,507,3,64.1,1400,11.3,120
TRN-05369,Superfast,COR-001,SEC-0001,2026-09-03,701,706,3,59.1,1600,9.2,120
TRN-05370,Passenger,COR-002,SEC-0013,2026-09-04,269,281,2,80.7,1200,11.5,120
TRN-05371,Passenger,COR-007,SEC-0066,2026-09-05,1390,1400,2,57.8,1200,10.0,80
TRN-05372,Passenger,COR-016,SEC-0151,2026-09-06,1216,1226,2,75.5,1200,13.0,120
TRN-05373,Superfast,COR-002,SEC-0017,2026-09-15,1336,1341,3,54.0,1600,12.1,120
TRN-05374,Express,COR-016,SEC-0160,2026-09-16,961,981,3,66.3,1400,14.4,80
TRN-05375,Freight,COR-004,SEC-0033,2026-09-14,259,266,1,53.8,3000,2.3,130
TRN-05376,EMU,COR-018,SEC-0176,2026-09-14,938,950,2,84.7,900,11.2,100
TRN-05377,EMU,COR-004,SEC-0040,2026-09-03,1397,1409,2,65.1,900,9.3,120
TRN-05378,Freight,COR-009,SEC-0086,2026-09-10,598,608,1,17.1,3000,2.8,130
TRN-05379,Express,COR-004,SEC-0038,2026-09-04,86,91,3,48.4,1400,8.0,100
TRN-05380,Passenger,COR-013,SEC-0124,2026-09-10,544,549,2,64.6,1200,8.8,100
TRN-05381,Passenger,COR-015,SEC-0143,2026-09-15,242,262,2,90.1,1200,9.0,110
TRN-05382,Freight,COR-013,SEC-0122,2026-09-15,923,938,1,8.5,3000,4.5,110
TRN-05383,Passenger,COR-002,SEC-0020,2026-09-14,823,833,2,81.9,1200,7.9,100
TRN-05384,Passenger,COR-002,SEC-0014,2026-09-14,943,950,2,54.2,1200,9.9,110
TRN-05385,Passenger,COR-019,SEC-0181,2026-09-10,482,492,2,91.7,1200,12.2,130
TRN-05386,Freight,COR-014,SEC-0137,2026-09-13,517,522,1,35.4,3000,5.0,110
TRN-05387,EMU,COR-017,SEC-0166,2026-09-03,1223,1233,2,70.9,900,6.4,110
TRN-05388,Superfast,COR-004,SEC-0037,2026-09-12,705,717,3,72.7,1600,10.5,80
TRN-05389,Passenger,COR-006,SEC-0059,2026-09-04,210,220,2,71.1,1200,8.2,120
TRN-05390,Freight,COR-002,SEC-0019,2026-09-08,700,707,1,21.5,3000,5.4,100
TRN-05391,Superfast,COR-017,SEC-0165,2026-09-14,586,596,3,70.8,1600,5.8,110
TRN-05392,EMU,COR-014,SEC-0135,2026-09-11,607,619,2,87.0,900,12.4,100
TRN-05393,Superfast,COR-002,SEC-0014,2026-09-07,704,714,3,71.5,1600,10.9,120
TRN-05394,Freight,COR-002,SEC-0019,2026-09-13,1077,1092,1,65.4,3000,13.1,100
TRN-05395,Freight,COR-006,SEC-0058,2026-09-15,456,466,1,42.3,3000,6.5,80
TRN-05396,Express,COR-007,SEC-0068,2026-09-09,649,659,3,64.5,1400,6.6,120
TRN-05397,Superfast,COR-018,SEC-0172,2026-09-11,398,405,3,73.1,1600,10.7,120
TRN-05398,Passenger,COR-017,SEC-0164,2026-09-12,381,388,2,73.0,1200,9.4,120
TRN-05399,Express,COR-012,SEC-0119,2026-09-10,414,426,3,64.8,1400,4.6,80
TRN-05400,Express,COR-016,SEC-0159,2026-09-15,146,158,3,61.7,1400,8.8,100
TRN-05401,Superfast,COR-015,SEC-0148,2026-09-04,760,772,3,28.7,1600,4.3,100
TRN-05402,EMU,COR-011,SEC-0108,2026-09-10,195,205,2,74.1,900,13.9,110
TRN-05403,EMU,COR-004,SEC-0037,2026-09-10,1307,1322,2,71.1,900,11.3,80
TRN-05404,Freight,COR-006,SEC-0055,2026-09-04,326,346,1,54.9,3000,13.4,120
TRN-05405,EMU,COR-009,SEC-0090,2026-09-10,295,300,2,76.7,900,16.9,100
TRN-05406,Superfast,COR-010,SEC-0098,2026-09-06,157,167,3,46.1,1600,7.5,100
TRN-05407,Express,COR-006,SEC-0056,2026-09-15,1099,1109,3,73.3,1400,13.9,120
TRN-05408,Express,COR-011,SEC-0102,2026-09-03,2,9,3,75.2,1400,11.1,100
TRN-05409,Freight,COR-007,SEC-0067,2026-09-04,714,734,1,17.4,3000,1.3,120
TRN-05410,Superfast,COR-010,SEC-0092,2026-09-12,526,531,3,83.4,1600,7.6,110
TRN-05411,Superfast,COR-012,SEC-0117,2026-09-03,1254,1259,3,69.0,1600,13.9,80
TRN-05412,Express,COR-013,SEC-0126,2026-09-03,198,205,3,40.7,1400,9.0,120
TRN-05413,Express,COR-007,SEC-0070,2026-09-04,865,877,3,99.0,1400,14.6,100
TRN-05414,Freight,COR-010,SEC-0099,2026-09-12,856,868,1,44.8,3000,8.2,80
TRN-05415,EMU,COR-008,SEC-0077,2026-09-06,858,863,2,56.1,900,7.3,100
TRN-05416,EMU,COR-013,SEC-0121,2026-09-14,844,851,2,56.5,900,6.5,100
TRN-05417,Superfast,COR-013,SEC-0122,2026-09-04,442,454,3,56.9,1600,4.7,80
TRN-05418,Superfast,COR-002,SEC-0012,2026-09-03,971,981,3,79.5,1600,17.4,120
TRN-05419,Freight,COR-004,SEC-0035,2026-09-04,8,15,1,21.1,3000,5.5,100
TRN-05420,Express,COR-002,SEC-0016,2026-09-14,747,754,3,99.0,1400,12.2,120
TRN-05421,Superfast,COR-010,SEC-0091,2026-09-10,371,381,3,72.7,1600,4.1,110
TRN-05422,Superfast,COR-020,SEC-0192,2026-09-04,1108,1115,3,89.4,1600,10.7,120
TRN-05423,Passenger,COR-019,SEC-0183,2026-09-13,635,647,2,99.0,1200,14.9,110
TRN-05424,Express,COR-009,SEC-0085,2026-09-13,311,321,3,68.6,1400,12.1,110
TRN-05425,EMU,COR-015,SEC-0150,2026-09-12,168,178,2,70.7,900,7.0,80
TRN-05426,EMU,COR-010,SEC-0092,2026-09-09,1144,1151,2,76.6,900,10.8,100
TRN-05427,Express,COR-005,SEC-0050,2026-09-03,86,98,3,99.0,1400,10.7,120
TRN-05428,Passenger,COR-017,SEC-0168,2026-09-06,539,546,2,67.0,1200,14.5,110
TRN-05429,EMU,COR-011,SEC-0110,2026-09-03,1040,1050,2,64.5,900,7.9,80
TRN-05430,Express,COR-006,SEC-0056,2026-09-09,107,114,3,75.8,1400,6.7,110
TRN-05431,Express,COR-017,SEC-0161,2026-09-12,458,465,3,75.8,1400,13.8,100
TRN-05432,Superfast,COR-014,SEC-0133,2026-09-03,1246,1253,3,65.5,1600,8.0,100
TRN-05433,Superfast,COR-010,SEC-0099,2026-09-06,988,1000,3,93.0,1600,12.0,120
TRN-05434,EMU,COR-009,SEC-0089,2026-09-15,839,849,2,89.1,900,15.1,120
TRN-05435,EMU,COR-008,SEC-0079,2026-09-06,235,240,2,65.3,900,10.1,110
TRN-05436,Passenger,COR-003,SEC-0023,2026-09-11,1303,1313,2,74.5,1200,11.9,100
TRN-05437,EMU,COR-014,SEC-0134,2026-09-13,577,592,2,92.8,900,8.0,100
TRN-05438,Passenger,COR-001,SEC-0007,2026-09-10,148,155,2,77.0,1200,9.4,110
TRN-05439,Passenger,COR-020,SEC-0197,2026-09-14,1145,1152,2,74.8,1200,6.3,100
TRN-05440,Passenger,COR-020,SEC-0191,2026-09-05,957,967,2,37.5,1200,10.4,100
TRN-05441,Superfast,COR-007,SEC-0068,2026-09-04,1328,1333,3,64.9,1600,12.5,80
TRN-05442,Freight,COR-017,SEC-0161,2026-09-05,299,306,1,26.6,3000,4.9,110
TRN-05443,Express,COR-004,SEC-0040,2026-09-12,722,732,3,75.3,1400,15.6,100
TRN-05444,Express,COR-015,SEC-0148,2026-09-04,993,998,3,45.8,1400,4.5,80
TRN-05445,Express,COR-008,SEC-0078,2026-09-09,1006,1013,3,82.1,1400,12.1,110
TRN-05446,Passenger,COR-015,SEC-0142,2026-09-13,485,505,2,58.1,1200,6.6,110
TRN-05447,Freight,COR-007,SEC-0067,2026-09-06,780,792,1,24.2,3000,4.2,120
TRN-05448,Passenger,COR-015,SEC-0147,2026-09-14,1037,1044,2,59.9,1200,7.3,100
TRN-05449,EMU,COR-009,SEC-0082,2026-09-05,1353,1360,2,52.1,900,4.6,80
TRN-05450,Express,COR-015,SEC-0143,2026-09-04,1124,1129,3,55.5,1400,7.6,130
TRN-05451,EMU,COR-011,SEC-0110,2026-09-16,936,946,2,49.0,900,8.6,100
TRN-05452,EMU,COR-014,SEC-0131,2026-09-08,986,996,2,36.5,900,2.3,120
TRN-05453,Passenger,COR-002,SEC-0018,2026-09-13,1245,1255,2,99.0,1200,12.3,110
TRN-05454,Express,COR-012,SEC-0119,2026-09-06,1157,1162,3,50.9,1400,5.8,100
TRN-05455,Express,COR-015,SEC-0144,2026-09-11,1297,1304,3,44.0,1400,12.4,110
TRN-05456,EMU,COR-010,SEC-0098,2026-09-08,463,473,2,56.3,900,7.1,130
TRN-05457,Express,COR-016,SEC-0152,2026-09-14,1402,1417,3,67.6,1400,4.6,130
TRN-05458,Passenger,COR-001,SEC-0008,2026-09-07,998,1003,2,50.9,1200,2.2,110
TRN-05459,Express,COR-020,SEC-0199,2026-09-09,1214,1224,3,80.7,1400,13.5,120
TRN-05460,Express,COR-010,SEC-0095,2026-09-07,380,390,3,68.2,1400,14.3,120
TRN-05461,Freight,COR-007,SEC-0061,2026-09-12,1126,1136,1,24.3,3000,4.3,110
TRN-05462,Express,COR-012,SEC-0114,2026-09-16,1291,1298,3,54.6,1400,6.3,100
TRN-05463,EMU,COR-002,SEC-0016,2026-09-06,950,965,2,71.2,900,7.1,120
TRN-05464,Passenger,COR-004,SEC-0036,2026-09-14,45,50,2,80.1,1200,6.5,100
TRN-05465,Express,COR-018,SEC-0177,2026-09-11,31,36,3,44.2,1400,12.0,80
TRN-05466,Superfast,COR-020,SEC-0192,2026-09-07,509,516,3,44.5,1600,7.0,120
TRN-05467,Superfast,COR-015,SEC-0142,2026-09-05,1126,1133,3,79.5,1600,5.4,120
TRN-05468,Superfast,COR-006,SEC-0052,2026-09-05,1421,1426,3,50.7,1600,6.7,110
TRN-05469,Passenger,COR-005,SEC-0042,2026-09-16,1246,1266,2,75.1,1200,5.6,100
TRN-05470,Passenger,COR-001,SEC-0005,2026-09-03,917,924,2,65.3,1200,11.6,110
TRN-05471,Express,COR-003,SEC-0025,2026-09-12,1150,1160,3,59.1,1400,11.1,120
TRN-05472,EMU,COR-002,SEC-0013,2026-09-15,363,378,2,54.9,900,10.1,100
TRN-05473,EMU,COR-011,SEC-0105,2026-09-12,264,274,2,60.1,900,8.4,100
TRN-05474,Superfast,COR-015,SEC-0146,2026-09-11,1179,1186,3,79.8,1600,7.1,100
TRN-05475,Freight,COR-004,SEC-0037,2026-09-16,445,452,1,39.9,3000,9.2,120
TRN-05476,Freight,COR-014,SEC-0135,2026-09-13,395,407,1,32.7,3000,8.1,130
TRN-05477,Freight,COR-003,SEC-0029,2026-09-06,297,312,1,46.4,3000,9.6,120
TRN-05478,Passenger,COR-010,SEC-0091,2026-09-05,11,18,2,77.8,1200,11.1,100
TRN-05479,Passenger,COR-004,SEC-0031,2026-09-12,154,161,2,50.6,1200,10.7,110
TRN-05480,Superfast,COR-004,SEC-0036,2026-09-07,69,79,3,75.9,1600,13.1,110
TRN-05481,EMU,COR-004,SEC-0036,2026-09-09,576,588,2,85.7,900,5.6,100
TRN-05482,Superfast,COR-001,SEC-0005,2026-09-15,1057,1062,3,68.9,1600,10.0,110
TRN-05483,Passenger,COR-008,SEC-0080,2026-09-14,639,649,2,76.3,1200,12.4,110
TRN-05484,EMU,COR-007,SEC-0065,2026-09-09,812,822,2,68.6,900,13.3,120
TRN-05485,EMU,COR-007,SEC-0066,2026-09-06,1379,1384,2,82.5,900,10.7,100
TRN-05486,EMU,COR-002,SEC-0018,2026-09-05,25,30,2,67.7,900,12.3,110
TRN-05487,EMU,COR-008,SEC-0079,2026-09-03,118,130,2,60.9,900,10.5,110
TRN-05488,EMU,COR-012,SEC-0116,2026-09-11,482,494,2,80.4,900,13.7,110
TRN-05489,EMU,COR-006,SEC-0056,2026-09-07,21,28,2,78.2,900,10.7,110
TRN-05490,Passenger,COR-018,SEC-0179,2026-09-15,1319,1329,2,80.2,1200,5.7,100
TRN-05491,Express,COR-005,SEC-0046,2026-09-09,1290,1295,3,59.2,1400,12.6,110
TRN-05492,Passenger,COR-016,SEC-0155,2026-09-09,47,52,2,77.7,1200,11.3,110
TRN-05493,Freight,COR-003,SEC-0025,2026-09-14,143,163,1,41.9,3000,6.6,120
TRN-05494,Superfast,COR-004,SEC-0038,2026-09-14,475,490,3,73.5,1600,7.7,130
TRN-05495,EMU,COR-014,SEC-0133,2026-09-13,990,1000,2,58.3,900,8.9,100
TRN-05496,Express,COR-003,SEC-0029,2026-09-03,601,613,3,85.5,1400,12.4,110
TRN-05497,Freight,COR-005,SEC-0043,2026-09-13,269,281,1,34.9,3000,6.2,100
TRN-05498,Passenger,COR-019,SEC-0184,2026-09-12,810,820,2,93.9,1200,14.0,110
TRN-05499,EMU,COR-019,SEC-0188,2026-09-09,1189,1201,2,78.2,900,16.1,110
TRN-05500,EMU,COR-005,SEC-0049,2026-09-04,363,368,2,79.6,900,10.7,120
TRN-05501,EMU,COR-009,SEC-0082,2026-09-15,247,252,2,62.1,900,9.1,80
TRN-05502,Passenger,COR-010,SEC-0091,2026-09-13,871,878,2,41.6,1200,6.5,100
TRN-05503,Express,COR-003,SEC-0024,2026-09-07,717,737,3,66.0,1400,9.5,120
TRN-05504,Express,COR-013,SEC-0128,2026-09-11,896,906,3,75.0,1400,12.6,130
TRN-05505,EMU,COR-003,SEC-0030,2026-09-16,969,976,2,81.5,900,6.7,80
TRN-05506,Superfast,COR-013,SEC-0124,2026-09-06,319,329,3,91.3,1600,14.1,100
TRN-05507,Express,COR-020,SEC-0192,2026-09-15,627,637,3,70.6,1400,9.3,100
TRN-05508,EMU,COR-006,SEC-0053,2026-09-05,473,488,2,86.2,900,16.8,120
TRN-05509,Express,COR-020,SEC-0191,2026-09-08,729,736,3,99.0,1400,15.8,80
TRN-05510,Express,COR-002,SEC-0018,2026-09-15,400,415,3,43.2,1400,5.4,110
TRN-05511,Passenger,COR-017,SEC-0170,2026-09-05,128,135,2,42.0,1200,1.2,120
TRN-05512,Superfast,COR-020,SEC-0195,2026-09-09,534,539,3,78.5,1600,5.7,110
TRN-05513,EMU,COR-008,SEC-0074,2026-09-09,1408,1423,2,76.2,900,7.2,120
TRN-05514,EMU,COR-009,SEC-0088,2026-09-03,992,1002,2,59.0,900,8.6,120
TRN-05515,Passenger,COR-004,SEC-0040,2026-09-11,1120,1130,2,71.6,1200,8.3,120
TRN-05516,Superfast,COR-019,SEC-0182,2026-09-03,64,74,3,95.3,1600,11.8,80
TRN-05517,Freight,COR-015,SEC-0148,2026-09-16,12,17,1,24.9,3000,6.8,120
TRN-05518,Freight,COR-015,SEC-0143,2026-09-07,311,318,1,38.3,3000,2.4,120
TRN-05519,Freight,COR-001,SEC-0005,2026-09-08,451,461,1,27.2,3000,3.3,130
TRN-05520,EMU,COR-012,SEC-0111,2026-09-03,323,328,2,54.6,900,10.0,100
TRN-05521,Express,COR-013,SEC-0129,2026-09-08,1090,1097,3,53.2,1400,5.3,110
TRN-05522,Passenger,COR-010,SEC-0094,2026-09-09,23,43,2,76.4,1200,11.0,80
TRN-05523,Freight,COR-013,SEC-0121,2026-09-03,1152,1159,1,45.2,3000,10.8,120
TRN-05524,Express,COR-003,SEC-0021,2026-09-13,347,357,3,78.2,1400,10.2,110
TRN-05525,EMU,COR-008,SEC-0072,2026-09-08,27,42,2,71.6,900,16.0,120
TRN-05526,Superfast,COR-008,SEC-0075,2026-09-15,1086,1101,3,76.5,1600,3.3,130
TRN-05527,EMU,COR-009,SEC-0087,2026-09-15,137,147,2,69.3,900,15.6,110
TRN-05528,Passenger,COR-011,SEC-0103,2026-09-04,844,856,2,74.7,1200,12.6,100
TRN-05529,EMU,COR-013,SEC-0121,2026-09-06,1057,1069,2,81.3,900,8.7,100
TRN-05530,Express,COR-016,SEC-0152,2026-09-13,1199,1206,3,69.5,1400,7.6,110
TRN-05531,EMU,COR-002,SEC-0013,2026-09-05,1269,1284,2,51.4,900,3.1,120
TRN-05532,Freight,COR-010,SEC-0097,2026-09-14,57,77,1,28.6,3000,1.0,80
TRN-05533,EMU,COR-018,SEC-0172,2026-09-04,267,274,2,88.9,900,11.9,120
TRN-05534,Freight,COR-012,SEC-0117,2026-09-10,1079,1086,1,48.8,3000,9.2,120
TRN-05535,EMU,COR-016,SEC-0156,2026-09-07,902,917,2,72.4,900,5.8,120
TRN-05536,Passenger,COR-012,SEC-0117,2026-09-10,528,543,2,74.8,1200,13.2,80
TRN-05537,Passenger,COR-008,SEC-0073,2026-09-08,89,99,2,83.4,1200,4.7,120
TRN-05538,Freight,COR-020,SEC-0194,2026-09-08,252,272,1,32.5,3000,5.9,100
TRN-05539,Freight,COR-006,SEC-0059,2026-09-07,356,366,1,34.1,3000,5.5,120
TRN-05540,Passenger,COR-011,SEC-0107,2026-09-12,1264,1284,2,84.5,1200,10.9,100
TRN-05541,Passenger,COR-003,SEC-0030,2026-09-07,509,516,2,96.2,1200,16.0,120
TRN-05542,Passenger,COR-017,SEC-0165,2026-09-04,571,578,2,88.9,1200,11.0,130
TRN-05543,EMU,COR-017,SEC-0166,2026-09-05,1359,1374,2,70.3,900,10.9,80
TRN-05544,Freight,COR-009,SEC-0090,2026-09-15,1123,1135,1,21.7,3000,5.1,100
TRN-05545,Superfast,COR-016,SEC-0152,2026-09-04,882,892,3,45.7,1600,4.8,120
TRN-05546,Freight,COR-012,SEC-0116,2026-09-14,631,641,1,41.8,3000,7.3,80
TRN-05547,Superfast,COR-008,SEC-0078,2026-09-16,16,31,3,83.3,1600,7.5,100
TRN-05548,Freight,COR-004,SEC-0034,2026-09-09,852,867,1,54.0,3000,7.4,80
TRN-05549,Superfast,COR-009,SEC-0089,2026-09-04,965,975,3,47.0,1600,10.6,110
TRN-05550,Passenger,COR-018,SEC-0171,2026-09-08,740,747,2,66.5,1200,9.5,120
TRN-05551,Express,COR-001,SEC-0004,2026-09-14,440,450,3,89.8,1400,10.3,130
TRN-05552,Passenger,COR-013,SEC-0129,2026-09-11,492,512,2,85.6,1200,6.1,110
TRN-05553,Freight,COR-012,SEC-0115,2026-09-15,1174,1184,1,33.6,3000,10.0,100
TRN-05554,Superfast,COR-001,SEC-0004,2026-09-07,526,541,3,52.0,1600,4.4,100
TRN-05555,Passenger,COR-013,SEC-0121,2026-09-05,1365,1375,2,59.8,1200,12.7,120
TRN-05556,Passenger,COR-007,SEC-0063,2026-09-09,322,337,2,61.3,1200,15.2,100
TRN-05557,Passenger,COR-010,SEC-0092,2026-09-04,1438,1439,2,87.6,1200,7.6,120
TRN-05558,Freight,COR-002,SEC-0019,2026-09-14,502,509,1,51.9,3000,6.1,110
TRN-05559,Express,COR-018,SEC-0173,2026-09-03,626,633,3,59.2,1400,6.3,120
TRN-05560,Express,COR-020,SEC-0197,2026-09-13,624,636,3,52.8,1400,8.8,130
TRN-05561,Express,COR-011,SEC-0105,2026-09-04,1042,1054,3,93.4,1400,12.5,110
TRN-05562,EMU,COR-019,SEC-0189,2026-09-15,457,469,2,53.1,900,9.5,80
TRN-05563,Express,COR-016,SEC-0151,2026-09-13,942,957,3,69.9,1400,18.2,110
TRN-05564,Express,COR-011,SEC-0103,2026-09-14,709,714,3,99.0,1400,15.0,80
TRN-05565,Passenger,COR-001,SEC-0009,2026-09-04,724,734,2,48.5,1200,5.3,110
TRN-05566,Passenger,COR-002,SEC-0017,2026-09-11,702,707,2,94.4,1200,14.4,100
TRN-05567,Superfast,COR-010,SEC-0095,2026-09-10,1058,1068,3,43.6,1600,10.2,100
TRN-05568,EMU,COR-001,SEC-0006,2026-09-03,360,372,2,76.8,900,8.7,110
TRN-05569,Superfast,COR-008,SEC-0077,2026-09-10,1137,1142,3,52.6,1600,9.2,120
TRN-05570,Passenger,COR-005,SEC-0045,2026-09-05,1387,1397,2,99.0,1200,10.4,80
TRN-05571,Freight,COR-002,SEC-0016,2026-09-05,46,56,1,22.6,3000,6.2,120
TRN-05572,Superfast,COR-010,SEC-0096,2026-09-10,676,683,3,83.6,1600,8.3,110
TRN-05573,EMU,COR-019,SEC-0186,2026-09-10,3,13,2,86.1,900,15.1,110
TRN-05574,Passenger,COR-015,SEC-0143,2026-09-09,199,204,2,46.9,1200,2.7,120
TRN-05575,Superfast,COR-016,SEC-0153,2026-09-15,480,500,3,99.0,1600,13.2,120
TRN-05576,Superfast,COR-008,SEC-0078,2026-09-04,1061,1071,3,50.1,1600,9.1,110
TRN-05577,EMU,COR-005,SEC-0050,2026-09-16,922,932,2,78.7,900,13.0,120
TRN-05578,Express,COR-016,SEC-0159,2026-09-07,793,803,3,99.0,1400,12.9,120
TRN-05579,EMU,COR-012,SEC-0114,2026-09-06,1035,1047,2,74.2,900,8.2,80
TRN-05580,Superfast,COR-017,SEC-0163,2026-09-08,532,544,3,72.1,1600,10.0,110
TRN-05581,Passenger,COR-014,SEC-0137,2026-09-14,1238,1248,2,63.2,1200,15.3,110
TRN-05582,Freight,COR-001,SEC-0009,2026-09-14,812,832,1,52.6,3000,11.2,120
TRN-05583,Superfast,COR-006,SEC-0053,2026-09-03,676,696,3,59.9,1600,18.8,110
TRN-05584,Passenger,COR-011,SEC-0107,2026-09-11,723,735,2,86.5,1200,13.4,100
TRN-05585,Freight,COR-004,SEC-0040,2026-09-07,419,424,1,38.9,3000,1.2,120
TRN-05586,EMU,COR-011,SEC-0109,2026-09-14,916,926,2,79.1,900,7.9,110
TRN-05587,Express,COR-020,SEC-0198,2026-09-09,199,219,3,84.5,1400,11.6,80
TRN-05588,Passenger,COR-010,SEC-0097,2026-09-10,1078,1090,2,85.6,1200,10.6,80
TRN-05589,Superfast,COR-019,SEC-0183,2026-09-08,574,586,3,96.9,1600,13.2,80
TRN-05590,EMU,COR-011,SEC-0104,2026-09-16,364,371,2,89.8,900,10.2,110
TRN-05591,Passenger,COR-009,SEC-0081,2026-09-06,765,772,2,65.8,1200,13.4,110
TRN-05592,Freight,COR-017,SEC-0166,2026-09-13,1397,1402,1,15.6,3000,9.0,120
TRN-05593,Freight,COR-007,SEC-0067,2026-09-16,732,752,1,5.0,3000,1.3,110
TRN-05594,Express,COR-005,SEC-0043,2026-09-03,146,153,3,52.2,1400,11.8,100
TRN-05595,Passenger,COR-001,SEC-0007,2026-09-05,1356,1366,2,95.7,1200,9.7,110
TRN-05596,EMU,COR-006,SEC-0053,2026-09-13,804,819,2,83.6,900,9.7,130
TRN-05597,Express,COR-005,SEC-0050,2026-09-07,826,831,3,52.5,1400,11.7,110
TRN-05598,Passenger,COR-010,SEC-0092,2026-09-11,611,621,2,72.0,1200,8.6,110
TRN-05599,Freight,COR-009,SEC-0083,2026-09-12,658,668,1,21.3,3000,10.4,120
TRN-05600,EMU,COR-015,SEC-0150,2026-09-14,1123,1135,2,33.1,900,3.5,100
TRN-05601,Freight,COR-019,SEC-0186,2026-09-03,412,422,1,35.3,3000,7.2,100
TRN-05602,Passenger,COR-004,SEC-0033,2026-09-14,91,96,2,96.0,1200,14.7,80
TRN-05603,Freight,COR-005,SEC-0049,2026-09-12,895,900,1,59.8,3000,10.2,80
TRN-05604,Express,COR-009,SEC-0089,2026-09-16,693,713,3,56.8,1400,9.3,120
TRN-05605,Superfast,COR-015,SEC-0146,2026-09-09,835,840,3,63.6,1600,3.6,80
TRN-05606,Express,COR-013,SEC-0123,2026-09-07,1408,1420,3,93.2,1400,11.6,80
TRN-05607,EMU,COR-010,SEC-0092,2026-09-13,388,395,2,83.3,900,7.3,100
TRN-05608,Express,COR-003,SEC-0025,2026-09-08,435,440,3,72.9,1400,13.7,110
TRN-05609,Express,COR-019,SEC-0186,2026-09-15,181,188,3,69.0,1400,9.0,120
TRN-05610,Freight,COR-004,SEC-0033,2026-09-05,1194,1204,1,26.4,3000,5.3,80
TRN-05611,EMU,COR-009,SEC-0082,2026-09-11,1223,1228,2,69.8,900,8.3,100
TRN-05612,EMU,COR-006,SEC-0054,2026-09-04,1167,1179,2,90.0,900,10.7,100
TRN-05613,Freight,COR-011,SEC-0105,2026-09-16,855,870,1,14.5,3000,6.2,100
TRN-05614,Passenger,COR-013,SEC-0128,2026-09-13,1283,1288,2,69.2,1200,8.7,110
TRN-05615,Superfast,COR-020,SEC-0191,2026-09-07,1054,1069,3,76.8,1600,11.8,110
TRN-05616,Passenger,COR-004,SEC-0040,2026-09-11,527,532,2,93.2,1200,5.7,100
TRN-05617,Freight,COR-018,SEC-0180,2026-09-12,443,448,1,25.8,3000,4.7,110
TRN-05618,Superfast,COR-010,SEC-0098,2026-09-13,857,862,3,63.3,1600,8.9,80
TRN-05619,Superfast,COR-020,SEC-0197,2026-09-10,130,142,3,61.4,1600,9.9,100
TRN-05620,Freight,COR-001,SEC-0009,2026-09-10,711,721,1,27.7,3000,5.3,100
TRN-05621,Freight,COR-008,SEC-0078,2026-09-12,272,287,1,15.4,3000,11.2,110
TRN-05622,EMU,COR-004,SEC-0040,2026-09-13,1369,1379,2,53.5,900,3.6,120
TRN-05623,Passenger,COR-001,SEC-0006,2026-09-06,876,886,2,53.1,1200,11.5,110
TRN-05624,EMU,COR-011,SEC-0109,2026-09-10,488,500,2,78.7,900,8.3,100
TRN-05625,Express,COR-017,SEC-0167,2026-09-14,103,110,3,67.9,1400,12.3,100
TRN-05626,Express,COR-011,SEC-0105,2026-09-03,588,593,3,59.1,1400,8.6,80
TRN-05627,Passenger,COR-018,SEC-0180,2026-09-14,415,422,2,97.9,1200,11.2,120
TRN-05628,Express,COR-003,SEC-0028,2026-09-16,467,474,3,69.5,1400,12.8,130
TRN-05629,EMU,COR-011,SEC-0103,2026-09-08,350,360,2,40.9,900,4.5,100
TRN-05630,Freight,COR-010,SEC-0096,2026-09-13,1296,1308,1,5.0,3000,1.2,110
TRN-05631,Freight,COR-012,SEC-0119,2026-09-11,375,385,1,41.0,3000,6.2,110
TRN-05632,Express,COR-013,SEC-0127,2026-09-12,182,192,3,56.1,1400,11.1,110
TRN-05633,Express,COR-005,SEC-0041,2026-09-09,427,437,3,55.9,1400,11.4,110
TRN-05634,Superfast,COR-009,SEC-0089,2026-09-12,1004,1014,3,51.5,1600,8.3,110
TRN-05635,Freight,COR-004,SEC-0037,2026-09-09,1352,1359,1,38.2,3000,14.5,110
TRN-05636,Superfast,COR-004,SEC-0035,2026-09-15,739,749,3,44.6,1600,3.6,80
TRN-05637,EMU,COR-013,SEC-0123,2026-09-16,6,16,2,78.8,900,10.5,110
TRN-05638,Express,COR-005,SEC-0050,2026-09-08,157,164,3,71.4,1400,7.7,120
TRN-05639,Freight,COR-020,SEC-0194,2026-09-07,487,497,1,22.1,3000,4.7,110
TRN-05640,Freight,COR-017,SEC-0161,2026-09-12,823,830,1,16.6,3000,4.4,110
TRN-05641,Superfast,COR-002,SEC-0012,2026-09-05,1170,1175,3,58.0,1600,12.4,80
TRN-05642,Freight,COR-001,SEC-0002,2026-09-15,481,501,1,35.9,3000,8.3,100
TRN-05643,Freight,COR-002,SEC-0012,2026-09-16,1275,1282,1,56.1,3000,11.0,100
TRN-05644,Express,COR-004,SEC-0040,2026-09-15,784,794,3,83.3,1400,12.2,110
TRN-05645,Freight,COR-008,SEC-0076,2026-09-15,1314,1329,1,28.6,3000,4.5,110
TRN-05646,Superfast,COR-011,SEC-0110,2026-09-13,284,299,3,47.5,1600,12.1,110
TRN-05647,EMU,COR-007,SEC-0069,2026-09-15,1383,1390,2,71.4,900,11.5,100
TRN-05648,Superfast,COR-014,SEC-0133,2026-09-07,1251,1266,3,84.8,1600,13.2,110
TRN-05649,Passenger,COR-011,SEC-0106,2026-09-14,140,147,2,52.2,1200,5.2,110
TRN-05650,Express,COR-006,SEC-0056,2026-09-08,822,832,3,72.3,1400,10.5,110
TRN-05651,EMU,COR-017,SEC-0170,2026-09-11,1412,1422,2,99.0,900,11.2,100
TRN-05652,EMU,COR-016,SEC-0156,2026-09-05,643,650,2,99.0,900,17.0,110
TRN-05653,EMU,COR-018,SEC-0180,2026-09-13,1261,1268,2,50.8,900,3.9,120
TRN-05654,Superfast,COR-006,SEC-0054,2026-09-03,1082,1089,3,65.4,1600,10.2,80
TRN-05655,EMU,COR-004,SEC-0036,2026-09-12,109,114,2,66.8,900,7.0,120
TRN-05656,Passenger,COR-001,SEC-0007,2026-09-03,222,229,2,71.3,1200,11.1,80
TRN-05657,Passenger,COR-004,SEC-0039,2026-09-11,808,815,2,67.1,1200,12.6,120
TRN-05658,Passenger,COR-005,SEC-0042,2026-09-03,827,834,2,77.6,1200,8.9,100
TRN-05659,Express,COR-013,SEC-0130,2026-09-06,578,585,3,89.9,1400,12.1,100
TRN-05660,Freight,COR-008,SEC-0073,2026-09-06,256,271,1,19.1,3000,8.6,130
TRN-05661,EMU,COR-004,SEC-0034,2026-09-07,1339,1359,2,99.0,900,11.1,100
TRN-05662,Passenger,COR-012,SEC-0118,2026-09-13,112,122,2,67.8,1200,10.3,80
TRN-05663,Superfast,COR-006,SEC-0055,2026-09-16,880,892,3,82.3,1600,11.5,80
TRN-05664,Passenger,COR-007,SEC-0061,2026-09-07,903,910,2,75.3,1200,9.5,80
TRN-05665,EMU,COR-003,SEC-0029,2026-09-04,1157,1164,2,87.0,900,10.4,110
TRN-05666,Passenger,COR-018,SEC-0174,2026-09-07,832,844,2,68.1,1200,3.0,110
TRN-05667,EMU,COR-008,SEC-0075,2026-09-06,590,600,2,70.9,900,7.8,110
TRN-05668,Superfast,COR-012,SEC-0115,2026-09-06,1435,1439,3,72.6,1600,11.7,110
TRN-05669,EMU,COR-009,SEC-0089,2026-09-10,829,841,2,52.6,900,9.7,120
TRN-05670,Superfast,COR-008,SEC-0078,2026-09-05,983,993,3,48.9,1600,9.6,80
TRN-05671,Superfast,COR-002,SEC-0016,2026-09-15,43,48,3,58.5,1600,6.3,80
TRN-05672,Freight,COR-020,SEC-0193,2026-09-04,720,727,1,21.6,3000,2.5,100
TRN-05673,Express,COR-003,SEC-0024,2026-09-07,43,53,3,75.1,1400,9.5,110
TRN-05674,EMU,COR-015,SEC-0146,2026-09-08,1396,1403,2,46.2,900,5.8,100
TRN-05675,Passenger,COR-008,SEC-0078,2026-09-05,879,889,2,66.8,1200,13.0,110
TRN-05676,Express,COR-003,SEC-0025,2026-09-13,837,852,3,61.7,1400,12.5,110
TRN-05677,Superfast,COR-008,SEC-0079,2026-09-04,1000,1012,3,73.6,1600,14.1,110
TRN-05678,Passenger,COR-012,SEC-0117,2026-09-16,796,808,2,69.0,1200,10.7,80
TRN-05679,Superfast,COR-005,SEC-0043,2026-09-15,448,455,3,99.0,1600,11.6,100
TRN-05680,Superfast,COR-009,SEC-0090,2026-09-11,790,810,3,83.9,1600,9.6,120
TRN-05681,EMU,COR-004,SEC-0035,2026-09-16,1028,1033,2,75.7,900,12.9,100
TRN-05682,Passenger,COR-013,SEC-0128,2026-09-10,173,193,2,69.1,1200,5.9,130
TRN-05683,Passenger,COR-006,SEC-0060,2026-09-06,1313,1318,2,60.8,1200,10.9,110
TRN-05684,Passenger,COR-017,SEC-0168,2026-09-03,690,695,2,74.0,1200,12.9,120
TRN-05685,Express,COR-014,SEC-0133,2026-09-15,777,782,3,81.1,1400,11.5,120
TRN-05686,EMU,COR-009,SEC-0090,2026-09-15,685,697,2,95.6,900,8.7,110
TRN-05687,Superfast,COR-001,SEC-0004,2026-09-04,712,732,3,69.3,1600,12.5,120
TRN-05688,Superfast,COR-020,SEC-0200,2026-09-06,419,431,3,73.6,1600,8.4,110
TRN-05689,Passenger,COR-016,SEC-0160,2026-09-14,985,990,2,69.8,1200,4.2,130
TRN-05690,Superfast,COR-011,SEC-0110,2026-09-16,1357,1367,3,45.7,1600,9.9,110
TRN-05691,Express,COR-015,SEC-0144,2026-09-10,699,711,3,58.6,1400,1.5,100
TRN-05692,Superfast,COR-019,SEC-0189,2026-09-15,1130,1137,3,41.2,1600,6.6,100
TRN-05693,Passenger,COR-009,SEC-0090,2026-09-05,131,136,2,75.2,1200,7.4,120
TRN-05694,Express,COR-001,SEC-0001,2026-09-06,40,45,3,77.8,1400,9.8,130
TRN-05695,Freight,COR-013,SEC-0123,2026-09-07,959,969,1,11.8,3000,5.2,110
TRN-05696,Passenger,COR-007,SEC-0069,2026-09-09,147,162,2,83.1,1200,14.4,100
TRN-05697,Express,COR-001,SEC-0008,2026-09-13,329,341,3,64.1,1400,16.8,110
TRN-05698,Passenger,COR-017,SEC-0161,2026-09-16,1407,1417,2,74.3,1200,10.5,100
TRN-05699,Express,COR-003,SEC-0028,2026-09-16,131,143,3,58.7,1400,4.6,100
TRN-05700,Express,COR-007,SEC-0064,2026-09-11,206,221,3,51.1,1400,3.6,100
TRN-05701,Superfast,COR-010,SEC-0092,2026-09-14,1039,1049,3,86.3,1600,6.9,110
TRN-05702,Express,COR-005,SEC-0041,2026-09-07,803,810,3,83.2,1400,8.3,110
TRN-05703,Superfast,COR-016,SEC-0154,2026-09-05,668,680,3,75.3,1600,9.7,130
TRN-05704,Passenger,COR-012,SEC-0120,2026-09-11,298,303,2,54.0,1200,5.9,130
TRN-05705,Superfast,COR-014,SEC-0138,2026-09-08,983,990,3,79.3,1600,13.4,100
TRN-05706,Passenger,COR-018,SEC-0179,2026-09-05,385,400,2,73.0,1200,8.2,110
TRN-05707,Express,COR-019,SEC-0184,2026-09-08,851,858,3,81.5,1400,9.3,120
TRN-05708,Express,COR-001,SEC-0010,2026-09-06,1320,1325,3,66.3,1400,12.2,110
TRN-05709,EMU,COR-002,SEC-0019,2026-09-12,162,182,2,98.1,900,16.1,80
TRN-05710,EMU,COR-017,SEC-0163,2026-09-12,985,1000,2,75.7,900,13.2,110
TRN-05711,Superfast,COR-005,SEC-0047,2026-09-07,1296,1301,3,61.6,1600,5.6,100
TRN-05712,Superfast,COR-007,SEC-0070,2026-09-11,426,433,3,73.9,1600,8.9,100
TRN-05713,Express,COR-001,SEC-0002,2026-09-13,956,968,3,85.2,1400,2.8,110
TRN-05714,Express,COR-020,SEC-0200,2026-09-15,917,924,3,88.2,1400,14.9,110
TRN-05715,Superfast,COR-007,SEC-0064,2026-09-09,139,151,3,58.3,1600,12.4,120
TRN-05716,EMU,COR-015,SEC-0144,2026-09-09,272,284,2,76.0,900,10.7,120
TRN-05717,EMU,COR-011,SEC-0105,2026-09-03,310,320,2,66.0,900,4.5,130
TRN-05718,Express,COR-011,SEC-0110,2026-09-13,380,400,3,80.7,1400,16.5,100
TRN-05719,Superfast,COR-016,SEC-0156,2026-09-05,213,225,3,70.4,1600,12.5,100
TRN-05720,EMU,COR-020,SEC-0196,2026-09-12,1323,1330,2,66.3,900,6.1,120
TRN-05721,Passenger,COR-002,SEC-0016,2026-09-11,242,249,2,64.6,1200,8.5,110
TRN-05722,Passenger,COR-008,SEC-0079,2026-09-16,1221,1228,2,64.4,1200,14.6,110
TRN-05723,Freight,COR-003,SEC-0026,2026-09-15,329,334,1,34.7,3000,1.0,80
TRN-05724,Express,COR-012,SEC-0115,2026-09-07,262,267,3,53.2,1400,10.5,110
TRN-05725,EMU,COR-017,SEC-0170,2026-09-14,171,176,2,66.5,900,10.8,110
TRN-05726,Superfast,COR-016,SEC-0155,2026-09-07,1394,1414,3,79.5,1600,10.0,110
TRN-05727,Freight,COR-006,SEC-0057,2026-09-13,638,653,1,7.0,3000,3.3,80
TRN-05728,Express,COR-020,SEC-0193,2026-09-15,858,868,3,81.9,1400,13.5,120
TRN-05729,Superfast,COR-005,SEC-0048,2026-09-15,382,394,3,80.7,1600,7.8,120
TRN-05730,EMU,COR-009,SEC-0084,2026-09-10,1186,1201,2,57.9,900,4.4,110
TRN-05731,Superfast,COR-009,SEC-0081,2026-09-12,1410,1415,3,70.4,1600,3.2,100
TRN-05732,Passenger,COR-002,SEC-0019,2026-09-06,808,815,2,59.3,1200,8.1,130
TRN-05733,Passenger,COR-019,SEC-0183,2026-09-09,1013,1023,2,59.1,1200,3.7,110
TRN-05734,Passenger,COR-004,SEC-0031,2026-09-09,290,305,2,83.5,1200,13.0,110
TRN-05735,Superfast,COR-010,SEC-0095,2026-09-03,321,331,3,91.9,1600,10.8,80
TRN-05736,Freight,COR-003,SEC-0028,2026-09-10,867,872,1,6.3,3000,6.0,100
TRN-05737,EMU,COR-015,SEC-0148,2026-09-14,913,923,2,76.8,900,13.6,80
TRN-05738,Freight,COR-001,SEC-0004,2026-09-10,350,355,1,24.8,3000,1.3,110
TRN-05739,Express,COR-002,SEC-0019,2026-09-05,378,383,3,84.0,1400,12.7,110
TRN-05740,Freight,COR-015,SEC-0144,2026-09-07,1396,1408,1,64.9,3000,10.0,100
TRN-05741,Passenger,COR-008,SEC-0071,2026-09-07,1351,1366,2,85.5,1200,8.1,110
TRN-05742,Passenger,COR-001,SEC-0007,2026-09-04,1072,1087,2,55.6,1200,10.7,120
TRN-05743,Freight,COR-003,SEC-0024,2026-09-06,1297,1302,1,54.9,3000,6.2,110
TRN-05744,Freight,COR-011,SEC-0101,2026-09-04,547,554,1,37.4,3000,4.2,120
TRN-05745,Freight,COR-011,SEC-0105,2026-09-05,890,902,1,39.1,3000,3.8,100
TRN-05746,EMU,COR-014,SEC-0135,2026-09-14,1204,1216,2,98.6,900,12.4,120
TRN-05747,Express,COR-011,SEC-0109,2026-09-04,195,205,3,53.8,1400,6.5,130
TRN-05748,Passenger,COR-011,SEC-0108,2026-09-06,408,413,2,62.6,1200,6.5,100
TRN-05749,Freight,COR-008,SEC-0076,2026-09-05,1030,1040,1,47.0,3000,6.6,80
TRN-05750,Passenger,COR-016,SEC-0160,2026-09-03,1377,1382,2,41.2,1200,6.9,110
TRN-05751,Superfast,COR-002,SEC-0015,2026-09-11,228,238,3,54.5,1600,10.3,110
TRN-05752,EMU,COR-009,SEC-0081,2026-09-07,174,184,2,70.9,900,11.5,80
TRN-05753,Superfast,COR-012,SEC-0119,2026-09-07,1264,1276,3,92.1,1600,9.8,100
TRN-05754,Passenger,COR-012,SEC-0111,2026-09-05,68,78,2,65.3,1200,10.3,100
TRN-05755,Freight,COR-010,SEC-0094,2026-09-13,968,988,1,36.4,3000,5.1,130
TRN-05756,Passenger,COR-014,SEC-0138,2026-09-12,1348,1358,2,66.7,1200,12.2,100
TRN-05757,Freight,COR-017,SEC-0164,2026-09-10,238,243,1,42.2,3000,3.5,120
TRN-05758,Express,COR-002,SEC-0020,2026-09-07,415,435,3,65.1,1400,4.9,100
TRN-05759,Freight,COR-001,SEC-0008,2026-09-08,1261,1268,1,26.1,3000,1.0,110
TRN-05760,Superfast,COR-011,SEC-0101,2026-09-10,1060,1070,3,88.4,1600,9.1,120
TRN-05761,Passenger,COR-001,SEC-0004,2026-09-11,1246,1251,2,54.4,1200,10.6,110
TRN-05762,Freight,COR-007,SEC-0068,2026-09-05,351,363,1,9.5,3000,3.2,100
TRN-05763,Passenger,COR-014,SEC-0132,2026-09-08,405,417,2,56.1,1200,8.2,120
TRN-05764,Freight,COR-004,SEC-0037,2026-09-16,1245,1252,1,37.8,3000,12.2,80
TRN-05765,EMU,COR-004,SEC-0035,2026-09-15,641,653,2,44.7,900,9.8,110
TRN-05766,Passenger,COR-005,SEC-0050,2026-09-16,485,500,2,83.8,1200,12.9,110
TRN-05767,Superfast,COR-013,SEC-0123,2026-09-12,1299,1309,3,77.9,1600,14.6,110
TRN-05768,Passenger,COR-016,SEC-0158,2026-09-11,351,363,2,50.4,1200,7.5,110
TRN-05769,Superfast,COR-015,SEC-0147,2026-09-14,220,235,3,60.7,1600,11.0,80
TRN-05770,Freight,COR-020,SEC-0198,2026-09-09,962,967,1,17.1,3000,4.5,100
TRN-05771,Freight,COR-008,SEC-0072,2026-09-14,14,21,1,8.1,3000,2.5,110
TRN-05772,EMU,COR-017,SEC-0165,2026-09-08,359,374,2,62.9,900,14.5,110
TRN-05773,Superfast,COR-020,SEC-0193,2026-09-15,1148,1168,3,80.5,1600,11.7,110
TRN-05774,Express,COR-002,SEC-0017,2026-09-08,904,916,3,85.3,1400,9.5,100
TRN-05775,Passenger,COR-009,SEC-0086,2026-09-12,1290,1310,2,81.3,1200,9.6,80
TRN-05776,Express,COR-001,SEC-0008,2026-09-04,109,119,3,76.1,1400,8.2,120
TRN-05777,Superfast,COR-016,SEC-0157,2026-09-05,87,97,3,41.1,1600,7.8,100
TRN-05778,Passenger,COR-011,SEC-0109,2026-09-14,637,647,2,73.5,1200,4.6,100
TRN-05779,Freight,COR-001,SEC-0003,2026-09-06,113,118,1,15.2,3000,4.5,120
TRN-05780,Freight,COR-014,SEC-0133,2026-09-11,631,641,1,35.1,3000,8.4,80
TRN-05781,Superfast,COR-004,SEC-0035,2026-09-06,914,924,3,77.6,1600,10.1,110
TRN-05782,Passenger,COR-018,SEC-0179,2026-09-06,1349,1369,2,56.8,1200,10.4,100
TRN-05783,Passenger,COR-015,SEC-0143,2026-09-14,323,328,2,94.7,1200,12.8,120
TRN-05784,Express,COR-013,SEC-0127,2026-09-09,1228,1238,3,55.9,1400,4.8,80
TRN-05785,Express,COR-020,SEC-0196,2026-09-09,648,655,3,65.7,1400,10.0,80
TRN-05786,Express,COR-007,SEC-0065,2026-09-05,679,689,3,79.5,1400,11.1,110
TRN-05787,Freight,COR-001,SEC-0010,2026-09-08,768,778,1,31.4,3000,3.3,100
TRN-05788,Freight,COR-008,SEC-0072,2026-09-04,247,254,1,33.7,3000,6.9,100
TRN-05789,Express,COR-005,SEC-0045,2026-09-16,790,805,3,86.6,1400,11.7,100
TRN-05790,Express,COR-010,SEC-0097,2026-09-13,864,884,3,59.8,1400,7.6,100
TRN-05791,Superfast,COR-010,SEC-0094,2026-09-16,1391,1401,3,62.3,1600,6.5,100
TRN-05792,Passenger,COR-001,SEC-0010,2026-09-12,1279,1284,2,80.5,1200,10.0,80
TRN-05793,EMU,COR-012,SEC-0116,2026-09-03,1242,1262,2,55.7,900,6.1,120
TRN-05794,Passenger,COR-013,SEC-0127,2026-09-05,1000,1015,2,70.8,1200,5.7,80
TRN-05795,Express,COR-005,SEC-0049,2026-09-06,1122,1132,3,85.6,1400,10.4,80
TRN-05796,Passenger,COR-012,SEC-0112,2026-09-07,1131,1141,2,76.7,1200,12.5,100
TRN-05797,Superfast,COR-017,SEC-0161,2026-09-12,1168,1178,3,57.8,1600,12.3,100
TRN-05798,Passenger,COR-003,SEC-0027,2026-09-05,694,704,2,86.9,1200,10.5,110
TRN-05799,EMU,COR-012,SEC-0116,2026-09-05,1007,1012,2,64.2,900,7.6,110
TRN-05800,Passenger,COR-006,SEC-0058,2026-09-14,1124,1136,2,83.3,1200,13.5,100
TRN-05801,Express,COR-019,SEC-0187,2026-09-14,977,997,3,42.9,1400,4.6,120
TRN-05802,Freight,COR-010,SEC-0096,2026-09-04,79,86,1,48.3,3000,7.5,110
TRN-05803,EMU,COR-004,SEC-0034,2026-09-10,804,811,2,54.7,900,7.7,110
TRN-05804,Passenger,COR-008,SEC-0073,2026-09-03,866,873,2,85.4,1200,15.3,120
TRN-05805,Superfast,COR-006,SEC-0052,2026-09-04,606,613,3,57.0,1600,3.8,120
TRN-05806,Freight,COR-002,SEC-0013,2026-09-06,126,133,1,37.0,3000,9.3,110
TRN-05807,Passenger,COR-007,SEC-0061,2026-09-12,1152,1162,2,25.0,1200,9.9,80
TRN-05808,Superfast,COR-016,SEC-0157,2026-09-13,11,16,3,44.6,1600,1.0,120
TRN-05809,Superfast,COR-012,SEC-0119,2026-09-07,259,266,3,66.2,1600,12.8,120
TRN-05810,EMU,COR-006,SEC-0058,2026-09-10,595,615,2,78.1,900,10.8,130
TRN-05811,Superfast,COR-007,SEC-0070,2026-09-10,733,740,3,67.6,1600,8.2,80
TRN-05812,Passenger,COR-009,SEC-0085,2026-09-12,542,552,2,73.6,1200,9.1,100
TRN-05813,Express,COR-020,SEC-0193,2026-09-05,52,62,3,80.3,1400,15.1,80
TRN-05814,Passenger,COR-019,SEC-0190,2026-09-11,1421,1431,2,75.9,1200,2.6,110
TRN-05815,EMU,COR-014,SEC-0131,2026-09-15,1119,1126,2,45.1,900,4.0,100
TRN-05816,Superfast,COR-004,SEC-0033,2026-09-08,512,522,3,70.5,1600,9.1,100
TRN-05817,Freight,COR-020,SEC-0195,2026-09-10,804,819,1,68.9,3000,11.0,120
TRN-05818,Superfast,COR-004,SEC-0036,2026-09-03,324,334,3,52.0,1600,12.7,110
TRN-05819,Passenger,COR-008,SEC-0080,2026-09-16,965,980,2,77.7,1200,11.4,110
TRN-05820,Freight,COR-002,SEC-0019,2026-09-09,1028,1035,1,47.6,3000,9.5,120
TRN-05821,Freight,COR-016,SEC-0158,2026-09-11,917,927,1,24.7,3000,2.9,100
TRN-05822,Passenger,COR-010,SEC-0095,2026-09-06,986,996,2,94.9,1200,13.0,130
TRN-05823,Freight,COR-009,SEC-0083,2026-09-11,814,826,1,42.7,3000,9.1,120
TRN-05824,Passenger,COR-012,SEC-0116,2026-09-12,1295,1300,2,62.9,1200,1.0,120
TRN-05825,Freight,COR-017,SEC-0164,2026-09-13,162,177,1,41.5,3000,6.4,100
TRN-05826,Express,COR-001,SEC-0010,2026-09-14,283,293,3,68.5,1400,8.2,110
TRN-05827,Superfast,COR-008,SEC-0077,2026-09-08,1292,1302,3,60.4,1600,7.3,110
TRN-05828,Express,COR-020,SEC-0194,2026-09-09,166,186,3,85.7,1400,12.9,110
TRN-05829,Freight,COR-008,SEC-0075,2026-09-16,950,962,1,42.9,3000,7.4,100
TRN-05830,Express,COR-018,SEC-0177,2026-09-06,337,349,3,69.2,1400,11.4,100
TRN-05831,Passenger,COR-013,SEC-0128,2026-09-11,1399,1406,2,78.3,1200,9.2,100
TRN-05832,EMU,COR-013,SEC-0123,2026-09-04,982,989,2,41.7,900,6.0,130
TRN-05833,Freight,COR-013,SEC-0126,2026-09-16,911,916,1,65.5,3000,8.1,110
TRN-05834,Passenger,COR-007,SEC-0061,2026-09-16,842,854,2,99.0,1200,10.9,130
TRN-05835,Freight,COR-008,SEC-0074,2026-09-11,795,805,1,27.9,3000,9.9,120
TRN-05836,Freight,COR-005,SEC-0048,2026-09-03,1149,1159,1,43.1,3000,5.9,80
TRN-05837,Passenger,COR-006,SEC-0055,2026-09-05,1274,1294,2,81.9,1200,10.6,110
TRN-05838,Passenger,COR-012,SEC-0111,2026-09-06,1389,1409,2,59.7,1200,12.7,100
TRN-05839,EMU,COR-013,SEC-0124,2026-09-11,703,708,2,53.3,900,9.5,120
TRN-05840,EMU,COR-014,SEC-0133,2026-09-07,13,18,2,83.0,900,12.8,80
TRN-05841,EMU,COR-014,SEC-0137,2026-09-04,504,511,2,45.5,900,7.9,110
TRN-05842,EMU,COR-013,SEC-0123,2026-09-07,706,718,2,65.2,900,10.3,120
TRN-05843,Passenger,COR-008,SEC-0077,2026-09-11,1434,1439,2,57.0,1200,10.3,110
TRN-05844,Express,COR-018,SEC-0179,2026-09-09,455,462,3,46.8,1400,5.0,100
TRN-05845,Superfast,COR-010,SEC-0095,2026-09-04,195,205,3,69.5,1600,10.8,110
TRN-05846,Superfast,COR-002,SEC-0016,2026-09-16,665,675,3,83.1,1600,13.5,110
TRN-05847,Superfast,COR-003,SEC-0024,2026-09-12,213,218,3,62.3,1600,10.5,120
TRN-05848,EMU,COR-010,SEC-0092,2026-09-15,1405,1417,2,60.1,900,7.8,120
TRN-05849,Express,COR-019,SEC-0184,2026-09-11,87,102,3,73.8,1400,4.3,110
TRN-05850,Superfast,COR-015,SEC-0149,2026-09-09,201,208,3,35.1,1600,10.0,120
TRN-05851,Superfast,COR-002,SEC-0011,2026-09-07,166,178,3,44.4,1600,8.1,80
TRN-05852,Freight,COR-020,SEC-0191,2026-09-13,367,372,1,29.8,3000,8.5,120
TRN-05853,Freight,COR-017,SEC-0170,2026-09-04,957,969,1,20.1,3000,8.5,130
TRN-05854,EMU,COR-009,SEC-0087,2026-09-12,930,935,2,63.2,900,10.6,110
TRN-05855,Superfast,COR-018,SEC-0175,2026-09-03,124,131,3,43.2,1600,3.8,100
TRN-05856,Freight,COR-017,SEC-0170,2026-09-16,874,879,1,29.4,3000,6.1,80
TRN-05857,Express,COR-004,SEC-0036,2026-09-12,914,926,3,62.2,1400,10.9,130
TRN-05858,Passenger,COR-016,SEC-0151,2026-09-14,1021,1031,2,72.7,1200,15.3,80
TRN-05859,Superfast,COR-007,SEC-0062,2026-09-09,442,454,3,91.3,1600,5.2,100
TRN-05860,Passenger,COR-018,SEC-0176,2026-09-05,774,786,2,70.4,1200,16.2,80
TRN-05861,Freight,COR-001,SEC-0003,2026-09-14,1084,1094,1,27.3,3000,10.7,120
TRN-05862,Freight,COR-016,SEC-0152,2026-09-16,657,672,1,30.5,3000,1.0,100
TRN-05863,Freight,COR-015,SEC-0148,2026-09-03,288,298,1,45.7,3000,2.1,120
TRN-05864,Freight,COR-006,SEC-0052,2026-09-13,1192,1204,1,16.5,3000,7.0,110
TRN-05865,Superfast,COR-004,SEC-0037,2026-09-05,23,35,3,39.2,1600,7.7,100
TRN-05866,Passenger,COR-010,SEC-0100,2026-09-05,1222,1242,2,75.0,1200,14.3,120
TRN-05867,Express,COR-019,SEC-0184,2026-09-14,626,638,3,70.2,1400,12.7,110
TRN-05868,Passenger,COR-009,SEC-0087,2026-09-13,1324,1344,2,91.5,1200,10.8,130
TRN-05869,Superfast,COR-005,SEC-0044,2026-09-11,1387,1407,3,73.4,1600,4.3,110
TRN-05870,Express,COR-002,SEC-0017,2026-09-05,1062,1072,3,55.6,1400,10.7,110
TRN-05871,Express,COR-014,SEC-0136,2026-09-09,1372,1382,3,60.5,1400,11.5,120
TRN-05872,Freight,COR-011,SEC-0109,2026-09-12,6,16,1,20.4,3000,10.5,120
TRN-05873,EMU,COR-007,SEC-0067,2026-09-09,1317,1327,2,71.9,900,8.9,100
TRN-05874,Freight,COR-003,SEC-0022,2026-09-07,719,724,1,20.2,3000,4.5,120
TRN-05875,Superfast,COR-009,SEC-0088,2026-09-09,1254,1259,3,84.1,1600,7.1,110
TRN-05876,EMU,COR-018,SEC-0174,2026-09-10,1266,1276,2,91.3,900,13.0,120
TRN-05877,Express,COR-002,SEC-0012,2026-09-16,810,815,3,73.2,1400,15.6,100
TRN-05878,Freight,COR-010,SEC-0100,2026-09-07,114,121,1,35.2,3000,2.9,120
TRN-05879,Passenger,COR-014,SEC-0135,2026-09-06,568,580,2,59.0,1200,4.1,110
TRN-05880,Superfast,COR-007,SEC-0067,2026-09-14,1231,1251,3,59.3,1600,11.0,110
TRN-05881,EMU,COR-019,SEC-0184,2026-09-15,39,49,2,74.7,900,19.2,120
TRN-05882,Express,COR-018,SEC-0177,2026-09-03,1317,1329,3,68.4,1400,3.1,100
TRN-05883,EMU,COR-020,SEC-0194,2026-09-06,15,35,2,80.9,900,13.1,110
TRN-05884,Superfast,COR-013,SEC-0123,2026-09-03,935,940,3,89.5,1600,13.2,120
TRN-05885,Freight,COR-017,SEC-0163,2026-09-14,579,586,1,16.5,3000,7.2,120
TRN-05886,Superfast,COR-008,SEC-0073,2026-09-11,1269,1276,3,58.7,1600,12.7,100
TRN-05887,Passenger,COR-003,SEC-0028,2026-09-06,775,785,2,51.9,1200,12.9,130
TRN-05888,Passenger,COR-017,SEC-0164,2026-09-13,503,513,2,50.5,1200,7.4,110
TRN-05889,Superfast,COR-007,SEC-0064,2026-09-04,1415,1427,3,65.3,1600,7.1,110
TRN-05890,EMU,COR-017,SEC-0162,2026-09-09,341,353,2,53.1,900,4.2,80
TRN-05891,EMU,COR-016,SEC-0158,2026-09-15,499,509,2,64.9,900,10.5,80
TRN-05892,EMU,COR-005,SEC-0042,2026-09-13,329,339,2,33.6,900,3.7,120
TRN-05893,Freight,COR-007,SEC-0067,2026-09-05,115,120,1,37.0,3000,3.7,80
TRN-05894,EMU,COR-001,SEC-0008,2026-09-07,1279,1289,2,72.4,900,7.6,120
TRN-05895,EMU,COR-007,SEC-0067,2026-09-16,1048,1068,2,56.7,900,7.9,110
TRN-05896,Passenger,COR-014,SEC-0140,2026-09-07,1265,1272,2,29.6,1200,5.5,120
TRN-05897,Express,COR-019,SEC-0184,2026-09-16,524,531,3,79.6,1400,12.6,110
TRN-05898,EMU,COR-017,SEC-0161,2026-09-12,1028,1048,2,73.7,900,9.0,80
TRN-05899,Passenger,COR-006,SEC-0059,2026-09-08,1431,1439,2,90.4,1200,10.0,110
TRN-05900,Express,COR-005,SEC-0046,2026-09-13,281,286,3,73.4,1400,9.6,80
TRN-05901,Superfast,COR-004,SEC-0032,2026-09-13,642,649,3,61.1,1600,9.1,110
TRN-05902,EMU,COR-018,SEC-0176,2026-09-12,57,62,2,67.8,900,8.9,130
TRN-05903,Passenger,COR-018,SEC-0176,2026-09-06,257,262,2,88.6,1200,13.0,110
TRN-05904,Superfast,COR-008,SEC-0079,2026-09-03,645,655,3,99.0,1600,11.3,110
TRN-05905,Passenger,COR-008,SEC-0076,2026-09-08,1424,1439,2,42.1,1200,11.3,100
TRN-05906,Express,COR-017,SEC-0166,2026-09-15,1429,1439,3,67.0,1400,6.1,100
TRN-05907,Express,COR-015,SEC-0145,2026-09-16,114,129,3,80.4,1400,8.9,100
TRN-05908,Passenger,COR-007,SEC-0063,2026-09-15,1345,1357,2,25.0,1200,6.7,80
TRN-05909,Superfast,COR-002,SEC-0011,2026-09-04,1424,1434,3,69.8,1600,7.0,110
TRN-05910,EMU,COR-011,SEC-0108,2026-09-09,1210,1222,2,99.0,900,16.2,100
TRN-05911,Express,COR-010,SEC-0092,2026-09-11,1063,1075,3,64.9,1400,8.9,120
TRN-05912,EMU,COR-004,SEC-0038,2026-09-11,131,146,2,89.2,900,12.1,120
TRN-05913,Freight,COR-018,SEC-0172,2026-09-13,1240,1260,1,43.1,3000,10.3,120
TRN-05914,Passenger,COR-003,SEC-0027,2026-09-03,842,854,2,68.4,1200,10.6,80
TRN-05915,EMU,COR-002,SEC-0015,2026-09-08,116,123,2,64.7,900,6.5,120
TRN-05916,EMU,COR-006,SEC-0057,2026-09-04,1221,1228,2,87.1,900,13.2,80
TRN-05917,EMU,COR-017,SEC-0162,2026-09-03,596,603,2,78.3,900,10.9,110
TRN-05918,Passenger,COR-017,SEC-0166,2026-09-04,1120,1135,2,70.3,1200,7.7,120
TRN-05919,Freight,COR-020,SEC-0193,2026-09-05,816,821,1,47.1,3000,8.2,100
TRN-05920,Express,COR-007,SEC-0067,2026-09-14,111,116,3,59.3,1400,8.5,120
TRN-05921,Express,COR-012,SEC-0120,2026-09-09,708,720,3,88.3,1400,16.3,80
TRN-05922,Passenger,COR-003,SEC-0029,2026-09-09,1197,1212,2,31.7,1200,5.1,110
TRN-05923,Passenger,COR-003,SEC-0025,2026-09-03,1040,1052,2,84.0,1200,6.5,110
TRN-05924,Passenger,COR-019,SEC-0183,2026-09-11,526,536,2,88.4,1200,13.1,80
TRN-05925,Express,COR-001,SEC-0008,2026-09-15,795,810,3,81.7,1400,12.2,110
TRN-05926,Passenger,COR-016,SEC-0157,2026-09-16,749,761,2,34.3,1200,5.8,80
TRN-05927,Freight,COR-002,SEC-0012,2026-09-16,1142,1154,1,27.6,3000,7.0,100
TRN-05928,Freight,COR-010,SEC-0098,2026-09-13,622,629,1,25.9,3000,3.4,100
TRN-05929,Passenger,COR-013,SEC-0125,2026-09-09,1017,1022,2,99.0,1200,10.7,80
TRN-05930,Passenger,COR-015,SEC-0146,2026-09-13,582,594,2,78.1,1200,8.3,120
TRN-05931,Express,COR-015,SEC-0145,2026-09-06,917,922,3,63.8,1400,4.3,100
TRN-05932,Freight,COR-010,SEC-0100,2026-09-05,1152,1162,1,50.2,3000,14.8,80
TRN-05933,Passenger,COR-006,SEC-0053,2026-09-08,164,176,2,80.1,1200,11.4,130
TRN-05934,Express,COR-006,SEC-0053,2026-09-03,1113,1120,3,77.7,1400,12.1,100
TRN-05935,Superfast,COR-002,SEC-0018,2026-09-07,227,237,3,74.3,1600,10.3,110
TRN-05936,Superfast,COR-009,SEC-0083,2026-09-08,644,659,3,95.7,1600,5.2,110
TRN-05937,Passenger,COR-013,SEC-0127,2026-09-07,1029,1039,2,45.1,1200,7.0,100
TRN-05938,Superfast,COR-010,SEC-0096,2026-09-08,791,811,3,76.3,1600,11.8,100
TRN-05939,Express,COR-001,SEC-0009,2026-09-13,879,884,3,92.5,1400,14.4,110
TRN-05940,Superfast,COR-001,SEC-0005,2026-09-12,607,619,3,98.3,1600,19.1,110
TRN-05941,EMU,COR-002,SEC-0014,2026-09-04,40,52,2,80.9,900,10.9,100
TRN-05942,EMU,COR-005,SEC-0044,2026-09-06,1270,1290,2,72.7,900,12.1,110
TRN-05943,Superfast,COR-003,SEC-0021,2026-09-03,1057,1067,3,52.0,1600,13.3,110
TRN-05944,Passenger,COR-014,SEC-0137,2026-09-10,213,223,2,65.7,1200,4.8,110
TRN-05945,EMU,COR-016,SEC-0158,2026-09-11,1094,1101,2,93.9,900,9.9,100
TRN-05946,EMU,COR-006,SEC-0057,2026-09-15,602,609,2,62.5,900,13.8,100
TRN-05947,Passenger,COR-002,SEC-0017,2026-09-09,641,646,2,84.9,1200,11.9,100
TRN-05948,EMU,COR-005,SEC-0041,2026-09-04,1134,1139,2,94.6,900,10.2,110
TRN-05949,Superfast,COR-008,SEC-0075,2026-09-11,1277,1284,3,81.1,1600,8.3,110
TRN-05950,Superfast,COR-010,SEC-0091,2026-09-06,1091,1103,3,52.7,1600,9.6,110
TRN-05951,Superfast,COR-014,SEC-0133,2026-09-08,1357,1369,3,70.8,1600,10.2,100
TRN-05952,Freight,COR-012,SEC-0119,2026-09-05,1,8,1,42.2,3000,11.0,100
TRN-05953,Freight,COR-010,SEC-0098,2026-09-06,1090,1110,1,41.7,3000,8.6,120
TRN-05954,Superfast,COR-012,SEC-0119,2026-09-06,274,281,3,77.8,1600,6.9,110
TRN-05955,Superfast,COR-017,SEC-0170,2026-09-07,1428,1435,3,65.6,1600,7.1,100
TRN-05956,Passenger,COR-019,SEC-0182,2026-09-07,310,317,2,78.0,1200,11.9,110
TRN-05957,Passenger,COR-013,SEC-0126,2026-09-14,925,937,2,76.7,1200,11.5,110
TRN-05958,Express,COR-002,SEC-0017,2026-09-10,1133,1153,3,46.1,1400,8.2,110
TRN-05959,Passenger,COR-001,SEC-0004,2026-09-07,1221,1228,2,80.2,1200,6.6,120
TRN-05960,Superfast,COR-011,SEC-0110,2026-09-14,488,508,3,68.2,1600,6.0,110
TRN-05961,EMU,COR-017,SEC-0170,2026-09-16,477,482,2,61.1,900,10.9,80
TRN-05962,EMU,COR-013,SEC-0126,2026-09-06,752,772,2,61.4,900,9.3,100
TRN-05963,Freight,COR-010,SEC-0091,2026-09-14,714,734,1,64.9,3000,11.0,110
TRN-05964,Passenger,COR-006,SEC-0057,2026-09-06,543,548,2,77.7,1200,13.1,110
TRN-05965,Passenger,COR-005,SEC-0050,2026-09-11,368,383,2,76.2,1200,16.0,110
TRN-05966,Passenger,COR-006,SEC-0059,2026-09-11,32,44,2,69.2,1200,5.7,110
TRN-05967,Freight,COR-017,SEC-0164,2026-09-12,1109,1124,1,30.0,3000,10.4,100
TRN-05968,Express,COR-003,SEC-0023,2026-09-08,134,141,3,83.1,1400,10.6,120
TRN-05969,Express,COR-004,SEC-0038,2026-09-11,905,910,3,58.8,1400,14.2,110
TRN-05970,Passenger,COR-014,SEC-0134,2026-09-09,1231,1236,2,95.2,1200,10.9,100
TRN-05971,Freight,COR-015,SEC-0142,2026-09-06,1108,1115,1,27.8,3000,8.5,110
TRN-05972,Passenger,COR-008,SEC-0078,2026-09-08,1112,1124,2,51.6,1200,10.1,100
TRN-05973,Passenger,COR-016,SEC-0151,2026-09-09,218,225,2,90.4,1200,13.0,80
TRN-05974,Passenger,COR-017,SEC-0161,2026-09-13,802,817,2,62.4,1200,9.5,80
TRN-05975,Freight,COR-007,SEC-0064,2026-09-09,889,894,1,69.5,3000,7.8,100
TRN-05976,Express,COR-018,SEC-0171,2026-09-15,950,960,3,70.5,1400,3.6,100
TRN-05977,Passenger,COR-005,SEC-0045,2026-09-16,1299,1309,2,46.6,1200,5.4,110
TRN-05978,Freight,COR-009,SEC-0084,2026-09-07,387,397,1,41.7,3000,9.9,130
TRN-05979,Freight,COR-009,SEC-0086,2026-09-07,907,917,1,31.2,3000,9.5,110
TRN-05980,Freight,COR-001,SEC-0008,2026-09-08,1114,1129,1,14.2,3000,5.4,110
TRN-05981,Passenger,COR-010,SEC-0100,2026-09-04,539,546,2,80.4,1200,15.4,100
TRN-05982,Express,COR-009,SEC-0083,2026-09-12,1154,1159,3,65.8,1400,4.5,120
TRN-05983,Passenger,COR-003,SEC-0028,2026-09-05,33,43,2,56.8,1200,7.8,110
TRN-05984,Express,COR-020,SEC-0197,2026-09-08,1325,1340,3,85.5,1400,15.2,120
TRN-05985,Superfast,COR-004,SEC-0037,2026-09-12,503,513,3,65.8,1600,6.4,110
TRN-05986,Passenger,COR-010,SEC-0091,2026-09-16,289,296,2,59.0,1200,8.0,100
TRN-05987,Passenger,COR-006,SEC-0059,2026-09-08,1253,1265,2,85.5,1200,15.7,80
TRN-05988,Passenger,COR-019,SEC-0185,2026-09-13,270,277,2,52.7,1200,4.0,100
TRN-05989,EMU,COR-020,SEC-0192,2026-09-10,114,119,2,52.9,900,7.0,100
TRN-05990,Superfast,COR-001,SEC-0006,2026-09-06,812,817,3,54.0,1600,6.6,120
TRN-05991,Passenger,COR-015,SEC-0150,2026-09-03,201,211,2,68.5,1200,10.6,80
TRN-05992,Superfast,COR-015,SEC-0150,2026-09-13,1027,1042,3,55.8,1600,13.4,110
TRN-05993,Freight,COR-020,SEC-0197,2026-09-06,634,644,1,26.9,3000,13.9,80
TRN-05994,Superfast,COR-015,SEC-0141,2026-09-06,16,28,3,75.0,1600,9.8,120
TRN-05995,Freight,COR-006,SEC-0051,2026-09-11,823,833,1,37.3,3000,5.1,100
TRN-05996,EMU,COR-005,SEC-0050,2026-09-15,1135,1145,2,72.1,900,3.8,110
TRN-05997,Superfast,COR-001,SEC-0008,2026-09-14,1283,1293,3,54.9,1600,2.0,110
TRN-05998,Express,COR-014,SEC-0131,2026-09-14,321,331,3,81.2,1400,7.1,80
TRN-05999,Superfast,COR-019,SEC-0181,2026-09-04,492,512,3,64.2,1600,4.1,120
TRN-06000,Freight,COR-016,SEC-0153,2026-09-10,399,404,1,44.3,3000,7.3,110
TRN-06001,EMU,COR-014,SEC-0133,2026-09-06,1274,1279,2,88.7,900,10.1,120
TRN-06002,Superfast,COR-017,SEC-0170,2026-09-08,536,541,3,48.6,1600,7.9,110
TRN-06003,EMU,COR-011,SEC-0110,2026-09-15,273,283,2,50.9,900,8.3,110
TRN-06004,Passenger,COR-005,SEC-0043,2026-09-16,470,482,2,35.1,1200,10.2,110
TRN-06005,Express,COR-018,SEC-0171,2026-09-11,145,160,3,83.5,1400,10.6,80
TRN-06006,Freight,COR-017,SEC-0166,2026-09-16,706,726,1,5.0,3000,4.6,80
TRN-06007,Express,COR-008,SEC-0079,2026-09-09,250,262,3,59.2,1400,12.2,120
TRN-06008,Passenger,COR-007,SEC-0068,2026-09-03,1133,1143,2,77.3,1200,11.0,110
TRN-06009,Express,COR-014,SEC-0131,2026-09-13,929,939,3,64.4,1400,8.8,80
TRN-06010,Freight,COR-010,SEC-0097,2026-09-11,921,928,1,60.8,3000,12.0,120
TRN-06011,Express,COR-011,SEC-0105,2026-09-13,430,440,3,98.7,1400,12.7,120
TRN-06012,Express,COR-006,SEC-0057,2026-09-04,489,509,3,76.7,1400,5.6,100
TRN-06013,Freight,COR-018,SEC-0179,2026-09-08,534,541,1,45.2,3000,11.5,80
TRN-06014,EMU,COR-018,SEC-0172,2026-09-14,175,195,2,43.9,900,8.7,80
TRN-06015,EMU,COR-011,SEC-0105,2026-09-15,695,702,2,65.6,900,11.1,110
TRN-06016,EMU,COR-003,SEC-0028,2026-09-14,158,168,2,67.5,900,12.4,100
TRN-06017,Express,COR-017,SEC-0169,2026-09-06,700,720,3,58.8,1400,5.9,100
TRN-06018,Express,COR-004,SEC-0033,2026-09-11,1045,1055,3,50.9,1400,7.9,120
TRN-06019,EMU,COR-018,SEC-0180,2026-09-11,619,629,2,77.6,900,11.8,100
TRN-06020,Passenger,COR-015,SEC-0146,2026-09-05,252,259,2,54.6,1200,3.6,110
TRN-06021,Superfast,COR-013,SEC-0128,2026-09-16,14,26,3,76.3,1600,13.6,80
TRN-06022,Superfast,COR-020,SEC-0193,2026-09-07,13,23,3,65.8,1600,11.3,100
TRN-06023,Passenger,COR-005,SEC-0048,2026-09-11,1284,1289,2,64.1,1200,11.3,100
TRN-06024,EMU,COR-014,SEC-0134,2026-09-16,843,853,2,76.7,900,9.2,100
TRN-06025,Superfast,COR-007,SEC-0061,2026-09-06,1144,1149,3,54.9,1600,8.9,110
TRN-06026,Freight,COR-007,SEC-0065,2026-09-15,731,743,1,37.2,3000,10.7,130
TRN-06027,Passenger,COR-008,SEC-0077,2026-09-09,204,216,2,97.0,1200,9.2,80
TRN-06028,Passenger,COR-019,SEC-0185,2026-09-09,65,72,2,78.9,1200,10.2,130
TRN-06029,Passenger,COR-006,SEC-0053,2026-09-05,166,181,2,73.6,1200,9.7,120
TRN-06030,EMU,COR-004,SEC-0035,2026-09-08,16,21,2,61.0,900,8.8,100
TRN-06031,EMU,COR-007,SEC-0066,2026-09-09,402,414,2,88.8,900,11.7,110
TRN-06032,Express,COR-011,SEC-0110,2026-09-10,364,376,3,87.9,1400,10.7,100
TRN-06033,Freight,COR-015,SEC-0148,2026-09-06,387,394,1,19.5,3000,6.9,130
TRN-06034,EMU,COR-019,SEC-0181,2026-09-16,1256,1276,2,60.1,900,4.8,130
TRN-06035,Superfast,COR-019,SEC-0189,2026-09-08,1198,1205,3,46.6,1600,5.9,100
TRN-06036,Passenger,COR-016,SEC-0158,2026-09-04,1221,1231,2,78.0,1200,12.1,130
TRN-06037,Superfast,COR-013,SEC-0126,2026-09-06,1271,1278,3,83.2,1600,14.0,120
TRN-06038,Passenger,COR-009,SEC-0090,2026-09-12,58,73,2,60.6,1200,3.3,80
TRN-06039,Express,COR-008,SEC-0075,2026-09-04,486,496,3,71.5,1400,5.9,110
TRN-06040,Express,COR-003,SEC-0025,2026-09-06,132,137,3,86.1,1400,8.6,110
TRN-06041,EMU,COR-001,SEC-0001,2026-09-12,1159,1174,2,68.9,900,6.2,110
TRN-06042,Superfast,COR-009,SEC-0088,2026-09-09,205,217,3,78.6,1600,15.2,110
TRN-06043,Passenger,COR-007,SEC-0063,2026-09-16,15,30,2,58.6,1200,8.0,130
TRN-06044,Superfast,COR-011,SEC-0108,2026-09-15,957,977,3,99.0,1600,18.4,100
TRN-06045,Superfast,COR-005,SEC-0049,2026-09-05,272,284,3,62.2,1600,13.6,110
TRN-06046,Freight,COR-001,SEC-0007,2026-09-10,1414,1419,1,33.7,3000,1.0,100
TRN-06047,Superfast,COR-009,SEC-0084,2026-09-11,1147,1167,3,45.6,1600,4.7,110
TRN-06048,Superfast,COR-008,SEC-0078,2026-09-14,1221,1241,3,66.8,1600,13.6,110
TRN-06049,Superfast,COR-016,SEC-0152,2026-09-09,1087,1097,3,45.6,1600,6.8,110
TRN-06050,Freight,COR-003,SEC-0028,2026-09-07,1299,1314,1,50.2,3000,9.5,120
TRN-06051,Freight,COR-005,SEC-0046,2026-09-11,136,151,1,53.9,3000,11.2,120
TRN-06052,Passenger,COR-010,SEC-0092,2026-09-11,1094,1099,2,72.6,1200,9.7,120
TRN-06053,Passenger,COR-020,SEC-0193,2026-09-08,496,511,2,84.3,1200,12.7,100
TRN-06054,Passenger,COR-011,SEC-0103,2026-09-05,704,724,2,64.3,1200,10.5,130
TRN-06055,Passenger,COR-019,SEC-0190,2026-09-14,1230,1250,2,71.2,1200,8.2,120
TRN-06056,Freight,COR-015,SEC-0149,2026-09-09,571,581,1,21.2,3000,9.1,80
TRN-06057,EMU,COR-020,SEC-0198,2026-09-06,1201,1206,2,96.3,900,8.3,80
TRN-06058,Superfast,COR-015,SEC-0148,2026-09-14,428,435,3,53.0,1600,10.3,130
TRN-06059,Superfast,COR-002,SEC-0013,2026-09-14,77,87,3,25.1,1600,8.2,80
TRN-06060,Passenger,COR-009,SEC-0084,2026-09-04,1233,1240,2,77.3,1200,10.5,80
TRN-06061,Passenger,COR-016,SEC-0157,2026-09-16,307,322,2,95.8,1200,8.4,100
TRN-06062,Passenger,COR-007,SEC-0068,2026-09-09,401,406,2,78.2,1200,13.0,80
TRN-06063,Superfast,COR-017,SEC-0164,2026-09-11,283,298,3,57.4,1600,8.2,120
TRN-06064,Superfast,COR-005,SEC-0044,2026-09-07,387,399,3,79.5,1600,10.1,110
TRN-06065,Express,COR-019,SEC-0184,2026-09-08,246,256,3,73.5,1400,9.3,120
TRN-06066,EMU,COR-006,SEC-0052,2026-09-13,1368,1380,2,75.9,900,8.1,100
TRN-06067,Superfast,COR-015,SEC-0147,2026-09-14,180,195,3,64.7,1600,12.0,130
TRN-06068,Passenger,COR-020,SEC-0193,2026-09-04,684,691,2,99.0,1200,12.1,80
TRN-06069,Passenger,COR-002,SEC-0019,2026-09-12,34,49,2,42.7,1200,8.1,110
TRN-06070,Passenger,COR-018,SEC-0180,2026-09-10,13,23,2,94.6,1200,14.2,130
TRN-06071,EMU,COR-014,SEC-0131,2026-09-09,187,194,2,72.1,900,9.8,100
TRN-06072,EMU,COR-014,SEC-0132,2026-09-10,476,481,2,60.5,900,11.3,110
TRN-06073,Superfast,COR-012,SEC-0117,2026-09-05,1,16,3,99.0,1600,12.5,110
TRN-06074,Express,COR-004,SEC-0031,2026-09-13,364,371,3,78.0,1400,9.6,110
TRN-06075,Freight,COR-010,SEC-0091,2026-09-14,32,52,1,34.6,3000,10.7,110
TRN-06076,EMU,COR-010,SEC-0097,2026-09-05,882,894,2,71.1,900,4.9,100
TRN-06077,Express,COR-014,SEC-0140,2026-09-11,618,625,3,71.8,1400,13.0,100
TRN-06078,Superfast,COR-014,SEC-0140,2026-09-09,1094,1106,3,94.7,1600,10.9,110
TRN-06079,Express,COR-016,SEC-0153,2026-09-16,98,105,3,83.8,1400,5.2,110
TRN-06080,EMU,COR-010,SEC-0099,2026-09-09,435,455,2,76.9,900,7.8,100
TRN-06081,Superfast,COR-019,SEC-0188,2026-09-05,440,450,3,69.1,1600,7.3,130
TRN-06082,Passenger,COR-004,SEC-0040,2026-09-04,233,240,2,95.3,1200,7.5,100
TRN-06083,Express,COR-020,SEC-0196,2026-09-03,1390,1397,3,82.9,1400,8.3,110
TRN-06084,Express,COR-007,SEC-0066,2026-09-15,1416,1421,3,80.1,1400,7.9,110
TRN-06085,Freight,COR-011,SEC-0109,2026-09-07,1069,1079,1,34.2,3000,5.3,100
TRN-06086,EMU,COR-018,SEC-0175,2026-09-14,1426,1436,2,88.8,900,8.2,110
TRN-06087,Express,COR-005,SEC-0042,2026-09-08,1249,1256,3,71.2,1400,11.5,110
TRN-06088,Express,COR-003,SEC-0030,2026-09-07,448,468,3,63.8,1400,11.3,100
TRN-06089,EMU,COR-007,SEC-0070,2026-09-11,413,423,2,53.1,900,10.7,80
TRN-06090,Freight,COR-001,SEC-0005,2026-09-03,201,213,1,30.9,3000,3.0,130
TRN-06091,Superfast,COR-001,SEC-0007,2026-09-08,1320,1332,3,93.8,1600,12.3,110
TRN-06092,Freight,COR-013,SEC-0123,2026-09-16,1282,1294,1,15.5,3000,7.6,100
TRN-06093,Superfast,COR-013,SEC-0121,2026-09-06,361,381,3,47.7,1600,13.7,120
TRN-06094,Superfast,COR-005,SEC-0043,2026-09-16,761,771,3,89.4,1600,11.8,120
TRN-06095,Express,COR-012,SEC-0116,2026-09-09,1262,1272,3,69.1,1400,8.0,80
TRN-06096,Freight,COR-014,SEC-0134,2026-09-06,83,98,1,52.9,3000,8.4,100
TRN-06097,Superfast,COR-018,SEC-0174,2026-09-04,712,719,3,71.0,1600,10.7,80
TRN-06098,Freight,COR-001,SEC-0001,2026-09-03,1317,1332,1,31.9,3000,10.7,80
TRN-06099,Freight,COR-010,SEC-0099,2026-09-08,1146,1156,1,46.9,3000,10.3,130
TRN-06100,Freight,COR-018,SEC-0178,2026-09-05,301,308,1,22.8,3000,4.4,110
TRN-06101,Passenger,COR-001,SEC-0005,2026-09-14,525,540,2,78.9,1200,6.3,120
TRN-06102,Express,COR-013,SEC-0129,2026-09-08,661,671,3,94.2,1400,13.7,120
TRN-06103,EMU,COR-012,SEC-0116,2026-09-11,571,586,2,95.5,900,13.7,100
TRN-06104,Superfast,COR-011,SEC-0105,2026-09-04,1099,1114,3,82.7,1600,13.1,120
TRN-06105,Superfast,COR-001,SEC-0001,2026-09-04,1374,1386,3,64.1,1600,5.4,130
TRN-06106,Freight,COR-006,SEC-0055,2026-09-04,1246,1258,1,41.8,3000,3.7,100
TRN-06107,Superfast,COR-009,SEC-0087,2026-09-13,1111,1121,3,86.2,1600,8.1,100
TRN-06108,Express,COR-004,SEC-0034,2026-09-16,279,299,3,80.1,1400,12.7,100
TRN-06109,Freight,COR-015,SEC-0141,2026-09-10,399,406,1,34.8,3000,1.0,130
TRN-06110,Superfast,COR-011,SEC-0103,2026-09-13,18,33,3,95.8,1600,8.9,100
TRN-06111,Superfast,COR-018,SEC-0171,2026-09-11,404,424,3,85.7,1600,12.2,110
TRN-06112,Superfast,COR-016,SEC-0151,2026-09-09,119,129,3,74.9,1600,10.4,110
TRN-06113,Passenger,COR-002,SEC-0011,2026-09-06,1246,1256,2,99.0,1200,11.8,120
TRN-06114,EMU,COR-015,SEC-0142,2026-09-06,1261,1281,2,73.0,900,10.7,100
TRN-06115,EMU,COR-006,SEC-0055,2026-09-11,681,688,2,58.4,900,3.4,110
TRN-06116,Express,COR-009,SEC-0089,2026-09-05,53,65,3,99.0,1400,7.1,110
TRN-06117,Express,COR-004,SEC-0033,2026-09-14,570,580,3,54.7,1400,11.1,130
TRN-06118,Passenger,COR-002,SEC-0013,2026-09-06,213,218,2,68.7,1200,9.2,120
TRN-06119,Freight,COR-004,SEC-0034,2026-09-09,256,271,1,38.0,3000,5.9,110
TRN-06120,EMU,COR-001,SEC-0005,2026-09-15,1318,1328,2,75.7,900,9.1,110
TRN-06121,Passenger,COR-004,SEC-0040,2026-09-05,436,456,2,86.0,1200,11.2,130
TRN-06122,Passenger,COR-019,SEC-0190,2026-09-04,1062,1069,2,65.7,1200,10.8,110
TRN-06123,Freight,COR-014,SEC-0131,2026-09-03,761,776,1,35.0,3000,14.3,130
TRN-06124,Passenger,COR-002,SEC-0013,2026-09-11,414,424,2,75.4,1200,11.4,120
TRN-06125,EMU,COR-014,SEC-0133,2026-09-13,1007,1012,2,80.0,900,11.9,100
TRN-06126,Passenger,COR-017,SEC-0163,2026-09-05,1112,1124,2,75.7,1200,11.9,100
TRN-06127,Freight,COR-001,SEC-0003,2026-09-13,1289,1301,1,42.4,3000,5.1,110
TRN-06128,Freight,COR-013,SEC-0121,2026-09-09,1216,1228,1,17.0,3000,3.3,110
TRN-06129,Passenger,COR-014,SEC-0138,2026-09-04,92,112,2,63.6,1200,4.7,100
TRN-06130,EMU,COR-016,SEC-0152,2026-09-03,676,686,2,83.2,900,9.1,100
TRN-06131,Express,COR-012,SEC-0116,2026-09-05,457,462,3,65.2,1400,10.7,80
TRN-06132,Express,COR-016,SEC-0154,2026-09-16,686,701,3,99.0,1400,15.0,120
TRN-06133,Passenger,COR-010,SEC-0092,2026-09-07,1139,1146,2,64.1,1200,11.0,120
TRN-06134,EMU,COR-013,SEC-0122,2026-09-03,796,803,2,82.5,900,8.2,110
TRN-06135,Passenger,COR-004,SEC-0038,2026-09-04,1141,1148,2,82.7,1200,5.3,110
TRN-06136,Passenger,COR-011,SEC-0107,2026-09-06,145,165,2,54.5,1200,7.4,120
TRN-06137,EMU,COR-008,SEC-0078,2026-09-14,378,388,2,58.6,900,15.5,130
TRN-06138,EMU,COR-017,SEC-0168,2026-09-05,899,919,2,85.8,900,3.2,120
TRN-06139,Passenger,COR-001,SEC-0006,2026-09-07,380,390,2,79.9,1200,12.6,100
TRN-06140,Superfast,COR-013,SEC-0125,2026-09-09,1176,1186,3,61.4,1600,9.9,120
TRN-06141,EMU,COR-010,SEC-0091,2026-09-05,850,860,2,76.5,900,12.1,100
TRN-06142,Superfast,COR-001,SEC-0008,2026-09-16,1046,1056,3,71.0,1600,16.5,110
TRN-06143,EMU,COR-016,SEC-0154,2026-09-03,407,419,2,51.0,900,11.4,100
TRN-06144,Superfast,COR-012,SEC-0117,2026-09-03,847,859,3,54.8,1600,9.2,120
TRN-06145,Passenger,COR-005,SEC-0044,2026-09-04,971,991,2,61.6,1200,9.0,110
TRN-06146,EMU,COR-006,SEC-0052,2026-09-03,556,576,2,46.3,900,6.8,100
TRN-06147,Passenger,COR-009,SEC-0087,2026-09-08,741,748,2,63.9,1200,8.0,120
TRN-06148,Superfast,COR-009,SEC-0082,2026-09-03,1259,1274,3,70.1,1600,8.5,120
TRN-06149,Superfast,COR-016,SEC-0158,2026-09-11,1412,1417,3,57.2,1600,9.2,80
TRN-06150,Passenger,COR-018,SEC-0178,2026-09-16,871,881,2,75.2,1200,9.3,110
TRN-06151,EMU,COR-003,SEC-0026,2026-09-10,677,687,2,54.8,900,7.4,110
TRN-06152,Superfast,COR-008,SEC-0075,2026-09-08,885,895,3,66.8,1600,8.5,100
TRN-06153,Passenger,COR-020,SEC-0191,2026-09-08,293,303,2,40.9,1200,5.2,80
TRN-06154,Passenger,COR-016,SEC-0159,2026-09-06,1236,1243,2,51.3,1200,7.5,100
TRN-06155,Freight,COR-005,SEC-0049,2026-09-06,112,132,1,56.1,3000,6.7,110
TRN-06156,Express,COR-001,SEC-0009,2026-09-06,655,667,3,57.8,1400,11.0,100
TRN-06157,EMU,COR-008,SEC-0079,2026-09-16,357,362,2,69.2,900,9.4,100
TRN-06158,EMU,COR-001,SEC-0004,2026-09-04,480,492,2,85.4,900,7.6,100
TRN-06159,EMU,COR-001,SEC-0002,2026-09-16,872,882,2,62.3,900,11.2,120
TRN-06160,Passenger,COR-009,SEC-0089,2026-09-13,1215,1227,2,54.9,1200,6.0,130
TRN-06161,Superfast,COR-001,SEC-0001,2026-09-09,516,526,3,79.0,1600,9.9,80
TRN-06162,EMU,COR-002,SEC-0014,2026-09-13,433,448,2,40.1,900,4.4,100
TRN-06163,Passenger,COR-020,SEC-0192,2026-09-16,1156,1161,2,95.8,1200,12.6,120
TRN-06164,Passenger,COR-012,SEC-0115,2026-09-03,218,223,2,94.6,1200,12.5,80
TRN-06165,Superfast,COR-020,SEC-0198,2026-09-12,43,50,3,39.2,1600,4.2,110
TRN-06166,EMU,COR-013,SEC-0129,2026-09-11,652,664,2,67.7,900,11.9,80
TRN-06167,Passenger,COR-019,SEC-0182,2026-09-13,397,412,2,53.3,1200,10.3,80
TRN-06168,Superfast,COR-013,SEC-0129,2026-09-16,635,650,3,75.9,1600,11.5,120
TRN-06169,Express,COR-007,SEC-0061,2026-09-10,1352,1367,3,68.4,1400,11.2,110
TRN-06170,Express,COR-016,SEC-0153,2026-09-14,357,377,3,67.5,1400,9.8,110
TRN-06171,Express,COR-014,SEC-0137,2026-09-04,1304,1316,3,82.3,1400,9.8,110
TRN-06172,Freight,COR-006,SEC-0055,2026-09-03,41,51,1,30.4,3000,8.9,80
TRN-06173,EMU,COR-005,SEC-0042,2026-09-15,1321,1331,2,72.9,900,11.3,100
TRN-06174,Passenger,COR-016,SEC-0156,2026-09-11,885,892,2,92.8,1200,18.7,120
TRN-06175,Express,COR-016,SEC-0153,2026-09-14,441,446,3,72.5,1400,12.0,130
TRN-06176,Express,COR-014,SEC-0140,2026-09-03,1323,1333,3,46.1,1400,7.5,120
TRN-06177,Superfast,COR-005,SEC-0049,2026-09-16,403,410,3,61.3,1600,6.7,110
TRN-06178,Freight,COR-007,SEC-0061,2026-09-13,819,826,1,34.6,3000,8.5,80
TRN-06179,Passenger,COR-002,SEC-0018,2026-09-15,125,130,2,76.0,1200,13.0,130
TRN-06180,Passenger,COR-015,SEC-0150,2026-09-04,612,622,2,69.8,1200,10.4,120
TRN-06181,Passenger,COR-014,SEC-0138,2026-09-14,1080,1092,2,76.6,1200,13.3,120
TRN-06182,Superfast,COR-018,SEC-0180,2026-09-16,122,127,3,62.7,1600,8.6,80
TRN-06183,EMU,COR-003,SEC-0021,2026-09-09,474,479,2,74.3,900,10.9,130
TRN-06184,Express,COR-019,SEC-0188,2026-09-06,808,815,3,83.6,1400,12.9,100
TRN-06185,Express,COR-009,SEC-0086,2026-09-16,241,248,3,75.3,1400,6.4,80
TRN-06186,Freight,COR-007,SEC-0066,2026-09-10,307,319,1,25.2,3000,2.6,130
TRN-06187,Freight,COR-007,SEC-0066,2026-09-08,632,637,1,40.2,3000,10.1,110
TRN-06188,Superfast,COR-003,SEC-0022,2026-09-07,189,194,3,53.3,1600,10.7,110
TRN-06189,EMU,COR-012,SEC-0111,2026-09-14,1196,1208,2,65.1,900,8.9,110
TRN-06190,Passenger,COR-008,SEC-0076,2026-09-15,34,49,2,75.5,1200,8.6,100
TRN-06191,Freight,COR-010,SEC-0091,2026-09-09,663,670,1,46.8,3000,10.9,80
TRN-06192,Freight,COR-017,SEC-0168,2026-09-16,734,744,1,41.2,3000,12.7,120
TRN-06193,Freight,COR-004,SEC-0037,2026-09-15,742,749,1,32.8,3000,6.0,120
TRN-06194,Superfast,COR-003,SEC-0023,2026-09-04,306,316,3,43.9,1600,6.3,120
TRN-06195,EMU,COR-007,SEC-0070,2026-09-07,498,508,2,82.5,900,11.4,100
TRN-06196,Express,COR-017,SEC-0161,2026-09-12,795,800,3,73.1,1400,8.8,120
TRN-06197,Superfast,COR-017,SEC-0161,2026-09-08,69,79,3,34.6,1600,2.7,100
TRN-06198,Passenger,COR-004,SEC-0039,2026-09-11,1036,1051,2,96.1,1200,10.8,110
TRN-06199,Superfast,COR-002,SEC-0012,2026-09-09,228,238,3,81.0,1600,8.5,120
TRN-06200,EMU,COR-003,SEC-0023,2026-09-15,631,641,2,87.2,900,9.2,80
TRN-06201,Express,COR-001,SEC-0009,2026-09-09,933,945,3,77.4,1400,6.3,100
TRN-06202,Express,COR-006,SEC-0058,2026-09-13,603,615,3,56.9,1400,5.1,110
TRN-06203,Freight,COR-010,SEC-0099,2026-09-14,534,539,1,28.6,3000,7.0,110
TRN-06204,EMU,COR-015,SEC-0141,2026-09-16,880,887,2,61.8,900,12.0,110
TRN-06205,Superfast,COR-003,SEC-0029,2026-09-14,1141,1151,3,72.8,1600,10.8,100
TRN-06206,Superfast,COR-014,SEC-0135,2026-09-09,968,975,3,83.3,1600,11.7,80
TRN-06207,Passenger,COR-006,SEC-0059,2026-09-04,572,584,2,53.2,1200,6.6,100
TRN-06208,Superfast,COR-004,SEC-0033,2026-09-12,612,624,3,86.4,1600,9.8,120
TRN-06209,EMU,COR-017,SEC-0164,2026-09-05,995,1015,2,56.6,900,6.0,120
TRN-06210,Superfast,COR-010,SEC-0100,2026-09-11,852,864,3,63.3,1600,9.2,110
TRN-06211,Passenger,COR-004,SEC-0033,2026-09-07,911,921,2,70.5,1200,11.8,80
TRN-06212,Superfast,COR-005,SEC-0049,2026-09-09,844,859,3,81.1,1600,12.4,100
TRN-06213,Express,COR-019,SEC-0189,2026-09-10,109,129,3,87.5,1400,12.0,120
TRN-06214,EMU,COR-019,SEC-0190,2026-09-10,825,840,2,95.9,900,9.7,100
TRN-06215,Freight,COR-018,SEC-0174,2026-09-14,578,588,1,52.0,3000,11.8,110
TRN-06216,Freight,COR-007,SEC-0070,2026-09-16,939,951,1,31.2,3000,12.7,100
TRN-06217,Express,COR-012,SEC-0117,2026-09-08,538,545,3,77.4,1400,6.9,110
TRN-06218,Superfast,COR-017,SEC-0162,2026-09-11,160,175,3,95.6,1600,11.3,100
TRN-06219,Superfast,COR-006,SEC-0054,2026-09-04,1191,1206,3,73.2,1600,1.8,110
TRN-06220,Passenger,COR-013,SEC-0130,2026-09-07,1040,1050,2,91.2,1200,13.9,120
TRN-06221,Freight,COR-008,SEC-0077,2026-09-10,1405,1412,1,18.3,3000,11.3,80
TRN-06222,Superfast,COR-002,SEC-0019,2026-09-14,552,562,3,67.2,1600,10.4,110
TRN-06223,Freight,COR-018,SEC-0177,2026-09-16,510,517,1,45.6,3000,2.8,110
TRN-06224,Freight,COR-015,SEC-0147,2026-09-07,1226,1238,1,29.3,3000,5.2,80
TRN-06225,Superfast,COR-012,SEC-0114,2026-09-04,177,192,3,99.0,1600,8.6,100
TRN-06226,EMU,COR-008,SEC-0075,2026-09-11,529,534,2,73.6,900,12.5,100
TRN-06227,Passenger,COR-003,SEC-0023,2026-09-11,50,60,2,84.7,1200,11.1,100
TRN-06228,Passenger,COR-006,SEC-0058,2026-09-03,62,72,2,74.3,1200,11.1,130
TRN-06229,Freight,COR-003,SEC-0029,2026-09-13,1401,1408,1,14.2,3000,6.4,100
TRN-06230,Freight,COR-010,SEC-0092,2026-09-09,545,560,1,13.5,3000,4.3,110
TRN-06231,Superfast,COR-012,SEC-0113,2026-09-16,572,587,3,68.8,1600,7.0,100
TRN-06232,Express,COR-010,SEC-0100,2026-09-13,287,292,3,82.3,1400,9.9,100
TRN-06233,Express,COR-002,SEC-0011,2026-09-13,899,904,3,61.9,1400,5.5,110
TRN-06234,Superfast,COR-012,SEC-0111,2026-09-04,657,677,3,58.5,1600,11.5,100
TRN-06235,Superfast,COR-008,SEC-0073,2026-09-08,896,906,3,88.8,1600,9.7,120
TRN-06236,Express,COR-010,SEC-0094,2026-09-12,1140,1152,3,81.5,1400,10.7,130
TRN-06237,Superfast,COR-015,SEC-0147,2026-09-10,972,984,3,68.8,1600,13.0,100
TRN-06238,Passenger,COR-020,SEC-0192,2026-09-07,1214,1221,2,72.1,1200,13.0,110
TRN-06239,Express,COR-005,SEC-0046,2026-09-08,220,225,3,70.3,1400,9.1,100
TRN-06240,Freight,COR-002,SEC-0012,2026-09-10,1215,1222,1,31.9,3000,8.3,120
TRN-06241,Superfast,COR-018,SEC-0177,2026-09-10,1393,1408,3,63.7,1600,8.9,110
TRN-06242,EMU,COR-020,SEC-0193,2026-09-13,960,970,2,99.0,900,13.4,120
TRN-06243,EMU,COR-013,SEC-0124,2026-09-12,810,830,2,76.4,900,7.1,100
TRN-06244,Express,COR-005,SEC-0044,2026-09-07,1313,1318,3,94.2,1400,9.9,110
TRN-06245,Superfast,COR-001,SEC-0001,2026-09-06,1153,1158,3,55.4,1600,5.7,100
TRN-06246,EMU,COR-017,SEC-0167,2026-09-11,1253,1268,2,74.9,900,6.3,110
TRN-06247,Freight,COR-018,SEC-0172,2026-09-08,106,111,1,49.6,3000,9.4,100
TRN-06248,Freight,COR-001,SEC-0002,2026-09-12,351,358,1,26.3,3000,2.7,120
TRN-06249,EMU,COR-014,SEC-0140,2026-09-04,530,535,2,61.7,900,6.0,110
TRN-06250,Superfast,COR-006,SEC-0057,2026-09-07,616,621,3,99.0,1600,18.6,120
TRN-06251,Superfast,COR-004,SEC-0036,2026-09-04,1021,1028,3,89.5,1600,15.3,120
TRN-06252,Passenger,COR-013,SEC-0124,2026-09-12,248,260,2,62.3,1200,9.2,100
TRN-06253,Freight,COR-012,SEC-0116,2026-09-06,1219,1224,1,28.4,3000,4.7,110
TRN-06254,EMU,COR-015,SEC-0148,2026-09-08,747,754,2,71.0,900,14.1,100
TRN-06255,EMU,COR-010,SEC-0098,2026-09-12,1433,1439,2,56.6,900,10.7,80
TRN-06256,EMU,COR-005,SEC-0043,2026-09-14,890,897,2,51.6,900,5.3,120
TRN-06257,Express,COR-003,SEC-0028,2026-09-15,132,142,3,99.0,1400,18.5,110
TRN-06258,Freight,COR-001,SEC-0007,2026-09-13,183,190,1,27.0,3000,2.3,110
TRN-06259,Passenger,COR-007,SEC-0068,2026-09-04,460,470,2,86.2,1200,9.8,100
TRN-06260,EMU,COR-006,SEC-0059,2026-09-15,866,881,2,97.6,900,12.5,110
TRN-06261,Freight,COR-002,SEC-0015,2026-09-12,1127,1147,1,37.0,3000,11.8,80
TRN-06262,Passenger,COR-019,SEC-0190,2026-09-12,180,190,2,75.2,1200,11.7,120
TRN-06263,EMU,COR-010,SEC-0097,2026-09-06,516,523,2,52.0,900,6.5,110
TRN-06264,Freight,COR-006,SEC-0053,2026-09-06,644,656,1,36.0,3000,7.8,110
TRN-06265,EMU,COR-019,SEC-0184,2026-09-13,1336,1343,2,79.7,900,1.9,120
TRN-06266,Express,COR-013,SEC-0129,2026-09-12,1350,1362,3,67.2,1400,7.0,80
TRN-06267,Superfast,COR-014,SEC-0133,2026-09-14,1428,1439,3,99.0,1600,10.7,110
TRN-06268,Superfast,COR-019,SEC-0189,2026-09-09,1051,1061,3,78.8,1600,9.3,110
TRN-06269,Express,COR-016,SEC-0159,2026-09-09,348,360,3,76.5,1400,10.0,110
TRN-06270,EMU,COR-011,SEC-0101,2026-09-14,1350,1355,2,72.5,900,8.1,110
TRN-06271,Express,COR-005,SEC-0046,2026-09-13,902,909,3,79.1,1400,12.3,80
TRN-06272,Superfast,COR-006,SEC-0052,2026-09-15,239,249,3,62.7,1600,11.5,130
TRN-06273,Freight,COR-015,SEC-0147,2026-09-15,735,745,1,19.3,3000,3.4,100
TRN-06274,Freight,COR-019,SEC-0186,2026-09-03,1057,1069,1,21.7,3000,3.8,80
TRN-06275,Superfast,COR-020,SEC-0196,2026-09-03,672,679,3,75.3,1600,5.1,110
TRN-06276,Freight,COR-010,SEC-0091,2026-09-10,630,640,1,5.0,3000,1.0,110
TRN-06277,Passenger,COR-012,SEC-0114,2026-09-16,1179,1189,2,62.1,1200,8.7,80
TRN-06278,Passenger,COR-007,SEC-0064,2026-09-09,408,420,2,91.2,1200,8.6,120
TRN-06279,Superfast,COR-019,SEC-0189,2026-09-08,1079,1094,3,60.1,1600,12.0,120
TRN-06280,Express,COR-003,SEC-0027,2026-09-14,1421,1431,3,60.5,1400,4.5,130
TRN-06281,Passenger,COR-019,SEC-0190,2026-09-07,275,285,2,92.4,1200,6.0,100
TRN-06282,Passenger,COR-014,SEC-0140,2026-09-03,729,736,2,60.2,1200,7.1,100
TRN-06283,Superfast,COR-020,SEC-0193,2026-09-09,508,523,3,88.6,1600,8.6,120
TRN-06284,Express,COR-014,SEC-0132,2026-09-07,276,283,3,91.3,1400,13.4,110
TRN-06285,Express,COR-014,SEC-0140,2026-09-10,635,647,3,68.4,1400,7.7,80
TRN-06286,Passenger,COR-006,SEC-0059,2026-09-05,13,18,2,64.7,1200,12.7,100
TRN-06287,Passenger,COR-017,SEC-0162,2026-09-07,291,298,2,48.2,1200,7.5,130
TRN-06288,Superfast,COR-002,SEC-0012,2026-09-13,130,135,3,72.0,1600,11.8,120
TRN-06289,Express,COR-002,SEC-0014,2026-09-08,353,373,3,79.8,1400,9.1,110
TRN-06290,Passenger,COR-012,SEC-0119,2026-09-15,1185,1192,2,59.9,1200,6.5,120
TRN-06291,Express,COR-003,SEC-0028,2026-09-09,397,409,3,88.5,1400,12.9,110
TRN-06292,Freight,COR-018,SEC-0179,2026-09-08,57,77,1,52.3,3000,6.7,80
TRN-06293,Passenger,COR-003,SEC-0028,2026-09-07,732,742,2,48.4,1200,5.5,120
TRN-06294,Freight,COR-013,SEC-0128,2026-09-09,815,825,1,13.6,3000,6.3,100
TRN-06295,Superfast,COR-011,SEC-0101,2026-09-09,651,661,3,64.0,1600,11.6,130
TRN-06296,Passenger,COR-016,SEC-0151,2026-09-05,1350,1355,2,72.9,1200,13.5,120
TRN-06297,Express,COR-009,SEC-0085,2026-09-15,0,12,3,86.1,1400,12.0,120
TRN-06298,Passenger,COR-020,SEC-0194,2026-09-06,657,667,2,63.4,1200,8.8,80
TRN-06299,EMU,COR-009,SEC-0088,2026-09-08,1262,1272,2,66.3,900,9.1,110
TRN-06300,Passenger,COR-005,SEC-0048,2026-09-12,981,993,2,25.0,1200,12.0,110
TRN-06301,Superfast,COR-011,SEC-0102,2026-09-12,834,841,3,58.8,1600,9.4,120
TRN-06302,EMU,COR-007,SEC-0069,2026-09-12,534,544,2,89.9,900,14.4,110
TRN-06303,Freight,COR-007,SEC-0069,2026-09-03,1354,1361,1,25.8,3000,5.2,100
TRN-06304,Express,COR-009,SEC-0085,2026-09-16,340,355,3,88.1,1400,11.5,110
TRN-06305,EMU,COR-003,SEC-0028,2026-09-05,748,758,2,73.6,900,6.9,110
TRN-06306,EMU,COR-020,SEC-0195,2026-09-10,1166,1181,2,74.7,900,7.8,100
TRN-06307,EMU,COR-010,SEC-0095,2026-09-09,152,162,2,55.4,900,13.0,120
TRN-06308,Superfast,COR-014,SEC-0133,2026-09-14,841,846,3,99.0,1600,10.4,80
TRN-06309,Superfast,COR-015,SEC-0145,2026-09-04,1127,1137,3,76.9,1600,13.5,120
TRN-06310,Express,COR-001,SEC-0006,2026-09-08,62,69,3,99.0,1400,14.6,100
TRN-06311,Express,COR-002,SEC-0011,2026-09-10,916,928,3,74.6,1400,7.5,110
TRN-06312,Passenger,COR-010,SEC-0095,2026-09-08,132,142,2,78.9,1200,6.6,120
TRN-06313,Express,COR-015,SEC-0143,2026-09-12,9,14,3,81.4,1400,7.1,130
TRN-06314,Passenger,COR-006,SEC-0055,2026-09-11,855,867,2,44.8,1200,8.0,80
TRN-06315,Superfast,COR-007,SEC-0065,2026-09-14,346,358,3,99.0,1600,12.7,100
TRN-06316,Express,COR-013,SEC-0130,2026-09-06,775,782,3,62.7,1400,10.1,120
TRN-06317,Freight,COR-015,SEC-0143,2026-09-03,1099,1106,1,41.5,3000,7.7,80
TRN-06318,Freight,COR-008,SEC-0078,2026-09-10,1035,1045,1,33.4,3000,3.1,130
TRN-06319,Freight,COR-015,SEC-0145,2026-09-09,960,972,1,34.9,3000,9.1,100
TRN-06320,EMU,COR-015,SEC-0141,2026-09-09,1259,1271,2,63.7,900,7.4,120
TRN-06321,Freight,COR-015,SEC-0145,2026-09-15,946,961,1,38.5,3000,4.4,120
TRN-06322,Freight,COR-018,SEC-0180,2026-09-13,946,958,1,21.3,3000,5.5,110
TRN-06323,Express,COR-019,SEC-0188,2026-09-05,793,803,3,79.4,1400,12.4,80
TRN-06324,Freight,COR-014,SEC-0134,2026-09-09,998,1010,1,27.3,3000,1.0,100
TRN-06325,Passenger,COR-008,SEC-0076,2026-09-03,648,653,2,74.9,1200,9.3,110
TRN-06326,Express,COR-014,SEC-0137,2026-09-13,735,742,3,57.3,1400,6.2,110
TRN-06327,Superfast,COR-019,SEC-0184,2026-09-10,341,351,3,82.0,1600,9.6,110
TRN-06328,Passenger,COR-017,SEC-0162,2026-09-10,668,675,2,59.9,1200,9.8,120
TRN-06329,Superfast,COR-005,SEC-0042,2026-09-14,47,57,3,47.9,1600,9.7,80
TRN-06330,Superfast,COR-001,SEC-0002,2026-09-10,745,755,3,68.4,1600,8.5,120
TRN-06331,Passenger,COR-020,SEC-0195,2026-09-03,672,682,2,87.8,1200,12.3,100
TRN-06332,EMU,COR-002,SEC-0014,2026-09-03,223,233,2,88.4,900,12.2,100
TRN-06333,EMU,COR-010,SEC-0093,2026-09-10,51,61,2,76.7,900,9.8,80
TRN-06334,Freight,COR-008,SEC-0079,2026-09-14,1013,1033,1,50.5,3000,11.6,100
TRN-06335,Superfast,COR-007,SEC-0069,2026-09-13,88,98,3,58.9,1600,11.5,110
TRN-06336,Passenger,COR-004,SEC-0034,2026-09-15,707,717,2,77.2,1200,11.0,100
TRN-06337,Freight,COR-016,SEC-0151,2026-09-10,1105,1112,1,15.4,3000,7.6,110
TRN-06338,Passenger,COR-016,SEC-0157,2026-09-11,602,607,2,80.9,1200,11.6,120
TRN-06339,Passenger,COR-014,SEC-0137,2026-09-07,545,552,2,87.1,1200,10.2,110
TRN-06340,Express,COR-006,SEC-0057,2026-09-16,1314,1334,3,75.7,1400,13.3,100
TRN-06341,Superfast,COR-007,SEC-0062,2026-09-16,328,338,3,67.9,1600,7.9,110
TRN-06342,Express,COR-009,SEC-0086,2026-09-03,342,362,3,55.4,1400,6.9,130
TRN-06343,Superfast,COR-004,SEC-0040,2026-09-10,432,439,3,56.7,1600,8.7,120
TRN-06344,EMU,COR-016,SEC-0157,2026-09-07,253,260,2,66.3,900,6.7,120
TRN-06345,Express,COR-005,SEC-0049,2026-09-13,451,461,3,69.1,1400,12.5,110
TRN-06346,EMU,COR-004,SEC-0036,2026-09-08,16,26,2,52.8,900,9.8,110
TRN-06347,Freight,COR-011,SEC-0102,2026-09-11,443,455,1,8.8,3000,1.9,110
TRN-06348,Passenger,COR-013,SEC-0127,2026-09-14,1436,1439,2,80.3,1200,11.1,100
TRN-06349,Freight,COR-014,SEC-0139,2026-09-11,521,531,1,61.8,3000,8.0,110
TRN-06350,Passenger,COR-013,SEC-0125,2026-09-16,1370,1380,2,57.0,1200,8.5,100
TRN-06351,Superfast,COR-016,SEC-0157,2026-09-15,1244,1259,3,57.4,1600,9.7,110
TRN-06352,Passenger,COR-020,SEC-0194,2026-09-08,42,54,2,34.7,1200,4.2,100
TRN-06353,Express,COR-012,SEC-0114,2026-09-16,88,108,3,87.6,1400,9.9,120
TRN-06354,Freight,COR-010,SEC-0099,2026-09-15,271,281,1,35.7,3000,10.0,110
TRN-06355,Superfast,COR-013,SEC-0123,2026-09-03,535,547,3,66.3,1600,5.1,100
TRN-06356,EMU,COR-011,SEC-0106,2026-09-16,793,798,2,72.7,900,8.7,110
TRN-06357,EMU,COR-017,SEC-0163,2026-09-06,48,68,2,62.2,900,11.1,110
TRN-06358,EMU,COR-018,SEC-0179,2026-09-03,823,830,2,87.5,900,10.4,110
TRN-06359,Passenger,COR-002,SEC-0014,2026-09-08,1402,1409,2,59.4,1200,9.5,120
TRN-06360,Superfast,COR-007,SEC-0070,2026-09-15,1279,1291,3,77.4,1600,5.9,120
TRN-06361,Superfast,COR-007,SEC-0067,2026-09-08,1017,1024,3,80.8,1600,13.0,80
TRN-06362,Express,COR-015,SEC-0141,2026-09-10,278,283,3,75.2,1400,10.5,100
TRN-06363,Passenger,COR-005,SEC-0043,2026-09-11,102,117,2,74.6,1200,9.1,100
TRN-06364,Express,COR-020,SEC-0195,2026-09-05,646,656,3,99.0,1400,10.3,80
TRN-06365,Freight,COR-010,SEC-0092,2026-09-05,417,429,1,43.0,3000,7.2,120
TRN-06366,Express,COR-005,SEC-0048,2026-09-09,1076,1083,3,59.9,1400,7.9,100
TRN-06367,Superfast,COR-018,SEC-0173,2026-09-13,417,424,3,65.9,1600,6.3,120
TRN-06368,Express,COR-004,SEC-0040,2026-09-05,48,58,3,55.8,1400,5.7,110
TRN-06369,Superfast,COR-020,SEC-0194,2026-09-08,768,778,3,77.6,1600,10.7,100
TRN-06370,Freight,COR-017,SEC-0163,2026-09-04,635,640,1,38.4,3000,12.2,120
TRN-06371,Express,COR-019,SEC-0190,2026-09-12,1053,1065,3,56.9,1400,3.7,110
TRN-06372,Passenger,COR-014,SEC-0136,2026-09-16,301,311,2,86.0,1200,9.4,110
TRN-06373,Superfast,COR-019,SEC-0189,2026-09-10,103,108,3,84.0,1600,9.4,110
TRN-06374,Express,COR-004,SEC-0033,2026-09-13,1055,1062,3,55.4,1400,8.8,130
TRN-06375,Express,COR-018,SEC-0172,2026-09-07,1094,1106,3,82.1,1400,6.7,130
TRN-06376,EMU,COR-009,SEC-0087,2026-09-07,1389,1396,2,69.5,900,6.0,110
TRN-06377,Passenger,COR-015,SEC-0141,2026-09-15,0,10,2,83.0,1200,9.3,110
TRN-06378,EMU,COR-002,SEC-0012,2026-09-07,990,1002,2,82.5,900,12.2,120
TRN-06379,Passenger,COR-019,SEC-0182,2026-09-11,900,910,2,99.0,1200,13.4,110
TRN-06380,Express,COR-004,SEC-0035,2026-09-09,260,267,3,74.1,1400,10.6,120
TRN-06381,EMU,COR-012,SEC-0120,2026-09-07,1264,1269,2,72.1,900,10.3,110
TRN-06382,Passenger,COR-005,SEC-0045,2026-09-14,391,401,2,82.0,1200,11.7,80
TRN-06383,Express,COR-004,SEC-0036,2026-09-15,704,716,3,43.6,1400,10.8,80
TRN-06384,Passenger,COR-002,SEC-0012,2026-09-09,848,860,2,59.5,1200,7.4,100
TRN-06385,EMU,COR-005,SEC-0049,2026-09-05,139,149,2,92.5,900,13.9,100
TRN-06386,Passenger,COR-013,SEC-0130,2026-09-09,241,246,2,94.8,1200,14.5,100
TRN-06387,Freight,COR-015,SEC-0148,2026-09-11,46,51,1,37.7,3000,3.9,120
TRN-06388,EMU,COR-003,SEC-0022,2026-09-16,340,345,2,85.3,900,9.5,120
TRN-06389,Freight,COR-009,SEC-0081,2026-09-06,1274,1281,1,23.1,3000,7.5,110
TRN-06390,Superfast,COR-011,SEC-0107,2026-09-06,1053,1058,3,90.4,1600,13.2,110
TRN-06391,Passenger,COR-002,SEC-0012,2026-09-03,360,370,2,73.7,1200,9.6,80
TRN-06392,Superfast,COR-005,SEC-0042,2026-09-12,154,174,3,44.9,1600,7.7,110
TRN-06393,Express,COR-020,SEC-0199,2026-09-15,1040,1055,3,60.3,1400,12.5,100
TRN-06394,Superfast,COR-005,SEC-0048,2026-09-07,28,38,3,73.1,1600,5.6,120
TRN-06395,Passenger,COR-013,SEC-0129,2026-09-13,1012,1017,2,68.6,1200,6.7,120
TRN-06396,Freight,COR-006,SEC-0053,2026-09-03,356,368,1,60.7,3000,7.8,110
TRN-06397,Superfast,COR-009,SEC-0087,2026-09-03,397,404,3,64.9,1600,9.1,80
TRN-06398,Passenger,COR-001,SEC-0004,2026-09-04,358,368,2,74.5,1200,9.7,130
TRN-06399,Passenger,COR-008,SEC-0071,2026-09-08,479,491,2,71.7,1200,10.4,120
TRN-06400,EMU,COR-019,SEC-0187,2026-09-04,270,275,2,80.5,900,13.0,80
TRN-06401,EMU,COR-017,SEC-0169,2026-09-15,958,965,2,51.1,900,5.4,100
TRN-06402,EMU,COR-016,SEC-0151,2026-09-13,921,928,2,59.6,900,11.1,100
TRN-06403,Express,COR-008,SEC-0080,2026-09-13,774,784,3,93.9,1400,10.4,100
TRN-06404,Freight,COR-019,SEC-0183,2026-09-09,963,968,1,46.4,3000,4.1,120
TRN-06405,Superfast,COR-017,SEC-0161,2026-09-07,304,319,3,78.9,1600,10.5,130
TRN-06406,Passenger,COR-003,SEC-0022,2026-09-11,613,620,2,58.9,1200,6.9,100
TRN-06407,Passenger,COR-003,SEC-0026,2026-09-04,28,33,2,66.1,1200,5.8,80
TRN-06408,EMU,COR-017,SEC-0168,2026-09-16,396,411,2,73.5,900,9.8,120
TRN-06409,EMU,COR-008,SEC-0071,2026-09-09,1355,1365,2,60.6,900,4.3,130
TRN-06410,Freight,COR-005,SEC-0042,2026-09-06,1341,1351,1,50.6,3000,5.8,120
TRN-06411,Express,COR-001,SEC-0004,2026-09-15,865,872,3,70.9,1400,13.6,120
TRN-06412,EMU,COR-004,SEC-0034,2026-09-08,975,985,2,87.1,900,13.2,120
TRN-06413,Passenger,COR-014,SEC-0131,2026-09-07,1270,1275,2,63.7,1200,8.4,80
TRN-06414,Superfast,COR-011,SEC-0104,2026-09-09,792,799,3,95.2,1600,16.4,100
TRN-06415,EMU,COR-001,SEC-0002,2026-09-10,1278,1283,2,66.4,900,14.6,80
TRN-06416,Freight,COR-001,SEC-0003,2026-09-13,1183,1193,1,31.0,3000,2.9,100
TRN-06417,Passenger,COR-002,SEC-0017,2026-09-11,1323,1333,2,61.3,1200,9.2,100
TRN-06418,Passenger,COR-017,SEC-0166,2026-09-08,1071,1078,2,61.5,1200,15.4,100
TRN-06419,EMU,COR-005,SEC-0047,2026-09-03,1013,1018,2,68.2,900,12.4,80
TRN-06420,Superfast,COR-016,SEC-0158,2026-09-05,412,419,3,70.8,1600,6.7,130
TRN-06421,EMU,COR-017,SEC-0168,2026-09-05,875,880,2,93.8,900,10.8,80
TRN-06422,EMU,COR-016,SEC-0158,2026-09-09,1028,1035,2,99.0,900,6.0,100
TRN-06423,Passenger,COR-020,SEC-0194,2026-09-06,543,555,2,82.6,1200,13.5,120
TRN-06424,Passenger,COR-019,SEC-0183,2026-09-05,687,699,2,84.8,1200,14.3,100
TRN-06425,Passenger,COR-020,SEC-0193,2026-09-05,922,929,2,77.7,1200,7.5,110
TRN-06426,Passenger,COR-002,SEC-0014,2026-09-16,490,500,2,62.4,1200,10.9,100
TRN-06427,EMU,COR-020,SEC-0198,2026-09-16,212,222,2,75.9,900,10.5,120
TRN-06428,Passenger,COR-015,SEC-0141,2026-09-07,565,577,2,84.7,1200,7.0,100
TRN-06429,Passenger,COR-012,SEC-0119,2026-09-10,1351,1366,2,80.7,1200,15.9,130
TRN-06430,Passenger,COR-009,SEC-0082,2026-09-10,121,128,2,62.6,1200,11.4,100
TRN-06431,Superfast,COR-016,SEC-0156,2026-09-10,513,523,3,89.0,1600,9.3,80
TRN-06432,EMU,COR-001,SEC-0008,2026-09-15,1400,1412,2,87.0,900,6.2,110
TRN-06433,EMU,COR-020,SEC-0191,2026-09-06,1180,1187,2,89.7,900,9.9,110
TRN-06434,Passenger,COR-020,SEC-0194,2026-09-13,1392,1402,2,99.0,1200,15.3,100
TRN-06435,Passenger,COR-013,SEC-0128,2026-09-03,612,622,2,48.7,1200,6.4,100
TRN-06436,Express,COR-004,SEC-0037,2026-09-11,60,65,3,98.6,1400,15.4,120
TRN-06437,Superfast,COR-003,SEC-0030,2026-09-07,67,79,3,67.6,1600,8.7,120
TRN-06438,EMU,COR-009,SEC-0086,2026-09-08,294,309,2,64.6,900,6.7,120
TRN-06439,Freight,COR-005,SEC-0049,2026-09-04,601,616,1,35.6,3000,5.6,120
TRN-06440,Passenger,COR-020,SEC-0194,2026-09-03,964,974,2,66.7,1200,11.4,120
TRN-06441,Superfast,COR-015,SEC-0147,2026-09-04,1070,1075,3,44.0,1600,10.1,110
TRN-06442,EMU,COR-008,SEC-0074,2026-09-12,1335,1340,2,63.8,900,7.6,120
TRN-06443,Superfast,COR-016,SEC-0155,2026-09-13,579,594,3,99.0,1600,9.9,80
TRN-06444,Passenger,COR-020,SEC-0192,2026-09-09,115,125,2,51.2,1200,6.8,100
TRN-06445,Express,COR-016,SEC-0160,2026-09-08,923,928,3,60.0,1400,12.5,120
TRN-06446,Express,COR-002,SEC-0016,2026-09-05,1063,1075,3,52.1,1400,11.6,110
TRN-06447,Superfast,COR-015,SEC-0145,2026-09-04,448,455,3,59.4,1600,7.7,100
TRN-06448,Superfast,COR-014,SEC-0132,2026-09-05,275,295,3,45.3,1600,11.0,110
TRN-06449,Superfast,COR-003,SEC-0021,2026-09-09,954,961,3,99.0,1600,12.7,110
TRN-06450,Freight,COR-018,SEC-0175,2026-09-12,1143,1163,1,47.9,3000,9.3,120
TRN-06451,Passenger,COR-018,SEC-0175,2026-09-08,1365,1372,2,59.9,1200,12.5,110
TRN-06452,Superfast,COR-005,SEC-0042,2026-09-16,1099,1106,3,76.5,1600,9.5,100
TRN-06453,Passenger,COR-018,SEC-0180,2026-09-16,42,62,2,73.9,1200,8.6,100
TRN-06454,Superfast,COR-009,SEC-0087,2026-09-04,243,248,3,65.6,1600,4.2,120
TRN-06455,Freight,COR-006,SEC-0055,2026-09-11,1226,1238,1,44.3,3000,10.8,100
TRN-06456,Passenger,COR-014,SEC-0137,2026-09-10,462,474,2,76.6,1200,9.4,100
TRN-06457,Passenger,COR-020,SEC-0195,2026-09-12,821,828,2,80.5,1200,4.1,100
TRN-06458,Express,COR-007,SEC-0070,2026-09-12,1158,1173,3,81.2,1400,17.0,80
TRN-06459,Passenger,COR-006,SEC-0056,2026-09-14,749,761,2,74.3,1200,16.2,120
TRN-06460,Express,COR-012,SEC-0111,2026-09-09,840,860,3,68.9,1400,10.2,110
TRN-06461,Freight,COR-020,SEC-0194,2026-09-04,973,985,1,46.7,3000,2.8,110
TRN-06462,Freight,COR-010,SEC-0094,2026-09-13,73,80,1,14.0,3000,3.6,120
TRN-06463,Passenger,COR-002,SEC-0016,2026-09-14,1026,1031,2,56.8,1200,5.4,130
TRN-06464,Passenger,COR-019,SEC-0188,2026-09-10,601,606,2,77.5,1200,10.9,80
TRN-06465,Passenger,COR-009,SEC-0089,2026-09-12,810,822,2,63.6,1200,1.0,80
TRN-06466,EMU,COR-008,SEC-0077,2026-09-09,460,465,2,75.6,900,7.5,110
TRN-06467,Express,COR-016,SEC-0158,2026-09-15,299,309,3,81.5,1400,9.2,80
TRN-06468,Freight,COR-014,SEC-0138,2026-09-16,931,941,1,34.4,3000,2.1,120
TRN-06469,Superfast,COR-016,SEC-0158,2026-09-03,1324,1334,3,39.0,1600,4.3,130
TRN-06470,EMU,COR-007,SEC-0068,2026-09-09,566,576,2,64.3,900,8.4,100
TRN-06471,EMU,COR-004,SEC-0032,2026-09-07,1163,1170,2,39.5,900,6.9,110
TRN-06472,Express,COR-013,SEC-0130,2026-09-05,396,408,3,77.9,1400,11.8,100
TRN-06473,Superfast,COR-019,SEC-0183,2026-09-05,833,843,3,83.0,1600,9.7,80
TRN-06474,Express,COR-013,SEC-0127,2026-09-13,1404,1411,3,68.8,1400,10.0,80
TRN-06475,Passenger,COR-004,SEC-0038,2026-09-07,997,1004,2,84.6,1200,10.8,120
TRN-06476,EMU,COR-011,SEC-0104,2026-09-08,1037,1047,2,59.0,900,5.9,110
TRN-06477,Passenger,COR-008,SEC-0079,2026-09-08,939,946,2,52.4,1200,7.2,100
TRN-06478,Freight,COR-007,SEC-0062,2026-09-12,1121,1131,1,49.2,3000,4.8,120
TRN-06479,Passenger,COR-012,SEC-0120,2026-09-15,1129,1136,2,86.1,1200,8.8,110
TRN-06480,Superfast,COR-001,SEC-0009,2026-09-15,502,514,3,56.9,1600,8.9,80
TRN-06481,Freight,COR-015,SEC-0141,2026-09-10,705,725,1,36.6,3000,10.3,100
TRN-06482,Passenger,COR-004,SEC-0036,2026-09-12,666,681,2,79.4,1200,6.5,130
TRN-06483,EMU,COR-007,SEC-0064,2026-09-12,409,424,2,95.6,900,9.6,130
TRN-06484,Express,COR-018,SEC-0179,2026-09-04,1077,1084,3,77.4,1400,7.1,110
TRN-06485,Superfast,COR-014,SEC-0134,2026-09-07,1055,1060,3,81.2,1600,11.7,80
TRN-06486,Superfast,COR-020,SEC-0197,2026-09-05,534,549,3,76.8,1600,9.7,100
TRN-06487,Freight,COR-004,SEC-0037,2026-09-10,478,488,1,16.2,3000,7.3,80
TRN-06488,Freight,COR-017,SEC-0170,2026-09-04,299,319,1,12.7,3000,1.0,110
TRN-06489,Passenger,COR-014,SEC-0140,2026-09-11,1238,1250,2,61.9,1200,8.0,120
TRN-06490,Passenger,COR-007,SEC-0070,2026-09-11,1231,1238,2,89.3,1200,13.1,80
TRN-06491,EMU,COR-010,SEC-0093,2026-09-10,1428,1433,2,96.0,900,9.3,130
TRN-06492,Superfast,COR-011,SEC-0105,2026-09-03,650,657,3,68.7,1600,11.7,110
TRN-06493,EMU,COR-003,SEC-0021,2026-09-04,776,788,2,87.0,900,8.2,130
TRN-06494,Freight,COR-012,SEC-0118,2026-09-11,1187,1192,1,12.4,3000,1.0,110
TRN-06495,Express,COR-016,SEC-0153,2026-09-04,1191,1203,3,99.0,1400,10.1,120
TRN-06496,Freight,COR-020,SEC-0197,2026-09-15,107,119,1,21.8,3000,4.1,130
TRN-06497,Passenger,COR-001,SEC-0008,2026-09-09,809,816,2,73.5,1200,13.0,100
TRN-06498,Passenger,COR-019,SEC-0189,2026-09-06,554,566,2,88.3,1200,17.0,100
TRN-06499,Superfast,COR-005,SEC-0049,2026-09-08,1430,1437,3,48.1,1600,8.7,110
TRN-06500,Superfast,COR-013,SEC-0125,2026-09-04,720,730,3,72.8,1600,7.2,110
TRN-06501,Passenger,COR-010,SEC-0095,2026-09-04,668,673,2,47.6,1200,16.4,130
TRN-06502,Express,COR-007,SEC-0070,2026-09-08,853,868,3,76.5,1400,13.7,120
TRN-06503,Express,COR-013,SEC-0123,2026-09-08,1290,1300,3,85.2,1400,16.9,130
TRN-06504,EMU,COR-005,SEC-0041,2026-09-11,448,468,2,82.6,900,13.7,120
TRN-06505,Passenger,COR-010,SEC-0098,2026-09-10,740,745,2,86.7,1200,7.2,120
TRN-06506,Passenger,COR-009,SEC-0088,2026-09-16,445,450,2,88.7,1200,12.1,120
TRN-06507,EMU,COR-018,SEC-0178,2026-09-03,278,285,2,97.8,900,11.3,110
TRN-06508,EMU,COR-008,SEC-0080,2026-09-10,683,693,2,99.0,900,11.5,110
TRN-06509,Superfast,COR-005,SEC-0049,2026-09-10,952,959,3,95.7,1600,17.6,130
TRN-06510,Passenger,COR-017,SEC-0169,2026-09-04,218,228,2,67.8,1200,11.4,110
TRN-06511,EMU,COR-016,SEC-0158,2026-09-12,1167,1177,2,72.4,900,9.5,110
TRN-06512,Superfast,COR-011,SEC-0106,2026-09-12,1250,1257,3,63.0,1600,7.7,120
TRN-06513,Freight,COR-017,SEC-0168,2026-09-15,7,17,1,49.7,3000,11.7,110
TRN-06514,Passenger,COR-015,SEC-0150,2026-09-11,733,745,2,43.6,1200,8.7,100
TRN-06515,Superfast,COR-011,SEC-0106,2026-09-06,750,760,3,74.7,1600,10.0,80
TRN-06516,Express,COR-019,SEC-0187,2026-09-05,991,998,3,88.7,1400,9.2,120
TRN-06517,Freight,COR-018,SEC-0171,2026-09-09,58,65,1,18.4,3000,6.3,110
TRN-06518,Freight,COR-011,SEC-0108,2026-09-09,504,514,1,26.6,3000,9.1,110
TRN-06519,EMU,COR-005,SEC-0043,2026-09-15,354,364,2,76.4,900,12.8,110
TRN-06520,Superfast,COR-014,SEC-0138,2026-09-10,165,175,3,55.0,1600,8.9,80
TRN-06521,Express,COR-004,SEC-0039,2026-09-10,1129,1134,3,69.4,1400,9.7,100
TRN-06522,EMU,COR-018,SEC-0172,2026-09-10,333,348,2,73.6,900,12.5,110
TRN-06523,Passenger,COR-008,SEC-0079,2026-09-07,363,373,2,45.6,1200,9.1,110
TRN-06524,EMU,COR-013,SEC-0123,2026-09-07,391,396,2,80.2,900,4.7,100
TRN-06525,Freight,COR-001,SEC-0009,2026-09-08,605,625,1,27.6,3000,4.9,80
TRN-06526,Freight,COR-002,SEC-0011,2026-09-08,173,183,1,31.0,3000,9.2,80
TRN-06527,Passenger,COR-009,SEC-0081,2026-09-12,463,483,2,66.6,1200,9.1,120
TRN-06528,EMU,COR-017,SEC-0169,2026-09-10,1084,1094,2,60.8,900,8.3,110
TRN-06529,Superfast,COR-013,SEC-0130,2026-09-10,868,888,3,95.2,1600,12.1,80
TRN-06530,Superfast,COR-011,SEC-0108,2026-09-05,171,181,3,84.0,1600,12.9,80
TRN-06531,Passenger,COR-008,SEC-0076,2026-09-14,1297,1307,2,69.4,1200,8.3,110
TRN-06532,Passenger,COR-008,SEC-0074,2026-09-15,458,465,2,67.7,1200,10.5,110
TRN-06533,Freight,COR-011,SEC-0104,2026-09-07,1225,1235,1,25.2,3000,3.2,120
TRN-06534,Express,COR-017,SEC-0164,2026-09-05,1355,1375,3,94.7,1400,11.4,110
TRN-06535,Freight,COR-006,SEC-0054,2026-09-11,129,139,1,62.7,3000,11.9,120
TRN-06536,Superfast,COR-012,SEC-0112,2026-09-14,1260,1270,3,72.2,1600,10.5,110
TRN-06537,Superfast,COR-002,SEC-0014,2026-09-16,63,70,3,54.8,1600,9.8,120
TRN-06538,Superfast,COR-015,SEC-0142,2026-09-05,872,892,3,73.5,1600,8.0,110
TRN-06539,EMU,COR-002,SEC-0014,2026-09-04,294,309,2,48.2,900,2.1,110
TRN-06540,Passenger,COR-019,SEC-0185,2026-09-05,845,855,2,62.4,1200,7.8,110
TRN-06541,Express,COR-019,SEC-0186,2026-09-08,542,549,3,72.2,1400,11.1,110
TRN-06542,Superfast,COR-008,SEC-0077,2026-09-16,1187,1199,3,93.9,1600,10.2,120
TRN-06543,Passenger,COR-004,SEC-0038,2026-09-16,1049,1059,2,54.1,1200,8.4,120
TRN-06544,EMU,COR-010,SEC-0093,2026-09-12,872,879,2,79.0,900,11.2,110
TRN-06545,Passenger,COR-010,SEC-0098,2026-09-13,699,711,2,69.3,1200,12.0,110
TRN-06546,EMU,COR-010,SEC-0098,2026-09-15,1344,1349,2,73.0,900,5.7,110
TRN-06547,Superfast,COR-020,SEC-0199,2026-09-11,293,313,3,50.6,1600,6.2,110
TRN-06548,EMU,COR-015,SEC-0146,2026-09-03,250,262,2,81.8,900,5.3,120
TRN-06549,Express,COR-020,SEC-0199,2026-09-13,1000,1020,3,64.2,1400,12.1,80
TRN-06550,Superfast,COR-003,SEC-0024,2026-09-15,151,161,3,99.0,1600,8.9,80
TRN-06551,Superfast,COR-014,SEC-0136,2026-09-07,1106,1121,3,86.1,1600,12.8,100
TRN-06552,Passenger,COR-015,SEC-0143,2026-09-06,983,993,2,75.5,1200,10.6,100
TRN-06553,EMU,COR-012,SEC-0117,2026-09-06,458,470,2,53.6,900,12.9,110
TRN-06554,Passenger,COR-012,SEC-0113,2026-09-06,1382,1392,2,80.8,1200,2.2,110
TRN-06555,Freight,COR-019,SEC-0189,2026-09-13,248,258,1,32.5,3000,5.7,120
TRN-06556,Express,COR-007,SEC-0062,2026-09-13,1176,1196,3,85.4,1400,11.9,120
TRN-06557,Freight,COR-005,SEC-0042,2026-09-16,1232,1247,1,27.8,3000,1.0,130
TRN-06558,Passenger,COR-006,SEC-0052,2026-09-09,528,548,2,53.9,1200,11.3,80
TRN-06559,Passenger,COR-002,SEC-0017,2026-09-06,1391,1398,2,71.7,1200,8.0,80
TRN-06560,Superfast,COR-002,SEC-0018,2026-09-13,691,703,3,60.9,1600,8.8,100
TRN-06561,Superfast,COR-003,SEC-0027,2026-09-11,486,506,3,63.2,1600,7.9,130
TRN-06562,Express,COR-017,SEC-0168,2026-09-07,111,123,3,79.9,1400,8.2,110
TRN-06563,Superfast,COR-015,SEC-0149,2026-09-13,1318,1330,3,56.6,1600,8.4,110
TRN-06564,Superfast,COR-011,SEC-0102,2026-09-14,65,72,3,68.8,1600,11.6,110
TRN-06565,Freight,COR-009,SEC-0085,2026-09-05,1102,1112,1,31.2,3000,5.9,100
TRN-06566,EMU,COR-014,SEC-0137,2026-09-11,1198,1210,2,87.8,900,10.3,120
TRN-06567,Freight,COR-018,SEC-0177,2026-09-06,248,263,1,25.2,3000,3.3,100
TRN-06568,Passenger,COR-011,SEC-0101,2026-09-14,1135,1145,2,52.2,1200,7.9,110
TRN-06569,Freight,COR-016,SEC-0159,2026-09-08,439,449,1,12.1,3000,4.2,120
TRN-06570,EMU,COR-001,SEC-0010,2026-09-15,640,650,2,72.4,900,12.1,120
TRN-06571,Passenger,COR-019,SEC-0182,2026-09-06,767,777,2,62.7,1200,11.1,110
TRN-06572,Express,COR-002,SEC-0015,2026-09-06,1146,1151,3,43.5,1400,4.9,110
TRN-06573,Express,COR-011,SEC-0108,2026-09-10,1208,1223,3,64.4,1400,6.5,80
TRN-06574,Superfast,COR-003,SEC-0029,2026-09-15,1186,1193,3,52.4,1600,7.3,100
TRN-06575,Superfast,COR-003,SEC-0021,2026-09-14,639,649,3,51.7,1600,11.9,100
TRN-06576,Superfast,COR-015,SEC-0143,2026-09-04,178,188,3,68.8,1600,9.0,100
TRN-06577,Express,COR-015,SEC-0144,2026-09-07,324,344,3,66.7,1400,5.6,110
TRN-06578,Passenger,COR-014,SEC-0139,2026-09-08,1416,1421,2,99.0,1200,13.2,100
TRN-06579,Passenger,COR-020,SEC-0198,2026-09-08,502,509,2,54.2,1200,7.6,100
TRN-06580,Freight,COR-008,SEC-0072,2026-09-16,1011,1016,1,46.6,3000,6.0,110
TRN-06581,EMU,COR-003,SEC-0027,2026-09-11,453,460,2,75.0,900,7.7,130
TRN-06582,Express,COR-013,SEC-0127,2026-09-12,1110,1130,3,68.6,1400,10.1,130
TRN-06583,Passenger,COR-020,SEC-0200,2026-09-13,858,868,2,69.7,1200,11.0,100
TRN-06584,Express,COR-017,SEC-0162,2026-09-06,1078,1085,3,77.1,1400,10.5,100
TRN-06585,EMU,COR-002,SEC-0018,2026-09-03,1046,1066,2,50.4,900,3.0,110
TRN-06586,EMU,COR-003,SEC-0025,2026-09-09,286,306,2,68.5,900,10.7,80
TRN-06587,Passenger,COR-007,SEC-0070,2026-09-03,789,804,2,55.0,1200,11.1,110
TRN-06588,EMU,COR-002,SEC-0011,2026-09-12,322,337,2,56.7,900,3.3,110
TRN-06589,EMU,COR-016,SEC-0153,2026-09-04,989,999,2,95.1,900,10.4,130
TRN-06590,EMU,COR-014,SEC-0136,2026-09-16,840,845,2,69.2,900,8.5,130
TRN-06591,Freight,COR-018,SEC-0176,2026-09-10,316,328,1,16.7,3000,8.8,120
TRN-06592,Freight,COR-005,SEC-0050,2026-09-11,384,394,1,19.2,3000,2.6,110
TRN-06593,Express,COR-013,SEC-0124,2026-09-16,819,829,3,99.0,1400,8.1,110
TRN-06594,Freight,COR-009,SEC-0089,2026-09-16,791,806,1,49.1,3000,10.3,120
TRN-06595,Superfast,COR-010,SEC-0098,2026-09-13,246,261,3,62.8,1600,9.2,100
TRN-06596,Express,COR-014,SEC-0135,2026-09-08,1242,1247,3,77.8,1400,8.8,110
TRN-06597,Superfast,COR-020,SEC-0192,2026-09-04,1337,1347,3,71.2,1600,11.1,110
TRN-06598,Freight,COR-018,SEC-0175,2026-09-15,1264,1276,1,36.0,3000,10.9,100
TRN-06599,Express,COR-006,SEC-0058,2026-09-04,28,38,3,61.1,1400,12.2,120
TRN-06600,Superfast,COR-010,SEC-0099,2026-09-04,31,43,3,85.2,1600,8.6,80
TRN-06601,Passenger,COR-015,SEC-0142,2026-09-08,612,617,2,56.4,1200,12.0,120
TRN-06602,Superfast,COR-004,SEC-0033,2026-09-09,1113,1125,3,83.5,1600,11.9,100
TRN-06603,EMU,COR-008,SEC-0073,2026-09-11,1158,1170,2,76.9,900,4.4,100
TRN-06604,Passenger,COR-012,SEC-0112,2026-09-08,1183,1203,2,76.5,1200,1.8,100
TRN-06605,Freight,COR-001,SEC-0008,2026-09-15,1311,1323,1,51.1,3000,13.9,100
TRN-06606,Superfast,COR-006,SEC-0057,2026-09-05,844,864,3,85.5,1600,6.1,100
TRN-06607,Superfast,COR-005,SEC-0044,2026-09-03,1043,1050,3,46.0,1600,8.5,120
TRN-06608,EMU,COR-005,SEC-0044,2026-09-13,108,123,2,80.8,900,10.4,120
TRN-06609,Freight,COR-016,SEC-0154,2026-09-16,851,856,1,33.9,3000,6.9,100
TRN-06610,Passenger,COR-019,SEC-0182,2026-09-08,516,523,2,68.7,1200,9.2,110
TRN-06611,Superfast,COR-015,SEC-0142,2026-09-15,742,754,3,45.9,1600,10.9,100
TRN-06612,Superfast,COR-015,SEC-0149,2026-09-08,31,38,3,97.5,1600,12.6,110
TRN-06613,EMU,COR-003,SEC-0023,2026-09-15,1127,1132,2,99.0,900,10.5,120
TRN-06614,Passenger,COR-019,SEC-0190,2026-09-05,1222,1234,2,78.4,1200,14.0,100
TRN-06615,EMU,COR-014,SEC-0137,2026-09-05,218,225,2,93.4,900,13.0,110
TRN-06616,Freight,COR-011,SEC-0103,2026-09-14,1106,1116,1,44.6,3000,10.2,80
TRN-06617,Passenger,COR-002,SEC-0014,2026-09-13,806,821,2,73.2,1200,10.9,110
TRN-06618,EMU,COR-009,SEC-0085,2026-09-03,361,373,2,60.7,900,6.4,110
TRN-06619,Express,COR-007,SEC-0069,2026-09-13,590,602,3,78.5,1400,14.7,120
TRN-06620,Freight,COR-016,SEC-0156,2026-09-13,1151,1161,1,42.7,3000,6.4,80
TRN-06621,Superfast,COR-012,SEC-0119,2026-09-05,701,721,3,90.8,1600,12.9,130
TRN-06622,Freight,COR-015,SEC-0144,2026-09-06,1142,1152,1,32.6,3000,4.4,100
TRN-06623,Express,COR-009,SEC-0086,2026-09-03,898,918,3,99.0,1400,11.0,100
TRN-06624,Superfast,COR-018,SEC-0177,2026-09-13,740,752,3,55.7,1600,9.4,100
TRN-06625,Superfast,COR-012,SEC-0112,2026-09-05,1387,1392,3,63.3,1600,5.9,120
TRN-06626,Freight,COR-020,SEC-0195,2026-09-09,557,567,1,38.7,3000,1.0,110
TRN-06627,Passenger,COR-004,SEC-0035,2026-09-13,474,479,2,61.9,1200,9.3,120
TRN-06628,EMU,COR-002,SEC-0014,2026-09-16,385,392,2,47.0,900,10.2,110
TRN-06629,Superfast,COR-017,SEC-0166,2026-09-15,924,931,3,89.5,1600,6.4,120
TRN-06630,Freight,COR-002,SEC-0018,2026-09-15,1199,1211,1,58.7,3000,11.9,120
TRN-06631,EMU,COR-013,SEC-0122,2026-09-10,666,678,2,69.3,900,12.1,100
TRN-06632,Superfast,COR-002,SEC-0019,2026-09-12,559,579,3,78.5,1600,9.9,110
TRN-06633,EMU,COR-009,SEC-0087,2026-09-11,956,963,2,78.4,900,13.6,100
TRN-06634,Express,COR-006,SEC-0052,2026-09-15,537,544,3,75.6,1400,10.9,120
TRN-06635,Superfast,COR-002,SEC-0011,2026-09-06,70,90,3,60.3,1600,7.6,110
TRN-06636,Freight,COR-012,SEC-0117,2026-09-13,973,983,1,16.4,3000,9.8,120
TRN-06637,Superfast,COR-006,SEC-0053,2026-09-11,990,1000,3,69.5,1600,5.7,120
TRN-06638,Passenger,COR-014,SEC-0131,2026-09-03,192,204,2,65.3,1200,9.7,110
TRN-06639,Superfast,COR-001,SEC-0003,2026-09-12,1163,1175,3,58.7,1600,10.1,100
TRN-06640,EMU,COR-008,SEC-0078,2026-09-13,979,999,2,66.2,900,7.0,110
TRN-06641,Freight,COR-018,SEC-0179,2026-09-12,1353,1363,1,30.2,3000,1.7,120
TRN-06642,Express,COR-008,SEC-0074,2026-09-12,1273,1293,3,62.4,1400,5.0,120
TRN-06643,Superfast,COR-002,SEC-0018,2026-09-09,6,16,3,99.0,1600,12.1,110
TRN-06644,Superfast,COR-006,SEC-0051,2026-09-03,382,394,3,31.7,1600,1.6,80
TRN-06645,Express,COR-007,SEC-0066,2026-09-10,882,892,3,69.9,1400,10.7,120
TRN-06646,Passenger,COR-012,SEC-0119,2026-09-08,991,1011,2,36.4,1200,7.0,100
TRN-06647,Express,COR-018,SEC-0174,2026-09-05,541,556,3,90.7,1400,11.6,120
TRN-06648,Express,COR-014,SEC-0135,2026-09-07,588,593,3,57.2,1400,4.0,100
TRN-06649,Passenger,COR-016,SEC-0158,2026-09-13,1069,1081,2,99.0,1200,12.7,130
TRN-06650,Freight,COR-012,SEC-0117,2026-09-07,1248,1258,1,28.3,3000,3.9,100
TRN-06651,Superfast,COR-013,SEC-0124,2026-09-14,577,589,3,80.9,1600,9.6,100
TRN-06652,Express,COR-015,SEC-0142,2026-09-03,972,982,3,70.7,1400,10.9,110
TRN-06653,EMU,COR-006,SEC-0056,2026-09-06,622,634,2,83.1,900,12.9,120
TRN-06654,Superfast,COR-012,SEC-0113,2026-09-09,89,104,3,69.0,1600,9.0,110
TRN-06655,Express,COR-007,SEC-0063,2026-09-12,334,341,3,64.4,1400,11.5,100
TRN-06656,Express,COR-020,SEC-0193,2026-09-15,162,172,3,40.6,1400,3.8,110
TRN-06657,Superfast,COR-017,SEC-0163,2026-09-06,663,678,3,80.7,1600,14.4,100
TRN-06658,Superfast,COR-004,SEC-0032,2026-09-11,1388,1403,3,55.1,1600,8.0,80
TRN-06659,Freight,COR-005,SEC-0041,2026-09-08,486,496,1,36.2,3000,8.2,110
TRN-06660,Superfast,COR-006,SEC-0052,2026-09-14,217,229,3,96.3,1600,9.3,120
TRN-06661,Passenger,COR-014,SEC-0140,2026-09-11,911,923,2,59.6,1200,4.9,120
TRN-06662,EMU,COR-006,SEC-0054,2026-09-15,1229,1239,2,65.5,900,12.9,110
TRN-06663,Superfast,COR-010,SEC-0097,2026-09-06,1323,1328,3,61.3,1600,4.2,110
TRN-06664,Passenger,COR-007,SEC-0068,2026-09-08,1023,1033,2,66.9,1200,10.4,120
TRN-06665,Freight,COR-019,SEC-0183,2026-09-12,1033,1045,1,7.6,3000,5.8,130
TRN-06666,Superfast,COR-019,SEC-0181,2026-09-03,30,40,3,79.7,1600,9.7,100
TRN-06667,Superfast,COR-010,SEC-0098,2026-09-13,420,430,3,79.8,1600,8.6,100
TRN-06668,Express,COR-019,SEC-0186,2026-09-09,26,33,3,99.0,1400,18.0,130
TRN-06669,Superfast,COR-018,SEC-0180,2026-09-10,1109,1121,3,55.8,1600,7.1,80
TRN-06670,EMU,COR-006,SEC-0057,2026-09-12,768,780,2,69.5,900,8.5,120
TRN-06671,Passenger,COR-019,SEC-0184,2026-09-07,1222,1237,2,65.7,1200,12.3,100
TRN-06672,Express,COR-009,SEC-0089,2026-09-09,1110,1130,3,57.4,1400,11.1,100
TRN-06673,Superfast,COR-012,SEC-0117,2026-09-13,761,776,3,72.0,1600,9.8,100
TRN-06674,EMU,COR-019,SEC-0186,2026-09-04,899,904,2,59.2,900,7.9,100
TRN-06675,Superfast,COR-011,SEC-0105,2026-09-11,364,376,3,72.5,1600,10.4,100
TRN-06676,Passenger,COR-006,SEC-0055,2026-09-11,355,365,2,63.2,1200,8.2,80
TRN-06677,Freight,COR-004,SEC-0035,2026-09-09,514,519,1,32.5,3000,9.5,100
TRN-06678,Superfast,COR-008,SEC-0075,2026-09-09,1190,1200,3,66.8,1600,14.1,100
TRN-06679,EMU,COR-012,SEC-0115,2026-09-08,428,440,2,73.2,900,10.4,110
TRN-06680,Superfast,COR-004,SEC-0038,2026-09-11,640,650,3,41.6,1600,9.0,120
TRN-06681,Superfast,COR-002,SEC-0013,2026-09-13,116,123,3,77.8,1600,11.2,110
TRN-06682,Passenger,COR-006,SEC-0056,2026-09-04,1123,1138,2,94.8,1200,12.4,120
TRN-06683,EMU,COR-003,SEC-0024,2026-09-11,1097,1107,2,39.8,900,7.0,110
TRN-06684,Passenger,COR-020,SEC-0193,2026-09-06,787,794,2,82.5,1200,7.1,120
TRN-06685,Express,COR-020,SEC-0196,2026-09-09,1384,1391,3,53.4,1400,7.9,130
TRN-06686,Freight,COR-007,SEC-0062,2026-09-13,189,209,1,34.7,3000,10.0,80
TRN-06687,Superfast,COR-020,SEC-0196,2026-09-14,1404,1414,3,87.7,1600,12.0,130
TRN-06688,Passenger,COR-012,SEC-0118,2026-09-13,1048,1058,2,67.1,1200,12.3,80
TRN-06689,EMU,COR-007,SEC-0062,2026-09-03,527,534,2,69.3,900,8.3,100
TRN-06690,Freight,COR-009,SEC-0089,2026-09-09,1223,1235,1,26.9,3000,8.2,120
TRN-06691,Passenger,COR-018,SEC-0179,2026-09-08,1393,1405,2,99.0,1200,10.8,130
TRN-06692,Express,COR-014,SEC-0133,2026-09-14,668,675,3,90.3,1400,15.6,110
TRN-06693,Passenger,COR-008,SEC-0075,2026-09-11,1244,1254,2,91.3,1200,11.9,110
TRN-06694,Freight,COR-017,SEC-0166,2026-09-11,192,202,1,32.8,3000,6.1,130
TRN-06695,Superfast,COR-001,SEC-0005,2026-09-03,272,292,3,83.6,1600,14.5,120
TRN-06696,Passenger,COR-006,SEC-0052,2026-09-08,1067,1077,2,53.3,1200,6.4,100
TRN-06697,Superfast,COR-016,SEC-0153,2026-09-09,1426,1438,3,78.6,1600,8.8,110
TRN-06698,EMU,COR-018,SEC-0173,2026-09-07,308,318,2,60.7,900,9.7,110
TRN-06699,Freight,COR-005,SEC-0042,2026-09-14,940,960,1,51.9,3000,8.3,110
TRN-06700,Express,COR-020,SEC-0200,2026-09-10,1386,1391,3,56.8,1400,6.8,80
TRN-06701,Superfast,COR-006,SEC-0059,2026-09-09,1257,1272,3,65.2,1600,9.5,110
TRN-06702,EMU,COR-008,SEC-0072,2026-09-11,1266,1273,2,58.7,900,9.0,130
TRN-06703,Express,COR-015,SEC-0146,2026-09-06,649,659,3,66.4,1400,7.3,130
TRN-06704,Superfast,COR-006,SEC-0055,2026-09-05,836,846,3,59.9,1600,9.7,100
TRN-06705,Freight,COR-002,SEC-0015,2026-09-14,1330,1340,1,30.1,3000,4.5,80
TRN-06706,Freight,COR-009,SEC-0082,2026-09-14,231,243,1,69.4,3000,11.5,110
TRN-06707,Superfast,COR-010,SEC-0094,2026-09-04,401,408,3,71.7,1600,13.1,110
TRN-06708,Freight,COR-004,SEC-0032,2026-09-04,69,79,1,46.2,3000,8.5,120
TRN-06709,Passenger,COR-003,SEC-0023,2026-09-14,516,526,2,71.2,1200,5.1,100
TRN-06710,Freight,COR-014,SEC-0137,2026-09-13,1409,1419,1,63.2,3000,10.2,110
TRN-06711,Express,COR-009,SEC-0086,2026-09-07,1170,1177,3,84.1,1400,8.1,80
TRN-06712,Passenger,COR-007,SEC-0067,2026-09-03,321,341,2,64.2,1200,11.8,120
TRN-06713,Passenger,COR-006,SEC-0060,2026-09-10,306,316,2,83.9,1200,11.0,110
TRN-06714,Superfast,COR-009,SEC-0086,2026-09-06,389,399,3,32.5,1600,4.4,100
TRN-06715,EMU,COR-009,SEC-0082,2026-09-12,879,886,2,78.7,900,13.6,120
TRN-06716,Passenger,COR-004,SEC-0037,2026-09-14,96,103,2,94.6,1200,9.1,100
TRN-06717,Freight,COR-016,SEC-0160,2026-09-14,250,270,1,44.2,3000,10.4,120
TRN-06718,Superfast,COR-020,SEC-0194,2026-09-04,342,347,3,49.0,1600,6.9,110
TRN-06719,Freight,COR-019,SEC-0182,2026-09-11,94,106,1,23.6,3000,6.7,120
TRN-06720,Passenger,COR-011,SEC-0104,2026-09-12,100,120,2,82.5,1200,11.9,120
TRN-06721,Express,COR-015,SEC-0150,2026-09-10,1225,1237,3,74.6,1400,12.1,120
TRN-06722,Superfast,COR-017,SEC-0164,2026-09-11,173,185,3,53.3,1600,13.6,120
TRN-06723,Superfast,COR-009,SEC-0082,2026-09-14,144,151,3,93.4,1600,10.8,110
TRN-06724,Freight,COR-015,SEC-0146,2026-09-08,421,431,1,20.7,3000,4.5,120
TRN-06725,Express,COR-019,SEC-0184,2026-09-16,212,217,3,70.6,1400,9.2,110
TRN-06726,Freight,COR-003,SEC-0022,2026-09-05,1085,1095,1,15.9,3000,7.7,120
TRN-06727,Passenger,COR-007,SEC-0069,2026-09-05,1303,1318,2,88.3,1200,4.0,110
TRN-06728,Passenger,COR-005,SEC-0043,2026-09-06,306,318,2,90.6,1200,6.7,100
TRN-06729,EMU,COR-004,SEC-0040,2026-09-16,253,268,2,51.1,900,14.7,110
TRN-06730,EMU,COR-004,SEC-0036,2026-09-11,1283,1303,2,63.5,900,9.2,110
TRN-06731,EMU,COR-012,SEC-0116,2026-09-09,1422,1429,2,61.6,900,3.6,100
TRN-06732,Express,COR-007,SEC-0067,2026-09-04,73,83,3,71.9,1400,7.9,110
TRN-06733,Passenger,COR-017,SEC-0167,2026-09-16,43,50,2,80.5,1200,14.1,120
TRN-06734,Freight,COR-013,SEC-0122,2026-09-04,24,31,1,34.5,3000,9.6,120
TRN-06735,Express,COR-012,SEC-0114,2026-09-08,146,156,3,53.9,1400,9.1,110
TRN-06736,Passenger,COR-011,SEC-0110,2026-09-03,586,606,2,69.9,1200,9.1,120
TRN-06737,Superfast,COR-019,SEC-0181,2026-09-12,1154,1164,3,79.4,1600,12.0,100
TRN-06738,Express,COR-008,SEC-0073,2026-09-04,400,410,3,60.8,1400,10.1,110
TRN-06739,Passenger,COR-010,SEC-0094,2026-09-05,503,513,2,72.8,1200,6.5,110
TRN-06740,Express,COR-006,SEC-0059,2026-09-03,45,50,3,66.7,1400,11.6,110
TRN-06741,Superfast,COR-017,SEC-0161,2026-09-07,1166,1186,3,76.9,1600,12.8,100
TRN-06742,EMU,COR-003,SEC-0025,2026-09-13,516,531,2,97.8,900,10.1,110
TRN-06743,EMU,COR-016,SEC-0153,2026-09-05,70,85,2,75.0,900,11.5,100
TRN-06744,Passenger,COR-005,SEC-0049,2026-09-04,1094,1104,2,62.6,1200,12.9,80
TRN-06745,Superfast,COR-011,SEC-0104,2026-09-15,492,502,3,59.0,1600,8.0,110
TRN-06746,Superfast,COR-015,SEC-0143,2026-09-05,796,811,3,68.9,1600,12.4,100
TRN-06747,Superfast,COR-019,SEC-0183,2026-09-07,1175,1190,3,55.3,1600,11.3,110
TRN-06748,Express,COR-005,SEC-0046,2026-09-03,551,563,3,77.6,1400,12.0,110
TRN-06749,EMU,COR-015,SEC-0150,2026-09-09,873,885,2,77.7,900,7.7,80
TRN-06750,Freight,COR-006,SEC-0054,2026-09-05,1123,1128,1,36.8,3000,7.3,100
TRN-06751,Superfast,COR-006,SEC-0056,2026-09-12,1065,1077,3,99.0,1600,8.9,120
TRN-06752,Superfast,COR-014,SEC-0132,2026-09-15,199,214,3,46.4,1600,15.9,100
TRN-06753,Express,COR-020,SEC-0200,2026-09-12,435,440,3,77.6,1400,10.9,100
TRN-06754,EMU,COR-013,SEC-0128,2026-09-10,1411,1423,2,60.5,900,8.7,100
TRN-06755,Freight,COR-014,SEC-0132,2026-09-04,127,137,1,27.1,3000,1.0,120
TRN-06756,Passenger,COR-005,SEC-0050,2026-09-08,1196,1206,2,51.8,1200,8.1,120
TRN-06757,Express,COR-014,SEC-0139,2026-09-08,425,445,3,69.3,1400,8.2,100
TRN-06758,Passenger,COR-007,SEC-0066,2026-09-05,900,907,2,89.3,1200,15.4,120
TRN-06759,Superfast,COR-011,SEC-0103,2026-09-12,843,858,3,67.3,1600,14.3,120
TRN-06760,Express,COR-013,SEC-0129,2026-09-16,1399,1409,3,70.6,1400,9.4,110
TRN-06761,Superfast,COR-003,SEC-0030,2026-09-16,230,245,3,67.9,1600,12.1,130
TRN-06762,Passenger,COR-017,SEC-0167,2026-09-12,697,717,2,73.2,1200,12.1,80
TRN-06763,Passenger,COR-008,SEC-0078,2026-09-06,851,861,2,52.0,1200,9.5,80
TRN-06764,Freight,COR-015,SEC-0143,2026-09-11,1011,1016,1,26.3,3000,6.4,80
TRN-06765,EMU,COR-016,SEC-0160,2026-09-07,1276,1286,2,61.5,900,10.2,80
TRN-06766,Freight,COR-016,SEC-0153,2026-09-11,832,844,1,22.1,3000,7.1,110
TRN-06767,Freight,COR-020,SEC-0195,2026-09-16,312,322,1,43.9,3000,7.1,110
TRN-06768,EMU,COR-009,SEC-0086,2026-09-08,658,663,2,72.5,900,4.2,110
TRN-06769,Passenger,COR-014,SEC-0139,2026-09-08,174,186,2,92.6,1200,13.2,100
TRN-06770,Freight,COR-018,SEC-0176,2026-09-08,320,327,1,44.5,3000,7.7,100
TRN-06771,Passenger,COR-001,SEC-0003,2026-09-11,1062,1077,2,52.6,1200,9.7,100
TRN-06772,Superfast,COR-007,SEC-0069,2026-09-06,1018,1028,3,86.8,1600,8.1,80
TRN-06773,Passenger,COR-013,SEC-0129,2026-09-06,599,606,2,58.9,1200,10.6,100
TRN-06774,Freight,COR-014,SEC-0136,2026-09-09,547,552,1,49.8,3000,7.3,80
TRN-06775,Freight,COR-006,SEC-0054,2026-09-11,308,323,1,14.1,3000,4.0,100
TRN-06776,EMU,COR-001,SEC-0004,2026-09-10,387,407,2,57.0,900,11.3,100
TRN-06777,Superfast,COR-017,SEC-0164,2026-09-07,1141,1151,3,84.9,1600,12.0,100
TRN-06778,EMU,COR-015,SEC-0149,2026-09-11,563,570,2,81.6,900,6.7,80
TRN-06779,Freight,COR-018,SEC-0176,2026-09-05,1315,1325,1,14.0,3000,2.3,120
TRN-06780,Superfast,COR-005,SEC-0042,2026-09-07,731,741,3,50.4,1600,11.8,80
TRN-06781,EMU,COR-019,SEC-0183,2026-09-10,1406,1418,2,97.2,900,12.2,100
TRN-06782,Superfast,COR-010,SEC-0097,2026-09-16,8,13,3,67.8,1600,5.1,110
TRN-06783,Passenger,COR-016,SEC-0160,2026-09-10,446,451,2,64.2,1200,10.7,110
TRN-06784,Passenger,COR-014,SEC-0135,2026-09-08,788,808,2,95.3,1200,13.9,110
TRN-06785,EMU,COR-014,SEC-0136,2026-09-07,13,25,2,67.6,900,11.6,80
TRN-06786,Superfast,COR-020,SEC-0197,2026-09-04,1354,1366,3,74.0,1600,7.2,110
TRN-06787,Freight,COR-016,SEC-0151,2026-09-11,35,42,1,48.0,3000,6.8,110
TRN-06788,Express,COR-002,SEC-0017,2026-09-06,173,183,3,55.2,1400,9.5,120
TRN-06789,Freight,COR-002,SEC-0017,2026-09-09,1204,1219,1,77.8,3000,11.0,100
TRN-06790,Freight,COR-004,SEC-0036,2026-09-09,1370,1390,1,5.0,3000,3.0,100
TRN-06791,Superfast,COR-020,SEC-0198,2026-09-11,1160,1165,3,85.8,1600,12.0,100
TRN-06792,Passenger,COR-020,SEC-0193,2026-09-15,835,845,2,68.7,1200,8.6,100
TRN-06793,Superfast,COR-002,SEC-0012,2026-09-05,300,320,3,60.0,1600,5.6,100
TRN-06794,EMU,COR-015,SEC-0149,2026-09-09,101,111,2,46.1,900,6.8,80
TRN-06795,Freight,COR-014,SEC-0138,2026-09-05,729,744,1,26.8,3000,4.4,100
TRN-06796,Superfast,COR-014,SEC-0136,2026-09-05,590,602,3,64.1,1600,6.6,100
TRN-06797,Passenger,COR-018,SEC-0180,2026-09-08,1179,1184,2,79.5,1200,12.5,120
TRN-06798,EMU,COR-001,SEC-0001,2026-09-15,506,518,2,56.7,900,2.7,120
TRN-06799,Passenger,COR-005,SEC-0050,2026-09-12,707,717,2,64.9,1200,7.7,110
TRN-06800,Passenger,COR-017,SEC-0164,2026-09-08,901,916,2,61.8,1200,10.0,110
TRN-06801,Superfast,COR-005,SEC-0044,2026-09-13,1207,1212,3,64.3,1600,6.4,80
TRN-06802,Passenger,COR-020,SEC-0191,2026-09-04,448,460,2,67.1,1200,9.1,120
TRN-06803,Freight,COR-009,SEC-0086,2026-09-09,1076,1088,1,10.7,3000,1.0,110
TRN-06804,Freight,COR-016,SEC-0151,2026-09-05,1368,1378,1,56.1,3000,12.3,120
TRN-06805,Superfast,COR-019,SEC-0183,2026-09-08,1191,1201,3,62.9,1600,9.1,110
TRN-06806,EMU,COR-016,SEC-0154,2026-09-16,1195,1200,2,52.1,900,7.4,100
TRN-06807,Superfast,COR-011,SEC-0102,2026-09-07,736,756,3,76.9,1600,15.3,80
TRN-06808,Freight,COR-005,SEC-0041,2026-09-15,1076,1086,1,26.3,3000,5.4,120
TRN-06809,Passenger,COR-012,SEC-0119,2026-09-03,747,757,2,49.8,1200,10.9,120
TRN-06810,Express,COR-003,SEC-0028,2026-09-07,245,255,3,69.1,1400,9.8,120
TRN-06811,Passenger,COR-015,SEC-0148,2026-09-12,1112,1117,2,81.5,1200,9.6,100
TRN-06812,Superfast,COR-005,SEC-0047,2026-09-16,924,929,3,99.0,1600,12.2,130
TRN-06813,Freight,COR-004,SEC-0038,2026-09-03,614,626,1,32.2,3000,5.9,100
TRN-06814,EMU,COR-013,SEC-0122,2026-09-13,158,178,2,91.2,900,11.4,110
TRN-06815,Freight,COR-010,SEC-0100,2026-09-11,613,620,1,58.6,3000,11.4,80
TRN-06816,Passenger,COR-013,SEC-0126,2026-09-03,797,807,2,79.2,1200,11.2,80
TRN-06817,Passenger,COR-012,SEC-0115,2026-09-13,426,433,2,84.7,1200,9.7,100
TRN-06818,Passenger,COR-015,SEC-0145,2026-09-05,1098,1108,2,77.4,1200,11.5,130
TRN-06819,Express,COR-006,SEC-0056,2026-09-07,571,586,3,79.8,1400,8.7,100
TRN-06820,EMU,COR-020,SEC-0198,2026-09-11,81,91,2,53.4,900,11.4,100
TRN-06821,Express,COR-008,SEC-0075,2026-09-14,488,498,3,81.3,1400,8.3,120
TRN-06822,Freight,COR-004,SEC-0033,2026-09-08,171,178,1,61.6,3000,8.9,100
TRN-06823,EMU,COR-004,SEC-0036,2026-09-07,620,627,2,76.1,900,8.6,80
TRN-06824,Freight,COR-020,SEC-0192,2026-09-11,475,482,1,12.8,3000,4.8,100
TRN-06825,Passenger,COR-007,SEC-0066,2026-09-07,1172,1177,2,76.4,1200,8.6,100
TRN-06826,Superfast,COR-004,SEC-0038,2026-09-10,193,200,3,64.4,1600,11.0,100
TRN-06827,EMU,COR-017,SEC-0162,2026-09-09,262,269,2,70.7,900,4.0,110
TRN-06828,Express,COR-004,SEC-0039,2026-09-10,256,276,3,62.7,1400,3.2,80
TRN-06829,EMU,COR-018,SEC-0177,2026-09-16,1277,1284,2,65.7,900,4.4,80
TRN-06830,Freight,COR-018,SEC-0177,2026-09-16,306,313,1,35.0,3000,8.2,110
TRN-06831,Superfast,COR-018,SEC-0176,2026-09-03,228,243,3,58.7,1600,9.7,100
TRN-06832,EMU,COR-003,SEC-0022,2026-09-08,491,501,2,73.7,900,11.5,130
TRN-06833,Express,COR-006,SEC-0054,2026-09-05,1370,1380,3,72.9,1400,10.9,130
TRN-06834,Express,COR-007,SEC-0067,2026-09-16,402,417,3,70.7,1400,5.0,80
TRN-06835,Freight,COR-018,SEC-0180,2026-09-13,476,486,1,23.8,3000,6.3,110
TRN-06836,Freight,COR-010,SEC-0099,2026-09-10,564,574,1,20.5,3000,2.3,120
TRN-06837,Express,COR-012,SEC-0120,2026-09-09,25,30,3,79.5,1400,7.6,110
TRN-06838,EMU,COR-002,SEC-0017,2026-09-08,1033,1038,2,70.5,900,7.3,120
TRN-06839,Superfast,COR-001,SEC-0002,2026-09-05,456,466,3,79.2,1600,10.6,80
TRN-06840,Superfast,COR-015,SEC-0142,2026-09-03,702,709,3,70.7,1600,11.4,130
TRN-06841,Superfast,COR-020,SEC-0192,2026-09-15,276,283,3,99.0,1600,15.4,120
TRN-06842,Passenger,COR-017,SEC-0169,2026-09-13,256,266,2,43.9,1200,9.6,80
TRN-06843,Superfast,COR-006,SEC-0053,2026-09-16,1002,1012,3,76.2,1600,14.6,110
TRN-06844,Passenger,COR-014,SEC-0133,2026-09-11,1312,1327,2,79.6,1200,17.0,110
TRN-06845,EMU,COR-006,SEC-0055,2026-09-05,152,159,2,98.5,900,11.7,80
TRN-06846,Freight,COR-003,SEC-0026,2026-09-14,454,464,1,27.9,3000,6.7,100
TRN-06847,Passenger,COR-014,SEC-0132,2026-09-06,954,966,2,92.9,1200,11.9,100
TRN-06848,Passenger,COR-010,SEC-0097,2026-09-11,1016,1036,2,67.9,1200,14.9,120
TRN-06849,Freight,COR-006,SEC-0060,2026-09-04,434,439,1,60.5,3000,9.1,100
TRN-06850,Superfast,COR-005,SEC-0043,2026-09-10,1225,1240,3,77.3,1600,9.7,100
TRN-06851,Superfast,COR-003,SEC-0027,2026-09-05,11,16,3,85.8,1600,5.8,100
TRN-06852,Superfast,COR-002,SEC-0012,2026-09-05,895,907,3,78.9,1600,11.7,80
TRN-06853,Superfast,COR-002,SEC-0017,2026-09-05,25,32,3,84.3,1600,9.2,80
TRN-06854,Freight,COR-013,SEC-0124,2026-09-11,644,656,1,17.1,3000,2.9,100
TRN-06855,Superfast,COR-001,SEC-0002,2026-09-07,586,593,3,43.4,1600,9.4,80
TRN-06856,Freight,COR-015,SEC-0147,2026-09-03,1356,1368,1,29.3,3000,3.3,130
TRN-06857,Passenger,COR-020,SEC-0197,2026-09-05,1116,1128,2,54.6,1200,6.0,130
TRN-06858,Express,COR-009,SEC-0086,2026-09-06,1379,1391,3,60.8,1400,12.6,80
TRN-06859,Freight,COR-012,SEC-0112,2026-09-09,424,436,1,21.0,3000,1.0,100
TRN-06860,Freight,COR-004,SEC-0039,2026-09-15,155,167,1,30.2,3000,8.7,120
TRN-06861,Express,COR-001,SEC-0002,2026-09-04,247,257,3,93.1,1400,11.9,100
TRN-06862,Passenger,COR-013,SEC-0128,2026-09-15,1088,1100,2,53.1,1200,4.5,80
TRN-06863,Express,COR-005,SEC-0042,2026-09-10,823,833,3,80.4,1400,8.0,110
TRN-06864,Superfast,COR-005,SEC-0050,2026-09-07,115,125,3,53.6,1600,14.4,100
TRN-06865,Passenger,COR-017,SEC-0168,2026-09-15,129,136,2,63.6,1200,10.6,110
TRN-06866,Passenger,COR-011,SEC-0106,2026-09-11,164,174,2,51.4,1200,15.6,80
TRN-06867,Superfast,COR-008,SEC-0079,2026-09-10,358,365,3,79.6,1600,7.4,110
TRN-06868,Superfast,COR-019,SEC-0187,2026-09-07,533,540,3,50.1,1600,2.2,110
TRN-06869,Express,COR-001,SEC-0004,2026-09-12,591,598,3,99.0,1400,7.7,110
TRN-06870,Superfast,COR-002,SEC-0019,2026-09-08,352,364,3,76.1,1600,9.3,100
TRN-06871,Passenger,COR-016,SEC-0151,2026-09-05,1273,1293,2,73.6,1200,13.8,120
TRN-06872,Freight,COR-004,SEC-0035,2026-09-10,343,355,1,40.2,3000,11.2,120
TRN-06873,Express,COR-003,SEC-0029,2026-09-15,1247,1254,3,79.3,1400,9.5,80
TRN-06874,Superfast,COR-015,SEC-0142,2026-09-09,1332,1337,3,69.7,1600,8.6,100
TRN-06875,Passenger,COR-006,SEC-0060,2026-09-14,1388,1393,2,51.2,1200,10.0,110
TRN-06876,Passenger,COR-008,SEC-0071,2026-09-09,1169,1174,2,75.7,1200,9.6,110
TRN-06877,Passenger,COR-004,SEC-0031,2026-09-08,909,916,2,73.2,1200,7.3,80
TRN-06878,EMU,COR-005,SEC-0046,2026-09-06,90,100,2,69.7,900,9.1,120
TRN-06879,Freight,COR-009,SEC-0087,2026-09-16,55,65,1,17.7,3000,2.3,130
TRN-06880,EMU,COR-005,SEC-0049,2026-09-10,1417,1429,2,68.6,900,12.1,110
TRN-06881,Freight,COR-014,SEC-0136,2026-09-16,434,444,1,60.1,3000,10.7,110
TRN-06882,Freight,COR-018,SEC-0174,2026-09-12,459,466,1,15.1,3000,2.8,130
TRN-06883,Superfast,COR-011,SEC-0109,2026-09-13,638,650,3,71.6,1600,11.4,110
TRN-06884,Superfast,COR-014,SEC-0134,2026-09-13,561,576,3,73.5,1600,8.2,80
TRN-06885,Freight,COR-001,SEC-0008,2026-09-15,1310,1322,1,5.0,3000,5.5,80
TRN-06886,Passenger,COR-003,SEC-0028,2026-09-08,76,81,2,42.1,1200,5.3,110
TRN-06887,Express,COR-018,SEC-0179,2026-09-08,483,495,3,68.3,1400,8.2,100
TRN-06888,Passenger,COR-003,SEC-0026,2026-09-15,873,893,2,88.0,1200,14.2,130
TRN-06889,Freight,COR-018,SEC-0179,2026-09-16,931,936,1,19.8,3000,5.3,120
TRN-06890,Express,COR-010,SEC-0093,2026-09-07,1198,1218,3,90.6,1400,8.9,110
TRN-06891,Superfast,COR-016,SEC-0152,2026-09-13,1087,1094,3,89.1,1600,8.9,110
TRN-06892,Passenger,COR-012,SEC-0112,2026-09-09,779,789,2,48.4,1200,6.3,110
TRN-06893,EMU,COR-006,SEC-0057,2026-09-12,393,405,2,49.9,900,9.8,110
TRN-06894,Express,COR-017,SEC-0166,2026-09-14,1216,1223,3,99.0,1400,14.4,100
TRN-06895,EMU,COR-004,SEC-0031,2026-09-05,572,582,2,68.1,900,12.2,130
TRN-06896,Express,COR-008,SEC-0072,2026-09-14,41,61,3,53.2,1400,9.4,110
TRN-06897,Freight,COR-009,SEC-0090,2026-09-13,1,8,1,46.9,3000,8.5,100
TRN-06898,Passenger,COR-014,SEC-0135,2026-09-15,558,570,2,77.0,1200,7.1,80
TRN-06899,Express,COR-015,SEC-0145,2026-09-09,998,1010,3,82.4,1400,10.0,110
TRN-06900,EMU,COR-009,SEC-0083,2026-09-12,1338,1358,2,57.7,900,11.4,130
TRN-06901,Superfast,COR-010,SEC-0097,2026-09-04,148,163,3,58.3,1600,12.6,100
TRN-06902,Freight,COR-006,SEC-0056,2026-09-11,764,774,1,37.9,3000,5.7,130
TRN-06903,Passenger,COR-007,SEC-0066,2026-09-13,1334,1354,2,59.6,1200,11.3,110
TRN-06904,Passenger,COR-017,SEC-0169,2026-09-12,30,40,2,96.2,1200,12.0,120
TRN-06905,Express,COR-006,SEC-0055,2026-09-10,668,688,3,66.5,1400,7.2,120
TRN-06906,EMU,COR-001,SEC-0008,2026-09-09,805,817,2,99.0,900,9.8,130
TRN-06907,Superfast,COR-001,SEC-0003,2026-09-15,342,352,3,83.0,1600,6.4,130
TRN-06908,Passenger,COR-007,SEC-0069,2026-09-09,1265,1275,2,85.9,1200,7.2,110
TRN-06909,EMU,COR-013,SEC-0121,2026-09-13,686,693,2,99.0,900,6.9,80
TRN-06910,Express,COR-009,SEC-0081,2026-09-03,339,359,3,85.8,1400,10.9,120
TRN-06911,Passenger,COR-001,SEC-0010,2026-09-15,126,138,2,73.9,1200,8.3,110
TRN-06912,Express,COR-020,SEC-0194,2026-09-10,1167,1179,3,81.3,1400,7.6,110
TRN-06913,Passenger,COR-007,SEC-0065,2026-09-09,1279,1289,2,70.3,1200,14.2,110
TRN-06914,Express,COR-011,SEC-0102,2026-09-05,849,856,3,58.4,1400,10.7,120
TRN-06915,Superfast,COR-017,SEC-0166,2026-09-03,1275,1282,3,82.0,1600,13.5,110
TRN-06916,Superfast,COR-002,SEC-0018,2026-09-04,574,586,3,92.2,1600,16.0,100
TRN-06917,Superfast,COR-014,SEC-0138,2026-09-11,1067,1082,3,99.0,1600,14.4,100
TRN-06918,Express,COR-004,SEC-0031,2026-09-13,1237,1257,3,67.8,1400,14.3,110
TRN-06919,Express,COR-002,SEC-0019,2026-09-14,11,21,3,62.9,1400,10.8,120
TRN-06920,Superfast,COR-014,SEC-0133,2026-09-07,1276,1286,3,25.0,1600,8.8,120
TRN-06921,Superfast,COR-002,SEC-0014,2026-09-03,89,96,3,66.3,1600,15.3,130
TRN-06922,Superfast,COR-018,SEC-0177,2026-09-04,802,809,3,69.0,1600,9.7,100
TRN-06923,Express,COR-013,SEC-0130,2026-09-15,177,192,3,76.3,1400,6.8,110
TRN-06924,Freight,COR-007,SEC-0067,2026-09-06,873,883,1,19.3,3000,6.8,120
TRN-06925,Superfast,COR-002,SEC-0016,2026-09-06,534,546,3,75.5,1600,6.4,130
TRN-06926,Passenger,COR-004,SEC-0039,2026-09-05,481,496,2,64.6,1200,9.5,110
TRN-06927,Superfast,COR-014,SEC-0137,2026-09-07,472,492,3,84.8,1600,12.2,100
TRN-06928,Superfast,COR-014,SEC-0137,2026-09-03,778,798,3,64.6,1600,6.9,110
TRN-06929,EMU,COR-016,SEC-0159,2026-09-14,725,735,2,25.0,900,5.1,120
TRN-06930,Freight,COR-017,SEC-0162,2026-09-16,80,90,1,72.5,3000,13.4,110
TRN-06931,Superfast,COR-006,SEC-0058,2026-09-10,947,962,3,79.5,1600,10.8,80
TRN-06932,EMU,COR-014,SEC-0139,2026-09-11,694,714,2,86.8,900,11.3,130
TRN-06933,EMU,COR-011,SEC-0109,2026-09-09,1048,1058,2,82.8,900,11.3,110
TRN-06934,Passenger,COR-010,SEC-0100,2026-09-04,1280,1292,2,60.1,1200,5.4,100
TRN-06935,Passenger,COR-019,SEC-0186,2026-09-13,1280,1292,2,67.0,1200,5.0,80
TRN-06936,Freight,COR-005,SEC-0049,2026-09-07,1114,1124,1,35.5,3000,4.0,110
TRN-06937,Freight,COR-020,SEC-0192,2026-09-09,424,434,1,27.8,3000,3.2,110
TRN-06938,Passenger,COR-002,SEC-0011,2026-09-03,356,361,2,56.2,1200,9.0,120
TRN-06939,Freight,COR-015,SEC-0148,2026-09-12,1338,1350,1,55.5,3000,5.7,100
TRN-06940,EMU,COR-002,SEC-0020,2026-09-05,634,646,2,69.5,900,11.2,110
TRN-06941,Freight,COR-001,SEC-0005,2026-09-06,1135,1147,1,24.3,3000,7.8,120
TRN-06942,Freight,COR-012,SEC-0115,2026-09-12,1087,1092,1,39.3,3000,9.1,100
TRN-06943,Freight,COR-004,SEC-0036,2026-09-06,368,373,1,18.9,3000,5.4,100
TRN-06944,Passenger,COR-016,SEC-0157,2026-09-14,1180,1185,2,80.6,1200,3.7,100
TRN-06945,Freight,COR-001,SEC-0004,2026-09-13,398,408,1,51.8,3000,8.4,120
TRN-06946,EMU,COR-013,SEC-0126,2026-09-08,1363,1368,2,92.8,900,12.4,110
TRN-06947,Passenger,COR-003,SEC-0028,2026-09-09,1013,1033,2,96.1,1200,7.4,110
TRN-06948,EMU,COR-014,SEC-0140,2026-09-10,1390,1397,2,72.9,900,3.3,100
TRN-06949,Express,COR-014,SEC-0139,2026-09-03,20,35,3,53.8,1400,7.6,130
TRN-06950,EMU,COR-012,SEC-0112,2026-09-13,342,362,2,73.5,900,11.7,80
TRN-06951,EMU,COR-014,SEC-0136,2026-09-05,489,501,2,38.8,900,5.6,130
TRN-06952,EMU,COR-017,SEC-0161,2026-09-04,195,202,2,63.4,900,11.0,120
TRN-06953,Superfast,COR-015,SEC-0148,2026-09-10,1123,1138,3,79.8,1600,6.6,80
TRN-06954,Express,COR-020,SEC-0197,2026-09-11,608,613,3,78.5,1400,7.1,120
TRN-06955,Freight,COR-005,SEC-0049,2026-09-07,1390,1395,1,29.7,3000,3.6,130
TRN-06956,Passenger,COR-016,SEC-0155,2026-09-15,908,918,2,67.1,1200,7.5,110
TRN-06957,Express,COR-002,SEC-0019,2026-09-13,361,381,3,54.7,1400,7.9,80
TRN-06958,Superfast,COR-019,SEC-0187,2026-09-12,222,229,3,52.7,1600,9.3,100
TRN-06959,EMU,COR-014,SEC-0139,2026-09-12,800,810,2,84.2,900,12.3,100
TRN-06960,Passenger,COR-003,SEC-0021,2026-09-11,1439,1440,2,57.8,1200,12.8,80
TRN-06961,Freight,COR-003,SEC-0029,2026-09-14,878,883,1,48.2,3000,7.4,100
TRN-06962,Passenger,COR-003,SEC-0025,2026-09-05,772,782,2,72.2,1200,10.9,100
TRN-06963,Passenger,COR-020,SEC-0198,2026-09-08,759,771,2,75.0,1200,7.0,110
TRN-06964,Passenger,COR-009,SEC-0082,2026-09-08,543,553,2,79.8,1200,14.0,110
TRN-06965,EMU,COR-014,SEC-0135,2026-09-15,266,271,2,61.0,900,4.5,120
TRN-06966,Superfast,COR-020,SEC-0191,2026-09-05,614,626,3,86.2,1600,10.8,100
TRN-06967,EMU,COR-011,SEC-0101,2026-09-11,849,856,2,61.9,900,8.1,110
TRN-06968,Superfast,COR-020,SEC-0193,2026-09-04,1277,1287,3,75.9,1600,9.2,110
TRN-06969,Passenger,COR-007,SEC-0061,2026-09-09,1372,1379,2,55.2,1200,8.5,120
TRN-06970,Freight,COR-012,SEC-0112,2026-09-07,504,514,1,29.7,3000,3.4,120
TRN-06971,Passenger,COR-012,SEC-0112,2026-09-14,358,363,2,60.8,1200,8.3,120
TRN-06972,Express,COR-002,SEC-0017,2026-09-06,798,810,3,97.2,1400,13.8,100
TRN-06973,Superfast,COR-020,SEC-0198,2026-09-09,553,565,3,46.6,1600,5.0,120
TRN-06974,Express,COR-006,SEC-0053,2026-09-07,262,274,3,58.9,1400,10.7,100
TRN-06975,Freight,COR-010,SEC-0096,2026-09-06,1120,1125,1,31.0,3000,11.7,80
TRN-06976,Passenger,COR-001,SEC-0001,2026-09-11,439,446,2,36.4,1200,8.3,110
TRN-06977,EMU,COR-018,SEC-0171,2026-09-06,645,665,2,84.4,900,13.2,80
TRN-06978,Superfast,COR-020,SEC-0193,2026-09-15,1262,1267,3,51.3,1600,11.4,110
TRN-06979,Superfast,COR-011,SEC-0103,2026-09-10,690,710,3,62.9,1600,7.9,120
TRN-06980,Express,COR-009,SEC-0085,2026-09-06,1060,1072,3,75.8,1400,10.1,110
TRN-06981,Passenger,COR-008,SEC-0080,2026-09-13,1231,1246,2,82.4,1200,7.9,120
TRN-06982,Freight,COR-012,SEC-0112,2026-09-16,45,50,1,19.0,3000,3.5,110
TRN-06983,Passenger,COR-017,SEC-0163,2026-09-09,1218,1230,2,71.6,1200,14.4,80
TRN-06984,Superfast,COR-012,SEC-0112,2026-09-06,301,306,3,51.1,1600,11.1,80
TRN-06985,Passenger,COR-005,SEC-0050,2026-09-03,193,208,2,78.4,1200,12.3,100
TRN-06986,Passenger,COR-009,SEC-0081,2026-09-10,70,82,2,69.2,1200,9.8,120
TRN-06987,EMU,COR-011,SEC-0108,2026-09-08,930,940,2,69.3,900,11.1,100
TRN-06988,Superfast,COR-010,SEC-0099,2026-09-10,169,174,3,99.0,1600,12.0,110
TRN-06989,Express,COR-015,SEC-0148,2026-09-11,19,34,3,99.0,1400,5.6,120
TRN-06990,Freight,COR-019,SEC-0190,2026-09-07,1347,1352,1,39.5,3000,8.5,100
TRN-06991,Freight,COR-004,SEC-0036,2026-09-07,67,79,1,45.9,3000,4.0,100
TRN-06992,Passenger,COR-009,SEC-0089,2026-09-11,397,407,2,53.6,1200,5.1,80
TRN-06993,Express,COR-011,SEC-0105,2026-09-04,621,633,3,41.2,1400,10.4,120
TRN-06994,Passenger,COR-016,SEC-0154,2026-09-13,1066,1086,2,81.4,1200,11.0,120
TRN-06995,Passenger,COR-017,SEC-0168,2026-09-12,772,782,2,91.1,1200,8.5,80
TRN-06996,EMU,COR-010,SEC-0092,2026-09-11,611,621,2,78.1,900,9.9,110
TRN-06997,Superfast,COR-012,SEC-0115,2026-09-12,261,276,3,99.0,1600,9.3,110
TRN-06998,EMU,COR-020,SEC-0191,2026-09-16,254,261,2,66.5,900,13.3,120
TRN-06999,Superfast,COR-003,SEC-0028,2026-09-15,601,611,3,72.4,1600,6.9,100
TRN-07000,Express,COR-001,SEC-0008,2026-09-10,1327,1332,3,59.5,1400,8.8,110
TRN-07001,EMU,COR-016,SEC-0152,2026-09-04,599,604,2,53.9,900,6.7,100
TRN-07002,Superfast,COR-009,SEC-0081,2026-09-05,136,143,3,79.5,1600,11.6,80
TRN-07003,Passenger,COR-014,SEC-0137,2026-09-08,1431,1439,2,90.0,1200,10.7,130
TRN-07004,Express,COR-016,SEC-0156,2026-09-09,1389,1396,3,80.6,1400,9.0,100
TRN-07005,Freight,COR-013,SEC-0125,2026-09-09,761,766,1,7.6,3000,15.4,110
TRN-07006,Passenger,COR-015,SEC-0148,2026-09-03,629,639,2,84.9,1200,13.9,120
TRN-07007,Express,COR-018,SEC-0172,2026-09-11,1412,1427,3,68.2,1400,8.6,110
TRN-07008,EMU,COR-016,SEC-0160,2026-09-05,632,644,2,92.3,900,13.5,120
TRN-07009,Passenger,COR-013,SEC-0126,2026-09-06,377,389,2,59.4,1200,9.3,80
TRN-07010,Freight,COR-011,SEC-0109,2026-09-08,338,348,1,49.1,3000,7.9,110
TRN-07011,Express,COR-018,SEC-0174,2026-09-03,155,165,3,53.0,1400,7.9,110
TRN-07012,Superfast,COR-019,SEC-0190,2026-09-05,945,955,3,64.8,1600,10.1,110
TRN-07013,EMU,COR-003,SEC-0030,2026-09-11,98,108,2,71.1,900,3.0,80
TRN-07014,Passenger,COR-010,SEC-0096,2026-09-14,1126,1138,2,80.5,1200,7.7,120
TRN-07015,EMU,COR-013,SEC-0123,2026-09-11,1418,1425,2,72.8,900,10.3,100
TRN-07016,Passenger,COR-009,SEC-0086,2026-09-06,918,925,2,74.5,1200,11.2,100
TRN-07017,Freight,COR-006,SEC-0052,2026-09-03,1054,1059,1,21.1,3000,5.9,100
TRN-07018,Passenger,COR-008,SEC-0073,2026-09-04,150,162,2,74.0,1200,11.7,110
TRN-07019,Superfast,COR-011,SEC-0103,2026-09-04,618,628,3,72.7,1600,10.2,80
TRN-07020,EMU,COR-018,SEC-0171,2026-09-06,1315,1327,2,99.0,900,11.4,80
TRN-07021,Passenger,COR-019,SEC-0185,2026-09-04,174,184,2,89.5,1200,10.8,110
TRN-07022,Freight,COR-017,SEC-0161,2026-09-12,251,263,1,28.4,3000,5.5,120
TRN-07023,Freight,COR-007,SEC-0062,2026-09-08,620,625,1,30.8,3000,6.1,80
TRN-07024,Freight,COR-012,SEC-0112,2026-09-05,590,605,1,34.3,3000,1.0,110
TRN-07025,Passenger,COR-009,SEC-0081,2026-09-13,355,362,2,89.9,1200,9.7,110
TRN-07026,Express,COR-016,SEC-0157,2026-09-04,710,720,3,61.0,1400,7.7,110
TRN-07027,EMU,COR-009,SEC-0087,2026-09-12,808,820,2,58.8,900,2.8,100
TRN-07028,Freight,COR-010,SEC-0100,2026-09-06,836,851,1,30.0,3000,7.3,120
TRN-07029,Passenger,COR-016,SEC-0153,2026-09-09,581,593,2,90.3,1200,9.4,110
TRN-07030,Express,COR-009,SEC-0088,2026-09-11,482,502,3,78.5,1400,10.4,120
TRN-07031,Express,COR-009,SEC-0082,2026-09-04,795,805,3,86.8,1400,10.8,110
TRN-07032,EMU,COR-006,SEC-0057,2026-09-07,1069,1081,2,82.8,900,9.5,100
TRN-07033,Passenger,COR-012,SEC-0113,2026-09-07,1190,1210,2,41.7,1200,8.3,110
TRN-07034,Freight,COR-014,SEC-0139,2026-09-15,270,280,1,40.1,3000,6.8,120
TRN-07035,Passenger,COR-001,SEC-0004,2026-09-06,1077,1097,2,80.1,1200,8.6,120
TRN-07036,Express,COR-011,SEC-0103,2026-09-16,443,448,3,64.7,1400,8.6,130
TRN-07037,EMU,COR-009,SEC-0081,2026-09-04,515,530,2,76.5,900,14.2,110
TRN-07038,EMU,COR-016,SEC-0153,2026-09-07,220,230,2,52.1,900,8.9,80
TRN-07039,Superfast,COR-015,SEC-0143,2026-09-14,1123,1128,3,38.2,1600,5.3,100
TRN-07040,Express,COR-005,SEC-0048,2026-09-13,796,808,3,67.3,1400,8.9,100
TRN-07041,Freight,COR-010,SEC-0095,2026-09-04,8,20,1,23.4,3000,7.4,120
TRN-07042,Freight,COR-016,SEC-0159,2026-09-12,1265,1277,1,29.5,3000,8.4,110
TRN-07043,EMU,COR-014,SEC-0139,2026-09-09,1116,1126,2,99.0,900,12.7,110
TRN-07044,Superfast,COR-017,SEC-0166,2026-09-03,844,859,3,75.9,1600,6.4,110
TRN-07045,Freight,COR-019,SEC-0189,2026-09-14,1135,1142,1,14.7,3000,2.9,120
TRN-07046,Freight,COR-010,SEC-0093,2026-09-13,967,972,1,38.2,3000,3.6,80
TRN-07047,Superfast,COR-001,SEC-0006,2026-09-04,451,461,3,52.3,1600,9.6,80
TRN-07048,Superfast,COR-011,SEC-0108,2026-09-04,417,427,3,85.0,1600,12.5,80
TRN-07049,EMU,COR-011,SEC-0108,2026-09-07,1337,1349,2,78.7,900,13.5,120
TRN-07050,Superfast,COR-002,SEC-0011,2026-09-16,724,734,3,51.9,1600,8.1,110
TRN-07051,Express,COR-012,SEC-0113,2026-09-05,262,272,3,89.6,1400,14.1,110
TRN-07052,EMU,COR-018,SEC-0180,2026-09-10,377,392,2,63.3,900,8.0,130
TRN-07053,Express,COR-010,SEC-0100,2026-09-05,652,659,3,67.2,1400,4.6,120
TRN-07054,Express,COR-019,SEC-0184,2026-09-15,868,873,3,78.8,1400,7.5,100
TRN-07055,Freight,COR-014,SEC-0134,2026-09-11,964,976,1,38.1,3000,5.1,80
TRN-07056,Express,COR-003,SEC-0028,2026-09-08,460,467,3,71.1,1400,14.8,100
TRN-07057,Passenger,COR-016,SEC-0160,2026-09-10,1382,1387,2,65.3,1200,8.1,130
TRN-07058,Passenger,COR-004,SEC-0036,2026-09-15,215,220,2,89.1,1200,12.6,100
TRN-07059,Freight,COR-003,SEC-0023,2026-09-14,1040,1047,1,72.0,3000,11.5,130
TRN-07060,Passenger,COR-005,SEC-0044,2026-09-06,233,248,2,44.9,1200,11.4,100
TRN-07061,Superfast,COR-008,SEC-0076,2026-09-06,76,83,3,89.5,1600,11.8,100
TRN-07062,Passenger,COR-014,SEC-0137,2026-09-10,119,126,2,70.8,1200,4.0,100
TRN-07063,EMU,COR-017,SEC-0166,2026-09-08,785,795,2,73.4,900,7.5,110
TRN-07064,Passenger,COR-007,SEC-0064,2026-09-07,487,494,2,74.9,1200,8.4,120
TRN-07065,Express,COR-012,SEC-0120,2026-09-06,484,494,3,77.3,1400,3.7,130
TRN-07066,EMU,COR-009,SEC-0088,2026-09-05,940,945,2,56.0,900,10.5,120
TRN-07067,Freight,COR-014,SEC-0131,2026-09-08,1192,1207,1,37.8,3000,9.9,110
TRN-07068,Superfast,COR-020,SEC-0195,2026-09-08,1407,1422,3,59.4,1600,9.6,130
TRN-07069,Passenger,COR-004,SEC-0033,2026-09-10,818,830,2,99.0,1200,10.1,120
TRN-07070,Express,COR-010,SEC-0097,2026-09-05,1103,1113,3,90.4,1400,12.5,110
TRN-07071,EMU,COR-009,SEC-0083,2026-09-12,78,85,2,46.6,900,8.7,120
TRN-07072,Freight,COR-009,SEC-0087,2026-09-08,1434,1439,1,14.1,3000,6.2,130
TRN-07073,Passenger,COR-013,SEC-0130,2026-09-06,1046,1051,2,76.4,1200,10.4,100
TRN-07074,Passenger,COR-012,SEC-0119,2026-09-16,1311,1321,2,49.0,1200,6.7,100
TRN-07075,Superfast,COR-004,SEC-0040,2026-09-07,34,44,3,73.0,1600,8.6,120
TRN-07076,Freight,COR-016,SEC-0153,2026-09-14,619,626,1,37.0,3000,10.1,100
TRN-07077,Express,COR-003,SEC-0026,2026-09-14,1353,1360,3,73.7,1400,6.2,110
TRN-07078,EMU,COR-002,SEC-0015,2026-09-05,1003,1008,2,54.9,900,14.9,110
TRN-07079,EMU,COR-012,SEC-0117,2026-09-06,39,49,2,67.5,900,10.2,110
TRN-07080,Freight,COR-003,SEC-0025,2026-09-03,191,201,1,23.7,3000,10.6,100
TRN-07081,Express,COR-003,SEC-0026,2026-09-15,303,313,3,78.9,1400,7.0,110
TRN-07082,Passenger,COR-001,SEC-0006,2026-09-10,610,630,2,79.2,1200,7.0,110
TRN-07083,EMU,COR-014,SEC-0137,2026-09-03,890,897,2,83.7,900,10.2,110
TRN-07084,Superfast,COR-013,SEC-0121,2026-09-13,877,887,3,69.9,1600,1.0,120
TRN-07085,Passenger,COR-017,SEC-0161,2026-09-07,37,42,2,81.4,1200,12.4,120
TRN-07086,EMU,COR-013,SEC-0130,2026-09-10,50,60,2,84.0,900,11.4,100
TRN-07087,EMU,COR-011,SEC-0109,2026-09-15,112,122,2,71.2,900,15.5,110
TRN-07088,EMU,COR-006,SEC-0057,2026-09-04,1085,1097,2,75.7,900,10.9,80
TRN-07089,Passenger,COR-004,SEC-0033,2026-09-14,1044,1054,2,47.4,1200,10.8,110
TRN-07090,Passenger,COR-003,SEC-0025,2026-09-11,1010,1030,2,64.5,1200,11.1,110
TRN-07091,Express,COR-015,SEC-0147,2026-09-14,530,542,3,72.8,1400,6.7,110
TRN-07092,Freight,COR-011,SEC-0105,2026-09-15,540,552,1,39.9,3000,11.5,110
TRN-07093,Express,COR-004,SEC-0037,2026-09-14,1165,1175,3,65.1,1400,7.1,120
TRN-07094,Express,COR-006,SEC-0057,2026-09-14,463,478,3,91.8,1400,5.6,120
TRN-07095,EMU,COR-002,SEC-0015,2026-09-03,742,762,2,79.2,900,8.4,110
TRN-07096,Superfast,COR-010,SEC-0091,2026-09-15,352,362,3,72.8,1600,7.5,130
TRN-07097,Freight,COR-007,SEC-0070,2026-09-15,1016,1036,1,28.0,3000,10.2,110
TRN-07098,Express,COR-002,SEC-0018,2026-09-12,1188,1198,3,61.1,1400,10.3,110
TRN-07099,Superfast,COR-011,SEC-0104,2026-09-05,1093,1105,3,89.7,1600,13.5,100
TRN-07100,Superfast,COR-013,SEC-0130,2026-09-10,1221,1233,3,79.3,1600,8.3,120
TRN-07101,Express,COR-007,SEC-0062,2026-09-05,597,609,3,86.3,1400,10.7,80
TRN-07102,Freight,COR-015,SEC-0150,2026-09-16,1034,1046,1,37.5,3000,9.9,120
TRN-07103,Express,COR-013,SEC-0130,2026-09-14,757,762,3,65.8,1400,8.6,120
TRN-07104,Express,COR-004,SEC-0036,2026-09-10,379,389,3,91.0,1400,17.7,130
TRN-07105,Superfast,COR-019,SEC-0186,2026-09-03,16,31,3,85.4,1600,12.4,120
TRN-07106,Express,COR-001,SEC-0004,2026-09-16,1243,1258,3,39.0,1400,1.0,110
TRN-07107,Superfast,COR-019,SEC-0188,2026-09-14,712,722,3,65.8,1600,5.9,110
TRN-07108,EMU,COR-001,SEC-0002,2026-09-11,786,796,2,71.1,900,13.3,100
TRN-07109,Express,COR-003,SEC-0021,2026-09-09,321,336,3,74.4,1400,9.0,100
TRN-07110,Express,COR-010,SEC-0093,2026-09-16,696,706,3,84.2,1400,11.2,100
TRN-07111,EMU,COR-001,SEC-0008,2026-09-11,65,70,2,52.0,900,4.1,130
TRN-07112,Superfast,COR-003,SEC-0024,2026-09-04,344,359,3,82.7,1600,12.7,110
TRN-07113,EMU,COR-006,SEC-0058,2026-09-06,1185,1190,2,85.5,900,11.6,100
TRN-07114,Passenger,COR-006,SEC-0054,2026-09-08,142,157,2,71.0,1200,11.4,130
TRN-07115,Passenger,COR-011,SEC-0106,2026-09-04,1274,1286,2,64.6,1200,12.2,100
TRN-07116,Passenger,COR-018,SEC-0179,2026-09-04,542,549,2,90.8,1200,6.0,80
TRN-07117,EMU,COR-019,SEC-0187,2026-09-03,181,186,2,52.4,900,6.7,100
TRN-07118,Express,COR-015,SEC-0147,2026-09-06,1045,1050,3,72.8,1400,10.2,80
TRN-07119,Passenger,COR-011,SEC-0106,2026-09-15,1200,1207,2,64.6,1200,7.3,130
TRN-07120,EMU,COR-011,SEC-0101,2026-09-13,949,954,2,81.9,900,11.7,130
TRN-07121,EMU,COR-014,SEC-0135,2026-09-11,379,386,2,68.5,900,8.7,80
TRN-07122,Passenger,COR-008,SEC-0080,2026-09-15,200,205,2,67.0,1200,7.9,130
TRN-07123,Superfast,COR-004,SEC-0031,2026-09-14,690,700,3,59.4,1600,6.6,80
TRN-07124,EMU,COR-005,SEC-0047,2026-09-13,177,187,2,61.4,900,4.3,110
TRN-07125,Express,COR-015,SEC-0143,2026-09-09,23,28,3,47.2,1400,5.1,120
TRN-07126,EMU,COR-014,SEC-0134,2026-09-14,1424,1434,2,95.6,900,12.1,110
TRN-07127,Passenger,COR-017,SEC-0170,2026-09-11,78,98,2,82.8,1200,11.1,120
TRN-07128,Express,COR-006,SEC-0059,2026-09-16,830,835,3,87.4,1400,10.2,120
TRN-07129,Passenger,COR-003,SEC-0028,2026-09-07,515,525,2,85.0,1200,14.7,110
TRN-07130,Superfast,COR-008,SEC-0074,2026-09-11,475,495,3,99.0,1600,7.4,110
TRN-07131,Superfast,COR-014,SEC-0132,2026-09-03,548,555,3,89.2,1600,13.8,120
TRN-07132,Freight,COR-020,SEC-0194,2026-09-08,208,218,1,31.0,3000,13.9,110
TRN-07133,EMU,COR-015,SEC-0143,2026-09-05,1086,1096,2,69.8,900,9.2,120
TRN-07134,Superfast,COR-019,SEC-0184,2026-09-03,1015,1027,3,99.0,1600,12.9,100
TRN-07135,EMU,COR-008,SEC-0072,2026-09-06,584,591,2,66.9,900,7.4,120
TRN-07136,Freight,COR-013,SEC-0130,2026-09-11,362,374,1,58.8,3000,16.2,120
TRN-07137,Freight,COR-010,SEC-0099,2026-09-13,805,815,1,40.8,3000,7.7,80
TRN-07138,EMU,COR-007,SEC-0063,2026-09-05,617,624,2,73.6,900,12.5,110
TRN-07139,Passenger,COR-011,SEC-0105,2026-09-12,410,417,2,72.0,1200,12.0,80
TRN-07140,Express,COR-018,SEC-0176,2026-09-04,1295,1305,3,86.2,1400,9.1,130
TRN-07141,Freight,COR-002,SEC-0018,2026-09-08,886,893,1,18.2,3000,7.3,130
TRN-07142,Freight,COR-019,SEC-0182,2026-09-14,1407,1414,1,39.2,3000,4.3,120
TRN-07143,Superfast,COR-008,SEC-0073,2026-09-12,1116,1121,3,47.7,1600,7.3,120
TRN-07144,Freight,COR-012,SEC-0119,2026-09-16,1238,1250,1,10.3,3000,2.6,110
TRN-07145,Passenger,COR-004,SEC-0033,2026-09-08,1146,1153,2,99.0,1200,5.2,100
TRN-07146,Superfast,COR-020,SEC-0198,2026-09-09,165,185,3,74.2,1600,10.1,80
TRN-07147,Freight,COR-014,SEC-0138,2026-09-10,1084,1096,1,30.9,3000,5.0,120
TRN-07148,Express,COR-010,SEC-0100,2026-09-03,158,163,3,96.4,1400,10.7,80
TRN-07149,EMU,COR-005,SEC-0044,2026-09-05,853,858,2,73.5,900,15.6,110
TRN-07150,Passenger,COR-018,SEC-0180,2026-09-08,110,125,2,60.7,1200,7.5,100
TRN-07151,Superfast,COR-015,SEC-0144,2026-09-03,881,893,3,99.0,1600,14.3,80
TRN-07152,Express,COR-012,SEC-0112,2026-09-14,974,994,3,66.5,1400,9.5,110
TRN-07153,Passenger,COR-015,SEC-0142,2026-09-15,399,411,2,78.6,1200,12.3,110
TRN-07154,EMU,COR-008,SEC-0077,2026-09-12,916,936,2,55.2,900,11.5,110
TRN-07155,EMU,COR-011,SEC-0107,2026-09-11,582,602,2,73.2,900,8.7,100
TRN-07156,Express,COR-017,SEC-0168,2026-09-13,778,790,3,72.8,1400,12.5,110
TRN-07157,Express,COR-007,SEC-0061,2026-09-06,305,317,3,67.4,1400,3.1,100
TRN-07158,Passenger,COR-001,SEC-0005,2026-09-05,891,911,2,60.6,1200,4.6,110
TRN-07159,Superfast,COR-015,SEC-0141,2026-09-09,189,196,3,68.2,1600,10.3,120
TRN-07160,Freight,COR-020,SEC-0191,2026-09-16,801,808,1,42.2,3000,3.8,100
TRN-07161,Superfast,COR-018,SEC-0174,2026-09-05,428,433,3,55.6,1600,3.8,120
TRN-07162,EMU,COR-018,SEC-0172,2026-09-14,878,890,2,65.0,900,12.3,100
TRN-07163,EMU,COR-010,SEC-0095,2026-09-16,917,924,2,79.6,900,3.9,120
TRN-07164,Superfast,COR-005,SEC-0048,2026-09-05,792,802,3,68.1,1600,12.3,130
TRN-07165,Passenger,COR-015,SEC-0147,2026-09-16,1401,1416,2,95.8,1200,17.0,80
TRN-07166,EMU,COR-014,SEC-0131,2026-09-11,1122,1132,2,69.0,900,9.0,120
TRN-07167,Passenger,COR-011,SEC-0109,2026-09-12,653,665,2,72.2,1200,7.7,130
TRN-07168,Express,COR-002,SEC-0017,2026-09-16,1416,1423,3,89.4,1400,12.2,120
TRN-07169,Express,COR-020,SEC-0199,2026-09-15,925,930,3,41.7,1400,10.6,80
TRN-07170,Superfast,COR-016,SEC-0152,2026-09-13,703,713,3,79.4,1600,15.4,110
TRN-07171,EMU,COR-013,SEC-0130,2026-09-08,413,423,2,84.4,900,12.5,110
TRN-07172,Freight,COR-018,SEC-0175,2026-09-04,630,640,1,20.4,3000,5.4,80
TRN-07173,Freight,COR-016,SEC-0153,2026-09-13,912,924,1,43.8,3000,12.6,100
TRN-07174,Passenger,COR-007,SEC-0070,2026-09-12,1357,1369,2,63.1,1200,8.4,110
TRN-07175,Passenger,COR-013,SEC-0127,2026-09-16,235,245,2,90.2,1200,11.5,100
TRN-07176,Superfast,COR-009,SEC-0086,2026-09-05,243,253,3,67.9,1600,6.7,100
TRN-07177,Superfast,COR-005,SEC-0050,2026-09-14,424,436,3,86.2,1600,8.3,130
TRN-07178,Superfast,COR-010,SEC-0093,2026-09-03,171,181,3,71.5,1600,7.7,100
TRN-07179,Freight,COR-016,SEC-0153,2026-09-11,261,268,1,63.8,3000,11.9,110
TRN-07180,Passenger,COR-007,SEC-0062,2026-09-09,701,713,2,73.5,1200,14.7,110
TRN-07181,Superfast,COR-013,SEC-0125,2026-09-05,1290,1297,3,99.0,1600,12.2,110
TRN-07182,Passenger,COR-013,SEC-0123,2026-09-08,231,238,2,56.8,1200,7.5,130
TRN-07183,EMU,COR-012,SEC-0117,2026-09-16,1134,1141,2,79.7,900,15.0,100
TRN-07184,Superfast,COR-007,SEC-0070,2026-09-15,311,318,3,48.7,1600,9.4,100
TRN-07185,EMU,COR-016,SEC-0159,2026-09-10,419,434,2,88.3,900,9.6,80
TRN-07186,Superfast,COR-009,SEC-0089,2026-09-16,1069,1084,3,88.7,1600,13.8,110
TRN-07187,Passenger,COR-016,SEC-0160,2026-09-13,123,138,2,72.4,1200,14.4,100
TRN-07188,Superfast,COR-020,SEC-0198,2026-09-08,1203,1215,3,69.5,1600,9.3,100
TRN-07189,EMU,COR-007,SEC-0064,2026-09-04,616,623,2,69.2,900,10.4,80
TRN-07190,EMU,COR-019,SEC-0181,2026-09-10,823,830,2,72.5,900,12.7,110
TRN-07191,Superfast,COR-002,SEC-0020,2026-09-15,716,723,3,66.2,1600,13.0,120
TRN-07192,Superfast,COR-002,SEC-0019,2026-09-10,419,424,3,69.2,1600,12.4,110
TRN-07193,Superfast,COR-012,SEC-0116,2026-09-16,752,757,3,82.6,1600,11.5,120
TRN-07194,Passenger,COR-017,SEC-0163,2026-09-11,158,170,2,64.2,1200,11.1,130
TRN-07195,Passenger,COR-004,SEC-0038,2026-09-13,479,499,2,42.0,1200,5.7,100
TRN-07196,Freight,COR-018,SEC-0174,2026-09-09,733,753,1,77.0,3000,8.3,120
TRN-07197,Passenger,COR-006,SEC-0057,2026-09-05,224,231,2,99.0,1200,12.2,110
TRN-07198,EMU,COR-015,SEC-0141,2026-09-16,597,602,2,81.7,900,9.7,100
TRN-07199,EMU,COR-015,SEC-0146,2026-09-08,811,821,2,91.0,900,7.4,110
TRN-07200,Superfast,COR-005,SEC-0050,2026-09-15,444,451,3,95.6,1600,12.1,80
TRN-07201,Superfast,COR-004,SEC-0040,2026-09-06,267,277,3,45.6,1600,11.6,100
TRN-07202,Passenger,COR-019,SEC-0188,2026-09-10,1319,1339,2,98.6,1200,10.5,100
TRN-07203,Express,COR-012,SEC-0112,2026-09-14,529,541,3,55.3,1400,9.6,100
TRN-07204,Passenger,COR-004,SEC-0038,2026-09-15,190,197,2,80.7,1200,10.8,100
TRN-07205,Passenger,COR-020,SEC-0198,2026-09-03,790,797,2,81.8,1200,7.8,110
TRN-07206,Express,COR-002,SEC-0014,2026-09-12,1141,1161,3,64.8,1400,11.6,100
TRN-07207,Freight,COR-016,SEC-0160,2026-09-16,15,35,1,18.0,3000,6.1,100
TRN-07208,Passenger,COR-010,SEC-0096,2026-09-04,1366,1386,2,34.0,1200,5.2,100
TRN-07209,Express,COR-013,SEC-0129,2026-09-06,526,538,3,76.1,1400,14.5,100
TRN-07210,EMU,COR-007,SEC-0061,2026-09-04,354,364,2,55.2,900,8.5,110
TRN-07211,Express,COR-003,SEC-0022,2026-09-15,534,539,3,86.1,1400,12.2,110
TRN-07212,EMU,COR-015,SEC-0144,2026-09-05,679,684,2,53.5,900,5.1,100
TRN-07213,Passenger,COR-019,SEC-0190,2026-09-03,561,568,2,50.1,1200,13.0,110
TRN-07214,Express,COR-010,SEC-0098,2026-09-11,1293,1308,3,74.0,1400,12.5,110
TRN-07215,Passenger,COR-001,SEC-0002,2026-09-11,1041,1051,2,87.8,1200,12.0,80
TRN-07216,Passenger,COR-016,SEC-0153,2026-09-08,981,991,2,65.7,1200,6.5,110
TRN-07217,Superfast,COR-016,SEC-0157,2026-09-09,1382,1394,3,63.3,1600,9.7,100
TRN-07218,Superfast,COR-007,SEC-0062,2026-09-06,836,848,3,67.8,1600,12.9,110
TRN-07219,Passenger,COR-014,SEC-0134,2026-09-16,300,307,2,57.1,1200,9.2,80
TRN-07220,Passenger,COR-012,SEC-0113,2026-09-07,547,567,2,54.6,1200,6.6,110
TRN-07221,Express,COR-013,SEC-0125,2026-09-04,30,37,3,80.5,1400,10.1,100
TRN-07222,Superfast,COR-007,SEC-0070,2026-09-13,1102,1112,3,87.9,1600,13.8,110
TRN-07223,EMU,COR-015,SEC-0142,2026-09-13,716,723,2,82.3,900,12.0,130
TRN-07224,Freight,COR-007,SEC-0065,2026-09-11,1175,1185,1,5.6,3000,5.5,120
TRN-07225,Superfast,COR-016,SEC-0156,2026-09-15,1048,1068,3,58.8,1600,10.6,120
TRN-07226,EMU,COR-014,SEC-0139,2026-09-16,1094,1104,2,85.2,900,14.4,110
TRN-07227,Freight,COR-018,SEC-0172,2026-09-05,622,632,1,29.7,3000,9.3,110
TRN-07228,Freight,COR-001,SEC-0006,2026-09-09,1090,1110,1,47.8,3000,6.5,110
TRN-07229,EMU,COR-007,SEC-0064,2026-09-16,202,207,2,99.0,900,15.1,110
TRN-07230,EMU,COR-008,SEC-0080,2026-09-07,881,888,2,70.2,900,11.0,110
TRN-07231,Passenger,COR-016,SEC-0160,2026-09-07,615,622,2,46.8,1200,3.0,100
TRN-07232,Freight,COR-006,SEC-0057,2026-09-15,1353,1373,1,47.8,3000,12.2,110
TRN-07233,EMU,COR-016,SEC-0155,2026-09-15,1000,1007,2,73.9,900,11.6,110
TRN-07234,Express,COR-004,SEC-0032,2026-09-14,442,457,3,65.8,1400,3.5,80
TRN-07235,Express,COR-003,SEC-0028,2026-09-12,211,231,3,73.4,1400,9.9,120
TRN-07236,EMU,COR-007,SEC-0062,2026-09-04,394,401,2,77.0,900,9.3,110
TRN-07237,Passenger,COR-003,SEC-0029,2026-09-05,1180,1200,2,80.9,1200,13.5,80
TRN-07238,EMU,COR-002,SEC-0012,2026-09-03,262,274,2,35.1,900,5.7,110
TRN-07239,Superfast,COR-002,SEC-0013,2026-09-07,132,142,3,57.6,1600,7.8,130
TRN-07240,Passenger,COR-015,SEC-0144,2026-09-12,839,851,2,94.6,1200,13.6,100
TRN-07241,Passenger,COR-016,SEC-0157,2026-09-12,436,441,2,40.6,1200,5.9,120
TRN-07242,EMU,COR-005,SEC-0050,2026-09-16,546,566,2,82.7,900,17.8,110
TRN-07243,Passenger,COR-017,SEC-0166,2026-09-04,198,213,2,80.6,1200,4.3,80
TRN-07244,Passenger,COR-014,SEC-0138,2026-09-14,721,728,2,84.5,1200,8.5,120
TRN-07245,Express,COR-003,SEC-0030,2026-09-10,151,171,3,79.7,1400,13.6,80
TRN-07246,Superfast,COR-002,SEC-0013,2026-09-03,292,299,3,52.2,1600,14.2,130
TRN-07247,Passenger,COR-002,SEC-0016,2026-09-15,1045,1050,2,90.3,1200,14.2,120
TRN-07248,Express,COR-010,SEC-0098,2026-09-04,930,950,3,53.8,1400,11.0,80
TRN-07249,Passenger,COR-005,SEC-0043,2026-09-13,478,488,2,73.1,1200,9.5,120
TRN-07250,Passenger,COR-002,SEC-0017,2026-09-09,677,689,2,93.0,1200,8.2,110
TRN-07251,Superfast,COR-003,SEC-0027,2026-09-09,638,658,3,87.7,1600,7.1,110
TRN-07252,EMU,COR-003,SEC-0029,2026-09-07,345,352,2,62.9,900,9.1,110
TRN-07253,Express,COR-017,SEC-0163,2026-09-13,517,527,3,61.9,1400,8.5,100
TRN-07254,Superfast,COR-020,SEC-0191,2026-09-05,1419,1434,3,70.8,1600,12.8,130
TRN-07255,EMU,COR-005,SEC-0047,2026-09-09,10,17,2,57.4,900,8.4,100
TRN-07256,Superfast,COR-018,SEC-0177,2026-09-04,1000,1010,3,59.8,1600,15.6,110
TRN-07257,EMU,COR-007,SEC-0063,2026-09-13,738,750,2,67.8,900,9.9,120
TRN-07258,Passenger,COR-012,SEC-0116,2026-09-07,807,827,2,83.0,1200,11.3,110
TRN-07259,Express,COR-015,SEC-0143,2026-09-03,521,536,3,69.8,1400,12.5,120
TRN-07260,Express,COR-014,SEC-0132,2026-09-05,454,469,3,72.5,1400,11.0,100
TRN-07261,Express,COR-015,SEC-0148,2026-09-12,213,220,3,65.7,1400,9.4,80
TRN-07262,EMU,COR-005,SEC-0046,2026-09-16,520,530,2,66.3,900,8.1,100
TRN-07263,Passenger,COR-016,SEC-0151,2026-09-15,304,319,2,79.2,1200,11.1,100
TRN-07264,Passenger,COR-013,SEC-0123,2026-09-04,1004,1014,2,98.5,1200,8.8,100
TRN-07265,Passenger,COR-011,SEC-0108,2026-09-05,318,325,2,61.5,1200,5.4,100
TRN-07266,Freight,COR-007,SEC-0069,2026-09-12,996,1011,1,39.9,3000,10.6,120
TRN-07267,Superfast,COR-019,SEC-0190,2026-09-16,468,480,3,73.0,1600,11.7,100
TRN-07268,Freight,COR-020,SEC-0200,2026-09-16,164,176,1,32.9,3000,11.5,130
TRN-07269,Passenger,COR-002,SEC-0016,2026-09-16,1201,1213,2,76.1,1200,11.9,120
TRN-07270,Passenger,COR-017,SEC-0166,2026-09-12,526,546,2,99.0,1200,13.2,130
TRN-07271,Superfast,COR-008,SEC-0072,2026-09-08,91,103,3,60.0,1600,15.3,120
TRN-07272,Passenger,COR-004,SEC-0033,2026-09-13,321,331,2,66.9,1200,11.4,100
TRN-07273,EMU,COR-012,SEC-0116,2026-09-08,845,865,2,68.1,900,8.6,100
TRN-07274,Freight,COR-020,SEC-0195,2026-09-07,153,160,1,38.3,3000,5.9,80
TRN-07275,Superfast,COR-015,SEC-0147,2026-09-09,472,487,3,75.1,1600,9.1,100
TRN-07276,Freight,COR-008,SEC-0077,2026-09-08,894,904,1,41.4,3000,8.6,110
TRN-07277,EMU,COR-018,SEC-0171,2026-09-16,653,663,2,83.8,900,13.1,110
TRN-07278,Express,COR-013,SEC-0127,2026-09-06,296,306,3,74.8,1400,8.9,100
TRN-07279,Express,COR-012,SEC-0114,2026-09-12,935,940,3,57.6,1400,8.5,110
TRN-07280,Express,COR-012,SEC-0115,2026-09-15,1064,1069,3,54.4,1400,8.1,100
TRN-07281,Passenger,COR-013,SEC-0129,2026-09-13,916,928,2,57.2,1200,9.9,110
TRN-07282,Superfast,COR-016,SEC-0160,2026-09-07,76,81,3,66.9,1600,11.5,110
TRN-07283,Superfast,COR-009,SEC-0084,2026-09-15,1306,1313,3,36.6,1600,2.7,100
TRN-07284,Passenger,COR-004,SEC-0034,2026-09-11,1229,1236,2,52.7,1200,8.4,110
TRN-07285,Express,COR-017,SEC-0164,2026-09-09,1016,1031,3,85.5,1400,14.1,100
TRN-07286,Passenger,COR-018,SEC-0178,2026-09-05,293,303,2,81.1,1200,6.5,110
TRN-07287,EMU,COR-014,SEC-0133,2026-09-04,599,614,2,68.0,900,11.8,100
TRN-07288,Express,COR-017,SEC-0164,2026-09-12,1411,1418,3,84.1,1400,6.0,100
TRN-07289,EMU,COR-002,SEC-0014,2026-09-06,998,1008,2,81.5,900,6.9,120
TRN-07290,Freight,COR-014,SEC-0135,2026-09-07,863,873,1,11.6,3000,2.9,130
TRN-07291,Superfast,COR-018,SEC-0177,2026-09-07,674,686,3,98.3,1600,12.0,110
TRN-07292,Freight,COR-003,SEC-0027,2026-09-13,1011,1031,1,25.4,3000,7.8,100
TRN-07293,Passenger,COR-017,SEC-0163,2026-09-03,364,384,2,80.0,1200,11.7,110
TRN-07294,Passenger,COR-008,SEC-0078,2026-09-07,437,442,2,87.5,1200,1.0,100
TRN-07295,Express,COR-011,SEC-0101,2026-09-12,271,281,3,55.7,1400,6.6,110
TRN-07296,EMU,COR-010,SEC-0096,2026-09-13,772,784,2,74.9,900,16.5,110
TRN-07297,EMU,COR-006,SEC-0058,2026-09-03,358,368,2,58.0,900,9.3,120
TRN-07298,Freight,COR-001,SEC-0004,2026-09-16,1399,1406,1,33.2,3000,9.6,80
TRN-07299,Express,COR-017,SEC-0161,2026-09-06,919,926,3,64.5,1400,8.9,120
TRN-07300,Freight,COR-011,SEC-0108,2026-09-15,78,85,1,23.3,3000,6.7,100
TRN-07301,Express,COR-010,SEC-0092,2026-09-05,1144,1151,3,73.9,1400,10.6,100
TRN-07302,Freight,COR-006,SEC-0056,2026-09-03,524,536,1,57.8,3000,14.3,130
TRN-07303,Express,COR-003,SEC-0024,2026-09-15,601,606,3,74.7,1400,11.8,80
TRN-07304,Superfast,COR-015,SEC-0145,2026-09-04,473,483,3,62.6,1600,17.9,80
TRN-07305,EMU,COR-018,SEC-0179,2026-09-12,770,777,2,85.0,900,9.9,130
TRN-07306,Passenger,COR-009,SEC-0084,2026-09-08,802,809,2,66.4,1200,1.9,120
TRN-07307,Freight,COR-014,SEC-0137,2026-09-09,350,357,1,32.9,3000,1.3,100
TRN-07308,Superfast,COR-008,SEC-0072,2026-09-07,779,791,3,61.0,1600,6.1,110
TRN-07309,Express,COR-016,SEC-0152,2026-09-07,66,78,3,72.2,1400,7.4,100
TRN-07310,Superfast,COR-008,SEC-0076,2026-09-08,576,581,3,54.9,1600,9.0,120
TRN-07311,Superfast,COR-006,SEC-0052,2026-09-08,268,275,3,55.1,1600,7.9,80
TRN-07312,Superfast,COR-009,SEC-0088,2026-09-09,1118,1138,3,64.2,1600,12.0,110
TRN-07313,EMU,COR-014,SEC-0132,2026-09-06,559,571,2,66.0,900,12.2,100
TRN-07314,Express,COR-015,SEC-0143,2026-09-09,698,708,3,72.7,1400,11.1,100
TRN-07315,Passenger,COR-008,SEC-0072,2026-09-11,474,481,2,93.6,1200,5.0,80
TRN-07316,Passenger,COR-014,SEC-0136,2026-09-15,486,491,2,81.4,1200,13.1,110
TRN-07317,Express,COR-002,SEC-0019,2026-09-15,1101,1116,3,77.8,1400,8.0,110
TRN-07318,Freight,COR-010,SEC-0095,2026-09-08,60,70,1,46.1,3000,2.4,100
TRN-07319,Passenger,COR-020,SEC-0191,2026-09-12,100,112,2,60.9,1200,7.6,110
TRN-07320,Freight,COR-020,SEC-0191,2026-09-15,358,363,1,45.8,3000,5.9,100
TRN-07321,Superfast,COR-016,SEC-0156,2026-09-04,377,392,3,93.3,1600,14.5,130
TRN-07322,Superfast,COR-014,SEC-0133,2026-09-04,1048,1060,3,76.1,1600,8.8,120
TRN-07323,EMU,COR-013,SEC-0126,2026-09-14,1311,1323,2,50.6,900,8.1,80
TRN-07324,Superfast,COR-013,SEC-0123,2026-09-08,260,275,3,65.3,1600,10.0,110
TRN-07325,EMU,COR-001,SEC-0006,2026-09-04,689,696,2,50.4,900,6.7,130
TRN-07326,Freight,COR-009,SEC-0083,2026-09-04,1407,1417,1,44.0,3000,8.6,120
TRN-07327,Passenger,COR-020,SEC-0199,2026-09-08,142,147,2,88.7,1200,10.8,110
TRN-07328,Express,COR-009,SEC-0087,2026-09-15,763,773,3,99.0,1400,11.3,110
TRN-07329,Freight,COR-011,SEC-0110,2026-09-06,320,340,1,28.4,3000,6.8,100
TRN-07330,Express,COR-007,SEC-0063,2026-09-03,162,177,3,72.5,1400,13.7,100
TRN-07331,Freight,COR-007,SEC-0063,2026-09-12,700,715,1,54.6,3000,7.3,120
TRN-07332,Passenger,COR-006,SEC-0060,2026-09-08,773,788,2,56.3,1200,7.1,110
TRN-07333,Superfast,COR-004,SEC-0039,2026-09-04,1190,1202,3,75.9,1600,13.5,80
TRN-07334,Express,COR-012,SEC-0113,2026-09-07,602,612,3,82.6,1400,9.5,120
TRN-07335,Superfast,COR-018,SEC-0172,2026-09-12,486,491,3,59.8,1600,12.6,110
TRN-07336,Passenger,COR-010,SEC-0096,2026-09-13,1061,1073,2,90.2,1200,6.6,80
TRN-07337,Passenger,COR-017,SEC-0164,2026-09-10,1336,1346,2,66.9,1200,11.3,110
TRN-07338,Freight,COR-007,SEC-0066,2026-09-05,1131,1138,1,19.0,3000,5.8,110
TRN-07339,Express,COR-012,SEC-0119,2026-09-05,1199,1209,3,96.4,1400,14.2,120
TRN-07340,EMU,COR-003,SEC-0026,2026-09-07,209,214,2,85.4,900,9.3,110
TRN-07341,Freight,COR-012,SEC-0113,2026-09-12,1166,1176,1,36.8,3000,7.3,100
TRN-07342,Superfast,COR-008,SEC-0072,2026-09-13,1027,1032,3,69.3,1600,15.4,130
TRN-07343,Superfast,COR-015,SEC-0146,2026-09-10,399,409,3,66.0,1600,14.4,110
TRN-07344,Superfast,COR-018,SEC-0179,2026-09-06,884,899,3,81.8,1600,10.0,120
TRN-07345,EMU,COR-017,SEC-0162,2026-09-12,383,395,2,64.0,900,8.3,110
TRN-07346,Superfast,COR-009,SEC-0087,2026-09-03,761,771,3,30.5,1600,7.7,80
TRN-07347,Express,COR-009,SEC-0089,2026-09-06,1240,1252,3,51.9,1400,10.7,110
TRN-07348,Superfast,COR-010,SEC-0095,2026-09-08,110,117,3,63.5,1600,9.6,110
TRN-07349,EMU,COR-013,SEC-0125,2026-09-16,1299,1309,2,86.9,900,14.3,120
TRN-07350,Passenger,COR-003,SEC-0027,2026-09-14,51,58,2,60.6,1200,2.9,80
TRN-07351,EMU,COR-012,SEC-0118,2026-09-14,399,404,2,25.0,900,5.6,110
TRN-07352,Express,COR-009,SEC-0088,2026-09-11,313,320,3,79.5,1400,10.6,120
TRN-07353,Express,COR-020,SEC-0194,2026-09-16,209,229,3,41.5,1400,9.5,120
TRN-07354,Superfast,COR-010,SEC-0100,2026-09-07,1294,1304,3,56.5,1600,10.9,80
TRN-07355,Superfast,COR-019,SEC-0183,2026-09-14,667,679,3,59.6,1600,7.0,120
TRN-07356,Passenger,COR-001,SEC-0008,2026-09-15,725,745,2,90.7,1200,12.1,130
TRN-07357,Passenger,COR-007,SEC-0064,2026-09-08,978,983,2,78.1,1200,12.1,100
TRN-07358,EMU,COR-011,SEC-0107,2026-09-09,847,854,2,84.7,900,7.4,80
TRN-07359,Passenger,COR-006,SEC-0060,2026-09-12,188,195,2,76.1,1200,9.9,120
TRN-07360,Freight,COR-010,SEC-0099,2026-09-03,761,771,1,40.2,3000,3.9,120
TRN-07361,EMU,COR-001,SEC-0008,2026-09-04,67,74,2,79.9,900,7.4,100
TRN-07362,Superfast,COR-006,SEC-0051,2026-09-04,590,597,3,41.3,1600,8.7,100
TRN-07363,Passenger,COR-020,SEC-0196,2026-09-16,421,426,2,48.9,1200,8.9,110
TRN-07364,Express,COR-016,SEC-0157,2026-09-11,260,270,3,92.1,1400,12.0,110
TRN-07365,Superfast,COR-014,SEC-0136,2026-09-12,1176,1191,3,82.9,1600,10.0,110
TRN-07366,Superfast,COR-017,SEC-0169,2026-09-15,86,96,3,52.9,1600,9.4,100
TRN-07367,Express,COR-004,SEC-0034,2026-09-06,103,108,3,62.9,1400,11.6,120
TRN-07368,EMU,COR-017,SEC-0170,2026-09-10,152,172,2,66.3,900,9.8,120
TRN-07369,Freight,COR-011,SEC-0107,2026-09-11,635,655,1,38.0,3000,11.0,100
TRN-07370,Passenger,COR-020,SEC-0191,2026-09-03,1222,1232,2,60.0,1200,9.6,100
TRN-07371,EMU,COR-019,SEC-0189,2026-09-05,340,345,2,80.7,900,7.1,100
TRN-07372,Freight,COR-018,SEC-0177,2026-09-10,431,436,1,28.5,3000,9.3,110
TRN-07373,EMU,COR-007,SEC-0063,2026-09-06,1205,1210,2,67.2,900,6.9,110
TRN-07374,EMU,COR-019,SEC-0189,2026-09-08,1220,1227,2,71.6,900,11.4,120
TRN-07375,Superfast,COR-019,SEC-0190,2026-09-10,1252,1257,3,88.7,1600,9.2,100
TRN-07376,Express,COR-011,SEC-0104,2026-09-13,470,480,3,90.5,1400,16.3,120
TRN-07377,Passenger,COR-015,SEC-0146,2026-09-08,511,518,2,99.0,1200,10.0,80
TRN-07378,EMU,COR-008,SEC-0079,2026-09-11,738,750,2,66.8,900,10.4,100
TRN-07379,Superfast,COR-003,SEC-0028,2026-09-10,1014,1019,3,77.9,1600,9.9,130
TRN-07380,EMU,COR-010,SEC-0092,2026-09-04,945,955,2,88.7,900,10.3,80
TRN-07381,Express,COR-012,SEC-0115,2026-09-06,1241,1256,3,75.8,1400,11.2,100
TRN-07382,Freight,COR-016,SEC-0157,2026-09-16,192,212,1,31.1,3000,7.7,100
TRN-07383,Freight,COR-012,SEC-0112,2026-09-05,1162,1174,1,37.8,3000,11.1,80
TRN-07384,Express,COR-017,SEC-0164,2026-09-06,1302,1312,3,64.0,1400,16.3,110
TRN-07385,Passenger,COR-006,SEC-0059,2026-09-09,335,345,2,77.9,1200,5.3,120
TRN-07386,Passenger,COR-015,SEC-0143,2026-09-10,28,48,2,59.9,1200,5.4,120
TRN-07387,Freight,COR-015,SEC-0144,2026-09-07,623,643,1,5.0,3000,6.9,110
TRN-07388,Passenger,COR-004,SEC-0033,2026-09-06,1354,1361,2,82.2,1200,12.9,110
TRN-07389,Superfast,COR-003,SEC-0027,2026-09-15,1433,1439,3,69.9,1600,9.3,80
TRN-07390,Freight,COR-018,SEC-0173,2026-09-04,275,282,1,36.2,3000,7.3,80
TRN-07391,Freight,COR-018,SEC-0179,2026-09-10,99,104,1,43.2,3000,8.2,110
TRN-07392,Passenger,COR-015,SEC-0145,2026-09-04,385,390,2,71.3,1200,13.9,100
TRN-07393,Passenger,COR-009,SEC-0084,2026-09-15,76,86,2,75.9,1200,13.8,110
TRN-07394,Express,COR-013,SEC-0130,2026-09-07,1185,1192,3,56.4,1400,8.8,110
TRN-07395,Passenger,COR-015,SEC-0149,2026-09-15,880,885,2,74.2,1200,11.4,100
TRN-07396,Superfast,COR-019,SEC-0182,2026-09-10,912,919,3,73.4,1600,9.4,110
TRN-07397,EMU,COR-003,SEC-0022,2026-09-13,820,825,2,70.2,900,11.8,120
TRN-07398,Freight,COR-019,SEC-0182,2026-09-10,868,888,1,11.9,3000,4.3,110
TRN-07399,Express,COR-003,SEC-0030,2026-09-14,1259,1266,3,82.6,1400,8.3,110
TRN-07400,EMU,COR-020,SEC-0200,2026-09-04,330,337,2,78.2,900,12.2,120
TRN-07401,EMU,COR-011,SEC-0107,2026-09-14,858,870,2,70.6,900,13.2,100
TRN-07402,Passenger,COR-007,SEC-0067,2026-09-12,1430,1435,2,78.3,1200,10.6,100
TRN-07403,Superfast,COR-005,SEC-0045,2026-09-04,129,144,3,95.7,1600,12.6,130
TRN-07404,Express,COR-008,SEC-0077,2026-09-07,109,119,3,80.9,1400,11.6,110
TRN-07405,EMU,COR-006,SEC-0060,2026-09-06,156,168,2,65.2,900,4.2,120
TRN-07406,Superfast,COR-011,SEC-0108,2026-09-10,942,954,3,68.2,1600,13.4,120
TRN-07407,Passenger,COR-002,SEC-0017,2026-09-16,540,550,2,83.6,1200,12.9,110
TRN-07408,Freight,COR-014,SEC-0133,2026-09-13,531,538,1,45.2,3000,7.9,100
TRN-07409,Express,COR-009,SEC-0086,2026-09-12,649,661,3,53.8,1400,9.7,100
TRN-07410,Superfast,COR-007,SEC-0068,2026-09-11,1221,1236,3,75.5,1600,2.3,100
TRN-07411,Superfast,COR-008,SEC-0078,2026-09-09,724,736,3,52.3,1600,9.9,100
TRN-07412,Freight,COR-005,SEC-0044,2026-09-12,869,881,1,38.9,3000,12.2,110
TRN-07413,Passenger,COR-012,SEC-0113,2026-09-06,663,668,2,53.8,1200,10.5,110
TRN-07414,Passenger,COR-018,SEC-0177,2026-09-06,978,988,2,62.8,1200,7.4,110
TRN-07415,EMU,COR-005,SEC-0047,2026-09-10,1289,1304,2,99.0,900,12.6,120
TRN-07416,Passenger,COR-011,SEC-0109,2026-09-04,387,402,2,72.6,1200,5.8,120
TRN-07417,Superfast,COR-005,SEC-0047,2026-09-11,288,308,3,77.7,1600,15.2,120
TRN-07418,Superfast,COR-003,SEC-0027,2026-09-06,508,513,3,65.8,1600,11.0,120
TRN-07419,Freight,COR-005,SEC-0042,2026-09-11,587,599,1,5.0,3000,2.2,110
TRN-07420,EMU,COR-006,SEC-0059,2026-09-03,1414,1424,2,88.3,900,6.8,100
TRN-07421,EMU,COR-008,SEC-0074,2026-09-07,311,321,2,96.8,900,5.7,120
TRN-07422,Express,COR-018,SEC-0171,2026-09-08,262,272,3,68.2,1400,15.4,110
TRN-07423,EMU,COR-010,SEC-0097,2026-09-16,879,886,2,99.0,900,10.8,120
TRN-07424,Passenger,COR-020,SEC-0191,2026-09-12,48,58,2,75.8,1200,9.3,120
TRN-07425,Passenger,COR-005,SEC-0046,2026-09-08,1399,1404,2,60.5,1200,12.4,110
TRN-07426,EMU,COR-005,SEC-0050,2026-09-10,39,59,2,77.2,900,15.9,120
TRN-07427,EMU,COR-012,SEC-0119,2026-09-13,1366,1378,2,52.1,900,9.4,130
TRN-07428,Passenger,COR-014,SEC-0140,2026-09-07,1012,1027,2,68.2,1200,7.9,110
TRN-07429,Freight,COR-001,SEC-0001,2026-09-05,544,559,1,26.5,3000,7.6,100
TRN-07430,Passenger,COR-008,SEC-0077,2026-09-08,728,738,2,71.6,1200,9.0,120
TRN-07431,EMU,COR-013,SEC-0125,2026-09-04,876,888,2,77.1,900,13.2,110
TRN-07432,Freight,COR-003,SEC-0023,2026-09-09,756,776,1,20.9,3000,1.0,110
TRN-07433,Superfast,COR-011,SEC-0105,2026-09-15,1222,1234,3,74.1,1600,9.5,110
TRN-07434,Express,COR-019,SEC-0186,2026-09-14,212,224,3,70.6,1400,2.7,80
TRN-07435,Superfast,COR-006,SEC-0058,2026-09-10,362,369,3,77.5,1600,7.9,120
TRN-07436,Freight,COR-006,SEC-0058,2026-09-06,259,269,1,32.4,3000,3.5,120
TRN-07437,Superfast,COR-006,SEC-0054,2026-09-14,650,657,3,39.1,1600,7.2,80
TRN-07438,Superfast,COR-019,SEC-0187,2026-09-07,1202,1209,3,70.4,1600,10.7,110
TRN-07439,Superfast,COR-003,SEC-0021,2026-09-03,889,894,3,99.0,1600,6.9,120
TRN-07440,EMU,COR-009,SEC-0087,2026-09-13,1260,1270,2,94.3,900,13.0,120
TRN-07441,EMU,COR-017,SEC-0168,2026-09-07,855,870,2,57.1,900,11.1,110
TRN-07442,Passenger,COR-017,SEC-0166,2026-09-13,125,130,2,88.7,1200,13.3,110
TRN-07443,Freight,COR-016,SEC-0153,2026-09-09,1157,1162,1,22.0,3000,3.2,120
TRN-07444,Superfast,COR-006,SEC-0059,2026-09-04,144,164,3,81.4,1600,14.4,110
TRN-07445,EMU,COR-020,SEC-0191,2026-09-12,358,373,2,79.7,900,9.3,100
TRN-07446,Superfast,COR-017,SEC-0162,2026-09-09,759,774,3,74.0,1600,12.0,110
TRN-07447,Passenger,COR-004,SEC-0031,2026-09-11,376,391,2,60.0,1200,6.5,110
TRN-07448,Express,COR-019,SEC-0182,2026-09-06,292,299,3,70.5,1400,15.3,120
TRN-07449,EMU,COR-002,SEC-0018,2026-09-11,966,978,2,48.7,900,10.0,130
TRN-07450,Passenger,COR-016,SEC-0159,2026-09-12,285,305,2,51.5,1200,8.2,80
TRN-07451,Express,COR-008,SEC-0073,2026-09-13,1309,1319,3,79.4,1400,13.5,100
TRN-07452,Express,COR-017,SEC-0164,2026-09-03,1374,1381,3,62.5,1400,8.9,110
TRN-07453,Freight,COR-015,SEC-0148,2026-09-14,1183,1195,1,85.0,3000,3.0,110
TRN-07454,Express,COR-014,SEC-0132,2026-09-16,1032,1044,3,83.1,1400,10.0,80
TRN-07455,Express,COR-020,SEC-0193,2026-09-07,1271,1281,3,46.4,1400,4.9,110
TRN-07456,Express,COR-019,SEC-0181,2026-09-12,1352,1362,3,73.1,1400,7.3,100
TRN-07457,Superfast,COR-006,SEC-0059,2026-09-08,736,741,3,55.1,1600,2.2,100
TRN-07458,Passenger,COR-015,SEC-0145,2026-09-08,643,663,2,91.0,1200,12.2,100
TRN-07459,Passenger,COR-003,SEC-0026,2026-09-15,70,77,2,51.3,1200,3.0,110
TRN-07460,Superfast,COR-015,SEC-0146,2026-09-03,29,41,3,70.1,1600,13.2,100
TRN-07461,Express,COR-017,SEC-0165,2026-09-06,1369,1381,3,79.0,1400,5.2,130
TRN-07462,Passenger,COR-016,SEC-0156,2026-09-13,1089,1099,2,56.2,1200,12.3,100
TRN-07463,Superfast,COR-006,SEC-0060,2026-09-14,797,804,3,54.5,1600,7.0,80
TRN-07464,Freight,COR-020,SEC-0199,2026-09-12,510,530,1,9.7,3000,2.7,80
TRN-07465,Express,COR-014,SEC-0136,2026-09-03,255,262,3,96.1,1400,9.8,100
TRN-07466,Express,COR-017,SEC-0168,2026-09-03,631,641,3,90.1,1400,12.8,80
TRN-07467,Superfast,COR-012,SEC-0113,2026-09-08,227,237,3,57.2,1600,5.7,120
TRN-07468,Freight,COR-007,SEC-0069,2026-09-04,543,553,1,30.7,3000,5.8,100
TRN-07469,Superfast,COR-016,SEC-0154,2026-09-14,78,93,3,66.8,1600,2.3,100
TRN-07470,EMU,COR-017,SEC-0168,2026-09-06,1158,1170,2,99.0,900,13.5,110
TRN-07471,Express,COR-007,SEC-0063,2026-09-04,319,331,3,59.9,1400,6.6,80
TRN-07472,Freight,COR-019,SEC-0183,2026-09-14,1335,1342,1,44.7,3000,6.4,100
TRN-07473,Passenger,COR-019,SEC-0186,2026-09-12,1156,1166,2,65.1,1200,10.6,120
TRN-07474,Express,COR-009,SEC-0081,2026-09-09,332,344,3,99.0,1400,12.9,120
TRN-07475,Express,COR-017,SEC-0164,2026-09-12,950,955,3,67.2,1400,2.1,120
TRN-07476,Superfast,COR-011,SEC-0109,2026-09-11,634,646,3,79.0,1600,13.5,80
TRN-07477,Passenger,COR-012,SEC-0114,2026-09-11,1005,1012,2,55.3,1200,6.2,100
TRN-07478,Passenger,COR-013,SEC-0125,2026-09-15,1432,1439,2,91.6,1200,12.6,80
TRN-07479,Passenger,COR-007,SEC-0066,2026-09-12,600,605,2,73.9,1200,4.8,100
TRN-07480,Passenger,COR-002,SEC-0015,2026-09-10,1223,1230,2,87.8,1200,8.3,80
TRN-07481,Express,COR-004,SEC-0034,2026-09-11,275,280,3,42.3,1400,6.3,110
TRN-07482,Superfast,COR-006,SEC-0055,2026-09-11,47,52,3,66.9,1600,9.8,130
TRN-07483,Express,COR-015,SEC-0141,2026-09-11,1247,1257,3,99.0,1400,12.0,120
TRN-07484,Freight,COR-010,SEC-0091,2026-09-04,1211,1226,1,34.1,3000,9.7,120
TRN-07485,Passenger,COR-015,SEC-0146,2026-09-10,1309,1314,2,62.1,1200,6.0,120
TRN-07486,Superfast,COR-010,SEC-0098,2026-09-11,1192,1212,3,40.6,1600,4.4,80
TRN-07487,EMU,COR-015,SEC-0142,2026-09-07,444,451,2,71.9,900,13.1,120
TRN-07488,Superfast,COR-015,SEC-0145,2026-09-14,1415,1425,3,69.0,1600,12.1,120
TRN-07489,Superfast,COR-005,SEC-0046,2026-09-12,1409,1419,3,64.6,1600,5.6,100
TRN-07490,Freight,COR-016,SEC-0155,2026-09-16,485,497,1,29.5,3000,10.2,80
TRN-07491,EMU,COR-012,SEC-0119,2026-09-05,1270,1282,2,75.7,900,11.9,120
TRN-07492,Freight,COR-002,SEC-0018,2026-09-16,1359,1369,1,25.2,3000,6.2,130
TRN-07493,EMU,COR-005,SEC-0043,2026-09-15,651,666,2,49.6,900,5.7,110
TRN-07494,Superfast,COR-008,SEC-0076,2026-09-13,560,565,3,91.2,1600,14.4,80
TRN-07495,Passenger,COR-006,SEC-0055,2026-09-07,1002,1017,2,86.2,1200,16.8,100
TRN-07496,Express,COR-016,SEC-0153,2026-09-11,961,971,3,57.9,1400,6.4,120
TRN-07497,Passenger,COR-017,SEC-0170,2026-09-12,105,115,2,90.1,1200,11.7,100
TRN-07498,Superfast,COR-010,SEC-0094,2026-09-11,906,918,3,52.0,1600,9.6,120
TRN-07499,Passenger,COR-009,SEC-0086,2026-09-14,831,843,2,71.7,1200,6.7,80
TRN-07500,Passenger,COR-006,SEC-0060,2026-09-08,1130,1140,2,99.0,1200,10.3,100
TRN-07501,EMU,COR-015,SEC-0146,2026-09-08,1085,1090,2,77.5,900,12.5,110
TRN-07502,EMU,COR-020,SEC-0200,2026-09-09,1111,1118,2,51.9,900,7.1,130
TRN-07503,Passenger,COR-015,SEC-0147,2026-09-06,34,49,2,83.0,1200,9.9,100
TRN-07504,Superfast,COR-002,SEC-0019,2026-09-04,472,482,3,71.9,1600,11.2,120
TRN-07505,Passenger,COR-003,SEC-0028,2026-09-16,1163,1170,2,67.6,1200,8.3,110
TRN-07506,EMU,COR-008,SEC-0074,2026-09-13,1115,1125,2,74.9,900,15.3,120
TRN-07507,Freight,COR-012,SEC-0120,2026-09-11,433,443,1,64.7,3000,8.8,110
TRN-07508,Superfast,COR-016,SEC-0157,2026-09-04,210,217,3,61.8,1600,7.3,110
TRN-07509,Passenger,COR-012,SEC-0111,2026-09-16,407,417,2,99.0,1200,10.8,120
TRN-07510,EMU,COR-004,SEC-0034,2026-09-09,332,344,2,99.0,900,12.6,110
TRN-07511,Superfast,COR-006,SEC-0057,2026-09-15,409,429,3,69.8,1600,4.3,110
TRN-07512,Passenger,COR-007,SEC-0061,2026-09-10,848,858,2,98.8,1200,11.1,110
TRN-07513,Freight,COR-020,SEC-0198,2026-09-13,1289,1299,1,40.7,3000,15.0,80
TRN-07514,Passenger,COR-019,SEC-0190,2026-09-06,1191,1203,2,77.4,1200,9.4,100
TRN-07515,Superfast,COR-014,SEC-0136,2026-09-04,155,175,3,64.9,1600,5.8,110
TRN-07516,Passenger,COR-005,SEC-0050,2026-09-08,713,723,2,56.6,1200,12.4,110
TRN-07517,Freight,COR-011,SEC-0109,2026-09-04,235,245,1,63.0,3000,12.3,120
TRN-07518,Superfast,COR-019,SEC-0184,2026-09-03,750,762,3,69.0,1600,8.6,110
TRN-07519,EMU,COR-001,SEC-0008,2026-09-07,792,812,2,53.7,900,8.8,120
TRN-07520,Superfast,COR-010,SEC-0099,2026-09-11,1009,1024,3,84.4,1600,11.5,100
TRN-07521,EMU,COR-016,SEC-0151,2026-09-11,971,981,2,59.9,900,5.7,80
TRN-07522,Superfast,COR-008,SEC-0076,2026-09-05,885,897,3,53.7,1600,7.8,130
TRN-07523,EMU,COR-009,SEC-0082,2026-09-15,95,115,2,45.7,900,7.3,100
TRN-07524,Express,COR-002,SEC-0019,2026-09-14,1079,1094,3,55.8,1400,5.3,100
TRN-07525,Superfast,COR-001,SEC-0005,2026-09-07,357,369,3,87.6,1600,15.6,80
TRN-07526,Freight,COR-006,SEC-0055,2026-09-13,1213,1218,1,36.1,3000,5.9,100
TRN-07527,Passenger,COR-007,SEC-0061,2026-09-16,1311,1318,2,54.1,1200,3.0,100
TRN-07528,Freight,COR-010,SEC-0094,2026-09-08,698,708,1,43.5,3000,12.2,100
TRN-07529,Freight,COR-002,SEC-0012,2026-09-05,1200,1207,1,36.9,3000,8.0,100
TRN-07530,EMU,COR-004,SEC-0037,2026-09-08,725,735,2,78.0,900,14.6,80
TRN-07531,Passenger,COR-003,SEC-0028,2026-09-14,772,782,2,41.1,1200,9.1,120
TRN-07532,EMU,COR-016,SEC-0155,2026-09-14,176,191,2,57.8,900,5.4,80
TRN-07533,EMU,COR-008,SEC-0075,2026-09-11,935,947,2,83.6,900,16.7,110
TRN-07534,Freight,COR-002,SEC-0011,2026-09-05,149,164,1,65.7,3000,10.9,100
TRN-07535,Passenger,COR-007,SEC-0070,2026-09-13,211,216,2,99.0,1200,16.1,120
TRN-07536,Passenger,COR-018,SEC-0175,2026-09-03,983,993,2,51.2,1200,1.0,110
TRN-07537,Freight,COR-019,SEC-0185,2026-09-04,1283,1303,1,60.0,3000,3.4,80
TRN-07538,Passenger,COR-012,SEC-0111,2026-09-10,411,423,2,78.7,1200,8.7,110
TRN-07539,Superfast,COR-007,SEC-0066,2026-09-03,591,601,3,74.2,1600,10.0,120
TRN-07540,EMU,COR-005,SEC-0050,2026-09-16,491,503,2,49.7,900,3.1,130
TRN-07541,Freight,COR-003,SEC-0025,2026-09-10,523,528,1,35.3,3000,2.5,100
TRN-07542,Superfast,COR-008,SEC-0078,2026-09-10,842,847,3,91.4,1600,11.0,110
TRN-07543,Freight,COR-001,SEC-0005,2026-09-08,1070,1075,1,30.9,3000,4.9,110
TRN-07544,Express,COR-005,SEC-0050,2026-09-07,408,420,3,76.4,1400,8.7,120
TRN-07545,Freight,COR-006,SEC-0053,2026-09-04,1259,1271,1,54.2,3000,7.2,100
TRN-07546,Superfast,COR-003,SEC-0025,2026-09-11,308,320,3,77.4,1600,10.1,120
TRN-07547,Express,COR-006,SEC-0052,2026-09-16,86,91,3,59.7,1400,12.4,100
TRN-07548,Superfast,COR-004,SEC-0037,2026-09-07,642,649,3,72.8,1600,6.8,100
TRN-07549,Superfast,COR-004,SEC-0033,2026-09-14,286,296,3,68.3,1600,12.2,110
TRN-07550,Superfast,COR-018,SEC-0176,2026-09-05,251,256,3,99.0,1600,15.6,110
TRN-07551,EMU,COR-008,SEC-0071,2026-09-10,1385,1400,2,89.8,900,6.8,120
TRN-07552,Passenger,COR-011,SEC-0105,2026-09-14,778,793,2,87.0,1200,12.5,100
TRN-07553,EMU,COR-011,SEC-0106,2026-09-13,198,210,2,84.7,900,11.0,120
TRN-07554,EMU,COR-001,SEC-0002,2026-09-07,1150,1157,2,56.3,900,12.4,120
TRN-07555,Express,COR-011,SEC-0103,2026-09-09,672,684,3,60.4,1400,5.0,130
TRN-07556,Passenger,COR-009,SEC-0082,2026-09-14,815,822,2,61.4,1200,10.1,110
TRN-07557,Superfast,COR-004,SEC-0034,2026-09-03,249,259,3,69.1,1600,11.6,130
TRN-07558,EMU,COR-002,SEC-0017,2026-09-13,1403,1418,2,62.6,900,15.0,100
TRN-07559,EMU,COR-002,SEC-0014,2026-09-10,190,197,2,44.5,900,7.4,100
TRN-07560,Superfast,COR-004,SEC-0034,2026-09-11,1402,1407,3,59.8,1600,9.1,100
TRN-07561,Superfast,COR-020,SEC-0197,2026-09-12,726,741,3,88.8,1600,9.8,120
TRN-07562,EMU,COR-020,SEC-0197,2026-09-05,1149,1159,2,67.4,900,13.7,130
TRN-07563,EMU,COR-003,SEC-0027,2026-09-07,546,551,2,38.7,900,3.7,80
TRN-07564,Passenger,COR-009,SEC-0087,2026-09-08,398,403,2,58.3,1200,6.3,110
TRN-07565,Superfast,COR-020,SEC-0200,2026-09-06,459,471,3,84.6,1600,18.4,120
TRN-07566,Freight,COR-007,SEC-0061,2026-09-07,757,764,1,18.9,3000,12.4,120
TRN-07567,Express,COR-020,SEC-0200,2026-09-09,1016,1026,3,43.2,1400,6.3,100
TRN-07568,Superfast,COR-010,SEC-0093,2026-09-08,325,337,3,94.8,1600,14.5,110
TRN-07569,Passenger,COR-012,SEC-0120,2026-09-06,1178,1183,2,55.0,1200,11.6,120
TRN-07570,Express,COR-015,SEC-0147,2026-09-15,980,995,3,80.9,1400,10.5,120
TRN-07571,Freight,COR-015,SEC-0147,2026-09-04,983,995,1,52.4,3000,7.1,130
TRN-07572,Superfast,COR-002,SEC-0013,2026-09-09,1399,1411,3,77.2,1600,9.3,130
TRN-07573,Superfast,COR-017,SEC-0166,2026-09-03,84,91,3,94.5,1600,14.9,110
TRN-07574,Superfast,COR-003,SEC-0025,2026-09-05,90,105,3,77.1,1600,9.4,110
TRN-07575,Superfast,COR-007,SEC-0061,2026-09-10,1115,1127,3,93.0,1600,10.4,120
TRN-07576,Freight,COR-007,SEC-0068,2026-09-11,932,939,1,58.7,3000,13.8,80
TRN-07577,Superfast,COR-020,SEC-0192,2026-09-05,490,497,3,45.0,1600,4.8,100
TRN-07578,EMU,COR-007,SEC-0070,2026-09-07,608,620,2,62.2,900,9.2,100
TRN-07579,Freight,COR-003,SEC-0028,2026-09-12,1181,1193,1,31.7,3000,5.7,120
TRN-07580,Express,COR-002,SEC-0020,2026-09-09,575,590,3,99.0,1400,14.2,110
TRN-07581,EMU,COR-002,SEC-0020,2026-09-15,1288,1308,2,68.7,900,13.6,130
TRN-07582,EMU,COR-012,SEC-0118,2026-09-12,130,137,2,51.6,900,4.5,100
TRN-07583,Freight,COR-020,SEC-0194,2026-09-10,264,271,1,55.4,3000,12.5,120
TRN-07584,Passenger,COR-016,SEC-0158,2026-09-07,1161,1171,2,66.3,1200,9.4,120
TRN-07585,Superfast,COR-010,SEC-0092,2026-09-09,1239,1254,3,86.3,1600,5.2,120
TRN-07586,Freight,COR-006,SEC-0054,2026-09-03,161,173,1,41.1,3000,12.3,120
TRN-07587,Passenger,COR-018,SEC-0178,2026-09-03,530,540,2,71.7,1200,9.1,120
TRN-07588,Express,COR-001,SEC-0010,2026-09-05,668,673,3,81.0,1400,12.7,110
TRN-07589,Passenger,COR-016,SEC-0152,2026-09-14,1134,1154,2,70.0,1200,11.2,110
TRN-07590,Express,COR-008,SEC-0079,2026-09-13,409,421,3,99.0,1400,4.8,80
TRN-07591,Freight,COR-020,SEC-0197,2026-09-13,357,364,1,21.6,3000,2.4,100
TRN-07592,EMU,COR-003,SEC-0022,2026-09-13,1220,1230,2,41.6,900,5.3,100
TRN-07593,EMU,COR-011,SEC-0107,2026-09-11,732,739,2,73.9,900,6.9,100
TRN-07594,Passenger,COR-020,SEC-0200,2026-09-08,132,139,2,59.3,1200,3.4,80
TRN-07595,Express,COR-014,SEC-0131,2026-09-14,43,53,3,51.9,1400,11.6,100
TRN-07596,Express,COR-010,SEC-0095,2026-09-04,163,168,3,90.0,1400,10.3,100
TRN-07597,EMU,COR-012,SEC-0115,2026-09-04,346,356,2,65.6,900,9.0,130
TRN-07598,EMU,COR-019,SEC-0187,2026-09-16,840,852,2,57.1,900,8.8,110
TRN-07599,EMU,COR-013,SEC-0125,2026-09-11,1165,1175,2,99.0,900,15.9,100
TRN-07600,Freight,COR-015,SEC-0145,2026-09-15,298,318,1,5.0,3000,1.0,110
TRN-07601,Passenger,COR-011,SEC-0101,2026-09-06,459,471,2,89.8,1200,11.5,100
TRN-07602,Superfast,COR-009,SEC-0085,2026-09-04,1141,1151,3,54.6,1600,4.2,110
TRN-07603,Express,COR-003,SEC-0023,2026-09-10,698,705,3,80.6,1400,9.0,120
TRN-07604,Express,COR-010,SEC-0097,2026-09-16,79,86,3,46.4,1400,7.3,120
TRN-07605,EMU,COR-015,SEC-0146,2026-09-05,1418,1425,2,84.4,900,14.8,100
TRN-07606,Superfast,COR-019,SEC-0182,2026-09-07,1176,1188,3,73.3,1600,5.9,110
TRN-07607,Express,COR-007,SEC-0065,2026-09-15,754,764,3,65.7,1400,7.6,100
TRN-07608,Express,COR-015,SEC-0148,2026-09-16,882,892,3,61.3,1400,10.0,100
TRN-07609,Freight,COR-003,SEC-0024,2026-09-14,367,372,1,40.0,3000,3.9,110
TRN-07610,Passenger,COR-015,SEC-0143,2026-09-04,190,205,2,84.2,1200,13.8,100
TRN-07611,Superfast,COR-015,SEC-0149,2026-09-16,738,758,3,69.2,1600,11.4,110
TRN-07612,Passenger,COR-010,SEC-0094,2026-09-15,284,304,2,42.8,1200,4.3,100
TRN-07613,Passenger,COR-013,SEC-0126,2026-09-09,782,797,2,68.9,1200,11.6,110
TRN-07614,Superfast,COR-019,SEC-0181,2026-09-03,1308,1318,3,58.0,1600,10.7,80
TRN-07615,Passenger,COR-003,SEC-0029,2026-09-03,66,78,2,57.0,1200,3.7,110
TRN-07616,Superfast,COR-001,SEC-0009,2026-09-09,726,738,3,88.2,1600,8.8,120
TRN-07617,Express,COR-016,SEC-0153,2026-09-07,1259,1269,3,48.6,1400,12.1,110
TRN-07618,Superfast,COR-019,SEC-0181,2026-09-03,778,790,3,60.2,1600,5.2,120
TRN-07619,Passenger,COR-017,SEC-0162,2026-09-03,1422,1427,2,69.3,1200,8.0,110
TRN-07620,Superfast,COR-012,SEC-0116,2026-09-08,701,716,3,73.4,1600,10.1,120
TRN-07621,Freight,COR-005,SEC-0050,2026-09-13,1418,1433,1,66.9,3000,9.8,120
TRN-07622,Passenger,COR-008,SEC-0078,2026-09-04,254,264,2,54.2,1200,6.9,100
TRN-07623,Express,COR-018,SEC-0175,2026-09-03,349,364,3,57.5,1400,9.1,120
TRN-07624,Passenger,COR-010,SEC-0095,2026-09-16,275,287,2,42.7,1200,8.2,100
TRN-07625,EMU,COR-008,SEC-0077,2026-09-13,864,876,2,70.5,900,8.2,110
TRN-07626,Express,COR-004,SEC-0035,2026-09-03,157,167,3,73.7,1400,15.4,100
TRN-07627,Passenger,COR-004,SEC-0031,2026-09-10,541,553,2,99.0,1200,7.8,100
TRN-07628,Express,COR-009,SEC-0086,2026-09-03,1125,1132,3,88.6,1400,8.8,100
TRN-07629,EMU,COR-005,SEC-0041,2026-09-16,1202,1212,2,60.4,900,8.0,80
TRN-07630,EMU,COR-002,SEC-0016,2026-09-16,85,92,2,80.9,900,12.4,110
TRN-07631,Freight,COR-011,SEC-0109,2026-09-04,522,532,1,30.7,3000,9.3,120
TRN-07632,Express,COR-018,SEC-0175,2026-09-16,340,352,3,60.2,1400,9.0,110
TRN-07633,Superfast,COR-002,SEC-0020,2026-09-09,105,115,3,96.3,1600,9.7,80
TRN-07634,Express,COR-003,SEC-0025,2026-09-08,884,889,3,82.4,1400,11.2,130
TRN-07635,EMU,COR-018,SEC-0179,2026-09-15,712,724,2,65.8,900,2.4,100
TRN-07636,Passenger,COR-014,SEC-0140,2026-09-03,1385,1392,2,69.7,1200,10.5,100
TRN-07637,Passenger,COR-020,SEC-0197,2026-09-06,852,864,2,87.4,1200,14.3,100
TRN-07638,Passenger,COR-016,SEC-0158,2026-09-13,1114,1124,2,50.3,1200,7.8,100
TRN-07639,Passenger,COR-017,SEC-0165,2026-09-08,587,594,2,84.5,1200,6.8,120
TRN-07640,Express,COR-018,SEC-0178,2026-09-07,1100,1115,3,65.8,1400,7.1,120
TRN-07641,Superfast,COR-006,SEC-0055,2026-09-07,874,879,3,87.1,1600,11.3,100
TRN-07642,Passenger,COR-003,SEC-0027,2026-09-09,734,746,2,49.3,1200,7.2,120
TRN-07643,Passenger,COR-016,SEC-0154,2026-09-05,133,153,2,53.7,1200,4.1,120
TRN-07644,Passenger,COR-019,SEC-0183,2026-09-14,840,845,2,88.7,1200,7.0,100
TRN-07645,Express,COR-002,SEC-0017,2026-09-04,33,45,3,74.1,1400,12.0,100
TRN-07646,Passenger,COR-010,SEC-0099,2026-09-03,1201,1211,2,82.3,1200,2.4,100
TRN-07647,Passenger,COR-012,SEC-0111,2026-09-09,871,881,2,79.8,1200,12.3,120
TRN-07648,Passenger,COR-002,SEC-0020,2026-09-15,29,34,2,83.6,1200,11.3,110
TRN-07649,Passenger,COR-016,SEC-0156,2026-09-13,1329,1336,2,54.3,1200,7.0,100
TRN-07650,Passenger,COR-017,SEC-0164,2026-09-10,751,763,2,74.9,1200,10.9,110
TRN-07651,Express,COR-015,SEC-0146,2026-09-16,629,639,3,49.9,1400,8.3,80
TRN-07652,Passenger,COR-009,SEC-0088,2026-09-03,480,485,2,76.9,1200,6.9,110
TRN-07653,Express,COR-014,SEC-0136,2026-09-15,836,848,3,82.8,1400,10.1,120
TRN-07654,Passenger,COR-004,SEC-0038,2026-09-13,279,291,2,75.8,1200,14.1,100
TRN-07655,Passenger,COR-001,SEC-0010,2026-09-06,1227,1247,2,79.0,1200,12.4,80
TRN-07656,Superfast,COR-015,SEC-0149,2026-09-06,335,350,3,51.4,1600,11.9,110
TRN-07657,Superfast,COR-007,SEC-0065,2026-09-06,326,333,3,90.8,1600,10.9,110
TRN-07658,Superfast,COR-004,SEC-0037,2026-09-09,1061,1068,3,84.4,1600,8.1,100
TRN-07659,EMU,COR-020,SEC-0191,2026-09-12,260,275,2,54.4,900,7.1,100
TRN-07660,Superfast,COR-004,SEC-0037,2026-09-06,648,663,3,80.2,1600,7.6,120
TRN-07661,EMU,COR-010,SEC-0094,2026-09-04,890,900,2,88.9,900,7.7,110
TRN-07662,Freight,COR-018,SEC-0175,2026-09-04,127,132,1,5.0,3000,8.5,110
TRN-07663,EMU,COR-014,SEC-0134,2026-09-06,538,548,2,57.5,900,8.2,130
TRN-07664,Passenger,COR-004,SEC-0038,2026-09-16,1320,1330,2,33.3,1200,5.5,100
TRN-07665,Express,COR-009,SEC-0081,2026-09-03,259,264,3,56.5,1400,1.0,80
TRN-07666,Passenger,COR-010,SEC-0095,2026-09-07,1107,1114,2,90.0,1200,9.7,110
TRN-07667,Passenger,COR-020,SEC-0196,2026-09-16,114,126,2,70.3,1200,4.1,100
TRN-07668,Passenger,COR-002,SEC-0015,2026-09-03,646,653,2,50.3,1200,5.7,120
TRN-07669,Superfast,COR-011,SEC-0108,2026-09-10,159,179,3,73.3,1600,14.1,130
TRN-07670,Passenger,COR-008,SEC-0079,2026-09-09,340,347,2,76.0,1200,11.8,110
TRN-07671,EMU,COR-016,SEC-0159,2026-09-13,37,42,2,53.7,900,2.7,120
TRN-07672,Freight,COR-008,SEC-0071,2026-09-12,311,321,1,18.7,3000,7.0,110
TRN-07673,Superfast,COR-012,SEC-0118,2026-09-09,89,101,3,58.9,1600,6.2,80
TRN-07674,Express,COR-018,SEC-0173,2026-09-16,571,586,3,70.2,1400,14.8,100
TRN-07675,Express,COR-016,SEC-0157,2026-09-12,634,639,3,82.0,1400,5.6,110
TRN-07676,Express,COR-013,SEC-0126,2026-09-09,1001,1008,3,76.8,1400,10.7,120
TRN-07677,Express,COR-007,SEC-0062,2026-09-06,306,313,3,70.7,1400,11.6,100
TRN-07678,Express,COR-004,SEC-0039,2026-09-08,603,618,3,65.3,1400,9.7,110
TRN-07679,Freight,COR-007,SEC-0069,2026-09-14,65,80,1,14.6,3000,4.8,80
TRN-07680,EMU,COR-005,SEC-0043,2026-09-11,793,803,2,51.7,900,5.0,110
TRN-07681,Freight,COR-002,SEC-0012,2026-09-04,971,976,1,48.8,3000,3.1,110
TRN-07682,Passenger,COR-008,SEC-0076,2026-09-09,111,131,2,50.6,1200,9.6,100
TRN-07683,Superfast,COR-005,SEC-0050,2026-09-06,1044,1049,3,54.5,1600,5.5,100
TRN-07684,Superfast,COR-004,SEC-0031,2026-09-13,671,686,3,78.0,1600,8.9,110
TRN-07685,Passenger,COR-018,SEC-0175,2026-09-08,859,866,2,73.0,1200,7.2,110
TRN-07686,Passenger,COR-010,SEC-0096,2026-09-13,1245,1257,2,71.9,1200,11.6,100
TRN-07687,Superfast,COR-002,SEC-0011,2026-09-05,1129,1139,3,80.8,1600,12.2,120
TRN-07688,Freight,COR-005,SEC-0050,2026-09-07,399,419,1,18.8,3000,3.7,120
TRN-07689,Express,COR-006,SEC-0060,2026-09-08,1236,1246,3,72.7,1400,17.5,100
TRN-07690,EMU,COR-010,SEC-0100,2026-09-11,21,26,2,80.6,900,5.4,120
TRN-07691,EMU,COR-007,SEC-0066,2026-09-14,831,851,2,68.4,900,11.0,80
TRN-07692,Superfast,COR-005,SEC-0044,2026-09-14,876,886,3,62.6,1600,9.8,120
TRN-07693,Superfast,COR-020,SEC-0198,2026-09-03,618,628,3,57.1,1600,4.3,80
TRN-07694,EMU,COR-014,SEC-0133,2026-09-08,1375,1382,2,48.4,900,9.7,100
TRN-07695,Passenger,COR-004,SEC-0031,2026-09-13,670,685,2,45.5,1200,4.6,80
TRN-07696,Freight,COR-018,SEC-0179,2026-09-10,1050,1057,1,48.3,3000,10.0,80
TRN-07697,Passenger,COR-013,SEC-0124,2026-09-15,1165,1177,2,46.2,1200,13.1,110
TRN-07698,EMU,COR-008,SEC-0073,2026-09-07,94,104,2,58.8,900,7.5,100
TRN-07699,EMU,COR-009,SEC-0089,2026-09-03,264,276,2,73.0,900,11.8,110
TRN-07700,EMU,COR-017,SEC-0166,2026-09-03,1278,1285,2,63.7,900,12.6,100
TRN-07701,Freight,COR-015,SEC-0149,2026-09-13,530,540,1,40.2,3000,4.2,110
TRN-07702,Freight,COR-010,SEC-0092,2026-09-05,735,745,1,8.2,3000,7.4,110
TRN-07703,EMU,COR-017,SEC-0168,2026-09-11,243,250,2,52.8,900,4.9,100
TRN-07704,Superfast,COR-009,SEC-0090,2026-09-16,847,867,3,71.5,1600,14.7,120
TRN-07705,EMU,COR-013,SEC-0125,2026-09-04,927,934,2,79.0,900,10.2,120
TRN-07706,Superfast,COR-018,SEC-0173,2026-09-12,1227,1242,3,56.4,1600,7.2,80
TRN-07707,Passenger,COR-005,SEC-0043,2026-09-07,1013,1025,2,84.3,1200,11.2,120
TRN-07708,Express,COR-010,SEC-0098,2026-09-07,1379,1394,3,99.0,1400,9.6,80
TRN-07709,Express,COR-010,SEC-0092,2026-09-16,79,84,3,69.9,1400,12.6,120
TRN-07710,Freight,COR-003,SEC-0030,2026-09-04,906,918,1,11.4,3000,1.8,110
TRN-07711,Express,COR-009,SEC-0085,2026-09-04,955,970,3,80.0,1400,12.2,110
TRN-07712,EMU,COR-011,SEC-0106,2026-09-10,901,911,2,72.1,900,10.5,120
TRN-07713,Passenger,COR-004,SEC-0039,2026-09-13,46,61,2,75.8,1200,10.4,80
TRN-07714,Passenger,COR-015,SEC-0149,2026-09-06,1367,1379,2,47.8,1200,5.6,120
TRN-07715,Express,COR-013,SEC-0121,2026-09-15,504,509,3,65.9,1400,6.4,130
TRN-07716,EMU,COR-011,SEC-0109,2026-09-12,724,736,2,83.7,900,10.2,110
TRN-07717,Superfast,COR-018,SEC-0180,2026-09-15,838,843,3,84.2,1600,15.5,120
TRN-07718,Superfast,COR-001,SEC-0001,2026-09-12,1131,1141,3,64.2,1600,9.4,120
TRN-07719,Freight,COR-015,SEC-0144,2026-09-14,1064,1076,1,15.9,3000,5.4,110
TRN-07720,EMU,COR-007,SEC-0065,2026-09-10,1389,1409,2,84.1,900,7.1,80
TRN-07721,Express,COR-008,SEC-0071,2026-09-05,105,115,3,88.6,1400,15.6,100
TRN-07722,Passenger,COR-002,SEC-0012,2026-09-15,16,23,2,70.6,1200,8.8,120
TRN-07723,Express,COR-013,SEC-0123,2026-09-16,351,356,3,63.0,1400,4.8,80
TRN-07724,EMU,COR-015,SEC-0149,2026-09-10,1078,1098,2,57.9,900,7.7,110
TRN-07725,Passenger,COR-020,SEC-0199,2026-09-09,864,884,2,59.5,1200,7.8,130
TRN-07726,Freight,COR-017,SEC-0161,2026-09-15,671,683,1,23.3,3000,8.3,120
TRN-07727,EMU,COR-019,SEC-0188,2026-09-04,1369,1384,2,74.7,900,9.6,120
TRN-07728,Superfast,COR-014,SEC-0140,2026-09-07,1014,1021,3,64.7,1600,6.9,100
TRN-07729,Passenger,COR-004,SEC-0034,2026-09-10,167,172,2,86.7,1200,11.2,120
TRN-07730,Passenger,COR-009,SEC-0085,2026-09-12,804,816,2,68.1,1200,5.7,100
TRN-07731,Superfast,COR-016,SEC-0160,2026-09-03,1032,1044,3,62.6,1600,12.7,110
TRN-07732,Passenger,COR-010,SEC-0097,2026-09-04,28,33,2,96.4,1200,14.9,100
TRN-07733,Freight,COR-015,SEC-0147,2026-09-05,264,269,1,27.1,3000,7.2,120
TRN-07734,Superfast,COR-002,SEC-0012,2026-09-13,1145,1152,3,60.1,1600,8.9,110
TRN-07735,Passenger,COR-008,SEC-0078,2026-09-10,85,100,2,84.7,1200,6.7,120
TRN-07736,Superfast,COR-002,SEC-0020,2026-09-05,490,505,3,77.0,1600,13.3,110
TRN-07737,Passenger,COR-001,SEC-0004,2026-09-09,984,994,2,91.2,1200,6.7,110
TRN-07738,Express,COR-008,SEC-0077,2026-09-15,803,815,3,87.6,1400,9.6,110
TRN-07739,Superfast,COR-001,SEC-0002,2026-09-16,1213,1218,3,94.4,1600,9.3,80
TRN-07740,Express,COR-001,SEC-0009,2026-09-09,750,760,3,66.5,1400,7.0,120
TRN-07741,Passenger,COR-010,SEC-0094,2026-09-15,420,425,2,73.7,1200,8.1,100
TRN-07742,Freight,COR-012,SEC-0118,2026-09-14,1437,1439,1,20.9,3000,3.4,100
TRN-07743,Passenger,COR-008,SEC-0071,2026-09-08,438,453,2,87.3,1200,4.5,80
TRN-07744,Freight,COR-012,SEC-0120,2026-09-10,515,530,1,46.9,3000,8.1,100
TRN-07745,Superfast,COR-012,SEC-0117,2026-09-10,242,254,3,75.8,1600,5.9,120
TRN-07746,EMU,COR-011,SEC-0110,2026-09-06,135,145,2,62.6,900,16.5,110
TRN-07747,Passenger,COR-014,SEC-0139,2026-09-12,1358,1365,2,68.6,1200,9.7,100
TRN-07748,Passenger,COR-012,SEC-0115,2026-09-06,1216,1226,2,69.0,1200,10.8,100
TRN-07749,Express,COR-019,SEC-0187,2026-09-13,985,992,3,50.0,1400,7.4,100
TRN-07750,Passenger,COR-011,SEC-0108,2026-09-07,637,644,2,65.0,1200,1.2,120
TRN-07751,Superfast,COR-001,SEC-0003,2026-09-06,906,913,3,97.3,1600,15.8,80
TRN-07752,Freight,COR-008,SEC-0078,2026-09-12,459,474,1,22.1,3000,5.6,120
TRN-07753,Passenger,COR-003,SEC-0022,2026-09-08,99,114,2,59.9,1200,6.6,80
TRN-07754,Passenger,COR-005,SEC-0048,2026-09-09,379,384,2,87.0,1200,11.0,120
TRN-07755,Express,COR-004,SEC-0035,2026-09-15,908,920,3,61.5,1400,13.4,100
TRN-07756,Express,COR-013,SEC-0122,2026-09-03,616,621,3,99.0,1400,13.7,110
TRN-07757,Superfast,COR-001,SEC-0007,2026-09-09,1320,1340,3,76.0,1600,8.8,80
TRN-07758,Express,COR-001,SEC-0001,2026-09-04,794,799,3,69.9,1400,9.8,130
TRN-07759,Freight,COR-015,SEC-0141,2026-09-11,969,974,1,12.1,3000,9.0,100
TRN-07760,Express,COR-012,SEC-0118,2026-09-05,364,384,3,64.0,1400,2.3,100
TRN-07761,Passenger,COR-017,SEC-0164,2026-09-05,74,84,2,57.6,1200,5.9,100
TRN-07762,Passenger,COR-016,SEC-0151,2026-09-11,83,88,2,78.4,1200,11.6,80
TRN-07763,Freight,COR-010,SEC-0092,2026-09-08,361,368,1,23.5,3000,5.4,120
TRN-07764,Passenger,COR-003,SEC-0029,2026-09-07,516,523,2,76.5,1200,8.3,110
TRN-07765,Express,COR-013,SEC-0129,2026-09-12,222,234,3,53.8,1400,6.7,110
TRN-07766,Freight,COR-016,SEC-0153,2026-09-10,538,550,1,31.6,3000,2.7,100
TRN-07767,Freight,COR-004,SEC-0038,2026-09-06,1289,1294,1,30.3,3000,6.9,120
TRN-07768,EMU,COR-011,SEC-0110,2026-09-08,774,794,2,62.0,900,5.0,110
TRN-07769,Passenger,COR-009,SEC-0088,2026-09-05,625,637,2,83.1,1200,12.8,120
TRN-07770,Passenger,COR-011,SEC-0109,2026-09-16,423,443,2,64.0,1200,7.6,100
TRN-07771,Passenger,COR-007,SEC-0062,2026-09-06,980,985,2,64.0,1200,4.8,80
TRN-07772,Passenger,COR-015,SEC-0148,2026-09-03,1140,1147,2,57.5,1200,16.8,110
TRN-07773,Freight,COR-016,SEC-0151,2026-09-08,329,339,1,34.2,3000,1.0,100
TRN-07774,Superfast,COR-004,SEC-0034,2026-09-13,1395,1405,3,78.4,1600,12.2,100
TRN-07775,Freight,COR-019,SEC-0186,2026-09-15,1059,1074,1,59.6,3000,8.0,100
TRN-07776,Freight,COR-003,SEC-0029,2026-09-12,472,477,1,43.4,3000,6.0,100
TRN-07777,Express,COR-006,SEC-0053,2026-09-10,1038,1048,3,76.5,1400,13.1,120
TRN-07778,Freight,COR-007,SEC-0065,2026-09-14,564,576,1,44.9,3000,6.0,80
TRN-07779,Express,COR-002,SEC-0018,2026-09-03,519,531,3,92.9,1400,10.4,80
TRN-07780,Express,COR-010,SEC-0096,2026-09-14,1332,1342,3,86.3,1400,13.5,100
TRN-07781,EMU,COR-013,SEC-0127,2026-09-03,566,578,2,51.5,900,10.9,80
TRN-07782,Freight,COR-014,SEC-0140,2026-09-15,508,515,1,29.5,3000,7.2,130
TRN-07783,Express,COR-008,SEC-0078,2026-09-11,600,615,3,94.6,1400,7.0,80
TRN-07784,Superfast,COR-004,SEC-0033,2026-09-03,739,746,3,99.0,1600,14.2,130
TRN-07785,Freight,COR-009,SEC-0089,2026-09-13,1059,1069,1,37.4,3000,10.9,110
TRN-07786,Superfast,COR-017,SEC-0162,2026-09-06,762,772,3,83.9,1600,11.8,110
TRN-07787,Freight,COR-015,SEC-0149,2026-09-07,1227,1237,1,50.9,3000,7.5,130
TRN-07788,Superfast,COR-003,SEC-0021,2026-09-05,205,212,3,69.9,1600,5.6,100
TRN-07789,EMU,COR-007,SEC-0061,2026-09-04,401,408,2,92.3,900,9.7,100
TRN-07790,Superfast,COR-002,SEC-0013,2026-09-05,341,351,3,62.9,1600,6.7,100
TRN-07791,Superfast,COR-003,SEC-0022,2026-09-09,426,433,3,87.2,1600,6.2,110
TRN-07792,Superfast,COR-003,SEC-0027,2026-09-05,1367,1374,3,47.9,1600,11.0,100
TRN-07793,Express,COR-012,SEC-0120,2026-09-09,786,806,3,75.6,1400,12.1,120
TRN-07794,Freight,COR-002,SEC-0020,2026-09-10,31,41,1,37.8,3000,2.4,110
TRN-07795,Superfast,COR-008,SEC-0071,2026-09-07,1125,1132,3,76.6,1600,7.2,110
TRN-07796,EMU,COR-017,SEC-0165,2026-09-06,1312,1324,2,61.5,900,5.1,100
TRN-07797,Passenger,COR-001,SEC-0001,2026-09-10,1291,1301,2,76.1,1200,12.8,80
TRN-07798,Passenger,COR-005,SEC-0043,2026-09-09,634,641,2,98.3,1200,14.0,100
TRN-07799,Express,COR-003,SEC-0021,2026-09-06,127,134,3,60.5,1400,11.8,110
TRN-07800,Passenger,COR-005,SEC-0041,2026-09-08,973,980,2,57.0,1200,7.6,110
TRN-07801,Passenger,COR-002,SEC-0018,2026-09-06,682,694,2,86.5,1200,10.2,120
TRN-07802,Superfast,COR-010,SEC-0098,2026-09-05,495,505,3,93.5,1600,12.4,110
TRN-07803,EMU,COR-006,SEC-0059,2026-09-09,360,370,2,60.6,900,9.1,120
TRN-07804,Superfast,COR-007,SEC-0063,2026-09-14,1255,1270,3,68.6,1600,9.0,130
TRN-07805,Freight,COR-020,SEC-0198,2026-09-08,1147,1152,1,42.7,3000,9.2,80
TRN-07806,EMU,COR-011,SEC-0110,2026-09-05,0,10,2,55.3,900,9.7,120
TRN-07807,Superfast,COR-018,SEC-0177,2026-09-11,709,714,3,78.3,1600,15.1,100
TRN-07808,Superfast,COR-011,SEC-0107,2026-09-13,624,636,3,90.3,1600,12.1,100
TRN-07809,Express,COR-017,SEC-0168,2026-09-08,315,325,3,64.0,1400,3.7,100
TRN-07810,Passenger,COR-004,SEC-0031,2026-09-03,1296,1306,2,50.3,1200,9.5,100
TRN-07811,EMU,COR-009,SEC-0081,2026-09-05,167,187,2,63.3,900,11.4,110
TRN-07812,Freight,COR-019,SEC-0181,2026-09-06,691,703,1,19.3,3000,4.2,110
TRN-07813,Superfast,COR-011,SEC-0101,2026-09-13,47,59,3,51.5,1600,6.7,120
TRN-07814,Superfast,COR-015,SEC-0145,2026-09-15,725,737,3,49.9,1600,4.6,120
TRN-07815,Passenger,COR-005,SEC-0041,2026-09-16,1183,1198,2,35.8,1200,5.9,120
TRN-07816,Freight,COR-020,SEC-0198,2026-09-04,1328,1338,1,32.1,3000,1.0,130
TRN-07817,Freight,COR-010,SEC-0092,2026-09-04,956,963,1,30.1,3000,9.6,110
TRN-07818,EMU,COR-009,SEC-0087,2026-09-03,1027,1032,2,64.4,900,10.4,110
TRN-07819,Superfast,COR-016,SEC-0158,2026-09-10,3,23,3,64.6,1600,6.8,120
TRN-07820,Passenger,COR-017,SEC-0168,2026-09-04,342,347,2,76.5,1200,8.9,80
TRN-07821,Superfast,COR-003,SEC-0025,2026-09-04,670,682,3,65.1,1600,9.2,100
TRN-07822,EMU,COR-002,SEC-0018,2026-09-06,984,994,2,65.8,900,11.3,120
TRN-07823,Express,COR-011,SEC-0102,2026-09-03,1005,1015,3,54.5,1400,10.4,110
TRN-07824,EMU,COR-004,SEC-0040,2026-09-10,947,959,2,63.9,900,13.5,120
TRN-07825,Express,COR-007,SEC-0069,2026-09-07,762,774,3,80.6,1400,4.7,110
TRN-07826,Passenger,COR-020,SEC-0196,2026-09-10,1190,1200,2,77.6,1200,12.2,80
TRN-07827,Express,COR-004,SEC-0033,2026-09-07,1328,1343,3,91.4,1400,11.9,110
TRN-07828,Superfast,COR-016,SEC-0158,2026-09-09,1331,1343,3,73.7,1600,10.7,110
TRN-07829,EMU,COR-009,SEC-0089,2026-09-03,909,924,2,70.2,900,15.1,120
TRN-07830,EMU,COR-020,SEC-0196,2026-09-11,678,690,2,56.9,900,6.2,100
TRN-07831,Superfast,COR-003,SEC-0023,2026-09-03,684,691,3,70.0,1600,9.2,80
TRN-07832,Passenger,COR-006,SEC-0055,2026-09-05,1064,1071,2,74.9,1200,8.7,100
TRN-07833,Superfast,COR-003,SEC-0023,2026-09-04,78,90,3,64.5,1600,6.2,130
TRN-07834,Express,COR-010,SEC-0100,2026-09-07,301,308,3,46.2,1400,7.4,100
TRN-07835,Passenger,COR-016,SEC-0151,2026-09-16,833,843,2,53.9,1200,9.9,110
TRN-07836,Express,COR-012,SEC-0117,2026-09-05,647,654,3,73.6,1400,8.4,80
TRN-07837,Express,COR-015,SEC-0141,2026-09-06,429,441,3,99.0,1400,15.3,100
TRN-07838,Superfast,COR-011,SEC-0102,2026-09-10,588,593,3,55.1,1600,9.5,120
TRN-07839,Freight,COR-012,SEC-0112,2026-09-09,1106,1121,1,36.4,3000,5.9,130
TRN-07840,Express,COR-006,SEC-0051,2026-09-14,1346,1353,3,73.2,1400,12.1,110
TRN-07841,Superfast,COR-009,SEC-0086,2026-09-05,930,945,3,68.9,1600,7.7,100
TRN-07842,Express,COR-006,SEC-0058,2026-09-09,1165,1170,3,93.3,1400,5.8,130
TRN-07843,Freight,COR-003,SEC-0023,2026-09-05,464,471,1,45.4,3000,9.9,80
TRN-07844,Superfast,COR-005,SEC-0042,2026-09-09,690,710,3,72.9,1600,8.9,110
TRN-07845,Superfast,COR-016,SEC-0157,2026-09-11,535,545,3,46.9,1600,5.1,80
TRN-07846,Express,COR-003,SEC-0023,2026-09-08,266,278,3,72.2,1400,9.8,110
TRN-07847,Express,COR-004,SEC-0033,2026-09-09,446,453,3,75.5,1400,2.0,130
TRN-07848,Freight,COR-011,SEC-0101,2026-09-11,480,490,1,29.2,3000,4.9,120
TRN-07849,Passenger,COR-005,SEC-0048,2026-09-11,229,239,2,64.3,1200,7.3,110
TRN-07850,EMU,COR-017,SEC-0169,2026-09-07,601,608,2,94.2,900,12.6,130
TRN-07851,Express,COR-003,SEC-0030,2026-09-15,361,371,3,73.9,1400,9.2,110
TRN-07852,EMU,COR-004,SEC-0031,2026-09-14,1437,1439,2,91.3,900,10.7,100
TRN-07853,Express,COR-020,SEC-0200,2026-09-06,774,786,3,58.7,1400,7.4,120
TRN-07854,Freight,COR-011,SEC-0109,2026-09-10,1155,1167,1,31.1,3000,4.9,120
TRN-07855,Express,COR-002,SEC-0011,2026-09-10,1024,1034,3,96.2,1400,12.5,100
TRN-07856,Passenger,COR-005,SEC-0050,2026-09-15,495,505,2,99.0,1200,15.2,110
TRN-07857,Superfast,COR-009,SEC-0088,2026-09-16,352,362,3,88.4,1600,14.8,100
TRN-07858,Freight,COR-009,SEC-0085,2026-09-14,283,293,1,18.5,3000,1.7,100
TRN-07859,EMU,COR-001,SEC-0003,2026-09-05,778,785,2,92.2,900,14.1,80
TRN-07860,Passenger,COR-008,SEC-0071,2026-09-16,1272,1279,2,68.1,1200,9.1,100
TRN-07861,Superfast,COR-014,SEC-0132,2026-09-09,437,452,3,86.6,1600,14.9,120
TRN-07862,Express,COR-008,SEC-0077,2026-09-14,1096,1106,3,80.5,1400,14.8,110
TRN-07863,EMU,COR-001,SEC-0008,2026-09-11,88,95,2,54.5,900,7.4,100
TRN-07864,Express,COR-002,SEC-0018,2026-09-11,887,899,3,63.6,1400,5.9,130
TRN-07865,Express,COR-005,SEC-0044,2026-09-07,931,938,3,47.2,1400,6.2,120
TRN-07866,Express,COR-005,SEC-0043,2026-09-05,185,197,3,89.7,1400,8.3,100
TRN-07867,Express,COR-016,SEC-0152,2026-09-13,697,707,3,80.6,1400,9.0,80
TRN-07868,EMU,COR-009,SEC-0085,2026-09-10,332,342,2,84.1,900,8.9,130
TRN-07869,Superfast,COR-017,SEC-0164,2026-09-07,1008,1020,3,32.5,1600,3.0,110
TRN-07870,Freight,COR-002,SEC-0020,2026-09-06,132,139,1,43.5,3000,6.9,110
TRN-07871,EMU,COR-017,SEC-0170,2026-09-06,217,232,2,63.3,900,6.0,120
TRN-07872,Freight,COR-015,SEC-0142,2026-09-12,942,954,1,43.2,3000,5.9,100
TRN-07873,Superfast,COR-020,SEC-0194,2026-09-03,914,919,3,72.9,1600,9.5,80
TRN-07874,Passenger,COR-020,SEC-0192,2026-09-16,260,265,2,87.7,1200,9.6,80
TRN-07875,Passenger,COR-019,SEC-0183,2026-09-07,1255,1267,2,84.1,1200,10.4,110
TRN-07876,Passenger,COR-008,SEC-0073,2026-09-15,594,599,2,48.5,1200,6.1,100
TRN-07877,Superfast,COR-003,SEC-0026,2026-09-06,103,115,3,75.0,1600,15.8,100
TRN-07878,Passenger,COR-008,SEC-0078,2026-09-13,247,257,2,58.0,1200,4.3,110
TRN-07879,Passenger,COR-004,SEC-0040,2026-09-04,1192,1212,2,40.4,1200,10.6,120
TRN-07880,Superfast,COR-006,SEC-0054,2026-09-12,1245,1252,3,70.2,1600,9.4,110
TRN-07881,EMU,COR-019,SEC-0188,2026-09-14,1368,1378,2,68.9,900,17.2,120
TRN-07882,Superfast,COR-007,SEC-0062,2026-09-05,321,328,3,63.9,1600,7.5,120
TRN-07883,EMU,COR-018,SEC-0171,2026-09-11,956,968,2,98.1,900,16.2,100
TRN-07884,Passenger,COR-005,SEC-0048,2026-09-10,1069,1081,2,66.3,1200,13.1,120
TRN-07885,EMU,COR-018,SEC-0175,2026-09-13,299,309,2,65.1,900,7.2,80
TRN-07886,EMU,COR-018,SEC-0179,2026-09-05,229,249,2,91.5,900,11.8,110
TRN-07887,Freight,COR-008,SEC-0080,2026-09-15,1213,1225,1,59.2,3000,9.2,120
TRN-07888,Express,COR-005,SEC-0048,2026-09-07,465,477,3,79.4,1400,8.0,120
TRN-07889,Superfast,COR-004,SEC-0034,2026-09-14,291,301,3,68.7,1600,6.9,100
TRN-07890,Passenger,COR-018,SEC-0174,2026-09-05,1324,1334,2,77.4,1200,12.5,130
TRN-07891,EMU,COR-009,SEC-0084,2026-09-11,560,567,2,76.8,900,6.8,110
TRN-07892,Passenger,COR-019,SEC-0190,2026-09-15,328,343,2,88.3,1200,5.8,80
TRN-07893,Express,COR-003,SEC-0023,2026-09-04,665,677,3,95.8,1400,11.7,110
TRN-07894,Superfast,COR-013,SEC-0121,2026-09-10,1219,1231,3,76.5,1600,13.4,100
TRN-07895,Passenger,COR-016,SEC-0152,2026-09-15,1164,1184,2,81.7,1200,9.6,120
TRN-07896,Passenger,COR-017,SEC-0166,2026-09-13,106,111,2,45.2,1200,5.8,120
TRN-07897,Passenger,COR-019,SEC-0187,2026-09-05,140,155,2,54.9,1200,6.9,120
TRN-07898,EMU,COR-020,SEC-0197,2026-09-13,298,308,2,62.0,900,7.4,110
TRN-07899,EMU,COR-018,SEC-0180,2026-09-10,516,521,2,84.8,900,16.1,100
TRN-07900,Passenger,COR-007,SEC-0068,2026-09-14,1198,1218,2,50.6,1200,7.5,110
TRN-07901,Freight,COR-009,SEC-0086,2026-09-05,1346,1351,1,27.1,3000,6.3,120
TRN-07902,Express,COR-015,SEC-0145,2026-09-11,765,770,3,84.9,1400,10.4,120
TRN-07903,Express,COR-013,SEC-0129,2026-09-06,360,375,3,62.5,1400,11.7,110
TRN-07904,Freight,COR-016,SEC-0154,2026-09-12,204,209,1,37.3,3000,8.2,120
TRN-07905,Passenger,COR-013,SEC-0130,2026-09-05,259,266,2,90.6,1200,11.6,110
TRN-07906,Passenger,COR-002,SEC-0015,2026-09-16,862,869,2,51.0,1200,6.9,80
TRN-07907,Superfast,COR-018,SEC-0174,2026-09-08,1294,1301,3,84.4,1600,8.7,120
TRN-07908,Express,COR-002,SEC-0019,2026-09-09,492,507,3,55.5,1400,10.7,120
TRN-07909,EMU,COR-015,SEC-0144,2026-09-05,17,37,2,68.3,900,12.2,100
TRN-07910,Superfast,COR-006,SEC-0059,2026-09-12,1197,1204,3,79.1,1600,13.6,100
TRN-07911,Passenger,COR-011,SEC-0110,2026-09-14,658,668,2,65.8,1200,12.2,100
TRN-07912,Express,COR-003,SEC-0030,2026-09-09,136,146,3,63.9,1400,10.8,80
TRN-07913,Passenger,COR-016,SEC-0153,2026-09-13,868,880,2,76.2,1200,10.8,100
TRN-07914,Passenger,COR-015,SEC-0150,2026-09-07,104,111,2,79.4,1200,8.8,130
TRN-07915,Superfast,COR-018,SEC-0173,2026-09-04,678,693,3,81.5,1600,11.4,100
TRN-07916,Superfast,COR-005,SEC-0045,2026-09-15,280,300,3,33.2,1600,6.2,130
TRN-07917,Freight,COR-006,SEC-0054,2026-09-11,738,753,1,40.0,3000,7.6,100
TRN-07918,Freight,COR-005,SEC-0050,2026-09-03,468,483,1,5.0,3000,4.3,110
TRN-07919,EMU,COR-011,SEC-0102,2026-09-14,985,997,2,85.7,900,11.7,80
TRN-07920,EMU,COR-020,SEC-0200,2026-09-10,908,920,2,65.2,900,7.1,130
TRN-07921,EMU,COR-014,SEC-0134,2026-09-15,109,119,2,91.2,900,7.7,120
TRN-07922,Express,COR-013,SEC-0122,2026-09-04,65,75,3,57.4,1400,7.5,80
TRN-07923,Passenger,COR-005,SEC-0042,2026-09-06,499,514,2,57.7,1200,6.2,120
TRN-07924,Passenger,COR-014,SEC-0137,2026-09-08,1162,1182,2,75.6,1200,11.6,100
TRN-07925,Freight,COR-019,SEC-0181,2026-09-10,994,1004,1,22.7,3000,6.3,110
TRN-07926,Freight,COR-015,SEC-0148,2026-09-12,366,381,1,50.5,3000,6.8,80
TRN-07927,EMU,COR-009,SEC-0087,2026-09-06,84,91,2,90.7,900,13.0,100
TRN-07928,EMU,COR-018,SEC-0173,2026-09-16,1004,1016,2,66.3,900,8.9,110
TRN-07929,Superfast,COR-007,SEC-0063,2026-09-10,892,904,3,86.0,1600,10.5,80
TRN-07930,Freight,COR-007,SEC-0068,2026-09-10,716,721,1,48.7,3000,5.5,110
TRN-07931,Passenger,COR-013,SEC-0130,2026-09-13,564,574,2,84.3,1200,4.3,80
TRN-07932,Superfast,COR-004,SEC-0039,2026-09-03,301,311,3,99.0,1600,9.1,110
TRN-07933,Passenger,COR-016,SEC-0153,2026-09-10,1132,1147,2,65.0,1200,11.8,120
TRN-07934,Freight,COR-008,SEC-0076,2026-09-05,295,305,1,56.0,3000,10.0,110
TRN-07935,EMU,COR-017,SEC-0163,2026-09-09,1398,1408,2,86.9,900,9.8,120
TRN-07936,Passenger,COR-008,SEC-0077,2026-09-12,274,281,2,47.0,1200,12.0,120
TRN-07937,Superfast,COR-005,SEC-0042,2026-09-09,43,50,3,91.8,1600,11.5,120
TRN-07938,EMU,COR-020,SEC-0193,2026-09-06,77,87,2,98.5,900,16.8,100
TRN-07939,Freight,COR-014,SEC-0134,2026-09-03,337,347,1,45.7,3000,8.3,110
TRN-07940,Superfast,COR-011,SEC-0109,2026-09-09,594,614,3,48.8,1600,8.4,110
TRN-07941,EMU,COR-012,SEC-0111,2026-09-11,1336,1356,2,68.4,900,13.5,80
TRN-07942,Express,COR-004,SEC-0037,2026-09-15,70,77,3,83.0,1400,6.0,110
TRN-07943,EMU,COR-008,SEC-0072,2026-09-07,1053,1063,2,68.6,900,7.3,110
TRN-07944,Passenger,COR-007,SEC-0061,2026-09-10,757,769,2,48.0,1200,7.9,120
TRN-07945,Superfast,COR-010,SEC-0097,2026-09-06,695,707,3,60.2,1600,6.6,80
TRN-07946,EMU,COR-018,SEC-0175,2026-09-03,54,64,2,54.9,900,13.7,80
TRN-07947,Passenger,COR-007,SEC-0062,2026-09-15,1438,1439,2,51.1,1200,7.4,100
TRN-07948,Superfast,COR-002,SEC-0013,2026-09-03,1399,1414,3,58.3,1600,7.3,100
TRN-07949,Passenger,COR-014,SEC-0135,2026-09-03,1007,1022,2,58.5,1200,11.1,130
TRN-07950,Freight,COR-006,SEC-0055,2026-09-07,625,637,1,18.8,3000,6.3,110
TRN-07951,Freight,COR-007,SEC-0066,2026-09-06,833,845,1,26.0,3000,9.7,110
TRN-07952,Passenger,COR-004,SEC-0036,2026-09-08,652,659,2,78.3,1200,10.5,100
TRN-07953,EMU,COR-015,SEC-0143,2026-09-12,212,232,2,99.0,900,15.1,110
TRN-07954,Freight,COR-017,SEC-0167,2026-09-03,300,310,1,45.2,3000,9.7,120
TRN-07955,Passenger,COR-006,SEC-0057,2026-09-11,1408,1413,2,51.4,1200,10.7,100
TRN-07956,Freight,COR-002,SEC-0018,2026-09-06,1190,1205,1,26.1,3000,8.7,100
TRN-07957,Freight,COR-007,SEC-0064,2026-09-10,958,963,1,9.4,3000,7.8,120
TRN-07958,Express,COR-016,SEC-0152,2026-09-05,839,854,3,51.3,1400,3.9,100
TRN-07959,Passenger,COR-006,SEC-0051,2026-09-03,1401,1411,2,73.7,1200,12.4,120
TRN-07960,Passenger,COR-015,SEC-0146,2026-09-04,131,143,2,84.7,1200,13.3,120
TRN-07961,Freight,COR-012,SEC-0114,2026-09-16,518,525,1,15.6,3000,7.3,120
TRN-07962,Express,COR-018,SEC-0171,2026-09-12,43,55,3,56.3,1400,5.9,80
TRN-07963,Superfast,COR-013,SEC-0124,2026-09-03,860,870,3,62.4,1600,4.4,110
TRN-07964,Express,COR-010,SEC-0094,2026-09-03,1123,1128,3,59.0,1400,8.6,110
TRN-07965,EMU,COR-019,SEC-0183,2026-09-14,976,986,2,95.6,900,10.5,120
TRN-07966,Express,COR-017,SEC-0169,2026-09-05,611,621,3,81.2,1400,11.2,130
TRN-07967,Passenger,COR-008,SEC-0079,2026-09-12,606,616,2,58.3,1200,7.3,110
TRN-07968,Passenger,COR-002,SEC-0011,2026-09-10,770,782,2,68.9,1200,10.6,110
TRN-07969,Passenger,COR-006,SEC-0060,2026-09-12,1024,1034,2,48.2,1200,7.8,110
TRN-07970,Superfast,COR-014,SEC-0138,2026-09-06,1301,1313,3,57.8,1600,8.4,100
TRN-07971,Freight,COR-016,SEC-0154,2026-09-09,758,778,1,27.7,3000,4.4,120
TRN-07972,Freight,COR-017,SEC-0161,2026-09-13,1091,1098,1,50.1,3000,12.3,120
TRN-07973,Passenger,COR-002,SEC-0017,2026-09-15,477,489,2,56.0,1200,4.3,100
TRN-07974,EMU,COR-014,SEC-0132,2026-09-11,1287,1294,2,99.0,900,14.5,100
TRN-07975,Passenger,COR-005,SEC-0042,2026-09-12,1196,1203,2,99.0,1200,15.3,110
TRN-07976,Superfast,COR-003,SEC-0026,2026-09-12,1260,1270,3,75.4,1600,10.8,110
TRN-07977,Freight,COR-012,SEC-0117,2026-09-05,779,784,1,30.2,3000,1.8,100
TRN-07978,EMU,COR-002,SEC-0014,2026-09-10,1340,1345,2,63.4,900,7.0,110
TRN-07979,Passenger,COR-005,SEC-0045,2026-09-05,697,704,2,93.2,1200,12.2,80
TRN-07980,Passenger,COR-009,SEC-0087,2026-09-14,738,748,2,66.6,1200,11.5,80
TRN-07981,Freight,COR-014,SEC-0136,2026-09-06,1008,1015,1,27.8,3000,1.7,80
TRN-07982,Passenger,COR-007,SEC-0066,2026-09-12,631,646,2,67.2,1200,5.5,120
TRN-07983,Superfast,COR-008,SEC-0078,2026-09-15,1235,1245,3,25.0,1600,3.1,130
TRN-07984,Passenger,COR-020,SEC-0193,2026-09-15,1094,1106,2,80.6,1200,8.9,100
TRN-07985,Passenger,COR-010,SEC-0094,2026-09-11,410,422,2,61.9,1200,15.7,80
TRN-07986,Express,COR-014,SEC-0137,2026-09-07,688,700,3,59.9,1400,9.9,100
TRN-07987,EMU,COR-014,SEC-0133,2026-09-10,564,579,2,56.4,900,9.4,120
TRN-07988,Superfast,COR-011,SEC-0110,2026-09-11,1086,1093,3,68.5,1600,7.1,100
TRN-07989,Express,COR-004,SEC-0039,2026-09-16,406,411,3,69.2,1400,13.0,100
TRN-07990,Express,COR-020,SEC-0200,2026-09-13,620,640,3,49.4,1400,4.4,130
TRN-07991,Passenger,COR-020,SEC-0192,2026-09-11,639,646,2,74.0,1200,10.3,110
TRN-07992,Express,COR-015,SEC-0143,2026-09-09,1173,1188,3,74.9,1400,9.6,120
TRN-07993,Superfast,COR-015,SEC-0144,2026-09-13,495,500,3,63.3,1600,8.8,100
TRN-07994,Passenger,COR-003,SEC-0025,2026-09-11,735,745,2,50.3,1200,4.7,80
TRN-07995,Freight,COR-005,SEC-0048,2026-09-05,50,57,1,47.1,3000,8.2,110
TRN-07996,Superfast,COR-015,SEC-0149,2026-09-13,1301,1308,3,70.6,1600,8.5,130
TRN-07997,Passenger,COR-011,SEC-0101,2026-09-12,463,478,2,75.8,1200,9.5,110
TRN-07998,EMU,COR-016,SEC-0156,2026-09-03,902,914,2,70.4,900,10.3,110
TRN-07999,Freight,COR-013,SEC-0127,2026-09-10,78,98,1,24.7,3000,2.1,120
TRN-08000,Passenger,COR-013,SEC-0125,2026-09-12,542,557,2,90.2,1200,13.4,100
TRN-08001,Superfast,COR-004,SEC-0036,2026-09-15,1383,1388,3,67.1,1600,7.9,100
TRN-08002,Freight,COR-006,SEC-0057,2026-09-04,1200,1215,1,42.4,3000,8.0,110
TRN-08003,Express,COR-002,SEC-0019,2026-09-09,1250,1255,3,77.5,1400,10.6,110
TRN-08004,Freight,COR-014,SEC-0140,2026-09-14,720,732,1,28.3,3000,10.2,120
TRN-08005,EMU,COR-003,SEC-0027,2026-09-03,172,179,2,52.4,900,10.3,80
TRN-08006,Express,COR-002,SEC-0016,2026-09-05,885,892,3,93.4,1400,12.2,80
TRN-08007,EMU,COR-018,SEC-0173,2026-09-03,474,481,2,81.9,900,9.5,130
TRN-08008,Superfast,COR-020,SEC-0200,2026-09-14,741,756,3,72.5,1600,7.4,110
TRN-08009,Passenger,COR-008,SEC-0079,2026-09-16,1236,1256,2,54.6,1200,13.2,80
TRN-08010,EMU,COR-016,SEC-0151,2026-09-09,1385,1392,2,77.8,900,9.8,80
TRN-08011,Express,COR-007,SEC-0063,2026-09-04,982,989,3,83.7,1400,5.9,110
TRN-08012,Passenger,COR-007,SEC-0068,2026-09-13,260,267,2,66.7,1200,9.8,110
TRN-08013,EMU,COR-004,SEC-0038,2026-09-16,345,355,2,53.9,900,5.4,120
TRN-08014,Freight,COR-001,SEC-0005,2026-09-03,1134,1144,1,7.8,3000,3.4,100
TRN-08015,EMU,COR-008,SEC-0073,2026-09-10,517,527,2,61.0,900,8.5,80
TRN-08016,Passenger,COR-003,SEC-0027,2026-09-07,658,663,2,71.5,1200,7.7,100
TRN-08017,Passenger,COR-019,SEC-0182,2026-09-06,375,385,2,91.9,1200,13.0,110
TRN-08018,Superfast,COR-008,SEC-0074,2026-09-08,1235,1245,3,95.2,1600,12.1,130
TRN-08019,Express,COR-004,SEC-0040,2026-09-12,722,729,3,99.0,1400,8.2,80
TRN-08020,Passenger,COR-020,SEC-0193,2026-09-07,432,442,2,73.6,1200,10.5,110
TRN-08021,Express,COR-012,SEC-0116,2026-09-15,1062,1082,3,43.1,1400,3.7,120
TRN-08022,Express,COR-016,SEC-0157,2026-09-13,964,971,3,48.2,1400,9.4,130
TRN-08023,Passenger,COR-005,SEC-0041,2026-09-12,1275,1282,2,66.3,1200,13.5,110
TRN-08024,Freight,COR-009,SEC-0090,2026-09-03,785,795,1,61.9,3000,10.3,110
TRN-08025,Express,COR-011,SEC-0104,2026-09-10,574,589,3,99.0,1400,11.4,110
TRN-08026,Freight,COR-012,SEC-0119,2026-09-13,1328,1333,1,43.7,3000,11.7,120
TRN-08027,Passenger,COR-018,SEC-0176,2026-09-15,1187,1199,2,90.6,1200,8.3,120
TRN-08028,EMU,COR-006,SEC-0053,2026-09-12,644,651,2,75.6,900,11.6,130
TRN-08029,Passenger,COR-002,SEC-0020,2026-09-13,645,650,2,45.5,1200,9.1,110
TRN-08030,Express,COR-012,SEC-0120,2026-09-16,964,974,3,58.9,1400,13.3,120
TRN-08031,Passenger,COR-009,SEC-0083,2026-09-06,1044,1049,2,67.7,1200,9.6,100
TRN-08032,EMU,COR-003,SEC-0027,2026-09-13,216,226,2,99.0,900,7.5,80
TRN-08033,Express,COR-006,SEC-0059,2026-09-04,568,575,3,75.1,1400,8.0,100
TRN-08034,EMU,COR-005,SEC-0049,2026-09-09,319,334,2,60.8,900,9.9,100
TRN-08035,Freight,COR-013,SEC-0123,2026-09-05,22,29,1,31.2,3000,1.0,110
TRN-08036,Express,COR-006,SEC-0052,2026-09-04,424,434,3,63.1,1400,11.4,110
TRN-08037,Passenger,COR-003,SEC-0027,2026-09-15,790,802,2,90.3,1200,10.6,110
TRN-08038,Passenger,COR-018,SEC-0172,2026-09-05,944,964,2,70.8,1200,10.5,100
TRN-08039,Superfast,COR-013,SEC-0121,2026-09-04,1263,1273,3,65.1,1600,13.2,100
TRN-08040,EMU,COR-006,SEC-0057,2026-09-06,1367,1382,2,82.5,900,8.2,80
TRN-08041,Superfast,COR-005,SEC-0042,2026-09-13,174,179,3,60.2,1600,12.2,100
TRN-08042,Superfast,COR-010,SEC-0099,2026-09-12,69,81,3,61.2,1600,9.7,120
TRN-08043,Superfast,COR-019,SEC-0190,2026-09-10,465,485,3,58.5,1600,9.4,110
TRN-08044,Superfast,COR-020,SEC-0200,2026-09-09,183,190,3,83.3,1600,5.9,110
TRN-08045,Express,COR-012,SEC-0115,2026-09-09,1234,1244,3,73.1,1400,10.9,100
TRN-08046,Superfast,COR-020,SEC-0197,2026-09-06,0,20,3,99.0,1600,14.1,130
TRN-08047,EMU,COR-015,SEC-0150,2026-09-05,198,205,2,60.3,900,11.4,100
TRN-08048,Freight,COR-013,SEC-0123,2026-09-10,837,844,1,54.5,3000,10.4,100
TRN-08049,EMU,COR-004,SEC-0037,2026-09-10,261,266,2,99.0,900,7.4,100
TRN-08050,Freight,COR-003,SEC-0022,2026-09-03,582,589,1,17.3,3000,7.7,110
TRN-08051,Superfast,COR-011,SEC-0109,2026-09-07,1193,1198,3,85.7,1600,3.4,100
TRN-08052,Passenger,COR-017,SEC-0161,2026-09-15,1252,1267,2,78.6,1200,12.5,110
TRN-08053,Freight,COR-013,SEC-0122,2026-09-13,563,575,1,28.7,3000,1.0,80
TRN-08054,Express,COR-019,SEC-0184,2026-09-08,400,412,3,77.5,1400,10.6,100
TRN-08055,Superfast,COR-009,SEC-0082,2026-09-09,1176,1186,3,77.1,1600,10.8,120
TRN-08056,Express,COR-007,SEC-0070,2026-09-04,811,823,3,50.2,1400,12.4,120
TRN-08057,Freight,COR-009,SEC-0081,2026-09-11,507,522,1,45.5,3000,1.7,100
TRN-08058,Freight,COR-011,SEC-0102,2026-09-08,1379,1389,1,25.4,3000,9.1,80
TRN-08059,Freight,COR-006,SEC-0057,2026-09-03,1269,1274,1,31.2,3000,9.2,80
TRN-08060,Express,COR-019,SEC-0187,2026-09-08,63,73,3,58.8,1400,4.7,110
TRN-08061,Passenger,COR-017,SEC-0168,2026-09-03,119,129,2,58.8,1200,8.0,110
TRN-08062,EMU,COR-015,SEC-0141,2026-09-11,16,23,2,83.2,900,12.0,110
TRN-08063,Freight,COR-001,SEC-0004,2026-09-15,1413,1433,1,45.9,3000,8.4,110
TRN-08064,Passenger,COR-011,SEC-0107,2026-09-11,1345,1352,2,67.6,1200,13.4,100
TRN-08065,EMU,COR-005,SEC-0047,2026-09-04,1323,1328,2,70.5,900,3.4,100
TRN-08066,EMU,COR-016,SEC-0158,2026-09-08,316,326,2,73.5,900,13.7,130
TRN-08067,Passenger,COR-005,SEC-0049,2026-09-08,1352,1362,2,67.3,1200,12.6,120
TRN-08068,Superfast,COR-001,SEC-0004,2026-09-08,904,911,3,86.5,1600,6.1,110
TRN-08069,EMU,COR-001,SEC-0001,2026-09-11,868,878,2,62.7,900,5.0,110
TRN-08070,EMU,COR-017,SEC-0166,2026-09-12,204,211,2,81.4,900,9.2,100
TRN-08071,Passenger,COR-011,SEC-0108,2026-09-05,1336,1341,2,54.3,1200,7.5,110
TRN-08072,Freight,COR-018,SEC-0180,2026-09-10,230,242,1,46.2,3000,7.2,100
TRN-08073,Superfast,COR-003,SEC-0028,2026-09-16,1126,1136,3,73.8,1600,12.7,120
TRN-08074,EMU,COR-013,SEC-0124,2026-09-06,611,626,2,60.2,900,10.2,120
TRN-08075,Superfast,COR-012,SEC-0119,2026-09-15,170,190,3,49.1,1600,7.8,80
TRN-08076,Express,COR-003,SEC-0026,2026-09-10,1194,1204,3,57.0,1400,6.1,120
TRN-08077,EMU,COR-019,SEC-0184,2026-09-13,700,715,2,67.6,900,6.6,110
TRN-08078,Passenger,COR-008,SEC-0080,2026-09-06,273,280,2,65.5,1200,6.3,130
TRN-08079,Passenger,COR-014,SEC-0132,2026-09-08,382,394,2,63.9,1200,4.3,110
TRN-08080,Superfast,COR-005,SEC-0050,2026-09-10,359,366,3,62.5,1600,10.4,120
TRN-08081,Passenger,COR-004,SEC-0037,2026-09-04,736,748,2,68.3,1200,9.3,120
TRN-08082,Superfast,COR-008,SEC-0074,2026-09-13,48,63,3,76.6,1600,4.6,110
TRN-08083,Express,COR-013,SEC-0123,2026-09-03,439,449,3,52.9,1400,8.1,110
TRN-08084,Superfast,COR-015,SEC-0147,2026-09-11,179,191,3,65.6,1600,8.1,100
TRN-08085,Superfast,COR-007,SEC-0066,2026-09-09,442,452,3,52.8,1600,13.2,110
TRN-08086,Passenger,COR-009,SEC-0088,2026-09-11,1438,1439,2,69.0,1200,5.4,130
TRN-08087,Freight,COR-008,SEC-0076,2026-09-13,811,823,1,38.1,3000,8.9,130
TRN-08088,Express,COR-014,SEC-0132,2026-09-15,1353,1365,3,91.7,1400,8.5,80
TRN-08089,Express,COR-015,SEC-0145,2026-09-04,709,721,3,83.7,1400,6.3,100
TRN-08090,Freight,COR-017,SEC-0167,2026-09-12,802,817,1,76.9,3000,12.3,110
TRN-08091,Passenger,COR-006,SEC-0060,2026-09-03,1257,1264,2,39.0,1200,2.2,110
TRN-08092,Passenger,COR-013,SEC-0126,2026-09-14,292,302,2,75.7,1200,8.2,80
TRN-08093,Passenger,COR-007,SEC-0070,2026-09-04,1327,1334,2,80.9,1200,10.5,110
TRN-08094,Superfast,COR-002,SEC-0019,2026-09-03,785,795,3,59.1,1600,4.9,120
TRN-08095,Passenger,COR-017,SEC-0169,2026-09-15,237,242,2,69.7,1200,15.9,130
TRN-08096,Superfast,COR-001,SEC-0010,2026-09-14,1274,1289,3,68.6,1600,7.6,110
TRN-08097,Passenger,COR-015,SEC-0146,2026-09-16,1231,1236,2,64.4,1200,14.0,100
TRN-08098,Superfast,COR-009,SEC-0087,2026-09-05,1335,1347,3,76.1,1600,8.7,80
TRN-08099,Freight,COR-008,SEC-0078,2026-09-03,951,961,1,64.0,3000,9.6,120
TRN-08100,Passenger,COR-009,SEC-0081,2026-09-05,617,622,2,80.4,1200,11.1,100
TRN-08101,Express,COR-011,SEC-0101,2026-09-09,711,721,3,66.9,1400,11.3,100
TRN-08102,Freight,COR-001,SEC-0003,2026-09-05,316,336,1,21.2,3000,4.7,130
TRN-08103,Passenger,COR-019,SEC-0181,2026-09-13,944,954,2,66.9,1200,11.5,120
TRN-08104,Express,COR-010,SEC-0093,2026-09-12,304,324,3,76.2,1400,8.6,100
TRN-08105,Superfast,COR-005,SEC-0045,2026-09-03,44,64,3,99.0,1600,10.1,110
TRN-08106,Superfast,COR-002,SEC-0017,2026-09-16,445,452,3,75.6,1600,14.8,120
TRN-08107,Passenger,COR-018,SEC-0179,2026-09-08,371,386,2,96.0,1200,15.8,120
TRN-08108,Express,COR-018,SEC-0179,2026-09-14,1337,1342,3,55.0,1400,3.1,80
TRN-08109,Passenger,COR-010,SEC-0092,2026-09-14,784,789,2,82.3,1200,10.5,100
TRN-08110,Freight,COR-001,SEC-0009,2026-09-04,1232,1252,1,42.7,3000,11.5,110
TRN-08111,Express,COR-009,SEC-0085,2026-09-07,1101,1108,3,71.4,1400,10.7,110
TRN-08112,Superfast,COR-017,SEC-0167,2026-09-10,796,811,3,95.7,1600,12.5,110
TRN-08113,Passenger,COR-018,SEC-0178,2026-09-14,678,690,2,61.0,1200,8.4,130
TRN-08114,Passenger,COR-008,SEC-0079,2026-09-12,1113,1125,2,92.7,1200,10.0,110
TRN-08115,EMU,COR-018,SEC-0178,2026-09-07,74,84,2,57.8,900,16.4,80
TRN-08116,Passenger,COR-020,SEC-0193,2026-09-13,625,635,2,67.1,1200,7.7,100
TRN-08117,Express,COR-004,SEC-0038,2026-09-13,81,91,3,67.9,1400,6.1,100
TRN-08118,Passenger,COR-009,SEC-0086,2026-09-05,339,351,2,82.5,1200,10.2,120
TRN-08119,Express,COR-015,SEC-0145,2026-09-16,1093,1108,3,97.2,1400,12.2,110
TRN-08120,Freight,COR-020,SEC-0198,2026-09-16,1071,1086,1,47.0,3000,12.7,110
TRN-08121,Superfast,COR-015,SEC-0146,2026-09-15,1360,1365,3,64.7,1600,8.8,100
TRN-08122,Superfast,COR-010,SEC-0099,2026-09-15,867,872,3,57.9,1600,11.5,120
TRN-08123,EMU,COR-020,SEC-0197,2026-09-03,657,669,2,68.4,900,10.4,120
TRN-08124,EMU,COR-016,SEC-0153,2026-09-06,892,907,2,77.0,900,6.3,100
TRN-08125,Freight,COR-009,SEC-0083,2026-09-11,105,110,1,32.0,3000,6.9,120
TRN-08126,Superfast,COR-002,SEC-0015,2026-09-08,757,767,3,54.3,1600,9.1,100
TRN-08127,Passenger,COR-018,SEC-0180,2026-09-12,328,343,2,74.4,1200,7.9,120
TRN-08128,Superfast,COR-015,SEC-0148,2026-09-08,220,225,3,55.6,1600,5.6,80
TRN-08129,Freight,COR-004,SEC-0039,2026-09-05,668,680,1,21.9,3000,9.7,120
TRN-08130,Passenger,COR-010,SEC-0097,2026-09-09,1156,1163,2,70.1,1200,12.4,100
TRN-08131,Freight,COR-019,SEC-0187,2026-09-05,729,734,1,19.8,3000,6.1,100
TRN-08132,EMU,COR-003,SEC-0024,2026-09-09,103,115,2,99.0,900,9.2,100
TRN-08133,Passenger,COR-019,SEC-0189,2026-09-07,554,564,2,92.7,1200,14.3,120
TRN-08134,Freight,COR-010,SEC-0095,2026-09-15,706,716,1,29.8,3000,9.2,110
TRN-08135,Express,COR-015,SEC-0147,2026-09-12,647,662,3,79.8,1400,7.5,110
TRN-08136,EMU,COR-014,SEC-0132,2026-09-13,1119,1139,2,62.8,900,9.3,100
TRN-08137,Express,COR-018,SEC-0179,2026-09-07,723,735,3,83.9,1400,4.5,110
TRN-08138,Express,COR-004,SEC-0037,2026-09-07,579,594,3,77.4,1400,11.9,120
TRN-08139,EMU,COR-009,SEC-0086,2026-09-06,364,371,2,72.0,900,9.1,110
TRN-08140,Freight,COR-010,SEC-0095,2026-09-06,304,314,1,46.5,3000,8.3,120
TRN-08141,Superfast,COR-005,SEC-0041,2026-09-03,1212,1224,3,46.6,1600,9.6,100
TRN-08142,Passenger,COR-002,SEC-0014,2026-09-14,656,671,2,84.6,1200,7.7,110
TRN-08143,Freight,COR-013,SEC-0126,2026-09-06,606,616,1,10.8,3000,2.4,100
TRN-08144,EMU,COR-016,SEC-0153,2026-09-07,516,521,2,77.0,900,13.2,110
TRN-08145,EMU,COR-018,SEC-0176,2026-09-09,301,313,2,66.7,900,8.2,100
TRN-08146,Express,COR-002,SEC-0016,2026-09-16,1013,1020,3,87.3,1400,13.9,110
TRN-08147,EMU,COR-007,SEC-0066,2026-09-08,112,132,2,91.5,900,9.2,120
TRN-08148,Superfast,COR-010,SEC-0092,2026-09-12,976,988,3,68.3,1600,8.9,120
TRN-08149,Superfast,COR-014,SEC-0132,2026-09-12,1190,1205,3,65.2,1600,8.4,110
TRN-08150,Freight,COR-005,SEC-0050,2026-09-12,868,873,1,42.8,3000,13.7,110
TRN-08151,Passenger,COR-019,SEC-0185,2026-09-06,841,856,2,80.5,1200,7.0,130
TRN-08152,Passenger,COR-009,SEC-0081,2026-09-04,292,302,2,59.0,1200,9.3,120
TRN-08153,Freight,COR-016,SEC-0157,2026-09-10,656,663,1,40.2,3000,7.6,100
TRN-08154,Express,COR-004,SEC-0039,2026-09-15,921,926,3,92.3,1400,11.0,110
TRN-08155,Superfast,COR-020,SEC-0194,2026-09-05,950,962,3,85.7,1600,6.1,100
TRN-08156,Passenger,COR-001,SEC-0003,2026-09-14,32,42,2,77.3,1200,13.3,110
TRN-08157,Passenger,COR-004,SEC-0040,2026-09-14,190,200,2,79.6,1200,9.2,100
TRN-08158,EMU,COR-003,SEC-0028,2026-09-07,1020,1025,2,85.9,900,12.1,100
TRN-08159,Express,COR-019,SEC-0181,2026-09-10,36,51,3,67.6,1400,11.2,110
TRN-08160,Passenger,COR-008,SEC-0074,2026-09-04,918,928,2,79.7,1200,5.6,100
TRN-08161,EMU,COR-008,SEC-0079,2026-09-03,1036,1048,2,71.8,900,7.5,100
TRN-08162,Superfast,COR-018,SEC-0175,2026-09-06,224,236,3,62.4,1600,13.2,110
TRN-08163,EMU,COR-007,SEC-0069,2026-09-13,1170,1175,2,51.2,900,5.2,80
TRN-08164,Passenger,COR-005,SEC-0050,2026-09-08,1129,1144,2,76.1,1200,8.4,120
TRN-08165,Express,COR-004,SEC-0035,2026-09-03,406,413,3,53.7,1400,3.3,100
TRN-08166,Passenger,COR-009,SEC-0084,2026-09-03,637,647,2,96.3,1200,12.8,100
TRN-08167,Passenger,COR-020,SEC-0196,2026-09-13,1052,1064,2,67.0,1200,13.5,110
TRN-08168,Freight,COR-009,SEC-0083,2026-09-05,423,430,1,43.1,3000,6.4,100
TRN-08169,Passenger,COR-001,SEC-0010,2026-09-07,1282,1292,2,64.0,1200,5.8,120
TRN-08170,EMU,COR-012,SEC-0120,2026-09-12,465,475,2,99.0,900,8.8,80
TRN-08171,Freight,COR-018,SEC-0177,2026-09-04,522,529,1,28.8,3000,7.1,110
TRN-08172,Superfast,COR-011,SEC-0110,2026-09-03,302,309,3,78.7,1600,7.8,80
TRN-08173,EMU,COR-001,SEC-0004,2026-09-07,851,863,2,92.2,900,12.6,80
TRN-08174,Freight,COR-011,SEC-0110,2026-09-14,1123,1133,1,26.8,3000,3.5,80
TRN-08175,Superfast,COR-018,SEC-0176,2026-09-16,204,209,3,70.5,1600,6.1,120
TRN-08176,Freight,COR-011,SEC-0103,2026-09-04,1395,1400,1,32.7,3000,10.1,100
TRN-08177,Freight,COR-015,SEC-0145,2026-09-13,285,300,1,32.4,3000,10.0,80
TRN-08178,Freight,COR-007,SEC-0070,2026-09-07,412,427,1,28.7,3000,8.0,120
TRN-08179,EMU,COR-007,SEC-0068,2026-09-13,1211,1216,2,73.5,900,11.2,110
TRN-08180,Passenger,COR-020,SEC-0194,2026-09-10,1278,1288,2,76.4,1200,9.4,110
TRN-08181,Passenger,COR-012,SEC-0115,2026-09-11,514,526,2,80.4,1200,16.2,80
TRN-08182,Passenger,COR-006,SEC-0057,2026-09-09,315,322,2,96.5,1200,12.0,110
TRN-08183,EMU,COR-012,SEC-0115,2026-09-14,302,309,2,65.6,900,7.4,110
TRN-08184,Passenger,COR-009,SEC-0086,2026-09-05,1235,1242,2,60.1,1200,8.2,120
TRN-08185,Passenger,COR-018,SEC-0172,2026-09-03,1309,1321,2,60.4,1200,9.5,110
TRN-08186,Freight,COR-016,SEC-0155,2026-09-03,29,41,1,34.5,3000,7.5,110
TRN-08187,Express,COR-011,SEC-0110,2026-09-15,682,689,3,58.4,1400,4.8,120
TRN-08188,Freight,COR-008,SEC-0077,2026-09-09,1100,1110,1,58.6,3000,7.2,80
TRN-08189,Freight,COR-003,SEC-0030,2026-09-14,48,53,1,30.2,3000,10.1,80
TRN-08190,Passenger,COR-001,SEC-0008,2026-09-05,91,101,2,68.2,1200,15.0,110
TRN-08191,Passenger,COR-008,SEC-0080,2026-09-06,872,879,2,86.8,1200,14.5,110
TRN-08192,Freight,COR-009,SEC-0086,2026-09-16,392,404,1,36.3,3000,7.4,80
TRN-08193,Passenger,COR-005,SEC-0041,2026-09-14,1382,1392,2,71.4,1200,8.5,120
TRN-08194,Passenger,COR-002,SEC-0013,2026-09-14,1211,1223,2,80.3,1200,5.7,120
TRN-08195,Superfast,COR-015,SEC-0142,2026-09-16,1188,1193,3,51.2,1600,9.5,100
TRN-08196,EMU,COR-016,SEC-0158,2026-09-07,419,431,2,44.7,900,6.3,80
TRN-08197,Passenger,COR-018,SEC-0172,2026-09-13,1034,1041,2,68.5,1200,13.5,110
TRN-08198,Freight,COR-008,SEC-0071,2026-09-15,1271,1286,1,18.0,3000,7.2,80
TRN-08199,Passenger,COR-011,SEC-0101,2026-09-04,953,963,2,84.0,1200,7.8,100
TRN-08200,Express,COR-004,SEC-0035,2026-09-14,739,744,3,67.3,1400,5.2,110
TRN-08201,Passenger,COR-002,SEC-0019,2026-09-10,1352,1362,2,69.7,1200,7.4,120
TRN-08202,Superfast,COR-020,SEC-0198,2026-09-16,1288,1300,3,82.4,1600,12.7,130
TRN-08203,Freight,COR-007,SEC-0068,2026-09-06,670,685,1,33.7,3000,8.3,120
TRN-08204,EMU,COR-020,SEC-0196,2026-09-16,388,400,2,72.8,900,9.6,120
TRN-08205,Passenger,COR-001,SEC-0001,2026-09-08,165,172,2,99.0,1200,20.4,80
TRN-08206,Freight,COR-016,SEC-0154,2026-09-16,252,262,1,50.4,3000,5.8,110
TRN-08207,Freight,COR-014,SEC-0134,2026-09-03,77,89,1,34.4,3000,5.2,80
TRN-08208,Superfast,COR-007,SEC-0063,2026-09-14,631,643,3,68.6,1600,15.3,80
TRN-08209,Superfast,COR-016,SEC-0157,2026-09-08,197,209,3,27.6,1600,5.4,120
TRN-08210,Express,COR-004,SEC-0040,2026-09-12,840,850,3,55.9,1400,5.6,100
TRN-08211,EMU,COR-007,SEC-0061,2026-09-13,1013,1018,2,75.8,900,8.1,130
TRN-08212,Superfast,COR-004,SEC-0037,2026-09-05,176,188,3,59.9,1600,11.0,110
TRN-08213,EMU,COR-020,SEC-0200,2026-09-14,1137,1149,2,59.8,900,14.3,110
TRN-08214,Superfast,COR-019,SEC-0187,2026-09-15,748,760,3,96.9,1600,10.9,100
TRN-08215,Superfast,COR-020,SEC-0198,2026-09-05,568,588,3,73.8,1600,9.1,100
TRN-08216,Express,COR-001,SEC-0004,2026-09-12,520,530,3,99.0,1400,17.2,100
TRN-08217,Passenger,COR-018,SEC-0179,2026-09-09,73,78,2,62.6,1200,14.2,120
TRN-08218,Passenger,COR-004,SEC-0032,2026-09-09,898,913,2,65.2,1200,6.3,110
TRN-08219,EMU,COR-007,SEC-0067,2026-09-09,233,240,2,55.0,900,9.7,100
TRN-08220,EMU,COR-004,SEC-0039,2026-09-08,231,241,2,58.8,900,5.7,130
TRN-08221,Superfast,COR-015,SEC-0150,2026-09-14,476,488,3,75.0,1600,6.6,110
TRN-08222,Freight,COR-005,SEC-0041,2026-09-03,515,535,1,51.3,3000,7.5,110
TRN-08223,EMU,COR-004,SEC-0033,2026-09-12,259,271,2,77.0,900,13.8,110
TRN-08224,Superfast,COR-005,SEC-0041,2026-09-07,722,732,3,98.1,1600,8.7,110
TRN-08225,EMU,COR-004,SEC-0031,2026-09-03,809,829,2,63.9,900,11.9,130
TRN-08226,Superfast,COR-003,SEC-0023,2026-09-16,433,445,3,59.6,1600,6.9,110
TRN-08227,EMU,COR-018,SEC-0175,2026-09-03,240,247,2,62.7,900,5.6,110
TRN-08228,Passenger,COR-015,SEC-0150,2026-09-04,418,430,2,29.2,1200,8.0,100
TRN-08229,Passenger,COR-002,SEC-0013,2026-09-10,948,958,2,89.7,1200,9.7,100
TRN-08230,Superfast,COR-003,SEC-0027,2026-09-04,1116,1126,3,60.0,1600,13.2,110
TRN-08231,Freight,COR-016,SEC-0153,2026-09-16,1108,1118,1,32.2,3000,6.0,110
TRN-08232,EMU,COR-002,SEC-0011,2026-09-03,610,625,2,70.0,900,9.8,80
TRN-08233,Express,COR-020,SEC-0193,2026-09-04,1042,1049,3,99.0,1400,14.9,120
TRN-08234,EMU,COR-013,SEC-0122,2026-09-10,996,1006,2,64.7,900,5.5,110
TRN-08235,Express,COR-004,SEC-0039,2026-09-07,241,251,3,71.8,1400,12.8,120
TRN-08236,Freight,COR-002,SEC-0019,2026-09-10,835,845,1,31.3,3000,5.5,110
TRN-08237,Superfast,COR-013,SEC-0124,2026-09-13,75,82,3,62.6,1600,10.4,110
TRN-08238,Passenger,COR-008,SEC-0074,2026-09-07,976,983,2,62.4,1200,8.2,80
TRN-08239,EMU,COR-010,SEC-0099,2026-09-11,497,509,2,59.1,900,5.2,110
TRN-08240,EMU,COR-004,SEC-0033,2026-09-09,656,668,2,50.8,900,10.1,80
TRN-08241,Passenger,COR-004,SEC-0033,2026-09-09,439,451,2,81.6,1200,6.1,100
TRN-08242,Superfast,COR-002,SEC-0018,2026-09-15,818,823,3,67.1,1600,8.3,110
TRN-08243,Superfast,COR-019,SEC-0190,2026-09-04,1125,1132,3,55.1,1600,9.1,110
TRN-08244,Passenger,COR-008,SEC-0078,2026-09-12,1035,1040,2,68.3,1200,5.4,110
TRN-08245,EMU,COR-011,SEC-0110,2026-09-04,765,775,2,80.6,900,5.9,120
TRN-08246,Express,COR-018,SEC-0176,2026-09-15,356,371,3,74.9,1400,11.2,110
TRN-08247,Express,COR-009,SEC-0088,2026-09-11,450,465,3,64.0,1400,8.3,110
TRN-08248,Passenger,COR-012,SEC-0113,2026-09-03,826,841,2,61.0,1200,1.0,110
TRN-08249,Express,COR-004,SEC-0033,2026-09-12,1239,1244,3,75.2,1400,14.7,120
TRN-08250,Superfast,COR-015,SEC-0149,2026-09-03,218,225,3,73.8,1600,12.2,80
TRN-08251,Freight,COR-012,SEC-0116,2026-09-09,1246,1253,1,39.3,3000,7.1,120
TRN-08252,Superfast,COR-011,SEC-0107,2026-09-14,351,361,3,69.5,1600,9.9,110
TRN-08253,EMU,COR-015,SEC-0141,2026-09-14,1270,1282,2,69.0,900,12.8,130
TRN-08254,Superfast,COR-006,SEC-0051,2026-09-03,612,624,3,67.8,1600,10.1,100
TRN-08255,Freight,COR-016,SEC-0152,2026-09-09,1295,1310,1,25.6,3000,5.4,100
TRN-08256,Freight,COR-010,SEC-0095,2026-09-10,1273,1288,1,60.3,3000,9.7,110
TRN-08257,Freight,COR-011,SEC-0110,2026-09-08,103,113,1,38.3,3000,7.4,120
TRN-08258,Passenger,COR-018,SEC-0179,2026-09-09,643,653,2,82.5,1200,14.7,120
TRN-08259,Superfast,COR-011,SEC-0104,2026-09-05,1073,1080,3,57.0,1600,7.2,110
TRN-08260,EMU,COR-004,SEC-0036,2026-09-16,718,733,2,64.1,900,12.2,100
TRN-08261,Freight,COR-015,SEC-0150,2026-09-12,1164,1171,1,40.6,3000,10.3,110
TRN-08262,Freight,COR-016,SEC-0159,2026-09-05,328,340,1,50.4,3000,10.9,80
TRN-08263,Superfast,COR-008,SEC-0075,2026-09-08,527,537,3,63.2,1600,7.4,100
TRN-08264,Freight,COR-020,SEC-0198,2026-09-12,1358,1365,1,13.4,3000,7.3,80
TRN-08265,Passenger,COR-011,SEC-0102,2026-09-09,1150,1157,2,71.6,1200,8.9,80
TRN-08266,Express,COR-018,SEC-0179,2026-09-16,878,890,3,69.0,1400,12.3,120
TRN-08267,Freight,COR-014,SEC-0136,2026-09-06,93,113,1,21.4,3000,2.0,80
TRN-08268,Superfast,COR-015,SEC-0144,2026-09-12,1172,1177,3,87.2,1600,12.4,120
TRN-08269,Passenger,COR-010,SEC-0093,2026-09-07,597,612,2,44.4,1200,10.7,110
TRN-08270,Express,COR-003,SEC-0025,2026-09-13,577,592,3,77.0,1400,10.9,80
TRN-08271,Passenger,COR-001,SEC-0002,2026-09-12,1203,1213,2,56.1,1200,14.3,120
TRN-08272,Passenger,COR-009,SEC-0081,2026-09-09,575,580,2,74.9,1200,16.7,130
TRN-08273,Freight,COR-018,SEC-0173,2026-09-08,67,72,1,26.5,3000,3.7,110
TRN-08274,Express,COR-012,SEC-0114,2026-09-04,1220,1230,3,58.3,1400,6.3,80
TRN-08275,Passenger,COR-019,SEC-0188,2026-09-11,1273,1278,2,69.2,1200,12.9,120
TRN-08276,EMU,COR-013,SEC-0129,2026-09-07,985,995,2,78.9,900,5.0,100
TRN-08277,Freight,COR-003,SEC-0026,2026-09-09,54,64,1,37.2,3000,7.8,110
TRN-08278,Express,COR-001,SEC-0004,2026-09-09,1312,1324,3,74.3,1400,13.8,110
TRN-08279,Passenger,COR-003,SEC-0028,2026-09-13,579,591,2,48.2,1200,9.0,120
TRN-08280,Superfast,COR-005,SEC-0046,2026-09-15,123,138,3,72.3,1600,11.0,120
TRN-08281,Superfast,COR-008,SEC-0078,2026-09-10,1013,1028,3,77.1,1600,5.4,110
TRN-08282,Passenger,COR-005,SEC-0041,2026-09-04,921,931,2,64.6,1200,11.7,100
TRN-08283,Passenger,COR-016,SEC-0158,2026-09-16,63,75,2,63.4,1200,6.5,100
TRN-08284,Passenger,COR-013,SEC-0124,2026-09-05,689,696,2,57.0,1200,2.0,100
TRN-08285,Freight,COR-015,SEC-0148,2026-09-12,829,834,1,45.2,3000,7.8,130
TRN-08286,Superfast,COR-017,SEC-0161,2026-09-05,1308,1313,3,60.2,1600,8.1,130
TRN-08287,Passenger,COR-018,SEC-0176,2026-09-12,163,183,2,83.6,1200,7.7,120
TRN-08288,Passenger,COR-009,SEC-0083,2026-09-11,595,610,2,78.4,1200,14.4,100
TRN-08289,Freight,COR-006,SEC-0060,2026-09-06,636,656,1,18.7,3000,3.0,120
TRN-08290,Express,COR-015,SEC-0145,2026-09-12,1353,1365,3,84.2,1400,13.6,100
TRN-08291,Express,COR-017,SEC-0168,2026-09-03,1308,1320,3,65.3,1400,7.9,100
TRN-08292,Passenger,COR-019,SEC-0181,2026-09-03,703,715,2,82.2,1200,12.2,100
TRN-08293,EMU,COR-008,SEC-0080,2026-09-11,841,856,2,43.8,900,4.4,100
TRN-08294,Express,COR-013,SEC-0122,2026-09-03,519,524,3,91.7,1400,11.5,120
TRN-08295,Passenger,COR-018,SEC-0179,2026-09-14,1085,1097,2,51.3,1200,5.9,100
TRN-08296,Passenger,COR-006,SEC-0058,2026-09-03,1278,1288,2,72.1,1200,14.4,100
TRN-08297,Express,COR-017,SEC-0162,2026-09-16,392,404,3,94.0,1400,5.4,120
TRN-08298,EMU,COR-015,SEC-0145,2026-09-09,461,468,2,95.2,900,7.2,80
TRN-08299,Express,COR-017,SEC-0167,2026-09-08,87,99,3,72.8,1400,12.5,100
TRN-08300,Passenger,COR-019,SEC-0183,2026-09-08,315,327,2,48.0,1200,7.7,120
TRN-08301,Superfast,COR-009,SEC-0086,2026-09-04,314,326,3,52.0,1600,13.3,110
TRN-08302,Passenger,COR-001,SEC-0003,2026-09-08,539,546,2,46.4,1200,11.7,80
TRN-08303,Freight,COR-011,SEC-0101,2026-09-13,926,936,1,37.3,3000,2.2,120
TRN-08304,EMU,COR-012,SEC-0116,2026-09-14,113,125,2,78.1,900,9.0,120
TRN-08305,EMU,COR-002,SEC-0019,2026-09-04,625,640,2,56.1,900,13.4,110
TRN-08306,Superfast,COR-015,SEC-0147,2026-09-04,1186,1193,3,47.7,1600,12.0,130
TRN-08307,Passenger,COR-010,SEC-0095,2026-09-06,975,985,2,64.6,1200,5.0,120
TRN-08308,Superfast,COR-009,SEC-0086,2026-09-07,848,858,3,60.2,1600,4.4,120
TRN-08309,Superfast,COR-002,SEC-0016,2026-09-06,760,765,3,59.9,1600,8.9,110
TRN-08310,Freight,COR-013,SEC-0126,2026-09-08,1142,1149,1,49.4,3000,7.2,110
TRN-08311,Passenger,COR-007,SEC-0064,2026-09-04,1301,1316,2,53.3,1200,7.0,100
TRN-08312,Freight,COR-001,SEC-0002,2026-09-07,328,335,1,47.7,3000,9.2,80
TRN-08313,EMU,COR-018,SEC-0180,2026-09-11,579,589,2,72.6,900,8.1,110
TRN-08314,Passenger,COR-007,SEC-0062,2026-09-15,1080,1090,2,86.8,1200,12.6,110
TRN-08315,Freight,COR-017,SEC-0162,2026-09-04,100,105,1,50.3,3000,9.8,130
TRN-08316,Passenger,COR-006,SEC-0054,2026-09-07,128,138,2,65.2,1200,12.9,110
TRN-08317,Superfast,COR-010,SEC-0096,2026-09-12,518,530,3,49.1,1600,6.5,80
TRN-08318,Passenger,COR-020,SEC-0200,2026-09-15,575,585,2,90.5,1200,13.8,110
TRN-08319,Freight,COR-012,SEC-0111,2026-09-12,352,359,1,36.8,3000,4.6,120
TRN-08320,Express,COR-018,SEC-0176,2026-09-03,698,708,3,85.1,1400,13.3,130
TRN-08321,Express,COR-015,SEC-0150,2026-09-10,1391,1396,3,62.1,1400,9.4,110
TRN-08322,Freight,COR-017,SEC-0166,2026-09-07,601,611,1,50.1,3000,5.8,110
TRN-08323,Superfast,COR-008,SEC-0075,2026-09-15,145,157,3,59.7,1600,9.9,100
TRN-08324,Passenger,COR-001,SEC-0006,2026-09-08,227,237,2,92.9,1200,11.9,100
TRN-08325,Express,COR-007,SEC-0068,2026-09-09,1024,1039,3,88.7,1400,3.6,80
TRN-08326,Passenger,COR-014,SEC-0134,2026-09-09,421,441,2,79.7,1200,10.5,120
TRN-08327,Superfast,COR-015,SEC-0145,2026-09-09,1074,1084,3,66.5,1600,6.8,130
TRN-08328,EMU,COR-009,SEC-0082,2026-09-11,745,750,2,72.2,900,14.6,100
TRN-08329,Passenger,COR-009,SEC-0085,2026-09-13,559,569,2,88.1,1200,13.5,100
TRN-08330,Express,COR-004,SEC-0038,2026-09-05,932,942,3,78.5,1400,8.6,120
TRN-08331,Freight,COR-015,SEC-0141,2026-09-14,387,397,1,47.3,3000,5.2,100
TRN-08332,EMU,COR-006,SEC-0052,2026-09-11,891,906,2,78.4,900,14.2,80
TRN-08333,Express,COR-006,SEC-0055,2026-09-13,1050,1055,3,58.4,1400,8.6,100
TRN-08334,Freight,COR-018,SEC-0177,2026-09-12,1124,1131,1,9.5,3000,5.6,80
TRN-08335,Passenger,COR-020,SEC-0191,2026-09-15,388,398,2,69.2,1200,4.6,110
TRN-08336,Express,COR-004,SEC-0032,2026-09-14,1085,1097,3,85.7,1400,16.3,110
TRN-08337,Freight,COR-017,SEC-0165,2026-09-04,16,26,1,34.6,3000,9.1,120
TRN-08338,Express,COR-010,SEC-0091,2026-09-16,1406,1426,3,90.8,1400,14.7,130
TRN-08339,Freight,COR-002,SEC-0017,2026-09-04,1211,1223,1,30.8,3000,8.2,110
TRN-08340,Express,COR-009,SEC-0081,2026-09-13,582,592,3,79.1,1400,9.5,100
TRN-08341,Passenger,COR-006,SEC-0052,2026-09-05,824,839,2,90.4,1200,16.7,130
TRN-08342,EMU,COR-019,SEC-0185,2026-09-16,661,666,2,79.3,900,12.4,110
TRN-08343,Superfast,COR-018,SEC-0174,2026-09-03,337,347,3,43.0,1600,10.2,120
TRN-08344,Passenger,COR-018,SEC-0172,2026-09-06,1223,1235,2,81.7,1200,5.8,130
TRN-08345,Express,COR-009,SEC-0090,2026-09-08,1097,1112,3,64.4,1400,6.5,110
TRN-08346,EMU,COR-019,SEC-0187,2026-09-10,140,152,2,91.2,900,14.7,120
TRN-08347,Freight,COR-010,SEC-0092,2026-09-08,88,95,1,17.4,3000,7.9,130
TRN-08348,Passenger,COR-004,SEC-0032,2026-09-14,398,408,2,61.2,1200,10.6,120
TRN-08349,EMU,COR-015,SEC-0149,2026-09-15,5,25,2,59.6,900,9.0,80
TRN-08350,Express,COR-017,SEC-0163,2026-09-06,115,130,3,60.5,1400,12.8,130
TRN-08351,Superfast,COR-019,SEC-0189,2026-09-15,277,287,3,76.3,1600,9.7,80
TRN-08352,Superfast,COR-010,SEC-0096,2026-09-16,601,616,3,85.3,1600,11.8,110
TRN-08353,EMU,COR-003,SEC-0021,2026-09-06,445,450,2,44.9,900,6.8,110
TRN-08354,EMU,COR-016,SEC-0159,2026-09-11,800,807,2,64.5,900,10.1,110
TRN-08355,Superfast,COR-016,SEC-0158,2026-09-08,158,168,3,73.9,1600,9.5,110
TRN-08356,EMU,COR-014,SEC-0133,2026-09-13,366,373,2,77.8,900,8.0,110
TRN-08357,Superfast,COR-010,SEC-0094,2026-09-13,1262,1282,3,61.9,1600,12.1,130
TRN-08358,Superfast,COR-002,SEC-0020,2026-09-03,1053,1065,3,29.4,1600,7.6,80
TRN-08359,Freight,COR-017,SEC-0161,2026-09-08,1055,1070,1,14.0,3000,2.7,110
TRN-08360,EMU,COR-020,SEC-0196,2026-09-14,907,912,2,64.0,900,5.2,110
TRN-08361,Passenger,COR-007,SEC-0064,2026-09-10,1202,1214,2,62.9,1200,11.7,110
TRN-08362,Superfast,COR-017,SEC-0161,2026-09-09,1108,1118,3,54.6,1600,11.9,80
TRN-08363,Freight,COR-019,SEC-0189,2026-09-10,655,665,1,35.2,3000,10.7,100
TRN-08364,Freight,COR-005,SEC-0045,2026-09-10,1310,1317,1,34.5,3000,9.8,100
TRN-08365,Superfast,COR-013,SEC-0122,2026-09-12,51,66,3,71.3,1600,6.6,100
TRN-08366,Superfast,COR-010,SEC-0091,2026-09-11,1113,1120,3,80.8,1600,9.3,120
TRN-08367,Freight,COR-010,SEC-0096,2026-09-15,732,739,1,56.2,3000,8.0,120
TRN-08368,Express,COR-005,SEC-0049,2026-09-14,412,419,3,73.7,1400,5.8,100
TRN-08369,Freight,COR-012,SEC-0115,2026-09-15,1408,1415,1,17.1,3000,3.2,80
TRN-08370,Passenger,COR-013,SEC-0129,2026-09-11,278,288,2,74.3,1200,11.0,120
TRN-08371,Express,COR-010,SEC-0098,2026-09-13,341,356,3,85.7,1400,6.8,120
TRN-08372,Express,COR-002,SEC-0012,2026-09-05,403,408,3,71.0,1400,6.8,100
TRN-08373,Express,COR-008,SEC-0079,2026-09-14,466,476,3,96.1,1400,8.1,110
TRN-08374,Superfast,COR-008,SEC-0073,2026-09-12,876,886,3,60.4,1600,4.8,100
TRN-08375,EMU,COR-001,SEC-0010,2026-09-11,269,279,2,80.3,900,4.7,110
TRN-08376,Superfast,COR-009,SEC-0087,2026-09-06,542,562,3,82.7,1600,7.7,130
TRN-08377,Superfast,COR-002,SEC-0016,2026-09-07,50,60,3,67.7,1600,3.9,110
TRN-08378,Express,COR-016,SEC-0153,2026-09-03,928,938,3,83.5,1400,5.7,130
TRN-08379,Passenger,COR-019,SEC-0186,2026-09-10,751,756,2,78.8,1200,9.8,120
TRN-08380,Express,COR-006,SEC-0053,2026-09-14,954,974,3,83.9,1400,11.4,100
TRN-08381,EMU,COR-004,SEC-0034,2026-09-05,1439,1440,2,87.2,900,15.0,110
TRN-08382,Superfast,COR-005,SEC-0042,2026-09-04,1351,1366,3,99.0,1600,13.4,120
TRN-08383,Express,COR-015,SEC-0149,2026-09-12,1131,1136,3,37.4,1400,11.3,130
TRN-08384,Passenger,COR-006,SEC-0051,2026-09-03,279,286,2,60.1,1200,2.8,110
TRN-08385,Passenger,COR-010,SEC-0098,2026-09-09,1279,1291,2,80.0,1200,4.5,130
TRN-08386,Express,COR-016,SEC-0160,2026-09-13,374,379,3,50.6,1400,5.8,80
TRN-08387,Freight,COR-018,SEC-0174,2026-09-07,1034,1039,1,16.8,3000,6.8,110
TRN-08388,Passenger,COR-011,SEC-0101,2026-09-10,507,514,2,79.6,1200,12.6,120
TRN-08389,EMU,COR-017,SEC-0168,2026-09-15,1414,1426,2,94.7,900,7.2,110
TRN-08390,Superfast,COR-020,SEC-0196,2026-09-04,313,320,3,65.7,1600,8.4,100
TRN-08391,Freight,COR-006,SEC-0059,2026-09-06,963,968,1,69.1,3000,6.6,130
TRN-08392,Superfast,COR-017,SEC-0167,2026-09-14,734,746,3,42.4,1600,4.2,120
TRN-08393,Superfast,COR-017,SEC-0162,2026-09-05,208,213,3,64.0,1600,15.5,120
TRN-08394,Superfast,COR-010,SEC-0097,2026-09-12,918,930,3,98.9,1600,14.7,80
TRN-08395,Passenger,COR-006,SEC-0057,2026-09-10,1011,1021,2,76.0,1200,6.2,110
TRN-08396,Superfast,COR-014,SEC-0133,2026-09-14,388,403,3,81.9,1600,8.1,120
TRN-08397,Freight,COR-004,SEC-0039,2026-09-10,58,65,1,51.4,3000,11.7,100
TRN-08398,Express,COR-019,SEC-0181,2026-09-12,1025,1037,3,43.2,1400,9.0,120
TRN-08399,Express,COR-001,SEC-0007,2026-09-04,644,651,3,63.2,1400,8.7,120
TRN-08400,Passenger,COR-020,SEC-0193,2026-09-05,297,317,2,68.7,1200,9.6,100
TRN-08401,Express,COR-001,SEC-0001,2026-09-10,1227,1247,3,46.1,1400,12.2,110
TRN-08402,Superfast,COR-009,SEC-0084,2026-09-11,923,935,3,58.3,1600,10.1,120
TRN-08403,Passenger,COR-008,SEC-0072,2026-09-03,629,649,2,88.0,1200,11.9,80
TRN-08404,Superfast,COR-016,SEC-0152,2026-09-14,479,484,3,52.5,1600,3.0,120
TRN-08405,Express,COR-017,SEC-0164,2026-09-05,103,110,3,68.3,1400,9.2,110
TRN-08406,Freight,COR-010,SEC-0092,2026-09-03,529,541,1,28.9,3000,7.2,120
TRN-08407,Passenger,COR-019,SEC-0181,2026-09-06,349,364,2,67.7,1200,14.6,110
TRN-08408,Passenger,COR-014,SEC-0137,2026-09-11,831,838,2,72.0,1200,10.4,100
TRN-08409,Passenger,COR-005,SEC-0045,2026-09-11,185,190,2,60.6,1200,4.7,110
TRN-08410,Superfast,COR-018,SEC-0180,2026-09-10,390,397,3,93.1,1600,9.6,80
TRN-08411,EMU,COR-010,SEC-0093,2026-09-12,1421,1436,2,61.4,900,12.1,120
TRN-08412,Passenger,COR-014,SEC-0133,2026-09-16,641,651,2,63.3,1200,9.4,100
TRN-08413,Passenger,COR-003,SEC-0024,2026-09-15,431,441,2,63.4,1200,9.7,80
TRN-08414,Express,COR-001,SEC-0002,2026-09-15,1093,1103,3,83.8,1400,8.8,130
TRN-08415,Superfast,COR-006,SEC-0055,2026-09-06,752,767,3,59.0,1600,10.3,110
TRN-08416,EMU,COR-009,SEC-0083,2026-09-15,309,321,2,86.1,900,9.1,120
TRN-08417,Superfast,COR-005,SEC-0042,2026-09-12,416,431,3,99.0,1600,15.5,100
TRN-08418,Freight,COR-002,SEC-0013,2026-09-09,1283,1290,1,43.5,3000,7.4,120
TRN-08419,Superfast,COR-007,SEC-0062,2026-09-14,579,599,3,83.8,1600,5.7,100
TRN-08420,Superfast,COR-007,SEC-0067,2026-09-09,47,57,3,73.2,1600,10.6,130
TRN-08421,Freight,COR-009,SEC-0088,2026-09-09,17,22,1,23.2,3000,1.3,110
TRN-08422,Express,COR-016,SEC-0151,2026-09-05,1438,1439,3,72.3,1400,7.9,120
TRN-08423,Freight,COR-008,SEC-0075,2026-09-08,790,802,1,49.1,3000,9.9,110
TRN-08424,Express,COR-018,SEC-0172,2026-09-04,476,496,3,99.0,1400,14.2,120
TRN-08425,Freight,COR-017,SEC-0168,2026-09-10,47,57,1,62.4,3000,8.4,110
TRN-08426,Express,COR-013,SEC-0125,2026-09-04,804,816,3,71.0,1400,7.8,120
TRN-08427,Freight,COR-001,SEC-0001,2026-09-05,371,381,1,29.2,3000,8.0,80
TRN-08428,EMU,COR-008,SEC-0073,2026-09-13,1178,1193,2,59.7,900,7.5,100
TRN-08429,Passenger,COR-003,SEC-0026,2026-09-07,1396,1408,2,99.0,1200,10.8,120
TRN-08430,Express,COR-013,SEC-0125,2026-09-16,1385,1390,3,65.5,1400,6.6,110
TRN-08431,Passenger,COR-013,SEC-0124,2026-09-03,889,896,2,52.2,1200,11.3,130
TRN-08432,Express,COR-011,SEC-0103,2026-09-11,479,491,3,95.9,1400,16.8,110
TRN-08433,EMU,COR-018,SEC-0179,2026-09-16,1311,1326,2,74.3,900,12.9,100
TRN-08434,Passenger,COR-009,SEC-0090,2026-09-14,113,118,2,70.2,1200,5.6,120
TRN-08435,Passenger,COR-017,SEC-0162,2026-09-14,256,266,2,37.3,1200,6.6,80
TRN-08436,Freight,COR-003,SEC-0022,2026-09-11,269,289,1,28.8,3000,6.3,80
TRN-08437,Express,COR-015,SEC-0144,2026-09-03,972,992,3,79.5,1400,18.2,110
TRN-08438,Express,COR-018,SEC-0180,2026-09-16,27,37,3,73.3,1400,9.8,110
TRN-08439,EMU,COR-004,SEC-0036,2026-09-13,114,121,2,45.8,900,3.8,110
TRN-08440,Superfast,COR-014,SEC-0136,2026-09-16,695,702,3,72.0,1600,13.1,110
TRN-08441,EMU,COR-004,SEC-0040,2026-09-15,32,37,2,87.0,900,13.8,80
TRN-08442,EMU,COR-010,SEC-0095,2026-09-08,400,412,2,41.7,900,8.5,120
TRN-08443,Passenger,COR-003,SEC-0027,2026-09-16,1218,1225,2,99.0,1200,13.9,100
TRN-08444,Passenger,COR-010,SEC-0095,2026-09-08,853,863,2,80.4,1200,10.8,120
TRN-08445,EMU,COR-011,SEC-0106,2026-09-03,664,671,2,54.5,900,8.7,100
TRN-08446,Superfast,COR-017,SEC-0164,2026-09-05,942,952,3,58.2,1600,4.1,120
TRN-08447,Freight,COR-015,SEC-0148,2026-09-06,744,751,1,34.6,3000,6.4,80
TRN-08448,Express,COR-015,SEC-0146,2026-09-13,1380,1390,3,66.8,1400,7.7,130
TRN-08449,Superfast,COR-014,SEC-0136,2026-09-04,367,374,3,99.0,1600,9.1,120
TRN-08450,Express,COR-002,SEC-0017,2026-09-05,440,450,3,52.6,1400,5.7,110
TRN-08451,Freight,COR-001,SEC-0007,2026-09-06,1261,1266,1,33.4,3000,6.2,120
TRN-08452,Freight,COR-005,SEC-0050,2026-09-11,409,421,1,23.9,3000,6.7,110
TRN-08453,EMU,COR-014,SEC-0138,2026-09-04,386,396,2,64.5,900,9.8,100
TRN-08454,Freight,COR-004,SEC-0031,2026-09-08,1109,1116,1,39.1,3000,10.9,110
TRN-08455,Express,COR-006,SEC-0060,2026-09-10,1193,1208,3,79.4,1400,7.1,80
TRN-08456,Passenger,COR-013,SEC-0123,2026-09-07,1018,1028,2,95.9,1200,12.0,110
TRN-08457,Superfast,COR-008,SEC-0072,2026-09-08,1412,1427,3,98.6,1600,5.1,100
TRN-08458,Superfast,COR-019,SEC-0182,2026-09-10,1338,1358,3,83.1,1600,7.4,80
TRN-08459,Freight,COR-010,SEC-0096,2026-09-14,1349,1369,1,19.9,3000,1.0,130
TRN-08460,Freight,COR-005,SEC-0046,2026-09-13,981,1001,1,46.9,3000,4.6,110
TRN-08461,Freight,COR-011,SEC-0101,2026-09-05,243,258,1,32.1,3000,9.4,120
TRN-08462,Freight,COR-018,SEC-0177,2026-09-03,96,103,1,40.9,3000,5.6,100
TRN-08463,EMU,COR-009,SEC-0090,2026-09-16,855,860,2,96.5,900,5.9,80
TRN-08464,Passenger,COR-002,SEC-0015,2026-09-11,218,238,2,85.5,1200,11.9,100
TRN-08465,Passenger,COR-007,SEC-0063,2026-09-13,1068,1073,2,60.6,1200,5.8,100
TRN-08466,Superfast,COR-005,SEC-0048,2026-09-03,742,752,3,83.2,1600,13.5,110
TRN-08467,EMU,COR-019,SEC-0181,2026-09-12,49,61,2,78.0,900,16.1,110
TRN-08468,EMU,COR-006,SEC-0060,2026-09-03,978,988,2,74.4,900,8.8,130
TRN-08469,Passenger,COR-017,SEC-0166,2026-09-12,1007,1027,2,45.8,1200,12.6,110
TRN-08470,Express,COR-017,SEC-0169,2026-09-04,265,275,3,85.3,1400,7.8,110
TRN-08471,Passenger,COR-009,SEC-0081,2026-09-05,746,761,2,60.5,1200,5.2,120
TRN-08472,Superfast,COR-003,SEC-0021,2026-09-06,55,67,3,82.1,1600,11.9,110
TRN-08473,Express,COR-001,SEC-0008,2026-09-08,683,688,3,85.5,1400,11.0,120
TRN-08474,Express,COR-006,SEC-0058,2026-09-14,905,910,3,55.6,1400,3.0,110
TRN-08475,EMU,COR-014,SEC-0139,2026-09-06,175,182,2,71.9,900,5.6,100
TRN-08476,Passenger,COR-020,SEC-0199,2026-09-09,209,221,2,66.9,1200,3.1,110
TRN-08477,Passenger,COR-004,SEC-0037,2026-09-10,92,99,2,60.7,1200,4.1,130
TRN-08478,Passenger,COR-008,SEC-0077,2026-09-06,1100,1110,2,66.9,1200,15.7,100
TRN-08479,Superfast,COR-011,SEC-0108,2026-09-15,773,780,3,61.9,1600,11.5,120
TRN-08480,EMU,COR-011,SEC-0103,2026-09-03,484,491,2,82.1,900,7.8,110
TRN-08481,Express,COR-005,SEC-0050,2026-09-14,202,209,3,65.7,1400,3.7,120
TRN-08482,Passenger,COR-001,SEC-0009,2026-09-06,256,276,2,82.6,1200,9.9,80
TRN-08483,EMU,COR-019,SEC-0182,2026-09-16,487,499,2,47.1,900,7.4,100
TRN-08484,Express,COR-009,SEC-0081,2026-09-10,149,164,3,76.0,1400,10.3,120
TRN-08485,Passenger,COR-010,SEC-0094,2026-09-10,1060,1070,2,57.4,1200,8.3,130
TRN-08486,EMU,COR-013,SEC-0122,2026-09-11,185,200,2,72.1,900,3.0,120
TRN-08487,EMU,COR-003,SEC-0026,2026-09-04,1432,1437,2,67.9,900,8.8,130
TRN-08488,Express,COR-010,SEC-0099,2026-09-03,227,237,3,67.5,1400,8.1,100
TRN-08489,Superfast,COR-019,SEC-0182,2026-09-05,76,91,3,81.1,1600,4.8,110
TRN-08490,EMU,COR-020,SEC-0195,2026-09-16,775,785,2,78.5,900,9.0,120
TRN-08491,Passenger,COR-012,SEC-0117,2026-09-04,868,875,2,72.6,1200,7.6,130
TRN-08492,Superfast,COR-008,SEC-0079,2026-09-05,314,329,3,59.5,1600,11.7,100
TRN-08493,Express,COR-010,SEC-0096,2026-09-13,349,361,3,61.7,1400,11.7,120
TRN-08494,Express,COR-013,SEC-0130,2026-09-15,858,870,3,83.3,1400,6.2,100
TRN-08495,Express,COR-017,SEC-0169,2026-09-07,1182,1197,3,40.8,1400,7.1,130
TRN-08496,Passenger,COR-004,SEC-0039,2026-09-07,1179,1194,2,98.3,1200,9.8,80
TRN-08497,Superfast,COR-019,SEC-0189,2026-09-09,639,649,3,93.5,1600,8.5,120
TRN-08498,Passenger,COR-008,SEC-0073,2026-09-16,1126,1133,2,55.4,1200,10.5,100
TRN-08499,Superfast,COR-016,SEC-0151,2026-09-05,32,39,3,75.4,1600,9.7,100
TRN-08500,Passenger,COR-006,SEC-0056,2026-09-14,771,783,2,80.2,1200,11.6,80
TRN-08501,Express,COR-009,SEC-0086,2026-09-15,1091,1101,3,88.2,1400,5.8,110
TRN-08502,Superfast,COR-001,SEC-0002,2026-09-07,474,484,3,77.9,1600,11.4,110
TRN-08503,EMU,COR-007,SEC-0064,2026-09-10,807,814,2,57.4,900,6.5,110
TRN-08504,EMU,COR-015,SEC-0142,2026-09-05,375,382,2,99.0,900,13.5,120
TRN-08505,Superfast,COR-014,SEC-0133,2026-09-06,1013,1020,3,49.8,1600,3.0,100
TRN-08506,Passenger,COR-020,SEC-0196,2026-09-13,822,832,2,57.9,1200,5.2,100
TRN-08507,Freight,COR-016,SEC-0156,2026-09-12,183,190,1,16.6,3000,9.6,120
TRN-08508,EMU,COR-013,SEC-0126,2026-09-15,1278,1290,2,60.8,900,8.2,110
TRN-08509,Express,COR-012,SEC-0119,2026-09-09,591,598,3,56.3,1400,13.6,120
TRN-08510,EMU,COR-009,SEC-0084,2026-09-13,1310,1325,2,67.2,900,10.3,110
TRN-08511,Express,COR-003,SEC-0028,2026-09-16,469,476,3,78.7,1400,9.3,80
TRN-08512,Express,COR-007,SEC-0067,2026-09-06,1041,1053,3,60.6,1400,6.8,110
TRN-08513,Express,COR-003,SEC-0030,2026-09-09,328,333,3,89.3,1400,12.2,100
TRN-08514,Passenger,COR-003,SEC-0024,2026-09-16,150,165,2,70.1,1200,9.0,110
TRN-08515,Superfast,COR-018,SEC-0174,2026-09-05,170,182,3,69.7,1600,7.9,100
TRN-08516,Freight,COR-002,SEC-0014,2026-09-13,1131,1136,1,16.1,3000,3.7,110
TRN-08517,Express,COR-014,SEC-0136,2026-09-03,911,931,3,56.8,1400,9.6,100
TRN-08518,EMU,COR-014,SEC-0137,2026-09-16,552,567,2,81.2,900,10.8,110
TRN-08519,Express,COR-016,SEC-0154,2026-09-05,1124,1144,3,71.6,1400,8.9,110
TRN-08520,Freight,COR-020,SEC-0200,2026-09-03,1139,1144,1,24.3,3000,3.2,100
TRN-08521,Superfast,COR-005,SEC-0043,2026-09-03,128,148,3,99.0,1600,10.6,120
TRN-08522,Superfast,COR-008,SEC-0074,2026-09-11,457,469,3,32.7,1600,6.7,120
TRN-08523,Freight,COR-006,SEC-0055,2026-09-08,1405,1412,1,43.3,3000,7.7,100
TRN-08524,Express,COR-001,SEC-0009,2026-09-03,325,335,3,56.5,1400,8.5,120
TRN-08525,EMU,COR-019,SEC-0182,2026-09-15,883,898,2,51.2,900,5.6,110
TRN-08526,Express,COR-010,SEC-0097,2026-09-13,679,686,3,97.9,1400,10.2,100
TRN-08527,Superfast,COR-005,SEC-0041,2026-09-13,1333,1348,3,80.4,1600,13.6,110
TRN-08528,Express,COR-009,SEC-0088,2026-09-08,760,770,3,62.5,1400,14.5,100
TRN-08529,EMU,COR-007,SEC-0065,2026-09-06,1383,1388,2,77.1,900,11.5,120
TRN-08530,EMU,COR-007,SEC-0066,2026-09-15,1009,1016,2,66.4,900,10.3,120
TRN-08531,EMU,COR-001,SEC-0002,2026-09-09,35,47,2,90.2,900,11.9,130
TRN-08532,EMU,COR-009,SEC-0090,2026-09-09,14,19,2,70.1,900,14.4,80
TRN-08533,Passenger,COR-002,SEC-0014,2026-09-08,464,476,2,45.8,1200,7.5,120
TRN-08534,Superfast,COR-002,SEC-0011,2026-09-09,1111,1131,3,55.8,1600,9.4,80
TRN-08535,EMU,COR-016,SEC-0157,2026-09-10,396,411,2,83.2,900,14.5,120
TRN-08536,EMU,COR-014,SEC-0136,2026-09-04,1110,1120,2,99.0,900,12.6,110
TRN-08537,Express,COR-017,SEC-0161,2026-09-07,1088,1108,3,67.2,1400,4.6,100
TRN-08538,Freight,COR-003,SEC-0030,2026-09-16,732,739,1,21.7,3000,5.2,130
TRN-08539,Passenger,COR-018,SEC-0178,2026-09-03,1186,1196,2,50.7,1200,6.9,130
TRN-08540,Express,COR-016,SEC-0160,2026-09-15,512,517,3,74.3,1400,9.2,100
TRN-08541,Freight,COR-016,SEC-0154,2026-09-16,192,199,1,34.7,3000,8.5,100
TRN-08542,Superfast,COR-009,SEC-0084,2026-09-05,1221,1241,3,73.6,1600,9.4,130
TRN-08543,Express,COR-006,SEC-0055,2026-09-10,431,451,3,68.3,1400,9.2,100
TRN-08544,Freight,COR-003,SEC-0022,2026-09-04,806,811,1,52.9,3000,6.0,130
TRN-08545,Superfast,COR-010,SEC-0093,2026-09-06,1391,1403,3,99.0,1600,15.3,110
TRN-08546,EMU,COR-009,SEC-0088,2026-09-06,1254,1269,2,51.4,900,7.9,120
TRN-08547,Freight,COR-003,SEC-0024,2026-09-04,99,104,1,9.7,3000,2.5,120
TRN-08548,Express,COR-019,SEC-0181,2026-09-03,1388,1395,3,80.8,1400,3.5,100
TRN-08549,Freight,COR-001,SEC-0007,2026-09-07,657,667,1,26.9,3000,10.8,130
TRN-08550,Superfast,COR-004,SEC-0040,2026-09-05,500,510,3,57.4,1600,14.6,80
TRN-08551,Passenger,COR-016,SEC-0156,2026-09-04,559,574,2,62.2,1200,9.1,100
TRN-08552,EMU,COR-018,SEC-0174,2026-09-07,1384,1391,2,70.8,900,12.1,110
TRN-08553,Passenger,COR-006,SEC-0058,2026-09-11,207,212,2,53.1,1200,13.1,110
TRN-08554,Superfast,COR-016,SEC-0157,2026-09-05,1298,1313,3,54.6,1600,8.0,110
TRN-08555,EMU,COR-009,SEC-0090,2026-09-03,872,884,2,70.5,900,10.1,100
TRN-08556,Freight,COR-017,SEC-0165,2026-09-08,1182,1192,1,26.3,3000,6.7,100
TRN-08557,Passenger,COR-009,SEC-0090,2026-09-14,1139,1149,2,98.6,1200,14.0,130
TRN-08558,Express,COR-010,SEC-0095,2026-09-11,635,645,3,67.4,1400,8.7,120
TRN-08559,Express,COR-015,SEC-0145,2026-09-16,57,62,3,65.6,1400,14.5,130
TRN-08560,Freight,COR-007,SEC-0062,2026-09-06,898,913,1,34.2,3000,7.5,120
TRN-08561,Superfast,COR-010,SEC-0098,2026-09-04,70,75,3,68.6,1600,12.1,120
TRN-08562,EMU,COR-011,SEC-0108,2026-09-05,281,301,2,67.1,900,6.3,120
TRN-08563,Freight,COR-016,SEC-0160,2026-09-08,315,325,1,38.7,3000,8.3,100
TRN-08564,Freight,COR-014,SEC-0131,2026-09-15,444,464,1,17.0,3000,8.4,80
TRN-08565,EMU,COR-014,SEC-0132,2026-09-06,1395,1415,2,95.1,900,6.2,110
TRN-08566,Superfast,COR-017,SEC-0163,2026-09-04,1331,1341,3,78.8,1600,10.0,80
TRN-08567,Passenger,COR-020,SEC-0197,2026-09-06,669,674,2,56.8,1200,4.1,120
TRN-08568,Express,COR-001,SEC-0005,2026-09-08,1112,1119,3,40.6,1400,4.2,120
TRN-08569,Passenger,COR-019,SEC-0186,2026-09-13,808,815,2,68.1,1200,7.0,100
TRN-08570,Passenger,COR-012,SEC-0114,2026-09-08,1084,1091,2,41.6,1200,6.6,110
TRN-08571,Express,COR-019,SEC-0187,2026-09-16,1399,1411,3,93.1,1400,11.0,100
TRN-08572,Freight,COR-019,SEC-0186,2026-09-10,748,760,1,19.0,3000,8.5,100
TRN-08573,Express,COR-016,SEC-0158,2026-09-06,765,777,3,81.9,1400,8.5,110
TRN-08574,Superfast,COR-011,SEC-0105,2026-09-06,1272,1282,3,91.9,1600,8.6,80
TRN-08575,Passenger,COR-020,SEC-0191,2026-09-10,1425,1435,2,83.2,1200,4.2,100
TRN-08576,Express,COR-010,SEC-0093,2026-09-09,262,272,3,65.5,1400,7.8,100
TRN-08577,Passenger,COR-003,SEC-0027,2026-09-08,839,854,2,59.2,1200,10.0,80
TRN-08578,Passenger,COR-003,SEC-0026,2026-09-12,664,679,2,96.7,1200,10.4,100
TRN-08579,Freight,COR-003,SEC-0023,2026-09-14,495,507,1,45.3,3000,8.2,130
TRN-08580,Express,COR-018,SEC-0176,2026-09-05,678,688,3,64.1,1400,14.0,120
TRN-08581,Express,COR-016,SEC-0157,2026-09-12,1,8,3,75.9,1400,14.0,130
TRN-08582,Express,COR-003,SEC-0021,2026-09-07,1203,1213,3,95.1,1400,9.1,130
TRN-08583,Superfast,COR-001,SEC-0009,2026-09-07,803,813,3,63.0,1600,10.2,110
TRN-08584,Express,COR-003,SEC-0024,2026-09-03,1174,1179,3,58.3,1400,6.3,100
TRN-08585,Passenger,COR-018,SEC-0180,2026-09-05,978,985,2,91.0,1200,10.8,110
TRN-08586,Superfast,COR-011,SEC-0105,2026-09-15,1011,1018,3,74.0,1600,7.7,110
TRN-08587,EMU,COR-010,SEC-0093,2026-09-08,347,357,2,80.1,900,18.0,110
TRN-08588,Freight,COR-014,SEC-0135,2026-09-04,1040,1047,1,46.9,3000,9.9,110
TRN-08589,Superfast,COR-008,SEC-0072,2026-09-13,54,64,3,66.1,1600,13.9,120
TRN-08590,EMU,COR-008,SEC-0079,2026-09-09,101,111,2,62.9,900,9.3,100
TRN-08591,Freight,COR-017,SEC-0161,2026-09-06,266,273,1,41.5,3000,8.1,110
TRN-08592,EMU,COR-013,SEC-0124,2026-09-15,1284,1296,2,58.9,900,8.7,80
TRN-08593,Superfast,COR-018,SEC-0175,2026-09-14,447,457,3,44.0,1600,4.0,110
TRN-08594,Passenger,COR-004,SEC-0040,2026-09-10,59,66,2,77.1,1200,10.2,80
TRN-08595,Passenger,COR-002,SEC-0014,2026-09-06,815,825,2,64.8,1200,11.8,110
TRN-08596,Freight,COR-016,SEC-0156,2026-09-07,396,406,1,40.4,3000,8.2,100
TRN-08597,Superfast,COR-018,SEC-0178,2026-09-04,315,327,3,72.6,1600,3.7,110
TRN-08598,Express,COR-019,SEC-0188,2026-09-10,1062,1067,3,68.1,1400,8.3,120
TRN-08599,Freight,COR-013,SEC-0126,2026-09-11,470,477,1,39.2,3000,6.1,110
TRN-08600,EMU,COR-020,SEC-0193,2026-09-05,1435,1439,2,50.0,900,7.7,100
TRN-08601,EMU,COR-017,SEC-0168,2026-09-04,675,685,2,43.3,900,6.9,120
TRN-08602,Passenger,COR-008,SEC-0080,2026-09-16,70,82,2,82.2,1200,13.5,120
TRN-08603,Freight,COR-007,SEC-0064,2026-09-05,560,572,1,44.4,3000,11.8,110
TRN-08604,EMU,COR-012,SEC-0112,2026-09-16,1428,1438,2,75.5,900,11.9,120
TRN-08605,Express,COR-012,SEC-0115,2026-09-10,1317,1322,3,80.9,1400,8.5,120
TRN-08606,Superfast,COR-016,SEC-0153,2026-09-05,524,531,3,80.9,1600,12.3,80
TRN-08607,Passenger,COR-005,SEC-0049,2026-09-14,416,426,2,76.3,1200,6.0,80
TRN-08608,Passenger,COR-019,SEC-0183,2026-09-07,1261,1268,2,57.0,1200,11.3,100
TRN-08609,Passenger,COR-017,SEC-0162,2026-09-05,1149,1161,2,45.6,1200,9.8,110
TRN-08610,Passenger,COR-003,SEC-0030,2026-09-06,416,431,2,73.1,1200,2.2,110
TRN-08611,Express,COR-008,SEC-0074,2026-09-05,971,981,3,64.2,1400,10.7,110
TRN-08612,Passenger,COR-014,SEC-0132,2026-09-04,570,577,2,52.0,1200,6.2,80
TRN-08613,Superfast,COR-001,SEC-0004,2026-09-15,591,598,3,36.9,1600,13.1,130
TRN-08614,Superfast,COR-017,SEC-0164,2026-09-08,329,349,3,38.0,1600,5.1,100
TRN-08615,Superfast,COR-004,SEC-0033,2026-09-03,47,52,3,45.8,1600,5.4,110
TRN-08616,Freight,COR-019,SEC-0182,2026-09-13,1329,1349,1,25.9,3000,2.2,110
TRN-08617,Passenger,COR-011,SEC-0109,2026-09-16,679,691,2,63.0,1200,6.0,110
TRN-08618,Passenger,COR-001,SEC-0007,2026-09-07,13,25,2,77.9,1200,17.1,110
TRN-08619,Superfast,COR-017,SEC-0161,2026-09-09,809,816,3,93.2,1600,15.8,110
TRN-08620,Passenger,COR-011,SEC-0101,2026-09-13,403,423,2,58.8,1200,12.7,110
TRN-08621,EMU,COR-018,SEC-0180,2026-09-09,885,900,2,62.2,900,5.4,100
TRN-08622,Freight,COR-006,SEC-0058,2026-09-04,621,633,1,49.6,3000,9.7,110
TRN-08623,Passenger,COR-008,SEC-0078,2026-09-10,516,536,2,44.7,1200,7.6,80
TRN-08624,Freight,COR-003,SEC-0028,2026-09-08,1139,1154,1,11.6,3000,9.3,120
TRN-08625,EMU,COR-012,SEC-0120,2026-09-03,144,164,2,27.3,900,8.3,100
TRN-08626,Passenger,COR-004,SEC-0040,2026-09-12,68,75,2,81.2,1200,8.4,100
TRN-08627,Superfast,COR-002,SEC-0017,2026-09-09,819,831,3,64.8,1600,9.1,110
TRN-08628,Passenger,COR-005,SEC-0049,2026-09-09,1108,1118,2,46.9,1200,9.9,80
TRN-08629,Superfast,COR-011,SEC-0102,2026-09-11,391,398,3,74.2,1600,5.2,120
TRN-08630,Passenger,COR-012,SEC-0118,2026-09-13,1328,1338,2,49.5,1200,13.7,110
TRN-08631,Passenger,COR-017,SEC-0164,2026-09-11,953,960,2,62.5,1200,1.0,80
TRN-08632,Freight,COR-007,SEC-0062,2026-09-11,952,957,1,63.4,3000,2.7,120
TRN-08633,Express,COR-008,SEC-0071,2026-09-03,1378,1390,3,80.4,1400,12.8,100
TRN-08634,Freight,COR-010,SEC-0095,2026-09-13,1263,1270,1,21.8,3000,6.1,110
TRN-08635,Passenger,COR-020,SEC-0198,2026-09-16,1164,1179,2,60.4,1200,11.0,100
TRN-08636,Express,COR-012,SEC-0117,2026-09-15,1011,1018,3,75.7,1400,6.3,120
TRN-08637,Express,COR-007,SEC-0069,2026-09-11,1183,1190,3,82.4,1400,12.3,100
TRN-08638,Express,COR-013,SEC-0130,2026-09-09,652,659,3,60.2,1400,2.5,110
TRN-08639,Superfast,COR-011,SEC-0108,2026-09-04,1368,1380,3,67.5,1600,5.5,110
TRN-08640,Express,COR-015,SEC-0143,2026-09-04,572,582,3,69.7,1400,12.6,110
TRN-08641,Passenger,COR-004,SEC-0031,2026-09-14,937,947,2,51.1,1200,7.1,120
TRN-08642,Superfast,COR-016,SEC-0157,2026-09-12,1167,1187,3,55.9,1600,6.6,100
TRN-08643,Passenger,COR-019,SEC-0189,2026-09-06,1038,1048,2,70.2,1200,4.4,120
TRN-08644,EMU,COR-006,SEC-0051,2026-09-07,579,589,2,88.0,900,10.3,120
TRN-08645,Express,COR-017,SEC-0168,2026-09-06,144,151,3,99.0,1400,14.6,100
TRN-08646,Freight,COR-011,SEC-0103,2026-09-10,352,364,1,64.5,3000,10.5,80
TRN-08647,Freight,COR-004,SEC-0040,2026-09-03,197,217,1,61.1,3000,10.8,100
TRN-08648,EMU,COR-017,SEC-0164,2026-09-04,739,746,2,57.8,900,7.2,110
TRN-08649,Superfast,COR-002,SEC-0013,2026-09-06,966,973,3,71.9,1600,14.6,80
TRN-08650,EMU,COR-008,SEC-0072,2026-09-13,625,635,2,99.0,900,11.1,100
TRN-08651,EMU,COR-019,SEC-0181,2026-09-13,998,1018,2,77.5,900,10.5,110
TRN-08652,Passenger,COR-004,SEC-0032,2026-09-10,74,89,2,81.2,1200,9.6,110
TRN-08653,Passenger,COR-013,SEC-0121,2026-09-07,250,257,2,45.1,1200,6.1,130
TRN-08654,Passenger,COR-005,SEC-0049,2026-09-05,465,470,2,49.1,1200,9.3,110
TRN-08655,EMU,COR-002,SEC-0018,2026-09-10,1047,1054,2,61.6,900,9.9,120
TRN-08656,Passenger,COR-001,SEC-0005,2026-09-13,572,579,2,96.9,1200,15.5,100
TRN-08657,Superfast,COR-011,SEC-0103,2026-09-11,745,752,3,75.8,1600,12.7,100
TRN-08658,Freight,COR-017,SEC-0169,2026-09-11,1054,1064,1,49.8,3000,2.6,100
TRN-08659,Passenger,COR-014,SEC-0140,2026-09-13,997,1007,2,65.7,1200,14.1,100
TRN-08660,Freight,COR-014,SEC-0134,2026-09-04,124,134,1,37.6,3000,11.9,100
TRN-08661,Passenger,COR-005,SEC-0042,2026-09-14,1383,1398,2,93.2,1200,16.8,130
TRN-08662,Freight,COR-016,SEC-0159,2026-09-14,1346,1356,1,47.6,3000,5.8,110
TRN-08663,Passenger,COR-018,SEC-0173,2026-09-10,1393,1413,2,48.9,1200,4.3,100
TRN-08664,EMU,COR-002,SEC-0019,2026-09-09,574,584,2,78.1,900,16.3,100
TRN-08665,Passenger,COR-018,SEC-0174,2026-09-11,592,599,2,59.9,1200,6.6,110
TRN-08666,Passenger,COR-020,SEC-0194,2026-09-09,526,546,2,64.6,1200,9.0,80
TRN-08667,Freight,COR-015,SEC-0141,2026-09-16,1422,1439,1,43.7,3000,11.6,110
TRN-08668,EMU,COR-013,SEC-0130,2026-09-06,631,638,2,99.0,900,13.9,100
TRN-08669,Express,COR-015,SEC-0143,2026-09-04,368,375,3,50.9,1400,9.5,110
TRN-08670,Passenger,COR-007,SEC-0069,2026-09-15,113,128,2,65.1,1200,12.7,120
TRN-08671,Superfast,COR-018,SEC-0173,2026-09-03,555,570,3,50.6,1600,13.3,80
TRN-08672,Express,COR-014,SEC-0138,2026-09-03,330,340,3,57.0,1400,11.7,120
TRN-08673,Express,COR-008,SEC-0072,2026-09-15,1305,1317,3,73.8,1400,9.1,110
TRN-08674,Passenger,COR-019,SEC-0189,2026-09-06,1359,1379,2,48.3,1200,3.1,100
TRN-08675,Express,COR-002,SEC-0013,2026-09-07,618,638,3,65.8,1400,7.0,100
TRN-08676,Freight,COR-018,SEC-0179,2026-09-08,1116,1131,1,44.5,3000,11.0,100
TRN-08677,Superfast,COR-003,SEC-0024,2026-09-07,795,810,3,88.3,1600,14.8,80
TRN-08678,EMU,COR-017,SEC-0169,2026-09-03,889,909,2,55.7,900,4.2,120
TRN-08679,Superfast,COR-010,SEC-0092,2026-09-12,631,651,3,89.5,1600,14.1,110
TRN-08680,Express,COR-016,SEC-0155,2026-09-07,502,507,3,99.0,1400,13.2,130
TRN-08681,Express,COR-009,SEC-0085,2026-09-14,102,117,3,58.0,1400,8.8,80
TRN-08682,Passenger,COR-018,SEC-0178,2026-09-09,965,970,2,80.1,1200,16.2,80
TRN-08683,Freight,COR-012,SEC-0112,2026-09-05,938,945,1,51.5,3000,5.3,110
TRN-08684,Passenger,COR-016,SEC-0155,2026-09-16,1353,1358,2,58.4,1200,15.9,100
TRN-08685,Express,COR-007,SEC-0065,2026-09-11,1417,1432,3,70.7,1400,2.6,130
TRN-08686,Freight,COR-019,SEC-0188,2026-09-15,248,255,1,46.8,3000,7.5,100
TRN-08687,Passenger,COR-012,SEC-0117,2026-09-09,736,743,2,77.6,1200,6.4,100
TRN-08688,Superfast,COR-013,SEC-0122,2026-09-16,211,218,3,54.1,1600,6.9,100
TRN-08689,Express,COR-002,SEC-0015,2026-09-13,1366,1381,3,70.3,1400,9.8,110
TRN-08690,Express,COR-018,SEC-0179,2026-09-16,455,462,3,35.0,1400,9.8,100
TRN-08691,Passenger,COR-015,SEC-0142,2026-09-05,1179,1184,2,83.5,1200,9.4,100
TRN-08692,Freight,COR-011,SEC-0106,2026-09-07,727,732,1,25.7,3000,3.9,110
TRN-08693,Express,COR-002,SEC-0019,2026-09-07,1088,1093,3,83.1,1400,10.9,100
TRN-08694,EMU,COR-016,SEC-0154,2026-09-16,63,70,2,75.0,900,15.0,100
TRN-08695,Freight,COR-003,SEC-0024,2026-09-08,1370,1380,1,21.1,3000,7.9,110
TRN-08696,Superfast,COR-019,SEC-0187,2026-09-14,491,496,3,91.1,1600,17.4,110
TRN-08697,Superfast,COR-006,SEC-0059,2026-09-04,6,26,3,95.2,1600,16.7,110
TRN-08698,Passenger,COR-011,SEC-0109,2026-09-16,451,471,2,50.3,1200,5.1,100
TRN-08699,Express,COR-018,SEC-0177,2026-09-15,782,794,3,68.2,1400,8.7,120
TRN-08700,Express,COR-018,SEC-0179,2026-09-09,1026,1031,3,65.6,1400,11.6,110
TRN-08701,EMU,COR-013,SEC-0127,2026-09-09,1248,1255,2,90.0,900,6.5,120
TRN-08702,Freight,COR-020,SEC-0196,2026-09-15,1284,1296,1,39.9,3000,9.3,120
TRN-08703,Freight,COR-008,SEC-0075,2026-09-10,1412,1419,1,47.2,3000,8.5,100
TRN-08704,Superfast,COR-017,SEC-0166,2026-09-07,508,518,3,51.9,1600,5.1,100
TRN-08705,Passenger,COR-011,SEC-0107,2026-09-16,856,863,2,75.1,1200,12.7,110
TRN-08706,Superfast,COR-008,SEC-0078,2026-09-03,1035,1040,3,81.2,1600,9.7,120
TRN-08707,Superfast,COR-014,SEC-0138,2026-09-07,680,692,3,91.7,1600,12.4,110
TRN-08708,EMU,COR-017,SEC-0165,2026-09-04,190,197,2,87.1,900,12.2,110
TRN-08709,Express,COR-020,SEC-0197,2026-09-16,1022,1032,3,94.0,1400,7.9,120
TRN-08710,Express,COR-019,SEC-0181,2026-09-15,516,528,3,75.0,1400,10.9,100
TRN-08711,Freight,COR-018,SEC-0172,2026-09-03,1039,1046,1,37.9,3000,7.0,100
TRN-08712,Superfast,COR-014,SEC-0138,2026-09-10,1091,1101,3,48.4,1600,8.5,130
TRN-08713,Superfast,COR-015,SEC-0149,2026-09-03,1264,1274,3,70.3,1600,6.4,100
TRN-08714,Superfast,COR-005,SEC-0042,2026-09-04,732,747,3,99.0,1600,7.1,110
TRN-08715,Express,COR-020,SEC-0192,2026-09-16,18,23,3,55.8,1400,5.6,100
TRN-08716,Passenger,COR-010,SEC-0100,2026-09-12,255,265,2,81.3,1200,17.1,100
TRN-08717,Freight,COR-002,SEC-0020,2026-09-05,380,390,1,21.6,3000,1.0,110
TRN-08718,Express,COR-018,SEC-0172,2026-09-06,1178,1183,3,74.6,1400,11.2,100
TRN-08719,Superfast,COR-011,SEC-0108,2026-09-05,1081,1088,3,63.7,1600,8.5,110
TRN-08720,EMU,COR-014,SEC-0135,2026-09-14,5,17,2,64.6,900,9.9,100
TRN-08721,EMU,COR-002,SEC-0013,2026-09-12,1196,1208,2,85.7,900,11.6,110
TRN-08722,Freight,COR-012,SEC-0111,2026-09-06,140,160,1,20.4,3000,2.2,120
TRN-08723,EMU,COR-008,SEC-0080,2026-09-09,57,62,2,54.8,900,12.9,120
TRN-08724,Superfast,COR-006,SEC-0053,2026-09-14,1362,1372,3,47.0,1600,8.9,110
TRN-08725,Express,COR-004,SEC-0035,2026-09-15,741,761,3,99.0,1400,7.4,80
TRN-08726,Freight,COR-013,SEC-0126,2026-09-15,1277,1282,1,27.6,3000,9.5,100
TRN-08727,Superfast,COR-016,SEC-0157,2026-09-16,950,965,3,41.3,1600,8.1,110
TRN-08728,Passenger,COR-018,SEC-0172,2026-09-04,498,508,2,58.8,1200,11.3,110
TRN-08729,Passenger,COR-016,SEC-0155,2026-09-10,16,31,2,74.6,1200,11.3,100
TRN-08730,EMU,COR-007,SEC-0064,2026-09-15,681,688,2,53.4,900,9.4,120
TRN-08731,Superfast,COR-017,SEC-0164,2026-09-05,337,349,3,49.2,1600,11.6,110
TRN-08732,Freight,COR-019,SEC-0188,2026-09-10,1375,1390,1,29.5,3000,8.2,80
TRN-08733,Passenger,COR-017,SEC-0169,2026-09-13,715,730,2,76.6,1200,14.6,130
TRN-08734,EMU,COR-013,SEC-0121,2026-09-08,1339,1359,2,58.7,900,9.1,100
TRN-08735,EMU,COR-007,SEC-0067,2026-09-15,1015,1020,2,74.4,900,7.2,120
TRN-08736,Passenger,COR-001,SEC-0009,2026-09-04,504,514,2,71.5,1200,7.8,80
TRN-08737,Passenger,COR-009,SEC-0083,2026-09-14,1038,1045,2,69.8,1200,10.6,100
TRN-08738,Superfast,COR-013,SEC-0129,2026-09-14,1316,1326,3,99.0,1600,10.1,100
TRN-08739,Superfast,COR-001,SEC-0007,2026-09-04,205,217,3,41.3,1600,8.9,110
TRN-08740,Freight,COR-011,SEC-0106,2026-09-13,1297,1307,1,37.8,3000,7.6,120
TRN-08741,Superfast,COR-016,SEC-0157,2026-09-11,332,347,3,81.3,1600,10.4,120
TRN-08742,Express,COR-011,SEC-0107,2026-09-05,569,574,3,94.3,1400,11.1,100
TRN-08743,Passenger,COR-005,SEC-0046,2026-09-04,1,6,2,69.4,1200,11.3,110
TRN-08744,EMU,COR-013,SEC-0126,2026-09-04,782,789,2,45.5,900,6.4,100
TRN-08745,Freight,COR-010,SEC-0091,2026-09-06,737,747,1,20.4,3000,4.3,110
TRN-08746,Passenger,COR-013,SEC-0127,2026-09-11,382,394,2,78.2,1200,14.1,110
TRN-08747,Freight,COR-010,SEC-0096,2026-09-10,281,291,1,61.8,3000,8.0,120
TRN-08748,Superfast,COR-015,SEC-0147,2026-09-15,1080,1100,3,66.3,1600,7.3,80
TRN-08749,Passenger,COR-007,SEC-0065,2026-09-12,493,505,2,61.1,1200,7.1,120
TRN-08750,Superfast,COR-008,SEC-0080,2026-09-13,555,567,3,72.3,1600,11.6,120
TRN-08751,Freight,COR-005,SEC-0045,2026-09-11,848,855,1,70.2,3000,11.6,80
TRN-08752,EMU,COR-008,SEC-0071,2026-09-14,972,977,2,99.0,900,14.6,110
TRN-08753,Superfast,COR-007,SEC-0061,2026-09-13,1066,1076,3,60.7,1600,6.0,110
TRN-08754,Freight,COR-018,SEC-0174,2026-09-05,528,535,1,32.5,3000,6.5,100
TRN-08755,Passenger,COR-007,SEC-0066,2026-09-07,684,689,2,88.4,1200,8.7,100
TRN-08756,EMU,COR-015,SEC-0149,2026-09-12,38,48,2,68.3,900,5.7,80
TRN-08757,EMU,COR-020,SEC-0195,2026-09-16,1092,1099,2,73.9,900,10.9,80
TRN-08758,Express,COR-006,SEC-0051,2026-09-16,1086,1096,3,65.9,1400,4.7,100
TRN-08759,EMU,COR-006,SEC-0052,2026-09-06,935,950,2,88.6,900,12.7,120
TRN-08760,Freight,COR-003,SEC-0030,2026-09-03,719,729,1,17.1,3000,4.3,110
TRN-08761,Freight,COR-013,SEC-0129,2026-09-14,134,139,1,58.7,3000,6.0,110
TRN-08762,Superfast,COR-006,SEC-0054,2026-09-10,981,986,3,89.7,1600,9.7,120
TRN-08763,Superfast,COR-012,SEC-0120,2026-09-14,552,564,3,59.3,1600,13.1,120
TRN-08764,Superfast,COR-004,SEC-0031,2026-09-04,1268,1275,3,70.3,1600,10.6,120
TRN-08765,Passenger,COR-012,SEC-0113,2026-09-07,624,631,2,84.9,1200,6.3,100
TRN-08766,Express,COR-017,SEC-0169,2026-09-06,603,615,3,92.7,1400,11.2,120
TRN-08767,Freight,COR-001,SEC-0003,2026-09-14,1323,1328,1,40.7,3000,3.1,100
TRN-08768,Passenger,COR-008,SEC-0077,2026-09-16,488,500,2,62.4,1200,10.5,100
TRN-08769,Passenger,COR-002,SEC-0012,2026-09-08,575,580,2,93.9,1200,12.5,80
TRN-08770,Superfast,COR-009,SEC-0085,2026-09-13,1403,1418,3,49.1,1600,6.2,80
TRN-08771,Express,COR-006,SEC-0053,2026-09-06,1068,1075,3,58.3,1400,6.6,100
TRN-08772,Passenger,COR-016,SEC-0153,2026-09-10,150,170,2,62.8,1200,10.9,120
TRN-08773,Freight,COR-002,SEC-0019,2026-09-13,645,655,1,34.6,3000,5.0,110
TRN-08774,Superfast,COR-014,SEC-0132,2026-09-09,376,386,3,89.4,1600,8.6,100
TRN-08775,Express,COR-005,SEC-0041,2026-09-05,374,381,3,82.2,1400,6.8,120
TRN-08776,Freight,COR-010,SEC-0096,2026-09-09,172,184,1,54.7,3000,8.4,100
TRN-08777,Express,COR-007,SEC-0069,2026-09-07,644,656,3,99.0,1400,15.6,80
TRN-08778,Freight,COR-005,SEC-0045,2026-09-13,1322,1329,1,19.5,3000,1.0,100
TRN-08779,Freight,COR-019,SEC-0186,2026-09-11,330,342,1,24.5,3000,1.0,80
TRN-08780,Freight,COR-020,SEC-0191,2026-09-11,406,418,1,36.5,3000,9.3,110
TRN-08781,Freight,COR-006,SEC-0057,2026-09-07,299,314,1,26.7,3000,4.9,120
TRN-08782,Freight,COR-016,SEC-0152,2026-09-06,1317,1324,1,25.3,3000,9.0,100
TRN-08783,Passenger,COR-004,SEC-0035,2026-09-06,381,388,2,59.8,1200,13.1,110
TRN-08784,EMU,COR-003,SEC-0024,2026-09-07,578,588,2,86.1,900,12.4,110
TRN-08785,Passenger,COR-013,SEC-0128,2026-09-07,815,825,2,76.9,1200,10.2,100
TRN-08786,Passenger,COR-013,SEC-0126,2026-09-08,1045,1057,2,72.0,1200,9.6,130
TRN-08787,Passenger,COR-012,SEC-0111,2026-09-14,291,311,2,63.6,1200,7.7,80
TRN-08788,Superfast,COR-009,SEC-0082,2026-09-12,366,376,3,85.7,1600,12.6,110
TRN-08789,Passenger,COR-017,SEC-0165,2026-09-08,576,586,2,90.4,1200,9.4,110
TRN-08790,Superfast,COR-002,SEC-0017,2026-09-06,251,271,3,69.1,1600,8.1,110
TRN-08791,Passenger,COR-005,SEC-0043,2026-09-16,1324,1331,2,42.9,1200,8.2,120
TRN-08792,EMU,COR-005,SEC-0046,2026-09-05,1314,1329,2,76.9,900,15.6,130
TRN-08793,Superfast,COR-004,SEC-0032,2026-09-13,170,185,3,44.0,1600,8.6,120
TRN-08794,EMU,COR-006,SEC-0060,2026-09-11,75,95,2,67.5,900,11.1,110
TRN-08795,Superfast,COR-010,SEC-0097,2026-09-11,386,401,3,99.0,1600,8.3,80
TRN-08796,EMU,COR-007,SEC-0067,2026-09-08,1040,1060,2,87.9,900,5.9,100
TRN-08797,Superfast,COR-019,SEC-0188,2026-09-16,747,759,3,85.5,1600,12.0,120
TRN-08798,Express,COR-016,SEC-0152,2026-09-06,1070,1080,3,78.6,1400,10.5,130
TRN-08799,EMU,COR-013,SEC-0127,2026-09-11,816,828,2,81.1,900,7.9,100
TRN-08800,Freight,COR-005,SEC-0048,2026-09-03,194,209,1,30.6,3000,9.8,100
TRN-08801,EMU,COR-009,SEC-0087,2026-09-14,484,489,2,55.7,900,7.8,100
TRN-08802,Passenger,COR-012,SEC-0118,2026-09-15,712,732,2,62.9,1200,7.6,120
TRN-08803,Freight,COR-013,SEC-0122,2026-09-12,415,422,1,18.7,3000,5.2,110
TRN-08804,Superfast,COR-010,SEC-0094,2026-09-15,1045,1052,3,48.3,1600,2.3,110
TRN-08805,Superfast,COR-017,SEC-0169,2026-09-10,971,983,3,89.2,1600,15.3,80
TRN-08806,Freight,COR-014,SEC-0132,2026-09-04,1196,1211,1,44.8,3000,10.0,100
TRN-08807,Express,COR-001,SEC-0005,2026-09-08,1224,1239,3,86.3,1400,10.7,130
TRN-08808,Superfast,COR-012,SEC-0119,2026-09-03,902,912,3,99.0,1600,11.9,120
TRN-08809,Passenger,COR-013,SEC-0130,2026-09-10,1316,1323,2,80.8,1200,11.6,110
TRN-08810,Freight,COR-018,SEC-0178,2026-09-04,1308,1318,1,28.8,3000,7.5,130
TRN-08811,EMU,COR-019,SEC-0182,2026-09-11,569,576,2,73.9,900,9.8,120
TRN-08812,Passenger,COR-020,SEC-0196,2026-09-11,1126,1136,2,99.0,1200,17.8,80
TRN-08813,Superfast,COR-014,SEC-0133,2026-09-09,683,698,3,99.0,1600,11.1,120
TRN-08814,Superfast,COR-007,SEC-0064,2026-09-13,647,667,3,99.0,1600,12.0,110
TRN-08815,Passenger,COR-007,SEC-0062,2026-09-11,619,626,2,66.7,1200,5.2,100
TRN-08816,Passenger,COR-006,SEC-0058,2026-09-16,1172,1179,2,70.8,1200,8.1,100
TRN-08817,EMU,COR-014,SEC-0135,2026-09-04,340,352,2,56.0,900,13.0,120
TRN-08818,Superfast,COR-020,SEC-0193,2026-09-03,443,463,3,32.0,1600,1.0,100
TRN-08819,Superfast,COR-001,SEC-0003,2026-09-12,976,986,3,72.7,1600,7.7,130
TRN-08820,Superfast,COR-009,SEC-0082,2026-09-04,414,424,3,89.2,1600,9.8,120
TRN-08821,Superfast,COR-005,SEC-0043,2026-09-16,996,1006,3,48.3,1600,6.4,80
TRN-08822,Express,COR-012,SEC-0120,2026-09-06,208,213,3,58.0,1400,6.0,130
TRN-08823,Superfast,COR-008,SEC-0080,2026-09-11,552,559,3,75.3,1600,12.0,110
TRN-08824,Freight,COR-019,SEC-0190,2026-09-04,115,125,1,37.2,3000,5.9,120
TRN-08825,Superfast,COR-005,SEC-0046,2026-09-07,1330,1340,3,50.9,1600,12.3,100
TRN-08826,Freight,COR-016,SEC-0159,2026-09-13,768,780,1,40.0,3000,5.7,100
TRN-08827,Superfast,COR-016,SEC-0155,2026-09-13,1433,1438,3,81.7,1600,15.3,80
TRN-08828,Passenger,COR-012,SEC-0113,2026-09-08,1134,1139,2,89.0,1200,13.0,110
TRN-08829,Passenger,COR-006,SEC-0053,2026-09-15,87,99,2,72.5,1200,9.0,100
TRN-08830,Freight,COR-016,SEC-0152,2026-09-07,585,592,1,42.4,3000,6.3,100
TRN-08831,Passenger,COR-011,SEC-0109,2026-09-03,1354,1361,2,99.0,1200,16.2,110
TRN-08832,EMU,COR-009,SEC-0084,2026-09-13,886,896,2,59.4,900,6.4,80
TRN-08833,Superfast,COR-009,SEC-0085,2026-09-11,1314,1321,3,97.3,1600,9.2,110
TRN-08834,Superfast,COR-009,SEC-0084,2026-09-12,629,644,3,92.1,1600,15.6,80
TRN-08835,Superfast,COR-017,SEC-0161,2026-09-03,931,941,3,49.4,1600,4.9,110
TRN-08836,Superfast,COR-009,SEC-0084,2026-09-03,378,398,3,67.2,1600,10.1,110
TRN-08837,EMU,COR-020,SEC-0196,2026-09-09,548,563,2,48.1,900,10.1,120
TRN-08838,Passenger,COR-001,SEC-0008,2026-09-03,462,467,2,45.2,1200,5.6,100
TRN-08839,Express,COR-016,SEC-0160,2026-09-06,197,207,3,86.2,1400,8.1,110
TRN-08840,Express,COR-020,SEC-0192,2026-09-10,1233,1248,3,60.1,1400,13.9,100
TRN-08841,Superfast,COR-001,SEC-0008,2026-09-03,1409,1414,3,66.9,1600,8.6,110
TRN-08842,Superfast,COR-004,SEC-0033,2026-09-11,59,66,3,76.5,1600,9.5,120
TRN-08843,EMU,COR-009,SEC-0090,2026-09-07,194,204,2,73.4,900,6.1,110
TRN-08844,Passenger,COR-020,SEC-0197,2026-09-11,1427,1434,2,84.1,1200,11.6,100
TRN-08845,Passenger,COR-005,SEC-0043,2026-09-06,698,713,2,67.9,1200,10.0,80
TRN-08846,Superfast,COR-019,SEC-0187,2026-09-09,1106,1116,3,73.9,1600,12.4,100
TRN-08847,Freight,COR-020,SEC-0199,2026-09-09,1030,1050,1,39.7,3000,5.5,110
TRN-08848,Express,COR-020,SEC-0199,2026-09-03,581,591,3,82.1,1400,4.8,110
TRN-08849,Superfast,COR-018,SEC-0175,2026-09-08,96,111,3,62.2,1600,7.6,80
TRN-08850,Passenger,COR-007,SEC-0069,2026-09-16,735,747,2,61.5,1200,9.2,120
TRN-08851,Superfast,COR-019,SEC-0186,2026-09-07,454,469,3,78.1,1600,7.4,110
TRN-08852,Express,COR-007,SEC-0063,2026-09-03,473,485,3,66.1,1400,4.1,120
TRN-08853,Passenger,COR-009,SEC-0086,2026-09-16,1307,1317,2,93.8,1200,15.7,80
TRN-08854,EMU,COR-015,SEC-0147,2026-09-07,242,249,2,82.8,900,13.7,100
TRN-08855,Passenger,COR-009,SEC-0084,2026-09-04,845,860,2,88.6,1200,12.3,100
TRN-08856,Express,COR-007,SEC-0066,2026-09-13,1328,1340,3,82.1,1400,4.6,80
TRN-08857,Passenger,COR-003,SEC-0024,2026-09-05,329,334,2,82.9,1200,14.7,110
TRN-08858,Passenger,COR-014,SEC-0138,2026-09-05,386,396,2,85.5,1200,14.2,120
TRN-08859,EMU,COR-009,SEC-0087,2026-09-13,477,497,2,99.0,900,12.3,100
TRN-08860,Superfast,COR-013,SEC-0128,2026-09-07,14,24,3,59.8,1600,4.2,120
TRN-08861,Passenger,COR-016,SEC-0160,2026-09-03,433,443,2,91.1,1200,15.3,110
TRN-08862,EMU,COR-020,SEC-0199,2026-09-10,326,336,2,82.8,900,5.1,120
TRN-08863,EMU,COR-020,SEC-0200,2026-09-10,452,467,2,77.4,900,7.2,120
TRN-08864,Superfast,COR-015,SEC-0148,2026-09-05,1184,1194,3,83.7,1600,11.0,100
TRN-08865,Freight,COR-006,SEC-0057,2026-09-11,913,928,1,28.6,3000,5.9,100
TRN-08866,Superfast,COR-009,SEC-0083,2026-09-11,389,409,3,73.7,1600,7.7,110
TRN-08867,EMU,COR-001,SEC-0002,2026-09-13,126,133,2,73.2,900,1.0,130
TRN-08868,EMU,COR-004,SEC-0032,2026-09-12,566,573,2,72.9,900,11.0,100
TRN-08869,Freight,COR-009,SEC-0082,2026-09-14,487,497,1,47.2,3000,2.4,100
TRN-08870,Passenger,COR-014,SEC-0132,2026-09-11,587,594,2,53.4,1200,4.5,110
TRN-08871,Freight,COR-012,SEC-0117,2026-09-11,335,347,1,54.3,3000,11.1,120
TRN-08872,Passenger,COR-002,SEC-0015,2026-09-10,24,34,2,83.6,1200,13.6,130
TRN-08873,Freight,COR-007,SEC-0068,2026-09-04,544,551,1,30.1,3000,8.0,80
TRN-08874,Superfast,COR-016,SEC-0154,2026-09-04,1223,1230,3,73.5,1600,10.5,110
TRN-08875,Freight,COR-001,SEC-0009,2026-09-06,1202,1222,1,29.7,3000,3.4,100
TRN-08876,Express,COR-005,SEC-0043,2026-09-14,484,496,3,86.5,1400,12.0,120
TRN-08877,Superfast,COR-006,SEC-0055,2026-09-05,61,71,3,58.5,1600,7.3,110
TRN-08878,EMU,COR-004,SEC-0039,2026-09-03,746,766,2,69.3,900,3.5,100
TRN-08879,EMU,COR-001,SEC-0004,2026-09-07,338,348,2,55.4,900,5.7,100
TRN-08880,Passenger,COR-015,SEC-0143,2026-09-15,510,520,2,75.6,1200,5.4,80
TRN-08881,EMU,COR-016,SEC-0156,2026-09-12,204,219,2,93.8,900,10.0,110
TRN-08882,Passenger,COR-002,SEC-0016,2026-09-03,651,666,2,62.0,1200,7.2,120
TRN-08883,Freight,COR-010,SEC-0094,2026-09-14,791,796,1,42.9,3000,10.9,100
TRN-08884,Express,COR-012,SEC-0113,2026-09-12,1331,1351,3,83.8,1400,11.0,110
TRN-08885,Passenger,COR-020,SEC-0197,2026-09-04,1282,1292,2,82.5,1200,5.2,80
TRN-08886,Express,COR-009,SEC-0081,2026-09-16,577,582,3,67.1,1400,7.2,130
TRN-08887,EMU,COR-011,SEC-0101,2026-09-15,524,544,2,99.0,900,8.3,110
TRN-08888,Passenger,COR-016,SEC-0156,2026-09-10,1041,1048,2,99.0,1200,16.2,100
TRN-08889,Passenger,COR-006,SEC-0058,2026-09-13,1082,1089,2,84.4,1200,8.8,110
TRN-08890,Superfast,COR-012,SEC-0118,2026-09-09,1222,1242,3,53.8,1600,8.9,110
TRN-08891,Superfast,COR-007,SEC-0068,2026-09-13,454,461,3,55.9,1600,3.8,100
TRN-08892,Superfast,COR-007,SEC-0065,2026-09-10,924,934,3,76.2,1600,10.4,100
TRN-08893,Passenger,COR-007,SEC-0067,2026-09-08,401,421,2,99.0,1200,9.9,100
TRN-08894,Express,COR-007,SEC-0063,2026-09-07,559,564,3,70.4,1400,13.6,120
TRN-08895,EMU,COR-017,SEC-0164,2026-09-04,1072,1087,2,75.8,900,12.6,110
TRN-08896,Express,COR-020,SEC-0191,2026-09-09,1073,1088,3,54.0,1400,6.8,120
TRN-08897,Superfast,COR-018,SEC-0172,2026-09-11,630,640,3,70.1,1600,5.7,120
TRN-08898,Express,COR-010,SEC-0098,2026-09-05,410,420,3,73.7,1400,12.2,110
TRN-08899,Freight,COR-008,SEC-0071,2026-09-03,0,20,1,44.4,3000,8.0,80
TRN-08900,Express,COR-016,SEC-0156,2026-09-11,1034,1041,3,97.0,1400,7.3,120
TRN-08901,Passenger,COR-002,SEC-0018,2026-09-14,48,60,2,99.0,1200,10.8,110
TRN-08902,Freight,COR-013,SEC-0126,2026-09-12,899,904,1,50.9,3000,8.2,80
TRN-08903,Superfast,COR-005,SEC-0042,2026-09-06,418,430,3,78.1,1600,8.5,120
TRN-08904,Passenger,COR-001,SEC-0007,2026-09-09,726,736,2,80.7,1200,10.6,130
TRN-08905,Freight,COR-012,SEC-0119,2026-09-03,1302,1322,1,37.4,3000,5.9,120
TRN-08906,Passenger,COR-002,SEC-0014,2026-09-06,1021,1041,2,83.9,1200,10.8,110
TRN-08907,Passenger,COR-017,SEC-0170,2026-09-14,153,165,2,66.1,1200,9.2,100
TRN-08908,Superfast,COR-015,SEC-0141,2026-09-06,1359,1366,3,63.5,1600,10.6,100
TRN-08909,Freight,COR-019,SEC-0189,2026-09-07,689,699,1,33.1,3000,3.2,110
TRN-08910,Superfast,COR-013,SEC-0124,2026-09-10,402,412,3,86.5,1600,16.3,80
TRN-08911,EMU,COR-011,SEC-0109,2026-09-16,430,437,2,55.9,900,9.7,120
TRN-08912,Freight,COR-005,SEC-0042,2026-09-07,1237,1249,1,27.5,3000,3.9,110
TRN-08913,Superfast,COR-006,SEC-0052,2026-09-08,685,695,3,53.5,1600,6.5,80
TRN-08914,Express,COR-016,SEC-0159,2026-09-10,1111,1123,3,65.7,1400,11.0,120
TRN-08915,Passenger,COR-007,SEC-0067,2026-09-08,634,641,2,64.7,1200,6.2,100
TRN-08916,Passenger,COR-014,SEC-0140,2026-09-16,682,702,2,71.6,1200,11.2,120
TRN-08917,Superfast,COR-011,SEC-0107,2026-09-15,1126,1138,3,71.4,1600,7.2,80
TRN-08918,Passenger,COR-007,SEC-0061,2026-09-16,33,40,2,90.8,1200,9.8,120
TRN-08919,Superfast,COR-013,SEC-0128,2026-09-07,775,787,3,71.1,1600,13.8,80
TRN-08920,Superfast,COR-015,SEC-0150,2026-09-08,1141,1161,3,96.3,1600,12.5,110
TRN-08921,Freight,COR-009,SEC-0087,2026-09-12,484,496,1,25.9,3000,8.8,120
TRN-08922,EMU,COR-012,SEC-0114,2026-09-13,8,15,2,98.3,900,7.0,110
TRN-08923,EMU,COR-015,SEC-0148,2026-09-10,1293,1300,2,99.0,900,7.7,80
TRN-08924,Passenger,COR-017,SEC-0168,2026-09-12,646,656,2,45.5,1200,11.1,80
TRN-08925,Freight,COR-006,SEC-0051,2026-09-03,1219,1229,1,51.9,3000,10.2,130
TRN-08926,Express,COR-010,SEC-0092,2026-09-09,970,975,3,66.1,1400,10.3,110
TRN-08927,EMU,COR-016,SEC-0157,2026-09-13,320,330,2,69.0,900,8.2,120
TRN-08928,Superfast,COR-018,SEC-0174,2026-09-04,1380,1400,3,71.9,1600,11.0,80
TRN-08929,Passenger,COR-016,SEC-0160,2026-09-12,113,128,2,71.3,1200,7.5,120
TRN-08930,EMU,COR-011,SEC-0105,2026-09-09,965,970,2,57.6,900,14.0,100
TRN-08931,Superfast,COR-018,SEC-0173,2026-09-09,872,887,3,85.6,1600,10.5,120
TRN-08932,Express,COR-008,SEC-0074,2026-09-10,273,288,3,66.3,1400,11.6,110
TRN-08933,Express,COR-004,SEC-0035,2026-09-14,469,479,3,43.2,1400,12.8,80
TRN-08934,Freight,COR-016,SEC-0159,2026-09-12,1049,1054,1,47.3,3000,10.1,120
TRN-08935,EMU,COR-014,SEC-0135,2026-09-15,54,61,2,57.5,900,3.6,120
TRN-08936,Superfast,COR-014,SEC-0131,2026-09-09,806,818,3,89.6,1600,13.2,100
TRN-08937,Passenger,COR-009,SEC-0084,2026-09-13,1067,1079,2,73.0,1200,10.5,110
TRN-08938,Passenger,COR-006,SEC-0053,2026-09-06,188,193,2,55.5,1200,9.8,80
TRN-08939,Superfast,COR-012,SEC-0118,2026-09-07,791,796,3,83.9,1600,9.5,110
TRN-08940,EMU,COR-016,SEC-0154,2026-09-03,1308,1315,2,94.6,900,9.4,110
TRN-08941,Freight,COR-006,SEC-0053,2026-09-04,1348,1368,1,28.7,3000,2.6,120
TRN-08942,Superfast,COR-002,SEC-0019,2026-09-14,1007,1019,3,81.3,1600,13.4,120
TRN-08943,Passenger,COR-019,SEC-0190,2026-09-13,1105,1110,2,55.8,1200,8.2,100
TRN-08944,Superfast,COR-020,SEC-0198,2026-09-07,88,98,3,34.8,1600,4.6,100
TRN-08945,Freight,COR-012,SEC-0117,2026-09-05,170,182,1,27.5,3000,7.9,80
TRN-08946,Passenger,COR-017,SEC-0162,2026-09-05,37,49,2,51.4,1200,6.1,100
TRN-08947,Express,COR-019,SEC-0183,2026-09-05,1357,1364,3,64.2,1400,14.4,100
TRN-08948,Express,COR-020,SEC-0191,2026-09-10,385,395,3,70.9,1400,10.8,100
TRN-08949,Freight,COR-018,SEC-0174,2026-09-15,1304,1316,1,29.7,3000,6.0,100
TRN-08950,Express,COR-008,SEC-0074,2026-09-09,355,362,3,77.6,1400,10.5,120
TRN-08951,Express,COR-002,SEC-0013,2026-09-14,1040,1047,3,76.9,1400,9.5,110
TRN-08952,Freight,COR-010,SEC-0092,2026-09-12,1323,1330,1,16.6,3000,3.7,100
TRN-08953,Passenger,COR-003,SEC-0022,2026-09-04,166,178,2,70.2,1200,10.8,110
TRN-08954,EMU,COR-005,SEC-0045,2026-09-03,1162,1174,2,83.2,900,9.9,110
TRN-08955,Superfast,COR-018,SEC-0173,2026-09-12,1052,1062,3,45.7,1600,4.0,80
TRN-08956,Superfast,COR-012,SEC-0116,2026-09-14,732,752,3,69.4,1600,10.0,120
TRN-08957,EMU,COR-009,SEC-0081,2026-09-08,19,29,2,58.6,900,15.3,80
TRN-08958,Express,COR-001,SEC-0002,2026-09-07,536,546,3,99.0,1400,16.6,80
TRN-08959,Freight,COR-010,SEC-0092,2026-09-14,1086,1098,1,55.4,3000,4.4,80
TRN-08960,Freight,COR-009,SEC-0083,2026-09-06,113,128,1,52.5,3000,5.8,110
TRN-08961,Passenger,COR-004,SEC-0033,2026-09-09,327,332,2,82.8,1200,11.3,100
TRN-08962,Express,COR-015,SEC-0145,2026-09-14,313,320,3,63.9,1400,7.7,130
TRN-08963,Superfast,COR-001,SEC-0006,2026-09-05,816,826,3,69.6,1600,9.4,100
TRN-08964,Express,COR-016,SEC-0160,2026-09-05,90,100,3,56.1,1400,5.6,110
TRN-08965,Passenger,COR-019,SEC-0182,2026-09-14,929,936,2,93.6,1200,13.0,120
TRN-08966,Express,COR-014,SEC-0137,2026-09-13,1375,1387,3,48.9,1400,2.9,110
TRN-08967,EMU,COR-007,SEC-0067,2026-09-10,66,76,2,45.3,900,12.6,100
TRN-08968,Express,COR-001,SEC-0003,2026-09-10,1199,1211,3,77.8,1400,12.6,130
TRN-08969,Superfast,COR-001,SEC-0008,2026-09-07,231,243,3,49.5,1600,8.1,120
TRN-08970,Passenger,COR-015,SEC-0142,2026-09-12,710,720,2,59.8,1200,6.9,130
TRN-08971,EMU,COR-020,SEC-0200,2026-09-11,1316,1328,2,84.6,900,14.2,100
TRN-08972,Freight,COR-014,SEC-0135,2026-09-03,703,723,1,34.4,3000,4.6,80
TRN-08973,EMU,COR-001,SEC-0007,2026-09-08,337,344,2,40.8,900,13.0,100
TRN-08974,Superfast,COR-011,SEC-0103,2026-09-10,899,909,3,72.6,1600,8.5,100
TRN-08975,Superfast,COR-002,SEC-0012,2026-09-16,928,938,3,49.6,1600,7.0,100
TRN-08976,Freight,COR-012,SEC-0111,2026-09-14,948,955,1,20.8,3000,4.7,100
TRN-08977,Freight,COR-011,SEC-0107,2026-09-08,211,218,1,58.8,3000,7.3,100
TRN-08978,Passenger,COR-005,SEC-0045,2026-09-10,1429,1436,2,72.7,1200,11.0,120
TRN-08979,Superfast,COR-016,SEC-0160,2026-09-14,1235,1255,3,76.1,1600,8.1,120
TRN-08980,Passenger,COR-005,SEC-0042,2026-09-12,1079,1091,2,65.4,1200,13.6,120
TRN-08981,Express,COR-010,SEC-0093,2026-09-15,1115,1135,3,65.5,1400,14.7,80
TRN-08982,Passenger,COR-014,SEC-0132,2026-09-03,511,521,2,92.7,1200,15.8,120
TRN-08983,Passenger,COR-015,SEC-0144,2026-09-03,977,982,2,63.9,1200,8.5,110
TRN-08984,Freight,COR-011,SEC-0109,2026-09-04,1245,1265,1,46.8,3000,7.9,100
TRN-08985,Passenger,COR-001,SEC-0009,2026-09-15,671,676,2,88.7,1200,12.0,120
TRN-08986,EMU,COR-009,SEC-0090,2026-09-11,811,821,2,95.0,900,10.9,120
TRN-08987,Freight,COR-002,SEC-0019,2026-09-15,917,929,1,16.9,3000,5.5,100
TRN-08988,Passenger,COR-012,SEC-0117,2026-09-10,344,354,2,85.5,1200,6.4,100
TRN-08989,Express,COR-016,SEC-0154,2026-09-08,267,279,3,64.0,1400,5.6,100
TRN-08990,Passenger,COR-006,SEC-0054,2026-09-06,655,665,2,45.7,1200,9.0,120
TRN-08991,Express,COR-011,SEC-0105,2026-09-09,116,131,3,74.3,1400,11.5,110
TRN-08992,EMU,COR-019,SEC-0187,2026-09-10,906,926,2,77.0,900,11.1,120
TRN-08993,EMU,COR-017,SEC-0163,2026-09-16,861,871,2,86.7,900,15.0,110
TRN-08994,EMU,COR-020,SEC-0192,2026-09-03,1243,1250,2,41.5,900,6.0,80
TRN-08995,Freight,COR-019,SEC-0187,2026-09-03,641,661,1,38.2,3000,11.1,100
TRN-08996,Superfast,COR-005,SEC-0048,2026-09-15,894,904,3,87.4,1600,13.1,130
TRN-08997,Freight,COR-002,SEC-0012,2026-09-15,300,315,1,40.9,3000,8.2,110
TRN-08998,Passenger,COR-002,SEC-0020,2026-09-06,1042,1052,2,66.7,1200,8.7,100
TRN-08999,Superfast,COR-010,SEC-0100,2026-09-05,861,876,3,99.0,1600,8.2,110
TRN-09000,Express,COR-001,SEC-0008,2026-09-11,648,655,3,58.0,1400,7.5,120
TRN-09001,Express,COR-018,SEC-0173,2026-09-07,1371,1383,3,72.9,1400,15.1,110
TRN-09002,Freight,COR-013,SEC-0130,2026-09-08,1163,1175,1,46.4,3000,10.1,100
TRN-09003,Superfast,COR-020,SEC-0197,2026-09-14,552,559,3,68.3,1600,7.2,110
TRN-09004,Passenger,COR-020,SEC-0198,2026-09-04,174,186,2,98.6,1200,13.0,100
TRN-09005,Freight,COR-013,SEC-0124,2026-09-04,333,340,1,44.0,3000,10.5,80
TRN-09006,Passenger,COR-007,SEC-0067,2026-09-14,527,537,2,80.9,1200,12.6,100
TRN-09007,Passenger,COR-014,SEC-0133,2026-09-16,126,136,2,73.1,1200,8.1,100
TRN-09008,Express,COR-020,SEC-0196,2026-09-03,301,308,3,27.8,1400,15.5,130
TRN-09009,Passenger,COR-016,SEC-0153,2026-09-07,614,626,2,53.1,1200,8.8,130
TRN-09010,Superfast,COR-009,SEC-0083,2026-09-07,822,834,3,64.9,1600,12.2,120
TRN-09011,EMU,COR-018,SEC-0180,2026-09-15,604,616,2,66.5,900,8.7,100
TRN-09012,EMU,COR-011,SEC-0106,2026-09-08,938,945,2,77.4,900,13.2,100
TRN-09013,EMU,COR-015,SEC-0148,2026-09-08,1148,1163,2,62.9,900,3.8,80
TRN-09014,Express,COR-002,SEC-0015,2026-09-09,399,414,3,70.4,1400,6.4,110
TRN-09015,Superfast,COR-012,SEC-0119,2026-09-05,1423,1439,3,94.1,1600,15.4,130
TRN-09016,Express,COR-015,SEC-0142,2026-09-04,169,179,3,97.5,1400,10.9,80
TRN-09017,Passenger,COR-002,SEC-0017,2026-09-10,1312,1319,2,69.6,1200,7.2,100
TRN-09018,Superfast,COR-004,SEC-0039,2026-09-05,1242,1247,3,49.0,1600,7.3,110
TRN-09019,EMU,COR-014,SEC-0139,2026-09-07,503,508,2,61.2,900,7.8,100
TRN-09020,Freight,COR-012,SEC-0112,2026-09-13,1267,1287,1,40.8,3000,7.2,130
TRN-09021,Freight,COR-005,SEC-0042,2026-09-03,1177,1197,1,44.7,3000,1.9,100
TRN-09022,Passenger,COR-011,SEC-0104,2026-09-06,842,847,2,68.0,1200,11.2,120
TRN-09023,Freight,COR-013,SEC-0121,2026-09-12,1324,1331,1,25.9,3000,7.0,120
TRN-09024,Passenger,COR-019,SEC-0185,2026-09-09,792,802,2,97.5,1200,10.9,110
TRN-09025,Freight,COR-001,SEC-0008,2026-09-11,232,247,1,56.9,3000,6.7,130
TRN-09026,EMU,COR-020,SEC-0192,2026-09-08,670,682,2,99.0,900,9.0,100
TRN-09027,Superfast,COR-009,SEC-0083,2026-09-12,290,310,3,76.3,1600,13.1,120
TRN-09028,Express,COR-004,SEC-0039,2026-09-09,1069,1076,3,54.5,1400,5.1,130
TRN-09029,Express,COR-011,SEC-0101,2026-09-04,733,745,3,86.9,1400,11.6,120
TRN-09030,Passenger,COR-004,SEC-0031,2026-09-09,1013,1025,2,95.7,1200,14.6,80
TRN-09031,Passenger,COR-008,SEC-0077,2026-09-14,1234,1239,2,92.1,1200,10.4,110
TRN-09032,Passenger,COR-013,SEC-0121,2026-09-09,121,126,2,94.2,1200,13.8,100
TRN-09033,Express,COR-014,SEC-0134,2026-09-07,1078,1088,3,99.0,1400,15.9,110
TRN-09034,Passenger,COR-020,SEC-0197,2026-09-09,769,776,2,67.2,1200,5.4,80
TRN-09035,Superfast,COR-006,SEC-0053,2026-09-11,394,404,3,66.6,1600,8.4,110
TRN-09036,EMU,COR-015,SEC-0141,2026-09-03,733,743,2,71.2,900,12.2,120
TRN-09037,Freight,COR-012,SEC-0118,2026-09-07,718,728,1,36.6,3000,11.8,100
TRN-09038,Superfast,COR-003,SEC-0029,2026-09-11,76,83,3,62.6,1600,4.0,130
TRN-09039,Express,COR-006,SEC-0056,2026-09-10,213,220,3,60.3,1400,10.1,110
TRN-09040,Passenger,COR-016,SEC-0158,2026-09-16,862,872,2,67.0,1200,4.4,130
TRN-09041,Passenger,COR-011,SEC-0102,2026-09-13,212,227,2,67.9,1200,4.0,110
TRN-09042,Passenger,COR-017,SEC-0166,2026-09-14,1277,1287,2,80.0,1200,9.5,120
TRN-09043,Freight,COR-014,SEC-0139,2026-09-14,1314,1324,1,34.3,3000,7.7,80
TRN-09044,Superfast,COR-019,SEC-0186,2026-09-03,395,402,3,99.0,1600,8.2,120
TRN-09045,Freight,COR-017,SEC-0161,2026-09-13,1349,1356,1,32.7,3000,2.3,100
TRN-09046,Express,COR-009,SEC-0089,2026-09-04,778,783,3,58.4,1400,7.6,80
TRN-09047,Superfast,COR-015,SEC-0149,2026-09-16,501,513,3,60.8,1600,10.6,100
TRN-09048,Superfast,COR-015,SEC-0148,2026-09-14,881,891,3,90.5,1600,7.7,100
TRN-09049,EMU,COR-007,SEC-0063,2026-09-03,881,896,2,97.4,900,7.9,80
TRN-09050,Passenger,COR-014,SEC-0137,2026-09-06,895,905,2,98.1,1200,11.0,100
TRN-09051,Passenger,COR-016,SEC-0158,2026-09-05,505,510,2,90.6,1200,8.9,100
TRN-09052,EMU,COR-001,SEC-0004,2026-09-16,1150,1165,2,79.6,900,9.9,120
TRN-09053,Superfast,COR-011,SEC-0109,2026-09-09,336,348,3,78.6,1600,11.2,100
TRN-09054,Superfast,COR-008,SEC-0078,2026-09-11,925,932,3,51.0,1600,9.1,100
TRN-09055,Express,COR-010,SEC-0096,2026-09-11,990,1002,3,81.2,1400,10.1,110
TRN-09056,Express,COR-011,SEC-0103,2026-09-09,1047,1054,3,67.3,1400,9.0,110
TRN-09057,Freight,COR-013,SEC-0127,2026-09-16,611,621,1,53.7,3000,7.1,110
TRN-09058,Express,COR-019,SEC-0189,2026-09-14,185,195,3,84.9,1400,16.9,100
TRN-09059,Superfast,COR-016,SEC-0157,2026-09-09,988,998,3,79.9,1600,12.4,110
TRN-09060,Superfast,COR-016,SEC-0155,2026-09-10,628,638,3,81.0,1600,6.4,80
TRN-09061,Superfast,COR-015,SEC-0145,2026-09-03,887,899,3,75.9,1600,6.6,80
TRN-09062,Passenger,COR-002,SEC-0019,2026-09-14,188,200,2,99.0,1200,11.4,120
TRN-09063,Express,COR-008,SEC-0077,2026-09-10,1138,1150,3,71.2,1400,8.3,100
TRN-09064,EMU,COR-007,SEC-0063,2026-09-15,441,453,2,69.1,900,12.6,100
TRN-09065,Superfast,COR-010,SEC-0094,2026-09-14,957,972,3,66.2,1600,11.0,110
TRN-09066,Passenger,COR-013,SEC-0125,2026-09-05,805,810,2,83.1,1200,6.7,80
TRN-09067,EMU,COR-003,SEC-0029,2026-09-14,34,41,2,74.3,900,14.4,80
TRN-09068,Express,COR-009,SEC-0086,2026-09-15,148,160,3,86.6,1400,8.1,110
TRN-09069,Passenger,COR-008,SEC-0075,2026-09-14,91,101,2,99.0,1200,5.9,100
TRN-09070,Express,COR-011,SEC-0106,2026-09-11,12,17,3,99.0,1400,14.8,80
TRN-09071,Freight,COR-012,SEC-0114,2026-09-16,1127,1139,1,47.5,3000,11.2,100
TRN-09072,Passenger,COR-017,SEC-0165,2026-09-14,424,434,2,90.3,1200,12.4,120
TRN-09073,Freight,COR-010,SEC-0099,2026-09-12,710,722,1,39.2,3000,5.5,100
TRN-09074,Superfast,COR-002,SEC-0017,2026-09-09,850,857,3,65.0,1600,6.5,120
TRN-09075,Freight,COR-010,SEC-0098,2026-09-07,812,824,1,13.6,3000,6.4,120
TRN-09076,Express,COR-004,SEC-0035,2026-09-03,156,161,3,46.0,1400,4.8,110
TRN-09077,EMU,COR-020,SEC-0199,2026-09-03,873,880,2,48.2,900,10.6,120
TRN-09078,Passenger,COR-015,SEC-0144,2026-09-16,1038,1048,2,78.2,1200,12.6,100
TRN-09079,Freight,COR-015,SEC-0147,2026-09-04,1257,1264,1,23.9,3000,5.3,110
TRN-09080,Superfast,COR-017,SEC-0168,2026-09-16,361,366,3,57.5,1600,7.7,80
TRN-09081,Superfast,COR-010,SEC-0095,2026-09-04,1132,1139,3,83.6,1600,7.2,100
TRN-09082,EMU,COR-019,SEC-0182,2026-09-05,1220,1227,2,66.8,900,11.9,130
TRN-09083,Express,COR-005,SEC-0048,2026-09-04,1056,1063,3,66.8,1400,8.6,80
TRN-09084,Freight,COR-012,SEC-0116,2026-09-07,962,977,1,32.7,3000,3.4,130
TRN-09085,Superfast,COR-009,SEC-0089,2026-09-07,589,601,3,79.2,1600,9.8,130
TRN-09086,Superfast,COR-004,SEC-0032,2026-09-13,1309,1314,3,62.5,1600,15.8,120
TRN-09087,Freight,COR-008,SEC-0073,2026-09-11,214,224,1,31.7,3000,6.6,80
TRN-09088,Express,COR-014,SEC-0135,2026-09-07,317,322,3,40.3,1400,7.9,110
TRN-09089,EMU,COR-011,SEC-0104,2026-09-11,95,102,2,84.5,900,14.1,120
TRN-09090,Passenger,COR-010,SEC-0091,2026-09-03,895,905,2,44.2,1200,5.6,100
TRN-09091,Passenger,COR-004,SEC-0037,2026-09-10,761,776,2,68.5,1200,10.8,110
TRN-09092,Express,COR-016,SEC-0157,2026-09-12,23,33,3,79.9,1400,8.1,120
TRN-09093,Express,COR-009,SEC-0088,2026-09-04,486,506,3,89.1,1400,8.3,100
TRN-09094,Passenger,COR-020,SEC-0193,2026-09-04,922,934,2,53.9,1200,6.2,80
TRN-09095,Freight,COR-010,SEC-0092,2026-09-03,1229,1236,1,18.3,3000,11.6,130
TRN-09096,Superfast,COR-008,SEC-0079,2026-09-11,534,544,3,53.6,1600,7.9,110
TRN-09097,Express,COR-003,SEC-0030,2026-09-03,780,792,3,70.4,1400,2.2,110
TRN-09098,Superfast,COR-015,SEC-0149,2026-09-14,1237,1242,3,99.0,1600,13.7,100
TRN-09099,EMU,COR-004,SEC-0034,2026-09-10,636,648,2,69.3,900,7.8,110
TRN-09100,Superfast,COR-016,SEC-0151,2026-09-16,807,827,3,65.1,1600,6.6,100
TRN-09101,Freight,COR-012,SEC-0112,2026-09-06,231,243,1,26.0,3000,4.7,110
TRN-09102,Superfast,COR-004,SEC-0039,2026-09-05,1285,1305,3,81.8,1600,10.4,110
TRN-09103,Express,COR-007,SEC-0062,2026-09-15,279,291,3,62.7,1400,8.7,120
TRN-09104,Freight,COR-010,SEC-0099,2026-09-06,1322,1329,1,33.8,3000,7.5,110
TRN-09105,Express,COR-004,SEC-0035,2026-09-06,1175,1185,3,76.0,1400,7.9,120
TRN-09106,Superfast,COR-009,SEC-0088,2026-09-08,155,167,3,75.5,1600,14.0,110
TRN-09107,Express,COR-007,SEC-0069,2026-09-09,882,892,3,86.0,1400,6.8,100
TRN-09108,Freight,COR-013,SEC-0130,2026-09-16,712,732,1,17.5,3000,4.3,110
TRN-09109,Express,COR-014,SEC-0132,2026-09-12,427,434,3,58.0,1400,13.3,110
TRN-09110,Superfast,COR-019,SEC-0185,2026-09-05,1027,1037,3,86.7,1600,11.7,110
TRN-09111,Passenger,COR-010,SEC-0091,2026-09-08,473,480,2,69.7,1200,13.0,100
TRN-09112,Express,COR-002,SEC-0017,2026-09-13,505,515,3,72.2,1400,9.7,100
TRN-09113,Freight,COR-007,SEC-0068,2026-09-15,1075,1082,1,33.7,3000,4.0,80
TRN-09114,Passenger,COR-008,SEC-0071,2026-09-12,85,90,2,81.2,1200,9.6,100
TRN-09115,EMU,COR-003,SEC-0025,2026-09-07,1122,1132,2,55.6,900,9.3,110
TRN-09116,EMU,COR-020,SEC-0195,2026-09-16,1353,1358,2,85.2,900,11.5,100
TRN-09117,Passenger,COR-003,SEC-0022,2026-09-15,542,547,2,62.0,1200,10.9,100
TRN-09118,Passenger,COR-003,SEC-0023,2026-09-04,832,839,2,42.3,1200,10.8,130
TRN-09119,Superfast,COR-004,SEC-0038,2026-09-13,153,163,3,70.4,1600,15.8,110
TRN-09120,EMU,COR-019,SEC-0182,2026-09-14,1048,1055,2,99.0,900,14.3,80
TRN-09121,Express,COR-018,SEC-0172,2026-09-11,970,977,3,99.0,1400,13.9,110
TRN-09122,Passenger,COR-009,SEC-0089,2026-09-07,1397,1407,2,52.5,1200,8.4,130
TRN-09123,Superfast,COR-005,SEC-0046,2026-09-16,1124,1144,3,77.8,1600,8.2,80
TRN-09124,Superfast,COR-004,SEC-0033,2026-09-05,477,489,3,72.4,1600,10.6,110
TRN-09125,Passenger,COR-015,SEC-0142,2026-09-08,196,208,2,62.3,1200,7.1,130
TRN-09126,Superfast,COR-016,SEC-0153,2026-09-04,551,571,3,57.9,1600,7.2,80
TRN-09127,Superfast,COR-009,SEC-0081,2026-09-13,815,827,3,90.3,1600,10.2,110
TRN-09128,EMU,COR-008,SEC-0079,2026-09-06,1293,1298,2,63.6,900,7.4,110
TRN-09129,Freight,COR-007,SEC-0070,2026-09-08,1305,1312,1,38.2,3000,10.4,110
TRN-09130,Freight,COR-008,SEC-0078,2026-09-15,212,224,1,44.2,3000,11.6,120
TRN-09131,Superfast,COR-017,SEC-0169,2026-09-10,883,893,3,25.0,1600,3.5,120
TRN-09132,Passenger,COR-003,SEC-0027,2026-09-08,1163,1178,2,55.7,1200,8.1,120
TRN-09133,Superfast,COR-015,SEC-0148,2026-09-14,1363,1375,3,43.0,1600,10.7,120
TRN-09134,Passenger,COR-018,SEC-0175,2026-09-10,257,277,2,61.5,1200,11.7,100
TRN-09135,Express,COR-004,SEC-0031,2026-09-15,736,748,3,72.8,1400,11.4,100
TRN-09136,Superfast,COR-013,SEC-0129,2026-09-06,1191,1198,3,87.2,1600,10.3,80
TRN-09137,Express,COR-010,SEC-0098,2026-09-03,890,902,3,92.0,1400,10.2,130
TRN-09138,Express,COR-002,SEC-0012,2026-09-15,733,743,3,88.5,1400,13.0,120
TRN-09139,Express,COR-009,SEC-0085,2026-09-05,684,699,3,80.0,1400,8.0,100
TRN-09140,EMU,COR-019,SEC-0183,2026-09-10,411,418,2,84.2,900,10.1,110
TRN-09141,Superfast,COR-008,SEC-0076,2026-09-13,996,1001,3,57.3,1600,6.8,80
TRN-09142,EMU,COR-008,SEC-0075,2026-09-03,856,863,2,78.4,900,14.0,110
TRN-09143,Freight,COR-012,SEC-0117,2026-09-12,1019,1029,1,38.4,3000,10.8,110
TRN-09144,Passenger,COR-016,SEC-0152,2026-09-09,583,595,2,74.0,1200,13.5,110
TRN-09145,Freight,COR-010,SEC-0091,2026-09-05,842,852,1,53.9,3000,10.2,110
TRN-09146,Superfast,COR-009,SEC-0087,2026-09-16,23,28,3,86.6,1600,10.6,110
TRN-09147,EMU,COR-020,SEC-0198,2026-09-14,897,912,2,68.9,900,12.7,80
TRN-09148,EMU,COR-020,SEC-0198,2026-09-09,788,798,2,48.6,900,7.0,100
TRN-09149,Passenger,COR-015,SEC-0145,2026-09-06,381,396,2,58.7,1200,4.4,120
TRN-09150,Superfast,COR-018,SEC-0173,2026-09-07,1393,1400,3,49.4,1600,13.6,100
TRN-09151,Express,COR-008,SEC-0080,2026-09-16,1285,1300,3,42.5,1400,7.9,120
TRN-09152,Passenger,COR-018,SEC-0172,2026-09-11,157,177,2,74.7,1200,10.5,100
TRN-09153,EMU,COR-011,SEC-0105,2026-09-05,57,67,2,89.9,900,15.8,100
TRN-09154,Superfast,COR-018,SEC-0171,2026-09-14,959,974,3,69.9,1600,6.2,110
TRN-09155,EMU,COR-007,SEC-0062,2026-09-12,1311,1326,2,91.1,900,11.8,110
TRN-09156,Passenger,COR-011,SEC-0108,2026-09-10,790,795,2,72.2,1200,8.3,120
TRN-09157,Freight,COR-006,SEC-0055,2026-09-10,888,895,1,7.8,3000,3.3,120
TRN-09158,Passenger,COR-003,SEC-0026,2026-09-03,552,567,2,41.4,1200,6.1,120
TRN-09159,Freight,COR-010,SEC-0091,2026-09-05,1200,1207,1,14.9,3000,8.0,120
TRN-09160,Express,COR-017,SEC-0163,2026-09-07,1050,1065,3,67.3,1400,12.9,80
TRN-09161,Passenger,COR-008,SEC-0072,2026-09-14,694,699,2,64.5,1200,11.8,120
TRN-09162,Freight,COR-006,SEC-0055,2026-09-10,334,341,1,11.0,3000,2.1,110
TRN-09163,EMU,COR-005,SEC-0044,2026-09-14,1352,1357,2,88.8,900,6.1,100
TRN-09164,Passenger,COR-016,SEC-0154,2026-09-10,246,261,2,57.4,1200,10.5,100
TRN-09165,Superfast,COR-002,SEC-0014,2026-09-16,114,121,3,90.1,1600,10.9,80
TRN-09166,Express,COR-013,SEC-0122,2026-09-13,780,787,3,99.0,1400,12.1,100
TRN-09167,Express,COR-002,SEC-0020,2026-09-03,35,42,3,99.0,1400,17.6,80
TRN-09168,Passenger,COR-010,SEC-0092,2026-09-06,538,548,2,79.0,1200,12.0,100
TRN-09169,EMU,COR-005,SEC-0048,2026-09-03,94,104,2,89.5,900,8.1,110
TRN-09170,Passenger,COR-015,SEC-0144,2026-09-11,945,955,2,89.9,1200,14.7,110
TRN-09171,EMU,COR-013,SEC-0121,2026-09-04,836,843,2,80.1,900,11.5,110
TRN-09172,Passenger,COR-016,SEC-0158,2026-09-13,1279,1286,2,42.3,1200,12.8,120
TRN-09173,Superfast,COR-016,SEC-0154,2026-09-03,687,694,3,67.3,1600,6.4,100
TRN-09174,Passenger,COR-005,SEC-0046,2026-09-09,606,618,2,65.4,1200,10.5,100
TRN-09175,Express,COR-012,SEC-0119,2026-09-04,641,651,3,84.4,1400,13.2,110
TRN-09176,Express,COR-008,SEC-0074,2026-09-06,31,38,3,64.9,1400,5.8,80
TRN-09177,Freight,COR-015,SEC-0146,2026-09-12,655,670,1,12.8,3000,2.2,120
TRN-09178,Passenger,COR-002,SEC-0018,2026-09-05,504,524,2,75.9,1200,11.7,110
TRN-09179,Passenger,COR-013,SEC-0129,2026-09-15,1248,1255,2,25.0,1200,8.6,100
TRN-09180,EMU,COR-002,SEC-0013,2026-09-12,559,571,2,83.1,900,3.7,110
TRN-09181,Superfast,COR-020,SEC-0194,2026-09-15,1171,1181,3,49.6,1600,7.4,100
TRN-09182,Passenger,COR-019,SEC-0183,2026-09-16,1259,1264,2,63.7,1200,10.3,120
TRN-09183,Passenger,COR-016,SEC-0154,2026-09-06,616,631,2,53.8,1200,8.0,110
TRN-09184,Express,COR-008,SEC-0071,2026-09-10,1259,1269,3,85.8,1400,11.7,80
TRN-09185,Passenger,COR-007,SEC-0062,2026-09-09,1134,1141,2,70.3,1200,10.9,120
TRN-09186,Passenger,COR-012,SEC-0111,2026-09-10,806,816,2,69.3,1200,13.1,120
TRN-09187,Superfast,COR-013,SEC-0121,2026-09-11,1344,1354,3,54.2,1600,5.9,80
TRN-09188,Passenger,COR-016,SEC-0152,2026-09-03,1207,1212,2,80.4,1200,10.0,120
TRN-09189,Passenger,COR-011,SEC-0104,2026-09-14,631,638,2,68.0,1200,10.8,80
TRN-09190,Passenger,COR-009,SEC-0085,2026-09-12,1175,1190,2,82.1,1200,20.8,120
TRN-09191,EMU,COR-006,SEC-0051,2026-09-12,478,498,2,72.0,900,5.1,120
TRN-09192,Passenger,COR-001,SEC-0007,2026-09-07,1359,1366,2,43.0,1200,10.6,130
TRN-09193,Freight,COR-017,SEC-0165,2026-09-03,662,669,1,44.8,3000,6.5,80
TRN-09194,Freight,COR-013,SEC-0125,2026-09-07,1316,1336,1,36.4,3000,6.2,130
TRN-09195,EMU,COR-003,SEC-0025,2026-09-15,792,799,2,57.8,900,9.8,80
TRN-09196,EMU,COR-006,SEC-0059,2026-09-12,247,262,2,49.2,900,3.4,100
TRN-09197,Freight,COR-013,SEC-0124,2026-09-07,816,821,1,38.8,3000,5.9,110
TRN-09198,Freight,COR-014,SEC-0139,2026-09-05,1268,1275,1,24.8,3000,1.0,130
TRN-09199,Passenger,COR-008,SEC-0074,2026-09-04,1265,1272,2,76.8,1200,10.5,120
TRN-09200,Superfast,COR-005,SEC-0045,2026-09-05,1068,1075,3,69.5,1600,2.5,100
TRN-09201,Passenger,COR-017,SEC-0165,2026-09-09,1173,1185,2,75.5,1200,6.0,110
TRN-09202,Freight,COR-006,SEC-0057,2026-09-15,1083,1093,1,37.8,3000,2.8,130
TRN-09203,Freight,COR-019,SEC-0186,2026-09-09,247,252,1,35.0,3000,13.1,80
TRN-09204,Superfast,COR-016,SEC-0152,2026-09-13,1135,1150,3,79.6,1600,7.6,80
TRN-09205,Passenger,COR-002,SEC-0011,2026-09-07,793,805,2,70.2,1200,11.3,110
TRN-09206,Superfast,COR-016,SEC-0152,2026-09-04,531,543,3,80.9,1600,8.6,110
TRN-09207,Freight,COR-009,SEC-0082,2026-09-14,20,40,1,5.0,3000,4.7,130
TRN-09208,Passenger,COR-012,SEC-0111,2026-09-15,38,53,2,71.3,1200,5.5,110
TRN-09209,EMU,COR-012,SEC-0120,2026-09-13,180,192,2,78.7,900,11.7,110
TRN-09210,Express,COR-016,SEC-0153,2026-09-14,863,873,3,38.7,1400,5.1,100
TRN-09211,Superfast,COR-017,SEC-0164,2026-09-06,823,828,3,45.4,1600,3.4,110
TRN-09212,Superfast,COR-008,SEC-0076,2026-09-03,694,704,3,73.4,1600,8.2,80
TRN-09213,Superfast,COR-010,SEC-0092,2026-09-12,975,980,3,81.5,1600,8.1,120
TRN-09214,Express,COR-016,SEC-0153,2026-09-03,898,905,3,93.1,1400,14.8,80
TRN-09215,Freight,COR-006,SEC-0053,2026-09-14,348,353,1,26.2,3000,8.2,80
TRN-09216,Passenger,COR-017,SEC-0164,2026-09-04,1033,1043,2,71.4,1200,8.4,110
TRN-09217,Superfast,COR-012,SEC-0119,2026-09-08,757,777,3,52.6,1600,8.6,120
TRN-09218,Express,COR-016,SEC-0153,2026-09-12,592,597,3,81.9,1400,12.0,100
TRN-09219,EMU,COR-020,SEC-0194,2026-09-13,432,452,2,68.4,900,8.9,130
TRN-09220,Freight,COR-012,SEC-0118,2026-09-10,108,113,1,21.5,3000,3.9,120
TRN-09221,EMU,COR-019,SEC-0183,2026-09-03,595,607,2,85.2,900,7.1,100
TRN-09222,Freight,COR-013,SEC-0124,2026-09-05,623,633,1,34.9,3000,7.2,110
TRN-09223,Passenger,COR-014,SEC-0133,2026-09-12,1429,1439,2,78.0,1200,10.0,80
TRN-09224,EMU,COR-007,SEC-0068,2026-09-14,1243,1258,2,97.5,900,8.7,80
TRN-09225,EMU,COR-012,SEC-0115,2026-09-09,234,241,2,99.0,900,15.9,100
TRN-09226,EMU,COR-009,SEC-0086,2026-09-11,664,679,2,82.4,900,9.7,110
TRN-09227,EMU,COR-020,SEC-0192,2026-09-04,26,31,2,85.8,900,13.1,80
TRN-09228,Express,COR-007,SEC-0068,2026-09-14,1307,1319,3,65.5,1400,8.1,100
TRN-09229,Passenger,COR-013,SEC-0122,2026-09-10,1231,1238,2,70.6,1200,7.7,130
TRN-09230,Freight,COR-006,SEC-0054,2026-09-09,162,169,1,33.2,3000,8.7,110
TRN-09231,EMU,COR-007,SEC-0066,2026-09-09,977,987,2,61.5,900,3.3,80
TRN-09232,EMU,COR-011,SEC-0108,2026-09-11,804,814,2,62.3,900,5.8,100
TRN-09233,Passenger,COR-020,SEC-0193,2026-09-06,172,187,2,59.3,1200,4.3,80
TRN-09234,Passenger,COR-008,SEC-0077,2026-09-14,951,961,2,98.7,1200,9.9,110
TRN-09235,Superfast,COR-015,SEC-0149,2026-09-04,919,939,3,60.1,1600,6.2,100
TRN-09236,Passenger,COR-003,SEC-0024,2026-09-04,755,767,2,56.5,1200,12.1,110
TRN-09237,Passenger,COR-016,SEC-0157,2026-09-09,145,157,2,49.6,1200,1.0,110
TRN-09238,Superfast,COR-019,SEC-0182,2026-09-04,802,812,3,60.5,1600,12.2,100
TRN-09239,Superfast,COR-020,SEC-0196,2026-09-03,454,459,3,64.4,1600,11.2,100
TRN-09240,Passenger,COR-003,SEC-0029,2026-09-09,1017,1024,2,54.6,1200,10.1,110
TRN-09241,Passenger,COR-005,SEC-0043,2026-09-04,491,506,2,55.3,1200,9.4,120
TRN-09242,Freight,COR-008,SEC-0076,2026-09-06,1380,1395,1,39.4,3000,3.4,100
TRN-09243,Express,COR-004,SEC-0036,2026-09-16,64,69,3,56.5,1400,5.3,120
TRN-09244,Freight,COR-010,SEC-0097,2026-09-15,484,504,1,47.3,3000,6.7,110
TRN-09245,Freight,COR-020,SEC-0193,2026-09-06,1134,1154,1,32.6,3000,8.5,110
TRN-09246,Freight,COR-017,SEC-0164,2026-09-12,534,541,1,36.6,3000,3.7,120
TRN-09247,Express,COR-004,SEC-0031,2026-09-04,893,898,3,42.7,1400,5.7,110
TRN-09248,Superfast,COR-006,SEC-0055,2026-09-13,1048,1063,3,56.8,1600,10.3,110
TRN-09249,Express,COR-008,SEC-0071,2026-09-09,872,892,3,54.2,1400,9.6,110
TRN-09250,Superfast,COR-011,SEC-0108,2026-09-12,322,329,3,91.5,1600,16.0,110
TRN-09251,Freight,COR-005,SEC-0042,2026-09-05,114,126,1,46.9,3000,8.7,110
TRN-09252,Passenger,COR-003,SEC-0026,2026-09-09,748,760,2,73.2,1200,7.1,80
TRN-09253,Superfast,COR-016,SEC-0158,2026-09-05,293,305,3,36.5,1600,9.9,120
TRN-09254,Superfast,COR-005,SEC-0048,2026-09-03,760,770,3,71.8,1600,16.5,130
TRN-09255,Passenger,COR-010,SEC-0100,2026-09-13,1188,1193,2,64.1,1200,9.5,100
TRN-09256,Superfast,COR-007,SEC-0063,2026-09-14,899,906,3,73.0,1600,7.7,110
TRN-09257,EMU,COR-001,SEC-0006,2026-09-13,65,77,2,78.9,900,12.2,100
TRN-09258,EMU,COR-014,SEC-0133,2026-09-10,522,534,2,99.0,900,5.3,120
TRN-09259,Superfast,COR-013,SEC-0128,2026-09-06,802,814,3,51.1,1600,3.9,80
TRN-09260,EMU,COR-004,SEC-0034,2026-09-14,938,948,2,63.3,900,6.4,100
TRN-09261,Freight,COR-018,SEC-0173,2026-09-07,1172,1187,1,34.6,3000,7.3,110
TRN-09262,Superfast,COR-002,SEC-0019,2026-09-10,1436,1439,3,51.6,1600,6.8,110
TRN-09263,Superfast,COR-008,SEC-0073,2026-09-07,560,567,3,59.7,1600,12.9,110
TRN-09264,Superfast,COR-005,SEC-0048,2026-09-06,447,467,3,72.7,1600,9.7,80
TRN-09265,Superfast,COR-017,SEC-0162,2026-09-03,1413,1418,3,57.6,1600,6.9,110
TRN-09266,Passenger,COR-001,SEC-0002,2026-09-08,223,238,2,77.9,1200,10.6,110
TRN-09267,Superfast,COR-014,SEC-0131,2026-09-13,235,250,3,70.6,1600,13.1,80
TRN-09268,Superfast,COR-012,SEC-0116,2026-09-03,767,777,3,77.7,1600,8.7,110
TRN-09269,Express,COR-003,SEC-0023,2026-09-12,724,731,3,91.2,1400,15.9,80
TRN-09270,Passenger,COR-008,SEC-0071,2026-09-05,552,562,2,61.9,1200,3.5,100
TRN-09271,Freight,COR-011,SEC-0108,2026-09-15,1033,1040,1,41.3,3000,5.8,100
TRN-09272,Superfast,COR-013,SEC-0129,2026-09-16,1167,1174,3,84.4,1600,9.6,100
TRN-09273,Passenger,COR-018,SEC-0177,2026-09-07,187,199,2,74.4,1200,6.8,110
TRN-09274,Passenger,COR-010,SEC-0100,2026-09-11,664,676,2,64.2,1200,6.2,130
TRN-09275,Superfast,COR-002,SEC-0020,2026-09-14,931,941,3,72.8,1600,5.5,110
TRN-09276,Superfast,COR-009,SEC-0088,2026-09-15,167,177,3,71.9,1600,6.1,100
TRN-09277,Passenger,COR-007,SEC-0063,2026-09-15,493,500,2,49.4,1200,9.4,120
TRN-09278,Freight,COR-007,SEC-0069,2026-09-13,181,186,1,21.6,3000,1.0,130
TRN-09279,Superfast,COR-011,SEC-0108,2026-09-09,780,787,3,93.9,1600,13.2,120
TRN-09280,Passenger,COR-016,SEC-0156,2026-09-06,574,584,2,64.7,1200,12.9,80
TRN-09281,Express,COR-008,SEC-0074,2026-09-06,56,68,3,68.4,1400,7.2,100
TRN-09282,Passenger,COR-005,SEC-0041,2026-09-11,410,417,2,78.2,1200,11.8,120
TRN-09283,Superfast,COR-002,SEC-0017,2026-09-05,664,684,3,70.2,1600,6.9,100
TRN-09284,Superfast,COR-019,SEC-0181,2026-09-12,983,993,3,61.4,1600,11.0,100
TRN-09285,Superfast,COR-014,SEC-0139,2026-09-16,213,218,3,54.7,1600,9.4,110
TRN-09286,Passenger,COR-016,SEC-0159,2026-09-16,343,350,2,62.7,1200,8.8,100
TRN-09287,Freight,COR-017,SEC-0163,2026-09-13,906,916,1,26.1,3000,3.6,100
TRN-09288,Express,COR-018,SEC-0174,2026-09-11,1267,1272,3,57.2,1400,13.8,130
TRN-09289,Passenger,COR-011,SEC-0108,2026-09-06,1290,1297,2,86.3,1200,11.0,100
TRN-09290,EMU,COR-006,SEC-0057,2026-09-12,306,316,2,77.6,900,7.9,100
TRN-09291,Express,COR-017,SEC-0168,2026-09-15,352,372,3,54.3,1400,5.1,120
TRN-09292,Superfast,COR-017,SEC-0166,2026-09-10,804,816,3,67.2,1600,11.4,80
TRN-09293,Express,COR-010,SEC-0097,2026-09-15,109,116,3,89.0,1400,13.5,100
TRN-09294,Express,COR-019,SEC-0181,2026-09-09,494,509,3,54.6,1400,10.7,100
TRN-09295,EMU,COR-020,SEC-0195,2026-09-09,772,792,2,72.7,900,12.0,100
TRN-09296,EMU,COR-007,SEC-0062,2026-09-16,425,435,2,97.2,900,14.6,110
TRN-09297,Superfast,COR-014,SEC-0133,2026-09-07,790,800,3,92.2,1600,12.7,100
TRN-09298,Passenger,COR-006,SEC-0058,2026-09-05,1220,1230,2,70.2,1200,8.7,110
TRN-09299,Express,COR-005,SEC-0047,2026-09-08,220,227,3,88.5,1400,10.1,100
TRN-09300,EMU,COR-005,SEC-0047,2026-09-03,21,31,2,99.0,900,14.7,80
TRN-09301,EMU,COR-011,SEC-0104,2026-09-03,418,433,2,90.6,900,14.3,130
TRN-09302,EMU,COR-005,SEC-0041,2026-09-16,1111,1118,2,41.7,900,5.5,110
TRN-09303,Passenger,COR-015,SEC-0146,2026-09-15,1282,1294,2,92.2,1200,9.9,110
TRN-09304,Freight,COR-010,SEC-0097,2026-09-04,1107,1117,1,43.1,3000,8.0,110
TRN-09305,Superfast,COR-001,SEC-0004,2026-09-14,1322,1327,3,52.1,1600,5.3,110
TRN-09306,Passenger,COR-005,SEC-0049,2026-09-06,1232,1247,2,99.0,1200,12.4,110
TRN-09307,Passenger,COR-003,SEC-0026,2026-09-07,516,523,2,59.7,1200,14.7,110
TRN-09308,EMU,COR-014,SEC-0137,2026-09-08,1065,1070,2,65.2,900,6.8,120
TRN-09309,Express,COR-006,SEC-0051,2026-09-07,792,799,3,79.3,1400,17.8,120
TRN-09310,Express,COR-015,SEC-0147,2026-09-11,736,743,3,70.5,1400,9.5,110
TRN-09311,Superfast,COR-019,SEC-0188,2026-09-16,1218,1225,3,76.8,1600,10.0,130
TRN-09312,Superfast,COR-008,SEC-0075,2026-09-09,397,407,3,76.6,1600,7.6,120
TRN-09313,Passenger,COR-006,SEC-0056,2026-09-03,523,530,2,67.9,1200,11.3,100
TRN-09314,EMU,COR-018,SEC-0179,2026-09-12,284,294,2,57.3,900,10.0,110
TRN-09315,Freight,COR-013,SEC-0121,2026-09-06,1,21,1,34.3,3000,7.0,110
TRN-09316,Express,COR-020,SEC-0200,2026-09-16,118,133,3,53.5,1400,6.8,120
TRN-09317,Express,COR-002,SEC-0015,2026-09-03,908,918,3,76.8,1400,13.4,80
TRN-09318,Express,COR-015,SEC-0146,2026-09-14,1183,1190,3,95.0,1400,7.3,120
TRN-09319,EMU,COR-008,SEC-0080,2026-09-05,871,876,2,87.9,900,7.6,120
TRN-09320,Superfast,COR-012,SEC-0118,2026-09-12,209,214,3,73.4,1600,6.4,130
TRN-09321,Superfast,COR-013,SEC-0125,2026-09-11,746,758,3,65.5,1600,12.7,120
TRN-09322,Express,COR-013,SEC-0130,2026-09-07,1391,1411,3,81.3,1400,10.3,110
TRN-09323,Superfast,COR-005,SEC-0048,2026-09-14,551,558,3,81.7,1600,11.7,130
TRN-09324,Passenger,COR-014,SEC-0136,2026-09-07,59,74,2,75.8,1200,15.4,120
TRN-09325,EMU,COR-012,SEC-0116,2026-09-12,199,209,2,71.0,900,5.2,80
TRN-09326,Superfast,COR-013,SEC-0127,2026-09-11,1177,1187,3,71.6,1600,11.4,80
TRN-09327,Express,COR-015,SEC-0144,2026-09-08,1412,1419,3,72.2,1400,10.9,80
TRN-09328,Freight,COR-019,SEC-0189,2026-09-10,1396,1411,1,44.8,3000,9.0,110
TRN-09329,Passenger,COR-010,SEC-0092,2026-09-03,1129,1139,2,80.1,1200,8.9,110
TRN-09330,Express,COR-020,SEC-0200,2026-09-13,286,301,3,68.0,1400,7.8,130
TRN-09331,Freight,COR-010,SEC-0093,2026-09-15,1327,1339,1,23.0,3000,13.5,110
TRN-09332,Freight,COR-006,SEC-0054,2026-09-08,319,324,1,30.6,3000,5.7,110
TRN-09333,Express,COR-008,SEC-0079,2026-09-11,544,559,3,47.7,1400,1.8,100
TRN-09334,EMU,COR-013,SEC-0122,2026-09-07,988,993,2,80.4,900,12.6,100
TRN-09335,Passenger,COR-006,SEC-0056,2026-09-12,1320,1325,2,92.4,1200,11.4,80
TRN-09336,EMU,COR-020,SEC-0197,2026-09-10,860,875,2,56.9,900,13.9,110
TRN-09337,Freight,COR-015,SEC-0149,2026-09-10,667,679,1,39.2,3000,10.7,110
TRN-09338,Superfast,COR-020,SEC-0196,2026-09-05,681,693,3,91.8,1600,13.9,100
TRN-09339,Superfast,COR-009,SEC-0082,2026-09-12,738,753,3,97.5,1600,16.1,110
TRN-09340,Superfast,COR-010,SEC-0098,2026-09-14,531,536,3,51.7,1600,9.2,100
TRN-09341,Freight,COR-015,SEC-0147,2026-09-06,814,824,1,39.6,3000,5.7,130
TRN-09342,EMU,COR-003,SEC-0025,2026-09-10,34,54,2,70.4,900,7.1,110
TRN-09343,Express,COR-003,SEC-0027,2026-09-14,878,885,3,83.6,1400,11.5,100
TRN-09344,Passenger,COR-017,SEC-0161,2026-09-09,855,867,2,87.2,1200,12.2,100
TRN-09345,Superfast,COR-010,SEC-0091,2026-09-15,222,229,3,99.0,1600,8.5,120
TRN-09346,Freight,COR-007,SEC-0065,2026-09-15,495,505,1,17.0,3000,9.9,80
TRN-09347,Superfast,COR-009,SEC-0083,2026-09-12,1015,1030,3,92.4,1600,12.0,110
TRN-09348,Freight,COR-004,SEC-0036,2026-09-13,1192,1204,1,14.0,3000,3.1,130
TRN-09349,Express,COR-003,SEC-0030,2026-09-07,380,395,3,83.1,1400,10.7,130
TRN-09350,Superfast,COR-008,SEC-0074,2026-09-08,1197,1212,3,92.0,1600,8.5,110
TRN-09351,EMU,COR-007,SEC-0061,2026-09-15,322,342,2,74.1,900,8.2,130
TRN-09352,Passenger,COR-011,SEC-0106,2026-09-03,1077,1082,2,60.2,1200,5.8,110
TRN-09353,Passenger,COR-010,SEC-0099,2026-09-04,458,473,2,61.0,1200,9.1,100
TRN-09354,Superfast,COR-020,SEC-0196,2026-09-07,1433,1439,3,56.5,1600,5.9,110
TRN-09355,Passenger,COR-007,SEC-0068,2026-09-10,1370,1380,2,74.9,1200,12.3,130
TRN-09356,Passenger,COR-013,SEC-0124,2026-09-13,579,586,2,64.4,1200,5.6,110
TRN-09357,Freight,COR-012,SEC-0113,2026-09-06,858,873,1,24.0,3000,7.9,110
TRN-09358,EMU,COR-001,SEC-0003,2026-09-14,757,764,2,48.5,900,10.3,110
TRN-09359,Superfast,COR-014,SEC-0140,2026-09-04,205,225,3,56.0,1600,12.8,110
TRN-09360,Express,COR-014,SEC-0137,2026-09-07,93,103,3,69.1,1400,9.8,100
TRN-09361,EMU,COR-010,SEC-0098,2026-09-14,285,295,2,92.6,900,15.3,100
TRN-09362,Express,COR-015,SEC-0147,2026-09-09,0,5,3,88.1,1400,8.5,120
TRN-09363,Passenger,COR-013,SEC-0121,2026-09-16,1319,1324,2,89.8,1200,9.2,100
TRN-09364,Passenger,COR-017,SEC-0163,2026-09-03,657,662,2,54.9,1200,7.8,100
TRN-09365,Freight,COR-002,SEC-0017,2026-09-04,192,197,1,24.2,3000,5.2,100
TRN-09366,EMU,COR-020,SEC-0195,2026-09-15,1088,1108,2,91.7,900,12.5,120
TRN-09367,Passenger,COR-005,SEC-0042,2026-09-12,569,589,2,56.9,1200,9.8,110
TRN-09368,Passenger,COR-007,SEC-0063,2026-09-05,757,767,2,67.3,1200,7.9,110
TRN-09369,Superfast,COR-002,SEC-0013,2026-09-09,1125,1140,3,83.3,1600,8.2,130
TRN-09370,Freight,COR-007,SEC-0064,2026-09-14,11,21,1,25.1,3000,5.9,110
TRN-09371,EMU,COR-020,SEC-0199,2026-09-13,927,939,2,52.7,900,5.5,100
TRN-09372,Superfast,COR-012,SEC-0118,2026-09-16,586,606,3,49.3,1600,9.4,110
TRN-09373,Passenger,COR-010,SEC-0091,2026-09-12,199,219,2,58.6,1200,7.3,120
TRN-09374,EMU,COR-013,SEC-0129,2026-09-16,1374,1384,2,79.9,900,1.6,100
TRN-09375,Passenger,COR-010,SEC-0100,2026-09-16,1296,1306,2,89.0,1200,13.1,110
TRN-09376,Superfast,COR-004,SEC-0034,2026-09-10,454,466,3,85.7,1600,10.6,110
TRN-09377,Superfast,COR-012,SEC-0113,2026-09-13,1232,1239,3,85.9,1600,12.0,110
TRN-09378,Passenger,COR-015,SEC-0143,2026-09-04,712,724,2,69.7,1200,10.5,120
TRN-09379,EMU,COR-014,SEC-0132,2026-09-15,1417,1424,2,74.1,900,7.2,80
TRN-09380,Express,COR-008,SEC-0077,2026-09-14,1177,1192,3,63.9,1400,12.1,80
TRN-09381,Freight,COR-020,SEC-0197,2026-09-15,1114,1119,1,48.4,3000,14.4,100
TRN-09382,Passenger,COR-015,SEC-0147,2026-09-16,282,292,2,59.7,1200,11.9,100
TRN-09383,Passenger,COR-017,SEC-0164,2026-09-10,1410,1417,2,96.4,1200,9.7,100
TRN-09384,Express,COR-012,SEC-0115,2026-09-12,288,298,3,46.2,1400,5.6,120
TRN-09385,Superfast,COR-002,SEC-0014,2026-09-06,672,677,3,65.3,1600,1.0,120
TRN-09386,Passenger,COR-019,SEC-0190,2026-09-13,266,281,2,44.2,1200,6.6,80
TRN-09387,Freight,COR-018,SEC-0171,2026-09-12,1079,1089,1,30.0,3000,5.6,100
TRN-09388,Superfast,COR-017,SEC-0165,2026-09-06,553,563,3,47.3,1600,4.8,120
TRN-09389,Superfast,COR-010,SEC-0097,2026-09-04,645,650,3,59.0,1600,9.0,110
TRN-09390,EMU,COR-018,SEC-0174,2026-09-13,839,854,2,68.1,900,8.3,110
TRN-09391,Superfast,COR-019,SEC-0181,2026-09-08,1345,1355,3,98.7,1600,14.5,80
TRN-09392,Passenger,COR-011,SEC-0106,2026-09-04,467,482,2,75.9,1200,11.4,120
TRN-09393,Express,COR-009,SEC-0082,2026-09-10,652,657,3,76.2,1400,4.5,100
TRN-09394,EMU,COR-017,SEC-0168,2026-09-11,768,773,2,64.5,900,7.8,120
TRN-09395,Superfast,COR-004,SEC-0032,2026-09-15,121,141,3,52.9,1600,8.3,80
TRN-09396,Freight,COR-011,SEC-0101,2026-09-09,243,263,1,26.3,3000,12.3,110
TRN-09397,Passenger,COR-012,SEC-0118,2026-09-03,637,649,2,87.1,1200,10.7,110
TRN-09398,Passenger,COR-013,SEC-0121,2026-09-15,312,322,2,72.0,1200,11.9,110
TRN-09399,Freight,COR-018,SEC-0178,2026-09-07,301,306,1,41.2,3000,2.3,110
TRN-09400,Passenger,COR-008,SEC-0073,2026-09-09,1326,1336,2,69.4,1200,8.9,120
TRN-09401,EMU,COR-014,SEC-0136,2026-09-10,991,1001,2,70.7,900,2.1,110
TRN-09402,Freight,COR-004,SEC-0031,2026-09-08,198,218,1,34.0,3000,10.2,110
TRN-09403,Freight,COR-015,SEC-0142,2026-09-13,939,949,1,26.6,3000,8.0,120
TRN-09404,Superfast,COR-016,SEC-0157,2026-09-04,1110,1130,3,79.1,1600,8.8,120
TRN-09405,Passenger,COR-004,SEC-0035,2026-09-12,644,649,2,63.1,1200,11.1,120
TRN-09406,EMU,COR-005,SEC-0050,2026-09-12,763,768,2,73.9,900,6.7,110
TRN-09407,Express,COR-008,SEC-0079,2026-09-14,624,634,3,76.0,1400,10.5,120
TRN-09408,Passenger,COR-019,SEC-0186,2026-09-13,774,784,2,58.2,1200,11.0,100
TRN-09409,Superfast,COR-013,SEC-0128,2026-09-08,775,780,3,88.3,1600,7.6,110
TRN-09410,Passenger,COR-001,SEC-0006,2026-09-07,851,863,2,60.2,1200,9.3,100
TRN-09411,Superfast,COR-015,SEC-0141,2026-09-11,1123,1133,3,40.3,1600,11.4,100
TRN-09412,EMU,COR-003,SEC-0024,2026-09-10,1050,1055,2,78.3,900,14.3,110
TRN-09413,Superfast,COR-014,SEC-0138,2026-09-13,95,105,3,77.8,1600,7.1,110
TRN-09414,Passenger,COR-017,SEC-0164,2026-09-07,877,887,2,73.0,1200,11.2,110
TRN-09415,Express,COR-014,SEC-0138,2026-09-08,1265,1275,3,65.0,1400,10.3,100
TRN-09416,Passenger,COR-005,SEC-0049,2026-09-04,1068,1078,2,69.3,1200,14.0,100
TRN-09417,Express,COR-014,SEC-0137,2026-09-03,510,515,3,83.8,1400,11.8,80
TRN-09418,Superfast,COR-001,SEC-0006,2026-09-07,600,615,3,39.9,1600,7.3,100
TRN-09419,Superfast,COR-001,SEC-0007,2026-09-06,227,239,3,90.8,1600,11.6,80
TRN-09420,EMU,COR-009,SEC-0087,2026-09-10,1369,1384,2,45.8,900,5.4,100
TRN-09421,Superfast,COR-013,SEC-0121,2026-09-14,1293,1308,3,91.6,1600,12.3,120
TRN-09422,Express,COR-007,SEC-0061,2026-09-16,925,930,3,70.1,1400,13.4,100
TRN-09423,Freight,COR-015,SEC-0147,2026-09-05,600,612,1,58.7,3000,6.6,80
TRN-09424,EMU,COR-018,SEC-0171,2026-09-04,309,319,2,67.7,900,6.9,120
TRN-09425,Passenger,COR-007,SEC-0064,2026-09-04,959,971,2,58.4,1200,13.2,80
TRN-09426,Superfast,COR-008,SEC-0080,2026-09-08,32,37,3,77.7,1600,11.9,100
TRN-09427,Superfast,COR-019,SEC-0186,2026-09-10,13,25,3,80.2,1600,12.2,120
TRN-09428,EMU,COR-007,SEC-0067,2026-09-16,1051,1061,2,64.7,900,12.4,80
TRN-09429,EMU,COR-005,SEC-0045,2026-09-15,626,636,2,55.4,900,11.4,80
TRN-09430,Passenger,COR-017,SEC-0169,2026-09-04,833,843,2,49.0,1200,1.0,120
TRN-09431,Freight,COR-017,SEC-0167,2026-09-08,1067,1074,1,16.8,3000,8.3,80
TRN-09432,Superfast,COR-014,SEC-0133,2026-09-04,310,330,3,39.7,1600,10.3,130
TRN-09433,Freight,COR-008,SEC-0073,2026-09-07,65,70,1,27.6,3000,9.3,120
TRN-09434,EMU,COR-009,SEC-0084,2026-09-16,818,825,2,56.3,900,7.9,120
TRN-09435,Express,COR-016,SEC-0158,2026-09-13,1270,1280,3,62.9,1400,10.9,110
TRN-09436,Freight,COR-007,SEC-0064,2026-09-14,758,770,1,53.5,3000,8.2,80
TRN-09437,Passenger,COR-012,SEC-0120,2026-09-14,986,998,2,79.4,1200,9.3,80
TRN-09438,Express,COR-018,SEC-0177,2026-09-16,922,929,3,48.1,1400,7.1,120
TRN-09439,Passenger,COR-005,SEC-0049,2026-09-11,667,687,2,62.5,1200,12.3,80
TRN-09440,Freight,COR-008,SEC-0074,2026-09-11,38,43,1,40.5,3000,9.7,110
TRN-09441,Superfast,COR-004,SEC-0031,2026-09-06,19,31,3,77.5,1600,13.3,110
TRN-09442,EMU,COR-012,SEC-0116,2026-09-10,1416,1428,2,64.8,900,6.8,80
TRN-09443,Passenger,COR-016,SEC-0156,2026-09-10,268,278,2,72.9,1200,6.1,130
TRN-09444,EMU,COR-007,SEC-0061,2026-09-03,378,390,2,75.9,900,11.9,80
TRN-09445,Passenger,COR-013,SEC-0124,2026-09-08,858,865,2,68.0,1200,5.2,80
TRN-09446,EMU,COR-004,SEC-0033,2026-09-05,114,124,2,82.1,900,9.3,130
TRN-09447,EMU,COR-012,SEC-0117,2026-09-06,1355,1362,2,47.2,900,5.7,110
TRN-09448,EMU,COR-009,SEC-0085,2026-09-05,955,967,2,70.6,900,11.8,110
TRN-09449,Superfast,COR-008,SEC-0072,2026-09-08,434,441,3,96.7,1600,11.3,110
TRN-09450,EMU,COR-020,SEC-0196,2026-09-11,521,536,2,88.9,900,10.0,110
TRN-09451,Passenger,COR-010,SEC-0095,2026-09-12,462,469,2,59.8,1200,5.9,100
TRN-09452,Freight,COR-001,SEC-0005,2026-09-06,1427,1437,1,59.6,3000,12.3,120
TRN-09453,Superfast,COR-015,SEC-0141,2026-09-09,331,336,3,46.7,1600,4.1,110
TRN-09454,Express,COR-016,SEC-0157,2026-09-07,445,455,3,57.2,1400,9.0,80
TRN-09455,Express,COR-010,SEC-0092,2026-09-07,1302,1307,3,60.9,1400,6.8,110
TRN-09456,Express,COR-008,SEC-0079,2026-09-13,789,801,3,58.5,1400,9.3,100
TRN-09457,Passenger,COR-005,SEC-0043,2026-09-14,176,191,2,78.4,1200,9.8,100
TRN-09458,Freight,COR-010,SEC-0095,2026-09-04,188,198,1,32.9,3000,5.9,110
TRN-09459,Express,COR-003,SEC-0029,2026-09-07,314,326,3,67.9,1400,12.2,110
TRN-09460,Express,COR-003,SEC-0027,2026-09-04,1301,1316,3,80.7,1400,11.7,100
TRN-09461,EMU,COR-006,SEC-0058,2026-09-06,284,304,2,69.6,900,10.2,100
TRN-09462,Passenger,COR-004,SEC-0032,2026-09-16,726,738,2,44.2,1200,6.5,80
TRN-09463,Express,COR-016,SEC-0158,2026-09-16,425,437,3,77.0,1400,12.7,80
TRN-09464,EMU,COR-016,SEC-0158,2026-09-10,758,778,2,74.2,900,4.6,100
TRN-09465,Superfast,COR-010,SEC-0097,2026-09-13,577,584,3,64.1,1600,11.9,110
TRN-09466,Passenger,COR-006,SEC-0052,2026-09-13,511,521,2,93.5,1200,16.9,110
TRN-09467,EMU,COR-017,SEC-0166,2026-09-09,368,373,2,50.4,900,2.1,130
TRN-09468,Superfast,COR-010,SEC-0094,2026-09-05,26,46,3,95.4,1600,12.9,100
TRN-09469,Freight,COR-010,SEC-0098,2026-09-03,40,52,1,64.3,3000,8.0,100
TRN-09470,Passenger,COR-015,SEC-0146,2026-09-14,1295,1307,2,87.4,1200,6.8,110
TRN-09471,Passenger,COR-004,SEC-0035,2026-09-09,209,216,2,66.5,1200,7.4,120
TRN-09472,EMU,COR-007,SEC-0063,2026-09-06,906,926,2,83.7,900,12.4,120
TRN-09473,Superfast,COR-019,SEC-0186,2026-09-04,344,356,3,80.2,1600,10.0,120
TRN-09474,Passenger,COR-018,SEC-0180,2026-09-14,1082,1087,2,47.7,1200,6.5,120
TRN-09475,Express,COR-004,SEC-0033,2026-09-14,1082,1089,3,63.3,1400,12.4,120
TRN-09476,Superfast,COR-006,SEC-0056,2026-09-07,1273,1280,3,79.0,1600,9.6,120
TRN-09477,Express,COR-015,SEC-0141,2026-09-11,697,712,3,76.8,1400,6.8,100
TRN-09478,Superfast,COR-006,SEC-0059,2026-09-13,1226,1233,3,38.8,1600,8.2,120
TRN-09479,EMU,COR-019,SEC-0182,2026-09-11,632,642,2,69.3,900,8.6,120
TRN-09480,Passenger,COR-009,SEC-0082,2026-09-12,121,128,2,70.0,1200,9.4,80
TRN-09481,Superfast,COR-020,SEC-0199,2026-09-12,1239,1244,3,84.4,1600,10.2,120
TRN-09482,Freight,COR-008,SEC-0075,2026-09-04,492,499,1,36.7,3000,11.3,100
TRN-09483,EMU,COR-012,SEC-0120,2026-09-13,968,978,2,76.9,900,16.3,110
TRN-09484,Passenger,COR-015,SEC-0142,2026-09-09,1429,1436,2,73.3,1200,11.1,120
TRN-09485,Freight,COR-017,SEC-0162,2026-09-05,1243,1258,1,41.0,3000,7.3,100
TRN-09486,Express,COR-020,SEC-0196,2026-09-15,1098,1113,3,75.2,1400,6.4,120
TRN-09487,Passenger,COR-006,SEC-0053,2026-09-05,1357,1372,2,69.7,1200,6.9,100
TRN-09488,Express,COR-006,SEC-0055,2026-09-11,1156,1163,3,63.4,1400,3.7,110
TRN-09489,Superfast,COR-016,SEC-0158,2026-09-13,456,466,3,67.2,1600,11.7,120
TRN-09490,Freight,COR-007,SEC-0065,2026-09-04,4,14,1,35.4,3000,11.5,110
TRN-09491,Passenger,COR-019,SEC-0184,2026-09-08,783,793,2,78.4,1200,10.9,120
TRN-09492,EMU,COR-019,SEC-0186,2026-09-05,188,208,2,58.8,900,11.8,110
TRN-09493,Superfast,COR-001,SEC-0010,2026-09-05,1360,1372,3,86.8,1600,14.3,80
TRN-09494,Superfast,COR-006,SEC-0053,2026-09-15,182,189,3,74.3,1600,8.9,110
TRN-09495,EMU,COR-005,SEC-0049,2026-09-14,1138,1143,2,91.0,900,13.2,110
TRN-09496,Superfast,COR-018,SEC-0178,2026-09-03,741,751,3,65.6,1600,5.9,100
TRN-09497,Freight,COR-006,SEC-0053,2026-09-10,591,603,1,44.3,3000,8.6,120
TRN-09498,Express,COR-012,SEC-0120,2026-09-07,831,841,3,78.6,1400,6.4,130
TRN-09499,Superfast,COR-012,SEC-0116,2026-09-07,1401,1421,3,86.5,1600,16.1,80
TRN-09500,Passenger,COR-007,SEC-0069,2026-09-13,947,959,2,80.8,1200,12.8,120
TRN-09501,Freight,COR-018,SEC-0178,2026-09-14,1092,1099,1,46.4,3000,9.3,130
TRN-09502,Express,COR-016,SEC-0153,2026-09-13,951,958,3,73.4,1400,9.4,110
TRN-09503,Freight,COR-015,SEC-0148,2026-09-05,1072,1082,1,42.1,3000,6.2,80
TRN-09504,Express,COR-014,SEC-0140,2026-09-14,153,165,3,60.2,1400,8.9,80
TRN-09505,Express,COR-016,SEC-0152,2026-09-15,210,220,3,60.3,1400,8.2,100
TRN-09506,Passenger,COR-008,SEC-0072,2026-09-12,819,831,2,73.6,1200,6.4,120
TRN-09507,Freight,COR-010,SEC-0096,2026-09-09,1358,1365,1,23.4,3000,4.4,100
TRN-09508,Superfast,COR-006,SEC-0055,2026-09-11,1260,1275,3,39.8,1600,1.0,100
TRN-09509,Freight,COR-012,SEC-0115,2026-09-05,1115,1125,1,35.0,3000,7.4,130
TRN-09510,Superfast,COR-014,SEC-0136,2026-09-11,1394,1404,3,72.3,1600,10.9,110
TRN-09511,Passenger,COR-005,SEC-0047,2026-09-10,991,1006,2,95.3,1200,15.7,110
TRN-09512,EMU,COR-012,SEC-0113,2026-09-07,1217,1237,2,82.9,900,9.6,110
TRN-09513,Passenger,COR-009,SEC-0090,2026-09-06,1160,1170,2,81.3,1200,12.7,80
TRN-09514,Freight,COR-016,SEC-0153,2026-09-03,1157,1172,1,30.7,3000,7.2,110
TRN-09515,Superfast,COR-006,SEC-0054,2026-09-06,9,19,3,82.9,1600,13.2,120
TRN-09516,Superfast,COR-009,SEC-0087,2026-09-04,731,743,3,88.4,1600,13.2,120
TRN-09517,Express,COR-012,SEC-0111,2026-09-11,658,673,3,82.7,1400,4.6,110
TRN-09518,Passenger,COR-014,SEC-0133,2026-09-11,323,335,2,80.4,1200,3.6,120
TRN-09519,Superfast,COR-017,SEC-0168,2026-09-07,1220,1227,3,69.2,1600,9.6,100
TRN-09520,Superfast,COR-010,SEC-0091,2026-09-10,985,990,3,39.9,1600,6.2,100
TRN-09521,Freight,COR-002,SEC-0016,2026-09-03,817,829,1,25.3,3000,4.8,100
TRN-09522,Passenger,COR-004,SEC-0036,2026-09-05,1380,1392,2,60.8,1200,8.3,100
TRN-09523,Express,COR-012,SEC-0118,2026-09-04,1058,1063,3,85.1,1400,12.9,100
TRN-09524,EMU,COR-006,SEC-0056,2026-09-12,119,129,2,64.6,900,11.7,80
TRN-09525,Freight,COR-003,SEC-0025,2026-09-12,1325,1345,1,34.6,3000,3.2,80
TRN-09526,Superfast,COR-006,SEC-0051,2026-09-05,535,542,3,54.4,1600,9.1,80
TRN-09527,Express,COR-006,SEC-0058,2026-09-11,722,732,3,68.6,1400,11.5,110
TRN-09528,Express,COR-009,SEC-0082,2026-09-14,980,987,3,74.6,1400,1.0,120
TRN-09529,Express,COR-005,SEC-0045,2026-09-15,1389,1409,3,55.3,1400,6.0,110
TRN-09530,Passenger,COR-003,SEC-0021,2026-09-11,713,718,2,84.6,1200,8.1,80
TRN-09531,Passenger,COR-002,SEC-0011,2026-09-08,645,650,2,38.8,1200,4.0,130
TRN-09532,Passenger,COR-010,SEC-0096,2026-09-09,1361,1373,2,82.6,1200,8.5,110
TRN-09533,EMU,COR-018,SEC-0173,2026-09-16,218,228,2,64.6,900,11.8,120
TRN-09534,Passenger,COR-016,SEC-0160,2026-09-08,281,296,2,79.7,1200,9.0,120
TRN-09535,Express,COR-005,SEC-0048,2026-09-16,916,923,3,80.1,1400,12.3,80
TRN-09536,Superfast,COR-014,SEC-0132,2026-09-06,507,512,3,82.9,1600,9.7,110
TRN-09537,Passenger,COR-008,SEC-0075,2026-09-10,283,295,2,99.0,1200,10.6,110
TRN-09538,Passenger,COR-008,SEC-0072,2026-09-07,284,291,2,65.2,1200,7.7,120
TRN-09539,Freight,COR-015,SEC-0146,2026-09-12,505,525,1,27.8,3000,1.9,80
TRN-09540,Express,COR-020,SEC-0194,2026-09-14,174,194,3,70.8,1400,5.8,120
TRN-09541,Freight,COR-007,SEC-0067,2026-09-05,1148,1158,1,23.1,3000,11.2,110
TRN-09542,EMU,COR-006,SEC-0051,2026-09-11,452,462,2,40.9,900,9.6,100
TRN-09543,Superfast,COR-007,SEC-0067,2026-09-14,289,296,3,73.5,1600,9.0,110
TRN-09544,Express,COR-011,SEC-0110,2026-09-11,752,762,3,72.3,1400,11.4,110
TRN-09545,EMU,COR-006,SEC-0059,2026-09-14,1123,1138,2,68.4,900,9.4,110
TRN-09546,Passenger,COR-008,SEC-0077,2026-09-14,603,623,2,56.0,1200,10.7,80
TRN-09547,Freight,COR-001,SEC-0002,2026-09-09,1386,1391,1,53.3,3000,10.1,120
TRN-09548,Superfast,COR-002,SEC-0016,2026-09-09,414,426,3,93.8,1600,9.8,100
TRN-09549,Superfast,COR-014,SEC-0133,2026-09-09,1164,1179,3,53.0,1600,3.5,100
TRN-09550,Passenger,COR-001,SEC-0004,2026-09-04,602,617,2,77.9,1200,11.5,80
TRN-09551,Passenger,COR-002,SEC-0020,2026-09-12,64,71,2,72.5,1200,6.1,110
TRN-09552,Superfast,COR-017,SEC-0163,2026-09-11,887,902,3,46.2,1600,6.0,100
TRN-09553,Express,COR-017,SEC-0166,2026-09-11,434,441,3,68.2,1400,7.7,120
TRN-09554,Passenger,COR-013,SEC-0130,2026-09-06,1415,1425,2,57.3,1200,8.8,80
TRN-09555,Passenger,COR-004,SEC-0037,2026-09-15,617,632,2,80.8,1200,10.6,80
TRN-09556,Freight,COR-008,SEC-0076,2026-09-10,1359,1366,1,22.0,3000,1.0,100
TRN-09557,Express,COR-020,SEC-0193,2026-09-06,741,751,3,54.3,1400,14.1,110
TRN-09558,Superfast,COR-001,SEC-0003,2026-09-14,83,103,3,36.8,1600,5.2,100
TRN-09559,EMU,COR-006,SEC-0059,2026-09-14,1118,1128,2,53.8,900,9.4,110
TRN-09560,Express,COR-014,SEC-0133,2026-09-13,1204,1211,3,73.6,1400,6.9,100
TRN-09561,EMU,COR-013,SEC-0130,2026-09-05,84,96,2,54.5,900,8.4,120
TRN-09562,Freight,COR-001,SEC-0006,2026-09-15,751,763,1,33.6,3000,8.8,130
TRN-09563,Passenger,COR-007,SEC-0068,2026-09-09,1227,1237,2,93.1,1200,9.1,80
TRN-09564,Superfast,COR-005,SEC-0043,2026-09-09,900,915,3,41.8,1600,7.3,100
TRN-09565,EMU,COR-014,SEC-0134,2026-09-03,1299,1309,2,82.7,900,10.6,130
TRN-09566,Passenger,COR-018,SEC-0175,2026-09-16,382,389,2,76.7,1200,7.0,110
TRN-09567,Passenger,COR-008,SEC-0075,2026-09-03,193,200,2,62.7,1200,9.8,120
TRN-09568,Express,COR-014,SEC-0134,2026-09-12,111,121,3,67.0,1400,7.9,100
TRN-09569,Superfast,COR-011,SEC-0101,2026-09-15,429,439,3,73.0,1600,11.2,80
TRN-09570,Passenger,COR-012,SEC-0118,2026-09-03,157,164,2,99.0,1200,13.9,80
TRN-09571,Express,COR-016,SEC-0158,2026-09-09,128,148,3,49.8,1400,8.5,100
TRN-09572,Superfast,COR-004,SEC-0035,2026-09-11,1437,1439,3,70.4,1600,6.0,130
TRN-09573,Passenger,COR-008,SEC-0078,2026-09-13,1274,1284,2,45.8,1200,6.8,110
TRN-09574,Freight,COR-013,SEC-0123,2026-09-15,1104,1116,1,35.1,3000,5.8,80
TRN-09575,Freight,COR-011,SEC-0108,2026-09-11,818,828,1,41.0,3000,5.7,120
TRN-09576,EMU,COR-010,SEC-0094,2026-09-10,155,160,2,88.8,900,13.3,110
TRN-09577,Express,COR-002,SEC-0018,2026-09-13,815,822,3,85.2,1400,9.1,120
TRN-09578,Freight,COR-004,SEC-0034,2026-09-06,1391,1398,1,10.3,3000,6.2,120
TRN-09579,EMU,COR-013,SEC-0127,2026-09-12,480,485,2,71.3,900,9.0,100
TRN-09580,Passenger,COR-015,SEC-0149,2026-09-07,1116,1136,2,85.5,1200,11.7,100
TRN-09581,Freight,COR-015,SEC-0143,2026-09-04,78,88,1,44.5,3000,2.4,120
TRN-09582,Superfast,COR-008,SEC-0077,2026-09-10,274,294,3,61.7,1600,14.7,110
TRN-09583,Passenger,COR-012,SEC-0115,2026-09-15,360,367,2,44.0,1200,7.5,130
TRN-09584,Express,COR-005,SEC-0044,2026-09-13,1295,1302,3,67.7,1400,4.4,110
TRN-09585,Superfast,COR-017,SEC-0167,2026-09-14,182,194,3,32.9,1600,6.8,130
TRN-09586,EMU,COR-007,SEC-0061,2026-09-15,88,108,2,73.0,900,11.6,130
TRN-09587,Express,COR-006,SEC-0052,2026-09-07,373,383,3,87.5,1400,10.5,110
TRN-09588,Freight,COR-017,SEC-0168,2026-09-14,116,136,1,13.4,3000,8.6,120
TRN-09589,Freight,COR-015,SEC-0145,2026-09-11,768,775,1,17.3,3000,5.6,110
TRN-09590,EMU,COR-018,SEC-0173,2026-09-07,1196,1206,2,70.6,900,8.3,110
TRN-09591,Freight,COR-003,SEC-0027,2026-09-12,251,263,1,37.8,3000,8.4,120
TRN-09592,EMU,COR-008,SEC-0076,2026-09-10,554,561,2,99.0,900,13.4,120
TRN-09593,Superfast,COR-015,SEC-0141,2026-09-07,820,827,3,59.6,1600,14.9,110
TRN-09594,EMU,COR-010,SEC-0098,2026-09-10,533,540,2,73.4,900,3.6,130
TRN-09595,Superfast,COR-012,SEC-0116,2026-09-14,986,996,3,66.6,1600,8.4,110
TRN-09596,Freight,COR-009,SEC-0082,2026-09-08,817,822,1,43.4,3000,2.6,120
TRN-09597,Express,COR-006,SEC-0054,2026-09-11,1167,1179,3,60.8,1400,8.6,110
TRN-09598,EMU,COR-016,SEC-0157,2026-09-03,896,903,2,63.7,900,6.2,120
TRN-09599,Superfast,COR-005,SEC-0043,2026-09-05,346,356,3,67.2,1600,9.5,80
TRN-09600,Express,COR-011,SEC-0104,2026-09-08,392,397,3,99.0,1400,10.8,80
TRN-09601,Passenger,COR-002,SEC-0017,2026-09-11,69,74,2,43.5,1200,9.7,120
TRN-09602,Superfast,COR-007,SEC-0064,2026-09-03,232,252,3,61.6,1600,6.2,110
TRN-09603,Freight,COR-003,SEC-0029,2026-09-10,1374,1381,1,8.5,3000,4.0,120
TRN-09604,Superfast,COR-005,SEC-0049,2026-09-07,249,259,3,71.0,1600,9.1,100
TRN-09605,Freight,COR-008,SEC-0079,2026-09-14,932,939,1,17.3,3000,9.8,80
TRN-09606,Superfast,COR-006,SEC-0056,2026-09-16,403,418,3,71.0,1600,10.2,100
TRN-09607,EMU,COR-017,SEC-0169,2026-09-03,1352,1359,2,55.6,900,6.0,120
TRN-09608,Passenger,COR-013,SEC-0130,2026-09-12,90,97,2,63.9,1200,8.0,120
TRN-09609,Passenger,COR-017,SEC-0168,2026-09-05,282,294,2,67.6,1200,9.1,80
TRN-09610,Passenger,COR-001,SEC-0001,2026-09-14,42,57,2,47.4,1200,5.4,100
TRN-09611,EMU,COR-020,SEC-0198,2026-09-15,1143,1148,2,27.3,900,5.9,80
TRN-09612,Freight,COR-011,SEC-0101,2026-09-13,1323,1335,1,15.0,3000,7.9,100
TRN-09613,Passenger,COR-003,SEC-0023,2026-09-15,715,725,2,92.1,1200,12.6,110
TRN-09614,Passenger,COR-001,SEC-0003,2026-09-16,862,874,2,80.9,1200,13.8,100
TRN-09615,EMU,COR-007,SEC-0063,2026-09-09,681,691,2,68.1,900,9.6,80
TRN-09616,Passenger,COR-020,SEC-0197,2026-09-06,481,491,2,78.0,1200,9.0,110
TRN-09617,EMU,COR-013,SEC-0126,2026-09-05,341,348,2,69.0,900,9.3,110
TRN-09618,Express,COR-003,SEC-0022,2026-09-04,935,945,3,61.7,1400,6.0,120
TRN-09619,Express,COR-004,SEC-0039,2026-09-06,789,794,3,69.0,1400,11.5,110
TRN-09620,Freight,COR-008,SEC-0072,2026-09-10,275,282,1,22.4,3000,10.1,100
TRN-09621,EMU,COR-010,SEC-0095,2026-09-06,1186,1206,2,43.7,900,2.4,80
TRN-09622,Express,COR-014,SEC-0132,2026-09-10,371,378,3,92.1,1400,11.7,100
TRN-09623,Passenger,COR-014,SEC-0131,2026-09-06,564,579,2,56.2,1200,8.5,120
TRN-09624,Superfast,COR-006,SEC-0059,2026-09-15,827,837,3,88.4,1600,11.6,110
TRN-09625,Freight,COR-010,SEC-0094,2026-09-10,968,980,1,30.2,3000,5.9,100
TRN-09626,Superfast,COR-002,SEC-0015,2026-09-07,344,351,3,61.7,1600,6.2,110
TRN-09627,Passenger,COR-018,SEC-0171,2026-09-16,805,817,2,54.5,1200,6.6,100
TRN-09628,EMU,COR-015,SEC-0144,2026-09-16,830,840,2,81.8,900,10.3,110
TRN-09629,Express,COR-018,SEC-0179,2026-09-15,750,757,3,95.4,1400,13.1,80
TRN-09630,Superfast,COR-017,SEC-0166,2026-09-13,1097,1104,3,70.8,1600,14.8,130
TRN-09631,Passenger,COR-009,SEC-0083,2026-09-14,1239,1244,2,82.1,1200,9.3,120
TRN-09632,Freight,COR-017,SEC-0163,2026-09-07,240,247,1,37.6,3000,7.8,110
TRN-09633,EMU,COR-013,SEC-0127,2026-09-12,330,342,2,70.8,900,7.1,110
TRN-09634,Passenger,COR-009,SEC-0081,2026-09-13,1428,1438,2,51.6,1200,8.1,110
TRN-09635,Passenger,COR-001,SEC-0007,2026-09-07,602,609,2,46.6,1200,4.0,80
TRN-09636,Superfast,COR-007,SEC-0068,2026-09-12,981,996,3,62.1,1600,4.4,100
TRN-09637,Express,COR-002,SEC-0012,2026-09-16,977,992,3,53.5,1400,5.1,110
TRN-09638,Express,COR-006,SEC-0053,2026-09-07,1282,1292,3,72.0,1400,9.9,100
TRN-09639,Superfast,COR-006,SEC-0059,2026-09-14,1193,1203,3,63.7,1600,10.4,80
TRN-09640,Freight,COR-015,SEC-0149,2026-09-10,925,945,1,31.9,3000,5.6,100
TRN-09641,Superfast,COR-014,SEC-0135,2026-09-06,476,488,3,76.8,1600,10.0,100
TRN-09642,Express,COR-002,SEC-0016,2026-09-10,720,732,3,66.9,1400,8.3,110
TRN-09643,EMU,COR-011,SEC-0103,2026-09-15,222,232,2,75.7,900,13.1,100
TRN-09644,EMU,COR-003,SEC-0024,2026-09-16,920,927,2,99.0,900,9.8,100
TRN-09645,Superfast,COR-019,SEC-0185,2026-09-10,1298,1310,3,80.3,1600,8.8,110
TRN-09646,EMU,COR-020,SEC-0198,2026-09-13,510,520,2,80.0,900,16.2,110
TRN-09647,Passenger,COR-010,SEC-0092,2026-09-11,702,707,2,60.2,1200,7.5,110
TRN-09648,Express,COR-011,SEC-0104,2026-09-11,172,179,3,71.5,1400,10.1,130
TRN-09649,EMU,COR-011,SEC-0103,2026-09-03,377,389,2,81.1,900,12.2,80
TRN-09650,EMU,COR-005,SEC-0049,2026-09-16,104,119,2,77.9,900,12.4,80
TRN-09651,Passenger,COR-003,SEC-0023,2026-09-07,1189,1199,2,83.4,1200,14.7,100
TRN-09652,Superfast,COR-011,SEC-0108,2026-09-05,316,323,3,64.8,1600,9.2,110
TRN-09653,Express,COR-019,SEC-0186,2026-09-12,203,215,3,78.9,1400,10.9,80
TRN-09654,Superfast,COR-012,SEC-0120,2026-09-07,372,384,3,66.8,1600,17.1,110
TRN-09655,Passenger,COR-012,SEC-0114,2026-09-16,826,838,2,55.4,1200,2.6,110
TRN-09656,Freight,COR-005,SEC-0041,2026-09-04,1286,1296,1,17.1,3000,5.2,120
TRN-09657,Passenger,COR-019,SEC-0187,2026-09-07,609,619,2,69.1,1200,5.4,100
TRN-09658,Freight,COR-010,SEC-0096,2026-09-12,1292,1297,1,18.3,3000,11.7,110
TRN-09659,Express,COR-013,SEC-0122,2026-09-13,886,891,3,81.4,1400,11.1,110
TRN-09660,Passenger,COR-017,SEC-0163,2026-09-11,701,716,2,59.0,1200,7.3,130
TRN-09661,Freight,COR-008,SEC-0074,2026-09-03,583,598,1,47.3,3000,9.2,110
TRN-09662,Express,COR-018,SEC-0178,2026-09-05,454,469,3,56.5,1400,11.3,100
TRN-09663,EMU,COR-011,SEC-0108,2026-09-06,476,483,2,57.2,900,2.1,110
TRN-09664,Express,COR-004,SEC-0037,2026-09-09,1387,1394,3,52.7,1400,9.9,120
TRN-09665,Freight,COR-003,SEC-0026,2026-09-10,1,13,1,54.3,3000,11.0,110
TRN-09666,Express,COR-009,SEC-0082,2026-09-07,931,943,3,62.5,1400,9.3,110
TRN-09667,Passenger,COR-018,SEC-0175,2026-09-03,252,259,2,96.9,1200,10.0,110
TRN-09668,Freight,COR-019,SEC-0186,2026-09-04,377,384,1,29.7,3000,8.1,80
TRN-09669,Superfast,COR-001,SEC-0004,2026-09-12,378,383,3,92.1,1600,12.3,120
TRN-09670,Passenger,COR-014,SEC-0135,2026-09-10,1191,1196,2,54.9,1200,10.2,100
TRN-09671,Express,COR-005,SEC-0044,2026-09-14,339,349,3,96.1,1400,10.2,100
TRN-09672,Superfast,COR-017,SEC-0169,2026-09-14,1439,1440,3,73.5,1600,14.1,120
TRN-09673,EMU,COR-006,SEC-0051,2026-09-06,606,626,2,89.1,900,15.8,80
TRN-09674,Freight,COR-016,SEC-0158,2026-09-03,897,917,1,16.0,3000,6.0,120
TRN-09675,Superfast,COR-014,SEC-0135,2026-09-11,1256,1263,3,94.7,1600,7.9,120
TRN-09676,Freight,COR-012,SEC-0119,2026-09-11,1415,1430,1,40.3,3000,9.7,100
TRN-09677,EMU,COR-017,SEC-0168,2026-09-07,883,890,2,69.6,900,13.6,120
TRN-09678,EMU,COR-001,SEC-0007,2026-09-05,145,157,2,25.0,900,6.0,120
TRN-09679,Superfast,COR-015,SEC-0147,2026-09-06,947,957,3,79.8,1600,7.8,130
TRN-09680,Freight,COR-002,SEC-0017,2026-09-04,578,588,1,33.6,3000,3.8,100
TRN-09681,Superfast,COR-012,SEC-0115,2026-09-11,759,766,3,74.3,1600,12.6,110
TRN-09682,Express,COR-015,SEC-0146,2026-09-03,543,553,3,78.1,1400,10.1,120
TRN-09683,Express,COR-020,SEC-0197,2026-09-11,832,837,3,87.7,1400,13.1,130
TRN-09684,Freight,COR-019,SEC-0187,2026-09-05,1065,1072,1,23.1,3000,7.2,120
TRN-09685,EMU,COR-004,SEC-0036,2026-09-06,1306,1316,2,71.1,900,12.1,110
TRN-09686,Express,COR-010,SEC-0092,2026-09-11,527,547,3,81.7,1400,8.4,80
TRN-09687,Superfast,COR-016,SEC-0154,2026-09-15,947,957,3,99.0,1600,12.9,80
TRN-09688,EMU,COR-014,SEC-0132,2026-09-06,352,359,2,60.3,900,8.0,100
TRN-09689,Superfast,COR-011,SEC-0108,2026-09-06,1435,1439,3,70.0,1600,9.8,100
TRN-09690,Passenger,COR-005,SEC-0049,2026-09-16,95,110,2,51.1,1200,9.3,100
TRN-09691,Freight,COR-020,SEC-0200,2026-09-09,147,162,1,26.0,3000,9.1,130
TRN-09692,Express,COR-015,SEC-0145,2026-09-10,1075,1082,3,85.0,1400,8.9,110
TRN-09693,Superfast,COR-005,SEC-0047,2026-09-07,353,358,3,74.4,1600,12.3,100
TRN-09694,Freight,COR-018,SEC-0177,2026-09-14,594,604,1,53.0,3000,8.2,100
TRN-09695,Freight,COR-005,SEC-0041,2026-09-05,723,730,1,45.1,3000,5.2,100
TRN-09696,Superfast,COR-012,SEC-0116,2026-09-06,410,415,3,69.0,1600,12.6,110
TRN-09697,Passenger,COR-018,SEC-0173,2026-09-15,471,476,2,92.4,1200,10.1,100
TRN-09698,Superfast,COR-012,SEC-0111,2026-09-07,1288,1298,3,99.0,1600,6.0,100
TRN-09699,Freight,COR-020,SEC-0193,2026-09-04,358,363,1,26.8,3000,5.9,120
TRN-09700,Superfast,COR-018,SEC-0174,2026-09-11,52,62,3,80.7,1600,7.7,110
TRN-09701,Express,COR-014,SEC-0137,2026-09-05,1218,1230,3,66.8,1400,3.0,80
TRN-09702,Express,COR-007,SEC-0063,2026-09-14,471,481,3,62.1,1400,11.0,110
TRN-09703,Superfast,COR-013,SEC-0121,2026-09-07,45,57,3,57.6,1600,13.5,100
TRN-09704,EMU,COR-007,SEC-0062,2026-09-08,190,202,2,49.4,900,13.7,80
TRN-09705,Freight,COR-010,SEC-0091,2026-09-14,459,471,1,44.5,3000,4.8,120
TRN-09706,Superfast,COR-011,SEC-0101,2026-09-16,1252,1262,3,70.3,1600,11.3,120
TRN-09707,Passenger,COR-020,SEC-0196,2026-09-12,236,243,2,84.1,1200,13.7,110
TRN-09708,Passenger,COR-018,SEC-0177,2026-09-05,1244,1254,2,85.6,1200,7.6,80
TRN-09709,EMU,COR-015,SEC-0141,2026-09-13,723,733,2,88.1,900,11.7,110
TRN-09710,Express,COR-008,SEC-0071,2026-09-13,806,813,3,56.1,1400,11.5,110
TRN-09711,Superfast,COR-007,SEC-0064,2026-09-14,1349,1361,3,99.0,1600,13.8,100
TRN-09712,EMU,COR-014,SEC-0132,2026-09-15,70,82,2,42.7,900,1.9,110
TRN-09713,Passenger,COR-015,SEC-0150,2026-09-13,1068,1073,2,83.8,1200,11.8,110
TRN-09714,EMU,COR-010,SEC-0099,2026-09-08,848,853,2,63.8,900,12.0,120
TRN-09715,Passenger,COR-004,SEC-0039,2026-09-05,1164,1171,2,99.0,1200,9.9,110
TRN-09716,EMU,COR-005,SEC-0048,2026-09-16,974,979,2,89.2,900,14.5,120
TRN-09717,Passenger,COR-013,SEC-0122,2026-09-03,801,816,2,55.5,1200,7.7,100
TRN-09718,Superfast,COR-007,SEC-0068,2026-09-06,1410,1425,3,99.0,1600,6.5,120
TRN-09719,Passenger,COR-006,SEC-0054,2026-09-06,479,484,2,54.6,1200,9.1,110
TRN-09720,Freight,COR-020,SEC-0197,2026-09-09,826,836,1,20.3,3000,5.5,100
TRN-09721,Express,COR-014,SEC-0136,2026-09-06,1039,1046,3,43.5,1400,8.8,100
TRN-09722,Freight,COR-020,SEC-0195,2026-09-10,201,213,1,29.9,3000,2.6,110
TRN-09723,Superfast,COR-014,SEC-0134,2026-09-05,678,685,3,35.2,1600,5.6,100
TRN-09724,Freight,COR-002,SEC-0017,2026-09-08,381,388,1,8.6,3000,1.6,130
TRN-09725,EMU,COR-016,SEC-0155,2026-09-12,73,88,2,71.9,900,12.2,100
TRN-09726,Freight,COR-008,SEC-0072,2026-09-09,184,194,1,38.4,3000,9.2,110
TRN-09727,Superfast,COR-004,SEC-0033,2026-09-06,346,366,3,26.5,1600,8.0,110
TRN-09728,EMU,COR-019,SEC-0190,2026-09-04,1073,1080,2,83.9,900,14.0,80
TRN-09729,Freight,COR-004,SEC-0031,2026-09-12,182,192,1,16.8,3000,2.7,100
TRN-09730,Express,COR-013,SEC-0127,2026-09-08,343,350,3,70.4,1400,13.9,100
TRN-09731,EMU,COR-016,SEC-0158,2026-09-05,611,621,2,73.9,900,15.7,100
TRN-09732,Express,COR-005,SEC-0042,2026-09-06,1261,1281,3,44.9,1400,4.4,100
TRN-09733,Superfast,COR-019,SEC-0188,2026-09-16,1393,1408,3,44.6,1600,7.5,110
TRN-09734,EMU,COR-011,SEC-0107,2026-09-11,1080,1092,2,55.7,900,8.5,120
TRN-09735,Freight,COR-016,SEC-0159,2026-09-11,234,244,1,39.9,3000,5.9,100
TRN-09736,Express,COR-005,SEC-0046,2026-09-10,1304,1314,3,67.9,1400,11.1,120
TRN-09737,Passenger,COR-006,SEC-0052,2026-09-15,368,383,2,47.5,1200,10.0,130
TRN-09738,Superfast,COR-007,SEC-0064,2026-09-08,1025,1032,3,85.2,1600,10.1,130
TRN-09739,Express,COR-020,SEC-0193,2026-09-13,1026,1046,3,61.4,1400,13.1,80
TRN-09740,EMU,COR-009,SEC-0086,2026-09-05,585,595,2,83.9,900,7.7,110
TRN-09741,Passenger,COR-015,SEC-0146,2026-09-11,196,203,2,55.4,1200,10.1,120
TRN-09742,Freight,COR-003,SEC-0028,2026-09-07,954,974,1,21.7,3000,6.0,120
TRN-09743,EMU,COR-002,SEC-0015,2026-09-05,205,225,2,52.5,900,7.4,100
TRN-09744,EMU,COR-005,SEC-0047,2026-09-04,1268,1278,2,99.0,900,10.5,110
TRN-09745,Passenger,COR-008,SEC-0078,2026-09-03,967,979,2,50.4,1200,3.3,100
TRN-09746,Passenger,COR-010,SEC-0099,2026-09-12,994,999,2,44.3,1200,10.6,110
TRN-09747,Express,COR-011,SEC-0104,2026-09-07,478,483,3,81.7,1400,7.9,80
TRN-09748,Passenger,COR-015,SEC-0142,2026-09-05,933,945,2,49.8,1200,5.5,100
TRN-09749,Freight,COR-018,SEC-0177,2026-09-12,673,680,1,38.1,3000,7.9,100
TRN-09750,Freight,COR-006,SEC-0058,2026-09-10,791,811,1,30.8,3000,4.0,100
TRN-09751,Superfast,COR-005,SEC-0042,2026-09-05,841,846,3,76.5,1600,10.2,120
TRN-09752,Superfast,COR-005,SEC-0043,2026-09-09,1399,1404,3,68.7,1600,9.3,130
TRN-09753,Freight,COR-015,SEC-0150,2026-09-15,74,79,1,35.5,3000,4.5,110
TRN-09754,Superfast,COR-005,SEC-0050,2026-09-10,1283,1293,3,99.0,1600,11.3,100
TRN-09755,Express,COR-004,SEC-0039,2026-09-04,923,943,3,83.3,1400,7.5,110
TRN-09756,Express,COR-005,SEC-0044,2026-09-10,1097,1102,3,63.6,1400,9.5,100
TRN-09757,Freight,COR-018,SEC-0176,2026-09-10,91,96,1,49.2,3000,5.4,110
TRN-09758,EMU,COR-018,SEC-0179,2026-09-15,1124,1136,2,71.9,900,10.0,100
TRN-09759,Passenger,COR-012,SEC-0111,2026-09-07,474,486,2,84.6,1200,8.9,130
TRN-09760,EMU,COR-020,SEC-0200,2026-09-03,1069,1079,2,72.7,900,16.2,80
TRN-09761,Superfast,COR-017,SEC-0162,2026-09-03,805,815,3,79.7,1600,9.1,110
TRN-09762,EMU,COR-001,SEC-0010,2026-09-09,533,543,2,80.2,900,11.4,110
TRN-09763,Passenger,COR-017,SEC-0169,2026-09-04,348,353,2,65.4,1200,12.4,120
TRN-09764,EMU,COR-013,SEC-0126,2026-09-11,353,363,2,72.3,900,10.8,100
TRN-09765,EMU,COR-019,SEC-0187,2026-09-05,55,75,2,89.5,900,13.9,100
TRN-09766,Passenger,COR-017,SEC-0165,2026-09-15,1026,1038,2,64.3,1200,9.0,100
TRN-09767,EMU,COR-007,SEC-0066,2026-09-07,1312,1327,2,83.0,900,15.4,100
TRN-09768,EMU,COR-003,SEC-0025,2026-09-16,986,991,2,55.0,900,3.8,100
TRN-09769,Express,COR-014,SEC-0132,2026-09-12,25,30,3,73.2,1400,11.5,110
TRN-09770,Passenger,COR-016,SEC-0158,2026-09-07,1048,1058,2,94.0,1200,7.1,120
TRN-09771,EMU,COR-012,SEC-0116,2026-09-15,1072,1079,2,62.8,900,12.1,120
TRN-09772,Passenger,COR-010,SEC-0092,2026-09-10,1006,1011,2,99.0,1200,9.5,110
TRN-09773,Freight,COR-011,SEC-0108,2026-09-09,392,412,1,38.3,3000,9.0,80
TRN-09774,Passenger,COR-015,SEC-0147,2026-09-03,1042,1054,2,34.4,1200,11.7,110
TRN-09775,Passenger,COR-003,SEC-0021,2026-09-16,1358,1373,2,71.3,1200,10.4,80
TRN-09776,Express,COR-010,SEC-0095,2026-09-03,556,566,3,78.4,1400,11.9,110
TRN-09777,Superfast,COR-009,SEC-0085,2026-09-08,553,560,3,70.6,1600,10.8,120
TRN-09778,Freight,COR-020,SEC-0200,2026-09-10,1193,1213,1,75.4,3000,17.3,110
TRN-09779,Express,COR-013,SEC-0129,2026-09-05,1387,1399,3,66.4,1400,13.0,110
TRN-09780,Express,COR-004,SEC-0035,2026-09-08,346,356,3,82.7,1400,10.0,100
TRN-09781,Express,COR-001,SEC-0002,2026-09-04,179,194,3,76.3,1400,5.0,130
TRN-09782,EMU,COR-006,SEC-0051,2026-09-05,438,448,2,62.3,900,6.1,120
TRN-09783,Passenger,COR-014,SEC-0138,2026-09-13,1367,1377,2,95.9,1200,11.1,100
TRN-09784,Express,COR-007,SEC-0062,2026-09-05,572,582,3,74.5,1400,12.4,110
TRN-09785,EMU,COR-012,SEC-0117,2026-09-12,287,299,2,99.0,900,15.0,80
TRN-09786,Express,COR-014,SEC-0138,2026-09-15,656,663,3,72.7,1400,12.0,110
TRN-09787,Freight,COR-014,SEC-0135,2026-09-03,1005,1015,1,15.6,3000,1.0,120
TRN-09788,EMU,COR-010,SEC-0093,2026-09-13,758,770,2,58.1,900,12.8,100
TRN-09789,Superfast,COR-012,SEC-0113,2026-09-03,1118,1125,3,93.3,1600,10.0,80
TRN-09790,Freight,COR-013,SEC-0127,2026-09-07,178,198,1,16.0,3000,4.7,100
TRN-09791,Superfast,COR-019,SEC-0188,2026-09-13,1019,1024,3,55.3,1600,14.4,100
TRN-09792,Passenger,COR-015,SEC-0146,2026-09-10,996,1011,2,59.3,1200,16.7,80
TRN-09793,Freight,COR-008,SEC-0079,2026-09-06,684,696,1,18.6,3000,4.7,120
TRN-09794,EMU,COR-017,SEC-0165,2026-09-07,511,521,2,78.1,900,7.5,130
TRN-09795,Superfast,COR-007,SEC-0068,2026-09-06,957,972,3,76.7,1600,10.0,120
TRN-09796,Express,COR-005,SEC-0041,2026-09-15,805,812,3,58.9,1400,6.0,110
TRN-09797,EMU,COR-015,SEC-0150,2026-09-10,783,795,2,99.0,900,7.9,130
TRN-09798,Passenger,COR-019,SEC-0183,2026-09-05,923,928,2,53.3,1200,7.6,80
TRN-09799,Passenger,COR-008,SEC-0078,2026-09-04,1414,1434,2,52.5,1200,10.3,130
TRN-09800,EMU,COR-006,SEC-0056,2026-09-14,615,635,2,69.3,900,16.5,80
TRN-09801,Passenger,COR-011,SEC-0102,2026-09-14,961,976,2,98.0,1200,12.6,110
TRN-09802,Passenger,COR-016,SEC-0151,2026-09-12,112,122,2,97.6,1200,18.4,110
TRN-09803,Superfast,COR-001,SEC-0008,2026-09-07,1437,1439,3,77.9,1600,8.2,100
TRN-09804,Passenger,COR-008,SEC-0071,2026-09-12,594,606,2,58.0,1200,1.4,120
TRN-09805,Passenger,COR-017,SEC-0164,2026-09-11,1107,1117,2,88.1,1200,17.2,100
TRN-09806,Superfast,COR-001,SEC-0001,2026-09-15,542,547,3,73.2,1600,10.9,110
TRN-09807,Superfast,COR-006,SEC-0051,2026-09-16,243,253,3,82.8,1600,10.5,80
TRN-09808,Express,COR-002,SEC-0016,2026-09-04,1282,1302,3,69.1,1400,15.8,100
TRN-09809,Superfast,COR-010,SEC-0091,2026-09-08,535,545,3,77.3,1600,10.6,120
TRN-09810,Express,COR-015,SEC-0146,2026-09-13,203,210,3,62.8,1400,7.1,80
TRN-09811,Passenger,COR-018,SEC-0175,2026-09-07,992,1012,2,70.4,1200,15.1,80
TRN-09812,Passenger,COR-020,SEC-0200,2026-09-08,735,740,2,62.8,1200,6.6,110
TRN-09813,EMU,COR-007,SEC-0064,2026-09-14,100,107,2,59.1,900,7.4,120
TRN-09814,Passenger,COR-014,SEC-0139,2026-09-08,508,520,2,64.5,1200,7.6,100
TRN-09815,Passenger,COR-008,SEC-0080,2026-09-03,1388,1398,2,91.7,1200,10.3,130
TRN-09816,Freight,COR-015,SEC-0141,2026-09-06,589,599,1,32.1,3000,7.2,110
TRN-09817,Superfast,COR-012,SEC-0116,2026-09-14,394,404,3,62.0,1600,11.4,80
TRN-09818,Superfast,COR-009,SEC-0090,2026-09-11,205,217,3,72.6,1600,8.5,80
TRN-09819,Passenger,COR-002,SEC-0011,2026-09-13,879,884,2,53.0,1200,13.0,110
TRN-09820,Express,COR-006,SEC-0060,2026-09-12,998,1008,3,67.2,1400,9.6,110
TRN-09821,Passenger,COR-019,SEC-0186,2026-09-16,1410,1420,2,86.5,1200,11.3,120
TRN-09822,EMU,COR-015,SEC-0144,2026-09-14,1030,1045,2,62.1,900,7.7,100
TRN-09823,Freight,COR-009,SEC-0088,2026-09-06,718,728,1,43.9,3000,10.1,130
TRN-09824,Freight,COR-015,SEC-0145,2026-09-05,1389,1409,1,53.2,3000,10.5,110
TRN-09825,Express,COR-005,SEC-0041,2026-09-08,1120,1132,3,64.8,1400,12.5,100
TRN-09826,Express,COR-017,SEC-0165,2026-09-09,613,625,3,99.0,1400,15.6,110
TRN-09827,Freight,COR-002,SEC-0017,2026-09-14,153,165,1,54.5,3000,8.4,120
TRN-09828,Passenger,COR-015,SEC-0147,2026-09-11,225,230,2,84.5,1200,15.9,120
TRN-09829,Express,COR-009,SEC-0083,2026-09-09,5,17,3,72.3,1400,9.8,100
TRN-09830,Express,COR-019,SEC-0183,2026-09-14,185,195,3,65.9,1400,2.6,120
TRN-09831,Superfast,COR-012,SEC-0118,2026-09-09,1218,1238,3,70.9,1600,6.9,100
TRN-09832,Freight,COR-005,SEC-0041,2026-09-07,146,156,1,13.9,3000,5.6,110
TRN-09833,Passenger,COR-005,SEC-0049,2026-09-11,750,765,2,68.9,1200,6.7,80
TRN-09834,Express,COR-013,SEC-0125,2026-09-03,173,178,3,47.3,1400,10.0,110
TRN-09835,Passenger,COR-020,SEC-0197,2026-09-03,385,397,2,58.8,1200,10.7,110
TRN-09836,Superfast,COR-006,SEC-0057,2026-09-09,1218,1225,3,70.6,1600,9.6,130
TRN-09837,EMU,COR-001,SEC-0007,2026-09-09,1011,1018,2,79.2,900,10.5,80
TRN-09838,Freight,COR-016,SEC-0152,2026-09-09,192,197,1,38.9,3000,5.3,110
TRN-09839,Express,COR-001,SEC-0008,2026-09-14,461,466,3,86.0,1400,9.2,80
TRN-09840,Express,COR-011,SEC-0108,2026-09-14,923,930,3,54.0,1400,4.9,130
TRN-09841,Express,COR-004,SEC-0031,2026-09-04,463,473,3,99.0,1400,14.5,130
TRN-09842,Passenger,COR-016,SEC-0157,2026-09-06,1349,1359,2,74.1,1200,13.1,120
TRN-09843,Superfast,COR-020,SEC-0200,2026-09-09,114,121,3,68.1,1600,12.8,80
TRN-09844,EMU,COR-004,SEC-0034,2026-09-04,692,707,2,80.6,900,11.0,130
TRN-09845,Passenger,COR-011,SEC-0109,2026-09-07,1104,1109,2,62.5,1200,7.8,100
TRN-09846,Superfast,COR-005,SEC-0044,2026-09-04,798,808,3,57.4,1600,11.2,100
TRN-09847,Superfast,COR-017,SEC-0170,2026-09-08,1397,1412,3,68.1,1600,9.1,110
TRN-09848,Superfast,COR-011,SEC-0101,2026-09-09,564,571,3,89.7,1600,7.6,100
TRN-09849,Passenger,COR-007,SEC-0066,2026-09-08,714,729,2,71.4,1200,10.3,130
TRN-09850,Passenger,COR-018,SEC-0176,2026-09-10,1201,1213,2,53.9,1200,7.3,110
TRN-09851,Superfast,COR-008,SEC-0074,2026-09-10,442,447,3,89.2,1600,7.0,80
TRN-09852,EMU,COR-012,SEC-0118,2026-09-06,1413,1428,2,85.2,900,8.2,100
TRN-09853,Superfast,COR-001,SEC-0009,2026-09-13,1138,1148,3,66.5,1600,13.6,110
TRN-09854,Passenger,COR-014,SEC-0139,2026-09-11,717,727,2,78.0,1200,9.8,110
TRN-09855,Superfast,COR-018,SEC-0178,2026-09-11,560,572,3,83.9,1600,9.7,120
TRN-09856,Freight,COR-018,SEC-0173,2026-09-07,1024,1034,1,49.9,3000,7.0,100
TRN-09857,Passenger,COR-012,SEC-0115,2026-09-03,1085,1090,2,72.8,1200,7.2,100
TRN-09858,Express,COR-019,SEC-0183,2026-09-09,155,165,3,63.7,1400,9.2,80
TRN-09859,EMU,COR-013,SEC-0124,2026-09-04,827,839,2,97.2,900,10.2,110
TRN-09860,Freight,COR-001,SEC-0006,2026-09-03,90,102,1,5.0,3000,6.0,110
TRN-09861,Passenger,COR-014,SEC-0133,2026-09-08,591,603,2,72.1,1200,9.6,120
TRN-09862,Freight,COR-013,SEC-0130,2026-09-06,1142,1147,1,11.5,3000,4.9,100
TRN-09863,Express,COR-003,SEC-0025,2026-09-05,51,58,3,50.0,1400,4.4,100
TRN-09864,Freight,COR-018,SEC-0175,2026-09-04,231,241,1,28.9,3000,5.7,120
TRN-09865,Freight,COR-006,SEC-0055,2026-09-06,714,724,1,48.6,3000,5.1,110
TRN-09866,EMU,COR-006,SEC-0056,2026-09-10,795,807,2,91.1,900,16.3,110
TRN-09867,Freight,COR-010,SEC-0095,2026-09-10,215,230,1,35.4,3000,2.6,110
TRN-09868,Superfast,COR-014,SEC-0139,2026-09-14,809,819,3,78.3,1600,8.2,100
TRN-09869,EMU,COR-017,SEC-0168,2026-09-14,1212,1224,2,79.6,900,8.4,110
TRN-09870,Express,COR-012,SEC-0114,2026-09-09,576,581,3,74.9,1400,6.7,120
TRN-09871,EMU,COR-009,SEC-0084,2026-09-12,757,767,2,77.1,900,10.0,110
TRN-09872,Express,COR-002,SEC-0016,2026-09-09,1434,1439,3,88.7,1400,8.5,120
TRN-09873,Passenger,COR-006,SEC-0054,2026-09-11,736,746,2,51.4,1200,5.8,120
TRN-09874,Superfast,COR-007,SEC-0064,2026-09-11,201,221,3,84.5,1600,12.7,110
TRN-09875,Express,COR-013,SEC-0128,2026-09-12,417,427,3,85.9,1400,15.1,110
TRN-09876,Express,COR-009,SEC-0084,2026-09-08,19,39,3,96.0,1400,13.3,110
TRN-09877,Passenger,COR-012,SEC-0115,2026-09-12,153,163,2,79.7,1200,8.7,80
TRN-09878,Superfast,COR-013,SEC-0124,2026-09-03,385,395,3,63.5,1600,9.0,80
TRN-09879,Superfast,COR-011,SEC-0101,2026-09-09,213,233,3,61.3,1600,5.5,100
TRN-09880,EMU,COR-017,SEC-0165,2026-09-04,1365,1370,2,91.3,900,14.3,110
TRN-09881,Superfast,COR-020,SEC-0194,2026-09-08,348,363,3,74.9,1600,14.1,120
TRN-09882,Superfast,COR-016,SEC-0156,2026-09-15,295,300,3,97.1,1600,11.2,100
TRN-09883,Passenger,COR-020,SEC-0197,2026-09-09,1010,1015,2,39.2,1200,9.5,80
TRN-09884,EMU,COR-006,SEC-0052,2026-09-10,1012,1022,2,70.4,900,9.0,130
TRN-09885,EMU,COR-002,SEC-0020,2026-09-08,995,1005,2,75.0,900,7.6,120
TRN-09886,Express,COR-008,SEC-0078,2026-09-06,355,370,3,87.1,1400,10.4,100
TRN-09887,Superfast,COR-009,SEC-0090,2026-09-14,1141,1153,3,86.1,1600,14.4,100
TRN-09888,EMU,COR-020,SEC-0197,2026-09-07,89,94,2,69.4,900,8.8,100
TRN-09889,Express,COR-002,SEC-0016,2026-09-11,693,700,3,87.9,1400,8.7,110
TRN-09890,Passenger,COR-004,SEC-0038,2026-09-09,992,1012,2,60.7,1200,7.3,100
TRN-09891,Freight,COR-011,SEC-0102,2026-09-12,854,866,1,37.8,3000,3.4,130
TRN-09892,Passenger,COR-007,SEC-0070,2026-09-03,487,492,2,88.2,1200,3.8,120
TRN-09893,Superfast,COR-005,SEC-0041,2026-09-14,364,379,3,65.9,1600,6.0,130
TRN-09894,Superfast,COR-003,SEC-0026,2026-09-03,1146,1156,3,64.4,1600,6.0,100
TRN-09895,Superfast,COR-008,SEC-0073,2026-09-13,718,725,3,79.4,1600,12.2,100
TRN-09896,Freight,COR-014,SEC-0132,2026-09-15,1321,1341,1,39.0,3000,12.5,80
TRN-09897,Freight,COR-018,SEC-0175,2026-09-16,399,411,1,43.7,3000,9.8,120
TRN-09898,EMU,COR-007,SEC-0062,2026-09-11,1154,1169,2,82.8,900,11.3,80
TRN-09899,Superfast,COR-002,SEC-0016,2026-09-06,1383,1393,3,47.9,1600,9.3,120
TRN-09900,Passenger,COR-005,SEC-0044,2026-09-13,892,912,2,89.5,1200,9.2,110
TRN-09901,Freight,COR-019,SEC-0189,2026-09-06,416,431,1,5.0,3000,4.9,120
TRN-09902,Freight,COR-009,SEC-0085,2026-09-11,17,32,1,45.5,3000,5.1,100
TRN-09903,Superfast,COR-015,SEC-0149,2026-09-06,1303,1310,3,69.9,1600,10.0,110
TRN-09904,Superfast,COR-012,SEC-0120,2026-09-14,826,838,3,79.6,1600,13.7,110
TRN-09905,Freight,COR-006,SEC-0051,2026-09-08,1384,1391,1,37.7,3000,3.3,110
TRN-09906,Superfast,COR-008,SEC-0076,2026-09-03,68,78,3,67.1,1600,12.1,110
TRN-09907,Superfast,COR-003,SEC-0023,2026-09-06,568,573,3,48.6,1600,11.6,80
TRN-09908,EMU,COR-016,SEC-0159,2026-09-10,496,506,2,99.0,900,15.6,130
TRN-09909,Passenger,COR-010,SEC-0099,2026-09-10,434,444,2,83.3,1200,10.3,110
TRN-09910,Passenger,COR-019,SEC-0182,2026-09-10,611,616,2,89.9,1200,9.9,110
TRN-09911,EMU,COR-006,SEC-0055,2026-09-04,1041,1046,2,82.7,900,8.6,120
TRN-09912,Superfast,COR-015,SEC-0143,2026-09-03,434,449,3,72.7,1600,7.2,100
TRN-09913,EMU,COR-019,SEC-0190,2026-09-14,456,463,2,71.9,900,6.7,120
TRN-09914,Freight,COR-015,SEC-0145,2026-09-16,463,473,1,13.7,3000,3.7,120
TRN-09915,EMU,COR-002,SEC-0011,2026-09-13,1118,1123,2,64.9,900,9.5,130
TRN-09916,Superfast,COR-014,SEC-0135,2026-09-07,1368,1388,3,77.6,1600,10.1,100
TRN-09917,Freight,COR-006,SEC-0051,2026-09-08,71,81,1,42.6,3000,8.3,110
TRN-09918,EMU,COR-001,SEC-0002,2026-09-16,411,421,2,88.5,900,12.0,110
TRN-09919,Passenger,COR-020,SEC-0192,2026-09-07,1424,1439,2,77.4,1200,9.0,110
TRN-09920,Passenger,COR-016,SEC-0157,2026-09-10,709,724,2,58.1,1200,1.2,80
TRN-09921,Passenger,COR-007,SEC-0066,2026-09-16,1117,1132,2,80.3,1200,14.3,110
TRN-09922,Freight,COR-004,SEC-0033,2026-09-13,270,285,1,39.4,3000,6.5,130
TRN-09923,EMU,COR-013,SEC-0125,2026-09-07,1076,1088,2,78.1,900,10.4,120
TRN-09924,Superfast,COR-017,SEC-0170,2026-09-14,622,632,3,83.5,1600,12.7,100
TRN-09925,EMU,COR-001,SEC-0006,2026-09-10,501,508,2,85.8,900,8.1,80
TRN-09926,Freight,COR-005,SEC-0042,2026-09-05,855,862,1,46.3,3000,12.8,110
TRN-09927,Express,COR-010,SEC-0093,2026-09-14,842,852,3,84.8,1400,14.1,110
TRN-09928,Superfast,COR-017,SEC-0170,2026-09-15,244,259,3,49.8,1600,5.9,100
TRN-09929,Passenger,COR-017,SEC-0167,2026-09-03,483,488,2,64.4,1200,5.7,80
TRN-09930,Passenger,COR-008,SEC-0079,2026-09-06,748,753,2,68.8,1200,11.0,80
TRN-09931,Passenger,COR-013,SEC-0121,2026-09-11,496,506,2,87.7,1200,10.8,120
TRN-09932,Express,COR-020,SEC-0200,2026-09-13,836,848,3,48.4,1400,6.2,110
TRN-09933,Passenger,COR-004,SEC-0035,2026-09-15,935,945,2,81.0,1200,9.0,120
TRN-09934,Passenger,COR-010,SEC-0093,2026-09-13,155,165,2,71.8,1200,8.4,110
TRN-09935,Express,COR-002,SEC-0019,2026-09-11,835,855,3,75.5,1400,3.6,80
TRN-09936,Express,COR-009,SEC-0086,2026-09-13,113,120,3,70.4,1400,7.0,110
TRN-09937,Passenger,COR-003,SEC-0030,2026-09-08,846,861,2,58.8,1200,9.3,110
TRN-09938,Freight,COR-002,SEC-0013,2026-09-10,1242,1254,1,25.3,3000,10.7,100
TRN-09939,EMU,COR-012,SEC-0120,2026-09-03,1075,1090,2,42.9,900,6.3,100
TRN-09940,Freight,COR-013,SEC-0129,2026-09-08,1026,1038,1,64.7,3000,13.5,80
TRN-09941,Passenger,COR-007,SEC-0065,2026-09-06,59,64,2,75.9,1200,11.2,100
TRN-09942,Superfast,COR-007,SEC-0064,2026-09-03,1028,1040,3,51.4,1600,2.5,120
TRN-09943,Freight,COR-011,SEC-0105,2026-09-07,852,862,1,33.3,3000,4.4,100
TRN-09944,EMU,COR-017,SEC-0169,2026-09-05,1006,1021,2,85.3,900,12.4,110
TRN-09945,Freight,COR-004,SEC-0039,2026-09-07,256,263,1,23.0,3000,6.2,100
TRN-09946,Superfast,COR-007,SEC-0064,2026-09-10,159,174,3,88.0,1600,6.8,120
TRN-09947,Express,COR-016,SEC-0155,2026-09-03,870,877,3,80.3,1400,12.0,100
TRN-09948,Superfast,COR-002,SEC-0015,2026-09-13,1152,1159,3,71.2,1600,8.9,80
TRN-09949,Superfast,COR-010,SEC-0093,2026-09-12,322,337,3,82.1,1600,7.3,120
TRN-09950,Passenger,COR-007,SEC-0068,2026-09-12,893,908,2,72.0,1200,2.0,120
TRN-09951,Passenger,COR-017,SEC-0162,2026-09-03,1194,1201,2,93.6,1200,13.9,120
TRN-09952,Passenger,COR-007,SEC-0068,2026-09-08,168,178,2,77.2,1200,14.0,110
TRN-09953,Superfast,COR-001,SEC-0002,2026-09-13,1026,1038,3,49.7,1600,7.4,80
TRN-09954,Superfast,COR-017,SEC-0167,2026-09-07,155,162,3,50.7,1600,8.4,100
TRN-09955,Superfast,COR-019,SEC-0181,2026-09-07,197,207,3,81.6,1600,8.4,120
TRN-09956,EMU,COR-007,SEC-0070,2026-09-06,237,244,2,71.8,900,7.6,120
TRN-09957,Passenger,COR-004,SEC-0036,2026-09-13,931,951,2,69.4,1200,10.5,130
TRN-09958,Passenger,COR-014,SEC-0135,2026-09-15,1081,1086,2,85.9,1200,15.8,100
TRN-09959,Express,COR-004,SEC-0037,2026-09-16,747,757,3,45.7,1400,8.1,100
TRN-09960,Passenger,COR-019,SEC-0185,2026-09-16,1013,1020,2,94.3,1200,10.7,100
TRN-09961,Express,COR-012,SEC-0116,2026-09-06,116,131,3,75.9,1400,7.4,110
TRN-09962,Passenger,COR-004,SEC-0032,2026-09-08,869,884,2,72.0,1200,9.1,130
TRN-09963,Express,COR-012,SEC-0116,2026-09-03,944,964,3,36.6,1400,8.0,130
TRN-09964,Freight,COR-017,SEC-0161,2026-09-05,269,274,1,57.6,3000,10.3,100
TRN-09965,Passenger,COR-020,SEC-0200,2026-09-10,1438,1439,2,75.0,1200,8.5,110
TRN-09966,Express,COR-002,SEC-0019,2026-09-05,378,398,3,93.9,1400,11.7,120
TRN-09967,Passenger,COR-012,SEC-0111,2026-09-09,686,693,2,68.1,1200,10.7,100
TRN-09968,Passenger,COR-015,SEC-0148,2026-09-12,807,822,2,58.8,1200,12.4,80
TRN-09969,Express,COR-007,SEC-0065,2026-09-07,472,482,3,91.6,1400,14.2,130
TRN-09970,Express,COR-010,SEC-0091,2026-09-03,43,58,3,72.3,1400,7.1,110
TRN-09971,Express,COR-016,SEC-0159,2026-09-06,577,587,3,55.1,1400,9.7,110
TRN-09972,Superfast,COR-020,SEC-0191,2026-09-03,859,874,3,49.9,1600,11.3,120
TRN-09973,Passenger,COR-006,SEC-0058,2026-09-06,195,210,2,86.1,1200,13.4,100
TRN-09974,Express,COR-018,SEC-0171,2026-09-06,356,368,3,65.6,1400,9.5,130
TRN-09975,Express,COR-005,SEC-0042,2026-09-14,973,988,3,92.3,1400,16.5,80
TRN-09976,EMU,COR-006,SEC-0060,2026-09-04,19,26,2,82.9,900,10.1,110
TRN-09977,Freight,COR-001,SEC-0002,2026-09-15,1414,1424,1,5.0,3000,2.2,120
TRN-09978,EMU,COR-004,SEC-0031,2026-09-03,1316,1323,2,68.4,900,2.1,100
TRN-09979,Passenger,COR-019,SEC-0186,2026-09-09,333,353,2,99.0,1200,9.3,100
TRN-09980,Passenger,COR-018,SEC-0173,2026-09-11,573,583,2,81.3,1200,10.8,100
TRN-09981,Passenger,COR-001,SEC-0005,2026-09-11,895,900,2,56.4,1200,9.0,100
TRN-09982,Passenger,COR-004,SEC-0034,2026-09-03,1152,1162,2,42.2,1200,9.2,130
TRN-09983,Superfast,COR-014,SEC-0138,2026-09-08,788,800,3,62.9,1600,9.7,110
TRN-09984,Freight,COR-014,SEC-0131,2026-09-16,511,521,1,27.9,3000,9.0,110
TRN-09985,Superfast,COR-003,SEC-0023,2026-09-06,355,360,3,95.5,1600,9.9,100
TRN-09986,Freight,COR-004,SEC-0035,2026-09-13,264,276,1,47.9,3000,8.1,130
TRN-09987,Superfast,COR-012,SEC-0120,2026-09-15,365,380,3,79.8,1600,9.1,110
TRN-09988,Freight,COR-008,SEC-0077,2026-09-10,87,99,1,56.1,3000,8.3,120
TRN-09989,Express,COR-009,SEC-0088,2026-09-12,1347,1354,3,65.3,1400,10.1,110
TRN-09990,Superfast,COR-008,SEC-0071,2026-09-11,580,595,3,82.9,1600,9.0,80
TRN-09991,EMU,COR-017,SEC-0161,2026-09-10,58,65,2,53.5,900,2.3,110
TRN-09992,Passenger,COR-017,SEC-0162,2026-09-09,496,501,2,63.8,1200,11.9,110
TRN-09993,Superfast,COR-009,SEC-0082,2026-09-11,267,274,3,99.0,1600,13.8,130
TRN-09994,Passenger,COR-004,SEC-0038,2026-09-09,1298,1313,2,67.5,1200,15.2,80
TRN-09995,Superfast,COR-011,SEC-0108,2026-09-03,90,97,3,99.0,1600,9.4,110
TRN-09996,EMU,COR-012,SEC-0111,2026-09-16,585,605,2,64.2,900,16.0,80
TRN-09997,Superfast,COR-011,SEC-0106,2026-09-15,722,732,3,73.9,1600,7.8,120
TRN-09998,Express,COR-017,SEC-0164,2026-09-15,662,669,3,74.3,1400,10.8,80
TRN-09999,EMU,COR-010,SEC-0094,2026-09-03,939,944,2,85.1,900,11.5,120
TRN-10000,Superfast,COR-012,SEC-0117,2026-09-14,370,377,3,47.8,1600,5.2,80
TRN-10001,Passenger,COR-008,SEC-0074,2026-09-03,1079,1091,2,64.9,1200,4.7,80
TRN-10002,Freight,COR-007,SEC-0064,2026-09-16,887,899,1,27.8,3000,9.1,100
TRN-10003,Superfast,COR-003,SEC-0029,2026-09-05,1124,1144,3,86.8,1600,6.0,80
TRN-10004,Freight,COR-003,SEC-0029,2026-09-04,715,720,1,47.0,3000,2.8,110
TRN-10005,Passenger,COR-006,SEC-0060,2026-09-09,551,558,2,64.5,1200,4.2,110
TRN-10006,EMU,COR-009,SEC-0082,2026-09-11,586,593,2,87.3,900,8.5,110
TRN-10007,Superfast,COR-011,SEC-0104,2026-09-04,941,951,3,99.0,1600,13.3,120
TRN-10008,EMU,COR-005,SEC-0050,2026-09-04,91,98,2,59.5,900,14.5,110
TRN-10009,Freight,COR-014,SEC-0133,2026-09-07,565,570,1,18.5,3000,7.5,120
TRN-10010,Passenger,COR-004,SEC-0038,2026-09-16,462,474,2,62.2,1200,12.3,120
TRN-10011,EMU,COR-016,SEC-0153,2026-09-14,1314,1324,2,68.5,900,5.4,100
TRN-10012,Freight,COR-012,SEC-0115,2026-09-09,878,898,1,18.9,3000,2.9,80
TRN-10013,Superfast,COR-011,SEC-0107,2026-09-04,1418,1433,3,68.5,1600,9.2,110
TRN-10014,Express,COR-003,SEC-0028,2026-09-13,637,657,3,93.9,1400,8.8,120
TRN-10015,Superfast,COR-008,SEC-0080,2026-09-03,210,217,3,84.2,1600,11.9,130
TRN-10016,Passenger,COR-019,SEC-0187,2026-09-08,1369,1376,2,99.0,1200,16.4,110
TRN-10017,Superfast,COR-004,SEC-0034,2026-09-11,24,39,3,69.3,1600,11.6,100
TRN-10018,Express,COR-002,SEC-0012,2026-09-11,197,202,3,70.0,1400,4.5,130
TRN-10019,Superfast,COR-010,SEC-0094,2026-09-09,1380,1390,3,89.2,1600,11.7,80
TRN-10020,Freight,COR-003,SEC-0024,2026-09-08,606,611,1,41.5,3000,8.1,100
TRN-10021,Express,COR-020,SEC-0192,2026-09-07,760,767,3,90.6,1400,14.0,100
TRN-10022,Superfast,COR-014,SEC-0139,2026-09-09,994,999,3,72.7,1600,13.5,80
TRN-10023,Passenger,COR-007,SEC-0070,2026-09-06,1029,1044,2,86.8,1200,13.4,130
TRN-10024,Superfast,COR-015,SEC-0145,2026-09-07,965,975,3,65.7,1600,13.0,100
TRN-10025,EMU,COR-012,SEC-0116,2026-09-12,527,537,2,99.0,900,3.5,80
TRN-10026,Passenger,COR-004,SEC-0034,2026-09-10,94,106,2,60.9,1200,12.4,110
TRN-10027,Superfast,COR-011,SEC-0103,2026-09-05,934,941,3,76.5,1600,10.7,130
TRN-10028,EMU,COR-014,SEC-0134,2026-09-09,570,582,2,77.1,900,14.9,110
TRN-10029,EMU,COR-006,SEC-0056,2026-09-13,987,997,2,92.9,900,14.5,100
TRN-10030,Freight,COR-011,SEC-0102,2026-09-08,263,273,1,44.6,3000,7.6,110
TRN-10031,Passenger,COR-014,SEC-0136,2026-09-15,278,298,2,71.5,1200,14.5,100
TRN-10032,Passenger,COR-019,SEC-0184,2026-09-07,1216,1231,2,70.5,1200,11.9,120
TRN-10033,Superfast,COR-018,SEC-0173,2026-09-07,1289,1294,3,57.7,1600,10.5,120
TRN-10034,EMU,COR-007,SEC-0062,2026-09-04,412,427,2,50.0,900,11.0,100
TRN-10035,Express,COR-007,SEC-0062,2026-09-09,486,493,3,78.3,1400,13.9,100
TRN-10036,Express,COR-016,SEC-0157,2026-09-11,1371,1383,3,99.0,1400,8.0,130
TRN-10037,Superfast,COR-001,SEC-0003,2026-09-15,1418,1430,3,96.1,1600,9.1,120
TRN-10038,Express,COR-004,SEC-0040,2026-09-05,420,425,3,71.9,1400,11.8,100
TRN-10039,Superfast,COR-006,SEC-0060,2026-09-15,298,318,3,74.6,1600,7.1,120
TRN-10040,Passenger,COR-002,SEC-0018,2026-09-10,335,347,2,87.7,1200,12.8,100
TRN-10041,Express,COR-015,SEC-0149,2026-09-07,1010,1022,3,64.8,1400,12.9,120
TRN-10042,EMU,COR-006,SEC-0053,2026-09-10,897,904,2,99.0,900,16.0,110
TRN-10043,Express,COR-003,SEC-0021,2026-09-05,513,518,3,74.8,1400,12.7,110
TRN-10044,Freight,COR-008,SEC-0076,2026-09-05,523,530,1,25.5,3000,3.8,110
TRN-10045,Freight,COR-013,SEC-0122,2026-09-16,957,977,1,48.4,3000,14.5,100
TRN-10046,Superfast,COR-016,SEC-0155,2026-09-10,262,272,3,74.3,1600,10.7,100
TRN-10047,Passenger,COR-016,SEC-0152,2026-09-09,740,750,2,66.1,1200,7.0,80
TRN-10048,Passenger,COR-015,SEC-0147,2026-09-10,368,373,2,83.8,1200,9.9,100
TRN-10049,Passenger,COR-017,SEC-0164,2026-09-15,1379,1386,2,99.0,1200,7.4,130
TRN-10050,EMU,COR-008,SEC-0075,2026-09-13,596,603,2,74.7,900,8.6,110
TRN-10051,Superfast,COR-008,SEC-0076,2026-09-08,861,876,3,47.4,1600,13.7,100
TRN-10052,Express,COR-013,SEC-0122,2026-09-05,1427,1437,3,53.9,1400,7.8,120
TRN-10053,EMU,COR-005,SEC-0048,2026-09-13,1184,1196,2,71.5,900,8.0,120
TRN-10054,Express,COR-016,SEC-0151,2026-09-13,361,381,3,66.7,1400,11.1,110
TRN-10055,Freight,COR-018,SEC-0178,2026-09-07,233,238,1,57.5,3000,7.5,110
TRN-10056,Express,COR-007,SEC-0064,2026-09-06,1296,1308,3,56.1,1400,12.5,120
TRN-10057,Express,COR-001,SEC-0001,2026-09-12,1045,1052,3,72.7,1400,4.2,100
TRN-10058,EMU,COR-010,SEC-0093,2026-09-08,335,340,2,61.0,900,10.5,110
TRN-10059,Passenger,COR-012,SEC-0113,2026-09-09,365,377,2,88.3,1200,9.2,120
TRN-10060,Passenger,COR-002,SEC-0019,2026-09-08,987,994,2,40.8,1200,4.6,110
TRN-10061,Superfast,COR-004,SEC-0031,2026-09-16,795,815,3,66.1,1600,10.8,110
TRN-10062,Passenger,COR-012,SEC-0113,2026-09-13,1069,1079,2,65.7,1200,4.8,100
TRN-10063,Passenger,COR-014,SEC-0133,2026-09-06,111,123,2,53.9,1200,11.4,110
TRN-10064,Express,COR-020,SEC-0195,2026-09-03,117,122,3,59.7,1400,7.2,120
TRN-10065,Passenger,COR-001,SEC-0007,2026-09-09,1095,1102,2,59.1,1200,8.6,120
TRN-10066,Freight,COR-018,SEC-0174,2026-09-11,21,33,1,20.9,3000,3.2,130
TRN-10067,Superfast,COR-007,SEC-0062,2026-09-06,20,30,3,57.9,1600,13.9,130
TRN-10068,Express,COR-015,SEC-0147,2026-09-03,262,274,3,67.0,1400,10.9,130
TRN-10069,Superfast,COR-013,SEC-0125,2026-09-12,881,893,3,74.9,1600,10.6,100
TRN-10070,Superfast,COR-007,SEC-0068,2026-09-13,77,89,3,52.3,1600,6.3,120
TRN-10071,Passenger,COR-006,SEC-0056,2026-09-04,696,716,2,54.6,1200,3.9,130
TRN-10072,Freight,COR-016,SEC-0159,2026-09-07,830,837,1,38.9,3000,9.5,80
TRN-10073,EMU,COR-001,SEC-0007,2026-09-05,551,566,2,62.3,900,12.5,100
TRN-10074,Freight,COR-008,SEC-0078,2026-09-07,908,918,1,44.9,3000,5.4,80
TRN-10075,Superfast,COR-017,SEC-0164,2026-09-11,187,197,3,66.7,1600,7.7,130
TRN-10076,Freight,COR-020,SEC-0200,2026-09-14,540,550,1,68.9,3000,9.9,110
TRN-10077,Freight,COR-011,SEC-0103,2026-09-09,60,72,1,43.4,3000,7.0,100
TRN-10078,Passenger,COR-017,SEC-0166,2026-09-05,631,643,2,46.9,1200,5.1,120
TRN-10079,Express,COR-016,SEC-0155,2026-09-04,1414,1424,3,80.2,1400,8.5,100
TRN-10080,Superfast,COR-014,SEC-0137,2026-09-08,1046,1061,3,63.8,1600,7.2,110
TRN-10081,Superfast,COR-005,SEC-0046,2026-09-07,1234,1239,3,50.4,1600,11.0,110
TRN-10082,Passenger,COR-015,SEC-0143,2026-09-16,192,202,2,83.4,1200,11.8,110
TRN-10083,EMU,COR-002,SEC-0017,2026-09-13,776,783,2,93.5,900,9.6,120
TRN-10084,Superfast,COR-005,SEC-0041,2026-09-03,256,263,3,83.4,1600,10.5,110
TRN-10085,EMU,COR-018,SEC-0178,2026-09-11,839,846,2,85.4,900,10.6,100
TRN-10086,Superfast,COR-002,SEC-0017,2026-09-09,909,919,3,68.2,1600,11.0,120
TRN-10087,Passenger,COR-010,SEC-0098,2026-09-16,793,805,2,54.9,1200,8.3,80
TRN-10088,Passenger,COR-003,SEC-0026,2026-09-12,1236,1248,2,72.7,1200,11.6,110
TRN-10089,Freight,COR-011,SEC-0102,2026-09-03,139,146,1,67.1,3000,12.2,80
TRN-10090,EMU,COR-005,SEC-0049,2026-09-07,729,741,2,77.3,900,15.1,120
TRN-10091,EMU,COR-010,SEC-0099,2026-09-14,968,988,2,74.6,900,13.6,100
TRN-10092,Passenger,COR-017,SEC-0167,2026-09-04,1014,1026,2,57.6,1200,7.1,130
TRN-10093,Superfast,COR-003,SEC-0028,2026-09-03,501,511,3,52.4,1600,8.7,100
TRN-10094,Freight,COR-014,SEC-0132,2026-09-14,233,243,1,43.4,3000,12.3,100
TRN-10095,EMU,COR-002,SEC-0017,2026-09-11,1391,1401,2,72.8,900,11.0,100
TRN-10096,Express,COR-012,SEC-0118,2026-09-03,1167,1179,3,52.4,1400,12.2,130
TRN-10097,Superfast,COR-017,SEC-0161,2026-09-14,1341,1346,3,72.1,1600,11.7,80
TRN-10098,Freight,COR-009,SEC-0085,2026-09-04,178,193,1,35.7,3000,6.6,100
TRN-10099,EMU,COR-016,SEC-0152,2026-09-07,436,443,2,72.9,900,14.0,120
TRN-10100,Passenger,COR-005,SEC-0048,2026-09-13,1041,1056,2,75.1,1200,14.6,80
TRN-10101,Passenger,COR-008,SEC-0078,2026-09-12,1124,1129,2,53.0,1200,6.2,100
TRN-10102,Express,COR-006,SEC-0054,2026-09-10,1170,1182,3,88.6,1400,9.4,110
TRN-10103,Express,COR-011,SEC-0104,2026-09-04,1267,1274,3,86.4,1400,12.2,110
TRN-10104,EMU,COR-004,SEC-0036,2026-09-10,137,144,2,93.5,900,16.3,100
TRN-10105,EMU,COR-013,SEC-0124,2026-09-11,1087,1102,2,93.5,900,7.5,80
TRN-10106,Express,COR-001,SEC-0005,2026-09-09,550,557,3,72.6,1400,9.8,100
TRN-10107,Superfast,COR-004,SEC-0037,2026-09-14,905,915,3,99.0,1600,11.7,100
TRN-10108,EMU,COR-012,SEC-0117,2026-09-07,244,251,2,83.2,900,10.5,110
TRN-10109,Superfast,COR-002,SEC-0014,2026-09-06,21,41,3,82.9,1600,8.9,100
TRN-10110,Passenger,COR-002,SEC-0011,2026-09-14,865,877,2,71.3,1200,10.5,80
TRN-10111,Passenger,COR-007,SEC-0069,2026-09-08,1206,1216,2,56.6,1200,7.4,120
TRN-10112,EMU,COR-009,SEC-0083,2026-09-06,1013,1020,2,69.0,900,7.6,120
TRN-10113,Express,COR-012,SEC-0116,2026-09-12,1154,1159,3,90.7,1400,9.3,100
TRN-10114,Superfast,COR-010,SEC-0095,2026-09-11,1280,1290,3,68.8,1600,11.3,110
TRN-10115,EMU,COR-018,SEC-0180,2026-09-09,713,720,2,94.0,900,8.4,80
TRN-10116,Superfast,COR-015,SEC-0149,2026-09-07,875,887,3,60.9,1600,5.9,110
TRN-10117,Freight,COR-020,SEC-0193,2026-09-04,1187,1197,1,33.2,3000,8.9,120
TRN-10118,Express,COR-011,SEC-0108,2026-09-14,109,114,3,63.1,1400,5.9,110
TRN-10119,Freight,COR-019,SEC-0187,2026-09-03,479,491,1,47.7,3000,3.4,100
TRN-10120,Superfast,COR-012,SEC-0116,2026-09-09,108,118,3,99.0,1600,16.9,130
TRN-10121,Passenger,COR-019,SEC-0184,2026-09-14,1109,1119,2,57.6,1200,9.7,120
TRN-10122,Passenger,COR-007,SEC-0067,2026-09-08,651,666,2,85.9,1200,7.8,120
TRN-10123,Passenger,COR-016,SEC-0155,2026-09-09,1000,1010,2,75.9,1200,12.7,120
TRN-10124,Superfast,COR-009,SEC-0089,2026-09-08,887,902,3,61.3,1600,13.9,120
TRN-10125,EMU,COR-012,SEC-0116,2026-09-04,224,231,2,81.1,900,12.8,100
TRN-10126,EMU,COR-004,SEC-0031,2026-09-10,154,159,2,66.1,900,6.9,110
TRN-10127,Express,COR-008,SEC-0074,2026-09-09,996,1003,3,71.6,1400,8.0,100
TRN-10128,Freight,COR-003,SEC-0030,2026-09-03,685,705,1,39.7,3000,12.6,110
TRN-10129,Superfast,COR-020,SEC-0195,2026-09-06,485,492,3,76.7,1600,13.6,100
TRN-10130,Passenger,COR-007,SEC-0061,2026-09-10,1049,1059,2,44.1,1200,10.8,110
TRN-10131,Superfast,COR-005,SEC-0048,2026-09-03,1267,1272,3,75.6,1600,8.1,120
TRN-10132,EMU,COR-013,SEC-0124,2026-09-13,1124,1134,2,49.0,900,1.9,120
TRN-10133,Freight,COR-014,SEC-0131,2026-09-16,286,306,1,25.7,3000,2.2,110
TRN-10134,Passenger,COR-005,SEC-0041,2026-09-09,38,48,2,25.0,1200,5.3,110
TRN-10135,Passenger,COR-014,SEC-0132,2026-09-16,376,396,2,64.6,1200,7.8,110
TRN-10136,Passenger,COR-006,SEC-0055,2026-09-14,83,93,2,82.7,1200,11.4,100
TRN-10137,Freight,COR-004,SEC-0032,2026-09-10,438,445,1,26.0,3000,1.0,120
TRN-10138,Freight,COR-014,SEC-0138,2026-09-12,1415,1435,1,33.7,3000,7.7,120
TRN-10139,Passenger,COR-010,SEC-0097,2026-09-09,709,724,2,83.4,1200,7.7,110
TRN-10140,Passenger,COR-009,SEC-0081,2026-09-09,1172,1182,2,51.1,1200,11.2,130
TRN-10141,Freight,COR-004,SEC-0034,2026-09-15,776,786,1,14.5,3000,11.1,100
TRN-10142,Superfast,COR-004,SEC-0033,2026-09-16,445,457,3,76.3,1600,16.5,120
TRN-10143,Express,COR-017,SEC-0163,2026-09-12,932,942,3,65.8,1400,7.3,120
TRN-10144,Superfast,COR-002,SEC-0011,2026-09-04,626,641,3,64.9,1600,10.0,110
TRN-10145,Freight,COR-015,SEC-0141,2026-09-09,1113,1120,1,33.5,3000,5.1,110
TRN-10146,EMU,COR-020,SEC-0193,2026-09-04,507,519,2,64.6,900,4.6,120
TRN-10147,Express,COR-012,SEC-0117,2026-09-09,539,544,3,80.4,1400,12.8,110
TRN-10148,Freight,COR-005,SEC-0042,2026-09-05,1037,1042,1,14.7,3000,8.1,130
TRN-10149,Superfast,COR-009,SEC-0089,2026-09-16,821,836,3,69.0,1600,11.2,110
TRN-10150,Freight,COR-014,SEC-0137,2026-09-03,1169,1189,1,61.3,3000,9.4,110
TRN-10151,Freight,COR-006,SEC-0054,2026-09-12,549,554,1,5.0,3000,4.9,110
TRN-10152,Superfast,COR-020,SEC-0200,2026-09-08,145,160,3,64.0,1600,9.5,120
TRN-10153,Express,COR-008,SEC-0072,2026-09-12,322,329,3,56.6,1400,10.5,110
TRN-10154,Express,COR-015,SEC-0147,2026-09-05,410,420,3,76.1,1400,9.2,80
TRN-10155,Express,COR-009,SEC-0087,2026-09-16,187,197,3,79.1,1400,11.4,130
TRN-10156,Passenger,COR-009,SEC-0089,2026-09-15,885,905,2,69.2,1200,7.8,130
TRN-10157,Passenger,COR-008,SEC-0075,2026-09-10,151,163,2,70.5,1200,12.1,100
TRN-10158,Freight,COR-004,SEC-0034,2026-09-16,567,574,1,34.3,3000,9.4,120
TRN-10159,Superfast,COR-009,SEC-0088,2026-09-11,973,983,3,50.2,1600,6.0,80
TRN-10160,Freight,COR-018,SEC-0173,2026-09-12,753,763,1,26.1,3000,3.7,110
TRN-10161,Passenger,COR-001,SEC-0005,2026-09-08,4,11,2,47.4,1200,3.7,100
TRN-10162,EMU,COR-011,SEC-0102,2026-09-10,322,337,2,86.6,900,15.3,120
TRN-10163,Superfast,COR-015,SEC-0148,2026-09-10,313,323,3,75.8,1600,7.8,100
TRN-10164,EMU,COR-002,SEC-0020,2026-09-16,590,600,2,75.7,900,9.6,120
TRN-10165,Superfast,COR-008,SEC-0078,2026-09-15,371,376,3,78.8,1600,14.6,120
TRN-10166,Passenger,COR-017,SEC-0166,2026-09-09,256,268,2,62.0,1200,10.5,80
TRN-10167,Freight,COR-008,SEC-0075,2026-09-09,1412,1432,1,33.1,3000,5.0,110
TRN-10168,EMU,COR-014,SEC-0132,2026-09-15,387,392,2,70.8,900,6.5,80
TRN-10169,Freight,COR-012,SEC-0119,2026-09-03,1249,1264,1,31.1,3000,15.1,100
TRN-10170,Superfast,COR-001,SEC-0002,2026-09-16,1343,1350,3,45.6,1600,9.8,130
TRN-10171,Superfast,COR-017,SEC-0162,2026-09-05,1191,1203,3,60.3,1600,8.5,110
TRN-10172,Passenger,COR-013,SEC-0122,2026-09-05,525,530,2,89.7,1200,13.1,110
TRN-10173,Freight,COR-020,SEC-0194,2026-09-13,491,501,1,38.8,3000,2.4,100
TRN-10174,Express,COR-002,SEC-0020,2026-09-15,233,243,3,42.3,1400,5.1,100
TRN-10175,Passenger,COR-007,SEC-0069,2026-09-14,316,336,2,83.5,1200,9.8,130
TRN-10176,Superfast,COR-020,SEC-0200,2026-09-05,1275,1290,3,80.4,1600,6.4,100
TRN-10177,Freight,COR-004,SEC-0038,2026-09-06,1225,1240,1,14.7,3000,1.8,110
TRN-10178,Superfast,COR-003,SEC-0023,2026-09-11,472,477,3,69.7,1600,10.3,110
TRN-10179,Passenger,COR-006,SEC-0059,2026-09-11,1018,1023,2,78.3,1200,7.5,110
TRN-10180,Passenger,COR-014,SEC-0132,2026-09-04,732,742,2,68.3,1200,8.7,110
TRN-10181,Passenger,COR-003,SEC-0030,2026-09-06,1125,1145,2,53.2,1200,8.1,120
TRN-10182,Passenger,COR-003,SEC-0025,2026-09-03,1074,1084,2,62.6,1200,6.9,100
TRN-10183,Passenger,COR-019,SEC-0190,2026-09-04,153,160,2,47.5,1200,11.1,110
TRN-10184,Superfast,COR-020,SEC-0197,2026-09-05,590,602,3,84.1,1600,14.3,120
TRN-10185,Superfast,COR-008,SEC-0075,2026-09-11,833,845,3,66.0,1600,12.3,100
TRN-10186,Freight,COR-019,SEC-0189,2026-09-13,632,644,1,30.5,3000,3.3,100
TRN-10187,Passenger,COR-003,SEC-0024,2026-09-03,1238,1250,2,59.4,1200,11.0,80
TRN-10188,Superfast,COR-012,SEC-0119,2026-09-08,698,708,3,78.8,1600,7.1,110
TRN-10189,Passenger,COR-011,SEC-0104,2026-09-09,172,182,2,95.6,1200,14.5,110
TRN-10190,Express,COR-007,SEC-0064,2026-09-15,1233,1240,3,82.4,1400,4.1,120
TRN-10191,Passenger,COR-010,SEC-0092,2026-09-09,391,403,2,50.7,1200,9.2,100
TRN-10192,Passenger,COR-013,SEC-0128,2026-09-15,1263,1273,2,99.0,1200,9.8,110
TRN-10193,Freight,COR-005,SEC-0041,2026-09-08,1408,1420,1,43.6,3000,6.4,110
TRN-10194,Superfast,COR-014,SEC-0132,2026-09-08,868,873,3,38.0,1600,3.5,110
TRN-10195,Passenger,COR-005,SEC-0048,2026-09-06,901,906,2,58.6,1200,10.4,130
TRN-10196,Freight,COR-005,SEC-0046,2026-09-08,1037,1044,1,62.6,3000,10.5,110
TRN-10197,Passenger,COR-009,SEC-0088,2026-09-13,1069,1076,2,52.5,1200,6.4,110
TRN-10198,Superfast,COR-009,SEC-0088,2026-09-13,920,940,3,83.8,1600,9.7,120
TRN-10199,Freight,COR-013,SEC-0129,2026-09-15,644,664,1,39.0,3000,5.2,130
TRN-10200,Passenger,COR-013,SEC-0121,2026-09-13,1314,1319,2,73.0,1200,11.6,110
TRN-10201,Express,COR-003,SEC-0030,2026-09-11,111,118,3,66.5,1400,7.3,110
TRN-10202,EMU,COR-004,SEC-0036,2026-09-16,52,64,2,97.5,900,12.1,130
TRN-10203,Passenger,COR-016,SEC-0151,2026-09-11,414,424,2,97.4,1200,13.9,100
TRN-10204,Superfast,COR-005,SEC-0045,2026-09-05,85,92,3,77.2,1600,9.5,110
TRN-10205,Superfast,COR-012,SEC-0113,2026-09-07,1201,1211,3,49.4,1600,9.5,120
TRN-10206,EMU,COR-014,SEC-0139,2026-09-11,1235,1245,2,68.3,900,3.6,110
TRN-10207,Express,COR-003,SEC-0029,2026-09-05,1434,1439,3,77.2,1400,7.8,110
TRN-10208,Superfast,COR-003,SEC-0025,2026-09-09,488,498,3,68.7,1600,16.3,100
TRN-10209,EMU,COR-013,SEC-0122,2026-09-05,193,208,2,69.1,900,9.3,110
TRN-10210,Express,COR-008,SEC-0076,2026-09-13,1191,1211,3,65.7,1400,15.6,120
TRN-10211,Passenger,COR-020,SEC-0199,2026-09-05,386,406,2,64.8,1200,11.1,110
TRN-10212,Freight,COR-018,SEC-0176,2026-09-13,53,65,1,33.3,3000,2.3,110
TRN-10213,Freight,COR-016,SEC-0155,2026-09-09,40,50,1,48.3,3000,3.9,130
TRN-10214,Express,COR-011,SEC-0104,2026-09-04,1193,1198,3,59.1,1400,1.9,100
TRN-10215,Passenger,COR-007,SEC-0067,2026-09-11,328,335,2,88.5,1200,7.1,80
TRN-10216,Superfast,COR-016,SEC-0151,2026-09-14,933,945,3,63.5,1600,7.8,120
TRN-10217,Passenger,COR-016,SEC-0159,2026-09-11,1138,1150,2,64.6,1200,13.6,80
TRN-10218,Freight,COR-020,SEC-0192,2026-09-14,1035,1045,1,32.5,3000,6.2,80
TRN-10219,Superfast,COR-007,SEC-0061,2026-09-11,714,734,3,66.4,1600,5.2,130
TRN-10220,EMU,COR-004,SEC-0038,2026-09-16,829,836,2,66.9,900,8.1,110
TRN-10221,Superfast,COR-018,SEC-0177,2026-09-11,1391,1403,3,61.4,1600,9.3,100
TRN-10222,Express,COR-011,SEC-0101,2026-09-15,1346,1356,3,78.9,1400,16.9,110
TRN-10223,Passenger,COR-016,SEC-0153,2026-09-09,947,952,2,82.2,1200,7.1,110
TRN-10224,Express,COR-016,SEC-0154,2026-09-03,455,475,3,72.7,1400,7.6,120
TRN-10225,Freight,COR-020,SEC-0200,2026-09-10,286,293,1,41.8,3000,7.6,100
TRN-10226,Express,COR-018,SEC-0172,2026-09-13,664,671,3,47.3,1400,13.6,100
TRN-10227,Express,COR-007,SEC-0064,2026-09-04,1291,1298,3,52.7,1400,9.6,110
TRN-10228,Express,COR-018,SEC-0174,2026-09-07,1309,1321,3,78.4,1400,12.5,120
TRN-10229,Passenger,COR-015,SEC-0141,2026-09-07,444,449,2,57.3,1200,8.3,80
TRN-10230,EMU,COR-009,SEC-0082,2026-09-15,176,188,2,44.0,900,10.5,80
TRN-10231,Passenger,COR-001,SEC-0005,2026-09-09,474,479,2,66.5,1200,8.5,110
TRN-10232,Passenger,COR-016,SEC-0157,2026-09-10,1323,1338,2,97.2,1200,12.1,80
TRN-10233,Freight,COR-012,SEC-0111,2026-09-09,1345,1352,1,23.7,3000,9.3,100
TRN-10234,Superfast,COR-011,SEC-0107,2026-09-06,160,172,3,92.8,1600,8.7,100
TRN-10235,Freight,COR-003,SEC-0027,2026-09-09,380,385,1,36.7,3000,8.6,100
TRN-10236,EMU,COR-018,SEC-0177,2026-09-11,513,525,2,66.1,900,2.9,100
TRN-10237,Superfast,COR-011,SEC-0106,2026-09-04,512,519,3,69.7,1600,11.8,120
TRN-10238,Express,COR-019,SEC-0185,2026-09-14,14,26,3,73.4,1400,11.9,80
TRN-10239,Passenger,COR-017,SEC-0170,2026-09-10,1411,1421,2,96.5,1200,11.3,80
TRN-10240,Passenger,COR-001,SEC-0008,2026-09-06,1127,1137,2,92.6,1200,12.9,120
TRN-10241,Passenger,COR-012,SEC-0116,2026-09-10,771,791,2,49.9,1200,15.9,80
TRN-10242,Superfast,COR-017,SEC-0161,2026-09-06,338,358,3,99.0,1600,13.2,130
TRN-10243,Passenger,COR-016,SEC-0158,2026-09-14,818,823,2,86.9,1200,14.0,120
TRN-10244,Superfast,COR-004,SEC-0038,2026-09-08,757,764,3,84.1,1600,10.9,110
TRN-10245,Freight,COR-005,SEC-0042,2026-09-15,607,619,1,34.0,3000,9.6,80
TRN-10246,Passenger,COR-001,SEC-0009,2026-09-13,1399,1414,2,69.0,1200,10.5,100
TRN-10247,Superfast,COR-017,SEC-0162,2026-09-07,526,538,3,60.8,1600,9.4,100
TRN-10248,EMU,COR-009,SEC-0090,2026-09-07,1412,1432,2,62.8,900,8.7,110
TRN-10249,EMU,COR-003,SEC-0029,2026-09-07,42,47,2,80.3,900,16.1,120
TRN-10250,Express,COR-006,SEC-0060,2026-09-14,990,995,3,65.2,1400,9.7,110
TRN-10251,Express,COR-002,SEC-0011,2026-09-04,1187,1192,3,65.2,1400,11.2,110
TRN-10252,EMU,COR-017,SEC-0163,2026-09-09,1427,1434,2,60.9,900,10.5,120
TRN-10253,Freight,COR-018,SEC-0176,2026-09-05,1205,1215,1,42.1,3000,9.5,110
TRN-10254,Passenger,COR-001,SEC-0010,2026-09-12,244,254,2,62.6,1200,7.0,120
TRN-10255,Freight,COR-010,SEC-0092,2026-09-15,613,628,1,35.7,3000,7.0,110
TRN-10256,Express,COR-010,SEC-0092,2026-09-06,42,47,3,84.6,1400,9.6,110
TRN-10257,Passenger,COR-013,SEC-0125,2026-09-05,794,806,2,76.6,1200,7.4,100
TRN-10258,Express,COR-002,SEC-0013,2026-09-09,611,618,3,72.2,1400,14.1,110
TRN-10259,Express,COR-007,SEC-0066,2026-09-13,1067,1077,3,96.9,1400,9.5,110
TRN-10260,EMU,COR-020,SEC-0192,2026-09-14,177,192,2,59.6,900,8.5,100
TRN-10261,Superfast,COR-014,SEC-0133,2026-09-10,543,550,3,86.7,1600,11.4,120
TRN-10262,Passenger,COR-007,SEC-0068,2026-09-12,548,560,2,53.0,1200,8.8,120
TRN-10263,Express,COR-007,SEC-0065,2026-09-12,49,59,3,78.9,1400,3.2,80
TRN-10264,Freight,COR-008,SEC-0073,2026-09-05,1354,1366,1,71.8,3000,10.2,80
TRN-10265,Express,COR-015,SEC-0149,2026-09-14,954,961,3,51.3,1400,7.4,120
TRN-10266,Passenger,COR-009,SEC-0088,2026-09-14,687,697,2,83.0,1200,8.6,110
TRN-10267,Freight,COR-018,SEC-0174,2026-09-15,428,440,1,43.9,3000,4.9,80
TRN-10268,Passenger,COR-002,SEC-0014,2026-09-11,500,512,2,58.9,1200,9.2,120
TRN-10269,Passenger,COR-007,SEC-0068,2026-09-12,1021,1036,2,56.6,1200,2.9,80
TRN-10270,EMU,COR-015,SEC-0150,2026-09-03,705,715,2,55.1,900,7.7,110
TRN-10271,EMU,COR-017,SEC-0163,2026-09-04,489,499,2,72.0,900,8.4,120
TRN-10272,Superfast,COR-008,SEC-0079,2026-09-07,669,679,3,75.2,1600,13.7,100
TRN-10273,Passenger,COR-010,SEC-0091,2026-09-05,257,262,2,85.6,1200,15.0,80
TRN-10274,Express,COR-003,SEC-0022,2026-09-04,1113,1125,3,72.4,1400,6.8,80
TRN-10275,Express,COR-006,SEC-0060,2026-09-09,690,705,3,70.6,1400,7.4,80
TRN-10276,Freight,COR-017,SEC-0164,2026-09-08,450,457,1,38.4,3000,12.1,110
TRN-10277,Express,COR-010,SEC-0096,2026-09-11,1230,1242,3,90.7,1400,6.9,80
TRN-10278,EMU,COR-002,SEC-0012,2026-09-03,141,151,2,77.7,900,9.0,100
TRN-10279,EMU,COR-012,SEC-0119,2026-09-08,1276,1281,2,51.0,900,10.1,120
TRN-10280,Superfast,COR-003,SEC-0021,2026-09-13,867,874,3,90.9,1600,13.4,100
TRN-10281,Passenger,COR-014,SEC-0133,2026-09-12,1010,1020,2,59.3,1200,4.6,100
TRN-10282,Freight,COR-017,SEC-0165,2026-09-09,271,281,1,42.7,3000,8.6,110
TRN-10283,EMU,COR-008,SEC-0078,2026-09-04,1241,1261,2,80.6,900,12.6,110
TRN-10284,Freight,COR-012,SEC-0119,2026-09-16,339,346,1,51.9,3000,1.0,110
TRN-10285,EMU,COR-016,SEC-0158,2026-09-07,1300,1307,2,62.6,900,9.0,80
TRN-10286,EMU,COR-015,SEC-0149,2026-09-10,54,74,2,69.5,900,9.9,80
TRN-10287,Superfast,COR-003,SEC-0022,2026-09-05,985,997,3,62.5,1600,9.8,110
TRN-10288,Express,COR-014,SEC-0138,2026-09-14,1371,1376,3,76.2,1400,7.2,110
TRN-10289,Superfast,COR-015,SEC-0147,2026-09-04,520,540,3,73.4,1600,10.9,110
TRN-10290,Freight,COR-008,SEC-0077,2026-09-06,1212,1227,1,27.3,3000,4.5,120
TRN-10291,Passenger,COR-011,SEC-0110,2026-09-04,191,203,2,75.2,1200,10.4,110
TRN-10292,Passenger,COR-002,SEC-0015,2026-09-04,1199,1209,2,57.4,1200,10.7,110
TRN-10293,Superfast,COR-003,SEC-0023,2026-09-05,893,905,3,99.0,1600,11.9,130
TRN-10294,Superfast,COR-020,SEC-0194,2026-09-16,71,81,3,60.7,1600,6.8,120
TRN-10295,Express,COR-018,SEC-0171,2026-09-06,1066,1073,3,69.5,1400,16.4,100
TRN-10296,Passenger,COR-016,SEC-0153,2026-09-08,858,868,2,52.7,1200,11.4,120
TRN-10297,Passenger,COR-002,SEC-0020,2026-09-05,818,825,2,46.4,1200,3.4,80
TRN-10298,Freight,COR-020,SEC-0192,2026-09-14,1294,1301,1,14.8,3000,5.1,120
TRN-10299,Freight,COR-017,SEC-0161,2026-09-07,67,77,1,31.2,3000,14.8,100
TRN-10300,Express,COR-017,SEC-0161,2026-09-06,861,881,3,99.0,1400,8.6,110
TRN-10301,Express,COR-015,SEC-0144,2026-09-16,1226,1236,3,82.4,1400,8.4,100
TRN-10302,Freight,COR-018,SEC-0180,2026-09-08,231,238,1,37.9,3000,1.6,130
TRN-10303,Passenger,COR-004,SEC-0033,2026-09-03,972,977,2,76.8,1200,8.0,120
TRN-10304,Freight,COR-001,SEC-0005,2026-09-03,708,720,1,34.2,3000,1.0,100
TRN-10305,EMU,COR-017,SEC-0165,2026-09-05,745,755,2,55.7,900,1.0,120
TRN-10306,Freight,COR-019,SEC-0187,2026-09-10,1004,1014,1,34.3,3000,13.8,120
TRN-10307,Freight,COR-018,SEC-0171,2026-09-12,1412,1417,1,45.0,3000,11.0,80
TRN-10308,Express,COR-018,SEC-0171,2026-09-09,913,925,3,80.3,1400,15.4,80
TRN-10309,Express,COR-004,SEC-0033,2026-09-11,770,775,3,55.6,1400,7.1,80
TRN-10310,Freight,COR-001,SEC-0007,2026-09-03,92,104,1,32.8,3000,4.0,120
TRN-10311,Express,COR-018,SEC-0177,2026-09-12,1415,1422,3,85.7,1400,9.9,120
TRN-10312,Passenger,COR-020,SEC-0194,2026-09-12,501,511,2,79.0,1200,9.0,120
TRN-10313,Freight,COR-014,SEC-0139,2026-09-14,510,522,1,53.2,3000,7.4,100
TRN-10314,EMU,COR-005,SEC-0048,2026-09-11,1418,1428,2,85.4,900,7.5,110
TRN-10315,Express,COR-008,SEC-0080,2026-09-07,181,196,3,87.8,1400,8.3,110
TRN-10316,Passenger,COR-020,SEC-0200,2026-09-03,306,318,2,97.4,1200,10.3,110
TRN-10317,EMU,COR-019,SEC-0185,2026-09-07,154,159,2,79.3,900,8.1,120
TRN-10318,Passenger,COR-017,SEC-0169,2026-09-03,1078,1098,2,51.1,1200,9.3,120
TRN-10319,Express,COR-004,SEC-0037,2026-09-12,1225,1232,3,69.1,1400,11.1,80
TRN-10320,Express,COR-005,SEC-0048,2026-09-03,172,192,3,92.9,1400,14.3,100
TRN-10321,EMU,COR-007,SEC-0063,2026-09-15,955,967,2,60.1,900,12.2,100
TRN-10322,Passenger,COR-010,SEC-0093,2026-09-06,1413,1425,2,68.2,1200,13.4,100
TRN-10323,Freight,COR-001,SEC-0001,2026-09-16,1406,1416,1,46.2,3000,6.1,120
TRN-10324,Express,COR-004,SEC-0039,2026-09-15,765,777,3,57.0,1400,5.2,80
TRN-10325,Superfast,COR-017,SEC-0168,2026-09-08,450,455,3,84.2,1600,14.4,80
TRN-10326,Passenger,COR-005,SEC-0043,2026-09-04,925,935,2,43.3,1200,5.9,110
TRN-10327,Superfast,COR-009,SEC-0085,2026-09-07,728,740,3,66.1,1600,10.6,110
TRN-10328,Superfast,COR-003,SEC-0025,2026-09-12,647,654,3,98.0,1600,17.5,120
TRN-10329,Express,COR-005,SEC-0042,2026-09-12,547,554,3,79.6,1400,5.5,130
TRN-10330,Freight,COR-017,SEC-0164,2026-09-03,244,251,1,13.0,3000,6.8,110
TRN-10331,EMU,COR-013,SEC-0122,2026-09-15,519,539,2,77.7,900,9.1,80
TRN-10332,Express,COR-003,SEC-0026,2026-09-12,940,945,3,75.9,1400,10.5,100
TRN-10333,Freight,COR-018,SEC-0172,2026-09-08,713,720,1,36.3,3000,8.0,130
TRN-10334,Passenger,COR-002,SEC-0019,2026-09-06,1391,1401,2,59.7,1200,8.3,120
TRN-10335,Freight,COR-014,SEC-0138,2026-09-05,51,63,1,56.8,3000,6.2,120
TRN-10336,Freight,COR-018,SEC-0176,2026-09-03,1072,1087,1,5.0,3000,10.1,110
TRN-10337,Passenger,COR-001,SEC-0010,2026-09-09,78,88,2,76.8,1200,11.6,80
TRN-10338,Freight,COR-002,SEC-0015,2026-09-07,618,630,1,66.9,3000,15.1,80
TRN-10339,Freight,COR-002,SEC-0019,2026-09-03,1184,1191,1,29.4,3000,9.0,120
TRN-10340,Passenger,COR-002,SEC-0019,2026-09-12,704,711,2,38.6,1200,3.9,120
TRN-10341,Passenger,COR-020,SEC-0196,2026-09-10,1293,1303,2,84.4,1200,6.5,110
TRN-10342,Passenger,COR-003,SEC-0028,2026-09-05,119,124,2,56.7,1200,5.2,120
TRN-10343,EMU,COR-005,SEC-0050,2026-09-12,553,558,2,53.2,900,4.8,120
TRN-10344,EMU,COR-016,SEC-0159,2026-09-03,555,570,2,76.6,900,7.4,120
TRN-10345,Freight,COR-008,SEC-0072,2026-09-05,1339,1354,1,48.4,3000,6.1,100
TRN-10346,Express,COR-017,SEC-0164,2026-09-14,503,513,3,76.8,1400,10.5,100
TRN-10347,Superfast,COR-010,SEC-0094,2026-09-04,1073,1093,3,72.7,1600,12.3,110
TRN-10348,Passenger,COR-011,SEC-0107,2026-09-04,523,543,2,80.9,1200,8.3,130
TRN-10349,Express,COR-012,SEC-0115,2026-09-11,850,865,3,63.5,1400,7.6,120
TRN-10350,Express,COR-003,SEC-0030,2026-09-05,1250,1255,3,67.9,1400,10.9,110
TRN-10351,EMU,COR-001,SEC-0008,2026-09-10,293,313,2,66.2,900,7.3,130
TRN-10352,Express,COR-012,SEC-0114,2026-09-11,1117,1129,3,43.6,1400,8.2,110
TRN-10353,EMU,COR-018,SEC-0171,2026-09-05,405,410,2,96.2,900,14.9,130
TRN-10354,Passenger,COR-001,SEC-0002,2026-09-06,231,246,2,89.4,1200,9.9,100
TRN-10355,EMU,COR-009,SEC-0087,2026-09-10,1214,1224,2,68.8,900,5.5,110
TRN-10356,Express,COR-004,SEC-0035,2026-09-16,643,650,3,72.0,1400,13.0,110
TRN-10357,Passenger,COR-011,SEC-0105,2026-09-05,6,16,2,57.7,1200,8.0,110
TRN-10358,Passenger,COR-005,SEC-0049,2026-09-06,647,654,2,86.8,1200,8.5,120
TRN-10359,Freight,COR-003,SEC-0022,2026-09-10,300,312,1,40.1,3000,5.8,80
TRN-10360,Express,COR-004,SEC-0033,2026-09-07,1102,1122,3,74.6,1400,11.7,110
TRN-10361,Passenger,COR-020,SEC-0200,2026-09-08,842,847,2,62.6,1200,10.0,110
TRN-10362,Passenger,COR-004,SEC-0032,2026-09-10,786,801,2,67.0,1200,8.3,100
TRN-10363,Freight,COR-007,SEC-0070,2026-09-07,360,370,1,17.7,3000,2.5,110
TRN-10364,EMU,COR-008,SEC-0073,2026-09-06,101,111,2,64.8,900,4.4,80
TRN-10365,Freight,COR-001,SEC-0003,2026-09-11,767,787,1,54.7,3000,12.9,120
TRN-10366,Freight,COR-011,SEC-0101,2026-09-04,1216,1231,1,45.3,3000,4.3,100
TRN-10367,EMU,COR-019,SEC-0183,2026-09-10,699,719,2,34.7,900,2.1,130
TRN-10368,Superfast,COR-010,SEC-0099,2026-09-16,292,302,3,77.2,1600,12.2,100
TRN-10369,Express,COR-015,SEC-0149,2026-09-03,292,299,3,63.4,1400,9.8,130
TRN-10370,Freight,COR-015,SEC-0143,2026-09-07,531,541,1,47.3,3000,3.8,130
TRN-10371,Passenger,COR-010,SEC-0100,2026-09-14,484,489,2,69.8,1200,10.6,110
TRN-10372,Express,COR-015,SEC-0142,2026-09-09,656,661,3,83.3,1400,9.7,110
TRN-10373,EMU,COR-017,SEC-0168,2026-09-09,952,962,2,62.4,900,9.7,110
TRN-10374,Freight,COR-012,SEC-0115,2026-09-10,219,231,1,12.3,3000,6.8,120
TRN-10375,EMU,COR-018,SEC-0177,2026-09-11,58,63,2,68.8,900,10.0,130
TRN-10376,Superfast,COR-006,SEC-0053,2026-09-06,1154,1166,3,87.8,1600,17.4,110
TRN-10377,Freight,COR-007,SEC-0062,2026-09-05,1427,1439,1,48.7,3000,11.8,120
TRN-10378,Superfast,COR-008,SEC-0072,2026-09-15,43,53,3,83.8,1600,7.3,120
TRN-10379,Passenger,COR-003,SEC-0022,2026-09-04,643,655,2,99.0,1200,12.9,110
TRN-10380,Superfast,COR-003,SEC-0027,2026-09-13,802,822,3,77.5,1600,14.1,110
TRN-10381,Freight,COR-019,SEC-0184,2026-09-05,243,255,1,35.2,3000,3.5,120
TRN-10382,Express,COR-008,SEC-0078,2026-09-15,665,677,3,94.2,1400,10.3,110
TRN-10383,Freight,COR-013,SEC-0122,2026-09-09,686,693,1,54.8,3000,6.0,100
TRN-10384,Passenger,COR-005,SEC-0043,2026-09-03,1255,1265,2,53.1,1200,5.0,110
TRN-10385,Express,COR-019,SEC-0189,2026-09-11,522,537,3,91.9,1400,3.6,100
TRN-10386,Freight,COR-006,SEC-0059,2026-09-13,470,475,1,36.4,3000,4.1,100
TRN-10387,Freight,COR-006,SEC-0052,2026-09-14,1383,1398,1,45.4,3000,7.7,80
TRN-10388,Superfast,COR-016,SEC-0160,2026-09-10,549,559,3,58.1,1600,8.7,120
TRN-10389,Passenger,COR-016,SEC-0154,2026-09-09,1288,1295,2,75.3,1200,12.4,100
TRN-10390,Freight,COR-004,SEC-0039,2026-09-15,693,698,1,42.1,3000,1.3,130
TRN-10391,Passenger,COR-020,SEC-0197,2026-09-16,461,471,2,81.6,1200,12.7,130
TRN-10392,Freight,COR-016,SEC-0152,2026-09-03,601,616,1,12.9,3000,7.0,100
TRN-10393,Freight,COR-008,SEC-0073,2026-09-09,541,548,1,39.7,3000,7.5,130
TRN-10394,Express,COR-004,SEC-0032,2026-09-06,1278,1285,3,77.9,1400,13.8,110
TRN-10395,Freight,COR-002,SEC-0016,2026-09-14,715,730,1,16.2,3000,8.1,120
TRN-10396,Superfast,COR-002,SEC-0016,2026-09-05,588,608,3,69.7,1600,13.0,110
TRN-10397,Freight,COR-018,SEC-0173,2026-09-16,1118,1128,1,49.9,3000,6.9,110
TRN-10398,Freight,COR-019,SEC-0188,2026-09-03,605,615,1,25.1,3000,13.8,130
TRN-10399,EMU,COR-016,SEC-0153,2026-09-10,1032,1037,2,67.7,900,9.0,110
TRN-10400,Express,COR-015,SEC-0149,2026-09-04,784,791,3,59.7,1400,8.9,120
TRN-10401,Superfast,COR-012,SEC-0111,2026-09-15,1361,1368,3,34.1,1600,14.0,80
TRN-10402,Superfast,COR-007,SEC-0069,2026-09-16,1292,1297,3,85.9,1600,12.0,100
TRN-10403,Passenger,COR-014,SEC-0133,2026-09-11,824,834,2,74.2,1200,8.4,110
TRN-10404,Express,COR-003,SEC-0028,2026-09-07,159,166,3,77.8,1400,13.8,110
TRN-10405,Superfast,COR-016,SEC-0154,2026-09-14,66,73,3,82.3,1600,7.1,100
TRN-10406,Superfast,COR-012,SEC-0116,2026-09-09,572,577,3,91.8,1600,8.3,80
TRN-10407,Passenger,COR-018,SEC-0175,2026-09-07,326,331,2,76.3,1200,14.8,100
TRN-10408,Freight,COR-020,SEC-0191,2026-09-09,493,503,1,13.3,3000,8.8,110
TRN-10409,Passenger,COR-012,SEC-0115,2026-09-04,479,486,2,71.2,1200,8.4,120
TRN-10410,EMU,COR-010,SEC-0097,2026-09-10,953,963,2,50.1,900,13.2,120
TRN-10411,Superfast,COR-012,SEC-0114,2026-09-06,901,916,3,69.0,1600,16.0,100
TRN-10412,EMU,COR-013,SEC-0123,2026-09-04,24,36,2,88.8,900,8.2,120
TRN-10413,Superfast,COR-017,SEC-0163,2026-09-12,1127,1139,3,80.7,1600,11.6,110
TRN-10414,Passenger,COR-003,SEC-0028,2026-09-16,277,284,2,49.9,1200,5.4,110
TRN-10415,EMU,COR-009,SEC-0081,2026-09-16,1192,1199,2,66.8,900,6.6,100
TRN-10416,Express,COR-018,SEC-0180,2026-09-04,1190,1197,3,66.2,1400,7.1,110
TRN-10417,Freight,COR-004,SEC-0033,2026-09-13,954,959,1,30.6,3000,9.0,100
TRN-10418,Superfast,COR-017,SEC-0169,2026-09-04,679,686,3,98.4,1600,14.2,130
TRN-10419,Passenger,COR-013,SEC-0122,2026-09-06,135,155,2,68.8,1200,13.2,120
TRN-10420,Passenger,COR-004,SEC-0032,2026-09-12,672,692,2,53.9,1200,10.8,110
TRN-10421,Express,COR-009,SEC-0089,2026-09-16,1130,1145,3,65.1,1400,3.9,120
TRN-10422,Passenger,COR-002,SEC-0013,2026-09-05,1112,1122,2,77.8,1200,12.5,110
TRN-10423,Passenger,COR-018,SEC-0180,2026-09-03,540,555,2,74.1,1200,11.0,80
TRN-10424,Passenger,COR-018,SEC-0180,2026-09-14,56,63,2,65.5,1200,7.2,110
TRN-10425,Passenger,COR-008,SEC-0073,2026-09-08,972,977,2,60.5,1200,3.4,110
TRN-10426,Superfast,COR-018,SEC-0177,2026-09-15,585,605,3,78.3,1600,7.6,120
TRN-10427,Express,COR-018,SEC-0179,2026-09-08,409,416,3,74.4,1400,10.6,80
TRN-10428,Freight,COR-011,SEC-0108,2026-09-03,1419,1429,1,42.8,3000,6.9,130
TRN-10429,Express,COR-013,SEC-0129,2026-09-05,888,895,3,75.5,1400,8.3,110
TRN-10430,Passenger,COR-017,SEC-0163,2026-09-12,1394,1414,2,87.6,1200,6.4,80
TRN-10431,Freight,COR-011,SEC-0110,2026-09-16,449,459,1,22.5,3000,10.7,110
TRN-10432,Passenger,COR-003,SEC-0023,2026-09-16,600,607,2,63.7,1200,7.6,110
TRN-10433,Freight,COR-012,SEC-0113,2026-09-09,1001,1021,1,59.7,3000,8.0,110
TRN-10434,Superfast,COR-002,SEC-0018,2026-09-09,630,640,3,68.2,1600,8.8,100
TRN-10435,Passenger,COR-008,SEC-0072,2026-09-11,1413,1420,2,58.0,1200,8.2,120
TRN-10436,EMU,COR-001,SEC-0002,2026-09-06,300,312,2,48.0,900,10.6,110
TRN-10437,Passenger,COR-013,SEC-0124,2026-09-14,332,339,2,80.0,1200,15.5,100
TRN-10438,Freight,COR-018,SEC-0175,2026-09-03,685,695,1,57.9,3000,8.6,120
TRN-10439,Superfast,COR-019,SEC-0186,2026-09-08,262,277,3,75.7,1600,10.9,130
TRN-10440,Freight,COR-016,SEC-0154,2026-09-06,217,224,1,39.3,3000,10.1,100
TRN-10441,Superfast,COR-013,SEC-0127,2026-09-09,106,116,3,63.7,1600,3.6,110
TRN-10442,EMU,COR-013,SEC-0129,2026-09-16,1263,1283,2,72.9,900,8.6,110
TRN-10443,Passenger,COR-013,SEC-0124,2026-09-09,809,816,2,60.2,1200,7.5,110
TRN-10444,Passenger,COR-003,SEC-0024,2026-09-03,313,318,2,78.4,1200,8.1,120
TRN-10445,EMU,COR-018,SEC-0176,2026-09-06,870,880,2,45.9,900,11.7,100
TRN-10446,Passenger,COR-002,SEC-0012,2026-09-03,906,913,2,55.6,1200,9.7,120
TRN-10447,Superfast,COR-005,SEC-0042,2026-09-03,78,88,3,57.9,1600,12.2,120
TRN-10448,Express,COR-020,SEC-0191,2026-09-15,1202,1222,3,87.9,1400,11.6,120
TRN-10449,Passenger,COR-019,SEC-0188,2026-09-04,92,99,2,76.8,1200,11.1,110
TRN-10450,Superfast,COR-015,SEC-0142,2026-09-07,254,264,3,54.6,1600,6.3,80
TRN-10451,Passenger,COR-019,SEC-0187,2026-09-11,921,931,2,79.8,1200,7.2,80
TRN-10452,EMU,COR-020,SEC-0200,2026-09-11,367,377,2,70.3,900,2.9,110
TRN-10453,Freight,COR-016,SEC-0155,2026-09-06,1340,1355,1,38.4,3000,12.9,100
TRN-10454,EMU,COR-008,SEC-0080,2026-09-13,535,545,2,50.0,900,1.4,100
TRN-10455,Superfast,COR-014,SEC-0138,2026-09-14,742,762,3,71.4,1600,3.5,120
TRN-10456,Superfast,COR-018,SEC-0173,2026-09-07,99,109,3,99.0,1600,15.2,110
TRN-10457,Superfast,COR-011,SEC-0104,2026-09-05,647,654,3,60.6,1600,7.9,120
TRN-10458,Express,COR-020,SEC-0193,2026-09-09,1039,1054,3,99.0,1400,12.2,100
TRN-10459,Freight,COR-010,SEC-0092,2026-09-15,30,40,1,49.6,3000,7.0,120
TRN-10460,Express,COR-011,SEC-0110,2026-09-07,203,210,3,66.7,1400,9.6,100
TRN-10461,Express,COR-001,SEC-0001,2026-09-13,965,980,3,62.1,1400,7.0,110
TRN-10462,EMU,COR-014,SEC-0134,2026-09-14,512,522,2,99.0,900,15.9,120
TRN-10463,Superfast,COR-017,SEC-0168,2026-09-13,804,814,3,77.4,1600,9.0,80
TRN-10464,Express,COR-013,SEC-0124,2026-09-06,736,741,3,75.4,1400,9.8,100
TRN-10465,Express,COR-008,SEC-0071,2026-09-03,1067,1074,3,81.5,1400,7.5,120
TRN-10466,EMU,COR-002,SEC-0015,2026-09-04,111,121,2,73.3,900,5.5,120
TRN-10467,EMU,COR-020,SEC-0198,2026-09-03,596,603,2,46.8,900,5.4,100
TRN-10468,Freight,COR-014,SEC-0131,2026-09-15,947,959,1,52.5,3000,6.4,80
TRN-10469,Passenger,COR-012,SEC-0120,2026-09-13,456,468,2,43.9,1200,9.1,120
TRN-10470,Superfast,COR-012,SEC-0113,2026-09-03,258,278,3,76.1,1600,13.3,120
TRN-10471,Express,COR-016,SEC-0157,2026-09-13,900,915,3,61.2,1400,7.7,120
TRN-10472,Passenger,COR-015,SEC-0147,2026-09-09,847,867,2,96.4,1200,15.5,100
TRN-10473,EMU,COR-015,SEC-0146,2026-09-04,859,871,2,54.4,900,6.7,100
TRN-10474,Freight,COR-019,SEC-0183,2026-09-04,110,117,1,44.8,3000,10.1,120
TRN-10475,Passenger,COR-007,SEC-0064,2026-09-13,847,857,2,47.1,1200,7.0,110
TRN-10476,Freight,COR-008,SEC-0075,2026-09-08,952,957,1,9.1,3000,1.9,110
TRN-10477,Express,COR-013,SEC-0129,2026-09-06,1014,1021,3,73.6,1400,5.5,80
TRN-10478,EMU,COR-004,SEC-0031,2026-09-14,1082,1094,2,65.8,900,7.0,120
TRN-10479,EMU,COR-005,SEC-0046,2026-09-13,819,829,2,61.2,900,9.3,130
TRN-10480,Superfast,COR-006,SEC-0059,2026-09-03,212,227,3,92.8,1600,7.9,120
TRN-10481,Express,COR-015,SEC-0141,2026-09-08,1186,1196,3,54.2,1400,11.9,130
TRN-10482,Freight,COR-013,SEC-0128,2026-09-14,375,385,1,38.7,3000,10.4,120
TRN-10483,EMU,COR-018,SEC-0178,2026-09-03,226,238,2,89.1,900,11.4,120
TRN-10484,Passenger,COR-015,SEC-0142,2026-09-15,348,360,2,96.6,1200,15.6,110
TRN-10485,Passenger,COR-007,SEC-0067,2026-09-13,299,309,2,61.1,1200,11.8,80
TRN-10486,Freight,COR-011,SEC-0107,2026-09-16,41,53,1,30.9,3000,2.0,120
TRN-10487,Superfast,COR-004,SEC-0033,2026-09-08,284,289,3,83.7,1600,15.6,120
TRN-10488,Superfast,COR-013,SEC-0125,2026-09-08,184,189,3,72.8,1600,10.4,120
TRN-10489,Passenger,COR-009,SEC-0087,2026-09-16,687,694,2,74.4,1200,11.3,120
TRN-10490,Express,COR-013,SEC-0128,2026-09-13,814,829,3,79.9,1400,17.7,80
TRN-10491,Freight,COR-004,SEC-0036,2026-09-06,895,900,1,42.5,3000,7.3,80
TRN-10492,Freight,COR-003,SEC-0026,2026-09-09,924,934,1,12.2,3000,6.4,80
TRN-10493,EMU,COR-006,SEC-0058,2026-09-06,681,691,2,73.4,900,6.8,130
TRN-10494,EMU,COR-010,SEC-0099,2026-09-15,1181,1201,2,72.9,900,9.7,100
TRN-10495,Express,COR-006,SEC-0054,2026-09-03,478,488,3,80.3,1400,3.6,100
TRN-10496,Freight,COR-004,SEC-0039,2026-09-06,639,651,1,47.7,3000,6.6,100
TRN-10497,Freight,COR-011,SEC-0104,2026-09-07,298,303,1,10.8,3000,5.0,130
TRN-10498,Freight,COR-013,SEC-0124,2026-09-10,629,639,1,18.3,3000,5.5,80
TRN-10499,EMU,COR-011,SEC-0103,2026-09-07,365,372,2,73.0,900,11.4,120
TRN-10500,Passenger,COR-006,SEC-0055,2026-09-03,1142,1149,2,79.5,1200,11.8,120
TRN-10501,Superfast,COR-008,SEC-0078,2026-09-11,480,492,3,78.8,1600,10.1,110
TRN-10502,Superfast,COR-002,SEC-0014,2026-09-08,432,444,3,86.3,1600,13.9,80
TRN-10503,Passenger,COR-013,SEC-0125,2026-09-03,1332,1342,2,68.9,1200,9.6,110
TRN-10504,Express,COR-019,SEC-0185,2026-09-07,396,408,3,61.5,1400,10.6,100
TRN-10505,Superfast,COR-014,SEC-0131,2026-09-15,259,271,3,91.8,1600,5.1,120
TRN-10506,EMU,COR-015,SEC-0146,2026-09-14,206,221,2,95.2,900,13.4,120
TRN-10507,Express,COR-007,SEC-0066,2026-09-10,1045,1050,3,64.4,1400,9.0,80
TRN-10508,Freight,COR-017,SEC-0168,2026-09-11,224,229,1,46.0,3000,8.7,80
TRN-10509,EMU,COR-020,SEC-0198,2026-09-06,1337,1342,2,61.4,900,6.3,130
TRN-10510,Express,COR-003,SEC-0024,2026-09-04,271,278,3,72.9,1400,12.2,100
TRN-10511,Express,COR-014,SEC-0132,2026-09-13,1389,1401,3,55.9,1400,6.7,80
TRN-10512,Freight,COR-019,SEC-0184,2026-09-07,1195,1210,1,5.0,3000,3.9,100
TRN-10513,EMU,COR-015,SEC-0142,2026-09-06,924,934,2,87.1,900,12.6,110
TRN-10514,Superfast,COR-010,SEC-0091,2026-09-15,339,354,3,69.8,1600,11.4,110
TRN-10515,Passenger,COR-019,SEC-0189,2026-09-12,1217,1237,2,87.9,1200,14.2,100
TRN-10516,Passenger,COR-001,SEC-0001,2026-09-06,1401,1406,2,80.6,1200,7.9,120
TRN-10517,Superfast,COR-007,SEC-0061,2026-09-07,761,766,3,48.0,1600,13.5,120
TRN-10518,Freight,COR-009,SEC-0084,2026-09-07,922,932,1,30.3,3000,8.9,120
TRN-10519,Express,COR-015,SEC-0150,2026-09-03,1039,1059,3,78.9,1400,6.6,120
TRN-10520,Freight,COR-012,SEC-0120,2026-09-13,1011,1021,1,7.0,3000,3.6,100
TRN-10521,Freight,COR-006,SEC-0053,2026-09-03,880,900,1,70.3,3000,12.7,100
TRN-10522,Express,COR-007,SEC-0063,2026-09-13,409,419,3,40.1,1400,10.6,100
TRN-10523,EMU,COR-002,SEC-0014,2026-09-04,720,725,2,63.6,900,13.5,110
TRN-10524,Passenger,COR-014,SEC-0137,2026-09-10,798,813,2,68.6,1200,11.1,120
TRN-10525,Freight,COR-017,SEC-0170,2026-09-04,182,187,1,53.0,3000,9.2,100
TRN-10526,Passenger,COR-011,SEC-0104,2026-09-05,624,639,2,47.8,1200,2.9,120
TRN-10527,Superfast,COR-006,SEC-0057,2026-09-12,214,224,3,72.2,1600,8.8,120
TRN-10528,Express,COR-004,SEC-0040,2026-09-04,17,32,3,77.4,1400,5.8,110
TRN-10529,Superfast,COR-011,SEC-0107,2026-09-06,169,181,3,80.6,1600,8.1,120
TRN-10530,Freight,COR-004,SEC-0040,2026-09-13,325,335,1,23.8,3000,4.7,100
TRN-10531,Passenger,COR-020,SEC-0198,2026-09-10,515,520,2,54.7,1200,11.1,130
TRN-10532,Freight,COR-001,SEC-0007,2026-09-11,766,773,1,5.0,3000,6.6,100
TRN-10533,Passenger,COR-018,SEC-0180,2026-09-07,716,721,2,73.3,1200,8.1,110
TRN-10534,Superfast,COR-005,SEC-0043,2026-09-16,13,23,3,91.8,1600,9.2,110
TRN-10535,Express,COR-006,SEC-0053,2026-09-06,1111,1126,3,62.0,1400,2.6,100
TRN-10536,Express,COR-009,SEC-0090,2026-09-06,253,263,3,86.1,1400,16.3,110
TRN-10537,Passenger,COR-004,SEC-0036,2026-09-09,268,273,2,97.4,1200,6.9,110
TRN-10538,Express,COR-008,SEC-0074,2026-09-16,1063,1070,3,69.4,1400,7.8,110
TRN-10539,Passenger,COR-014,SEC-0140,2026-09-11,900,920,2,81.5,1200,13.5,80
TRN-10540,Superfast,COR-013,SEC-0123,2026-09-08,1116,1126,3,42.4,1600,8.2,80
TRN-10541,Superfast,COR-008,SEC-0078,2026-09-15,1007,1019,3,88.5,1600,13.2,80
TRN-10542,Express,COR-015,SEC-0145,2026-09-09,809,819,3,87.4,1400,9.2,120
TRN-10543,Superfast,COR-015,SEC-0142,2026-09-13,1188,1195,3,75.9,1600,9.2,110
TRN-10544,Passenger,COR-019,SEC-0190,2026-09-09,484,489,2,77.6,1200,9.6,100
TRN-10545,Superfast,COR-008,SEC-0079,2026-09-12,135,140,3,94.3,1600,19.2,130
TRN-10546,Passenger,COR-016,SEC-0160,2026-09-15,1345,1350,2,78.2,1200,13.6,110
TRN-10547,Freight,COR-011,SEC-0110,2026-09-15,1127,1139,1,49.1,3000,12.4,110
TRN-10548,Freight,COR-019,SEC-0187,2026-09-03,1382,1387,1,55.5,3000,4.9,110
TRN-10549,Express,COR-017,SEC-0161,2026-09-14,390,402,3,73.0,1400,11.3,120
TRN-10550,Express,COR-009,SEC-0083,2026-09-04,1122,1129,3,77.3,1400,9.4,100
TRN-10551,Express,COR-009,SEC-0086,2026-09-14,503,513,3,82.0,1400,14.7,110
TRN-10552,EMU,COR-012,SEC-0118,2026-09-11,461,466,2,83.2,900,7.9,120
TRN-10553,Passenger,COR-007,SEC-0062,2026-09-13,187,199,2,53.9,1200,7.7,100
TRN-10554,Freight,COR-008,SEC-0077,2026-09-13,378,388,1,45.3,3000,5.8,110
TRN-10555,Passenger,COR-002,SEC-0016,2026-09-08,1123,1143,2,83.5,1200,10.0,80
TRN-10556,Freight,COR-012,SEC-0119,2026-09-12,271,281,1,35.3,3000,9.3,110
TRN-10557,Passenger,COR-005,SEC-0047,2026-09-14,1266,1276,2,41.9,1200,3.1,120
TRN-10558,Passenger,COR-006,SEC-0053,2026-09-10,803,808,2,87.4,1200,8.5,100
TRN-10559,Passenger,COR-004,SEC-0032,2026-09-07,726,738,2,43.1,1200,3.9,120
TRN-10560,Superfast,COR-015,SEC-0145,2026-09-15,405,417,3,41.9,1600,3.5,100
TRN-10561,Passenger,COR-004,SEC-0040,2026-09-04,1386,1398,2,96.0,1200,7.4,80
TRN-10562,Superfast,COR-008,SEC-0077,2026-09-14,824,831,3,94.2,1600,16.1,110
TRN-10563,Superfast,COR-005,SEC-0041,2026-09-15,273,283,3,58.5,1600,5.9,120
TRN-10564,Passenger,COR-018,SEC-0178,2026-09-16,331,343,2,69.0,1200,12.8,110
TRN-10565,EMU,COR-020,SEC-0197,2026-09-07,1432,1439,2,99.0,900,15.6,130
TRN-10566,Passenger,COR-006,SEC-0058,2026-09-05,599,606,2,72.0,1200,10.0,120
TRN-10567,Superfast,COR-003,SEC-0022,2026-09-07,1089,1109,3,89.3,1600,12.2,80
TRN-10568,Passenger,COR-015,SEC-0144,2026-09-04,232,239,2,84.5,1200,13.4,110
TRN-10569,Passenger,COR-018,SEC-0173,2026-09-09,1009,1019,2,85.4,1200,13.5,100
TRN-10570,Freight,COR-020,SEC-0200,2026-09-13,936,951,1,64.6,3000,6.2,110
TRN-10571,Express,COR-004,SEC-0040,2026-09-03,683,698,3,50.5,1400,6.7,100
TRN-10572,Passenger,COR-015,SEC-0147,2026-09-12,572,592,2,97.9,1200,13.3,80
TRN-10573,Freight,COR-006,SEC-0058,2026-09-16,318,325,1,22.2,3000,7.1,120
TRN-10574,Passenger,COR-008,SEC-0077,2026-09-15,775,787,2,79.7,1200,9.3,80
TRN-10575,Superfast,COR-007,SEC-0067,2026-09-12,1185,1190,3,77.0,1600,8.1,120
TRN-10576,EMU,COR-003,SEC-0023,2026-09-04,1207,1217,2,72.9,900,8.4,110
TRN-10577,Express,COR-020,SEC-0198,2026-09-05,1204,1211,3,63.3,1400,6.0,100
TRN-10578,EMU,COR-019,SEC-0186,2026-09-08,847,857,2,86.9,900,20.5,100
TRN-10579,Passenger,COR-008,SEC-0076,2026-09-06,1148,1153,2,74.2,1200,13.6,110
TRN-10580,Express,COR-019,SEC-0184,2026-09-10,878,890,3,73.1,1400,13.0,100
TRN-10581,Freight,COR-016,SEC-0157,2026-09-07,581,596,1,21.8,3000,1.0,80
TRN-10582,EMU,COR-014,SEC-0139,2026-09-08,1100,1105,2,55.1,900,5.0,100
TRN-10583,Superfast,COR-013,SEC-0128,2026-09-15,1285,1292,3,61.6,1600,9.6,100
TRN-10584,Superfast,COR-019,SEC-0190,2026-09-16,1183,1190,3,48.7,1600,6.5,100
TRN-10585,Express,COR-005,SEC-0042,2026-09-10,391,403,3,77.6,1400,5.6,130
TRN-10586,Express,COR-008,SEC-0078,2026-09-11,505,517,3,71.7,1400,8.6,120
TRN-10587,EMU,COR-014,SEC-0135,2026-09-12,1061,1081,2,78.3,900,14.9,120
TRN-10588,Freight,COR-003,SEC-0026,2026-09-14,45,65,1,13.2,3000,7.7,120
TRN-10589,Freight,COR-018,SEC-0172,2026-09-04,566,578,1,32.3,3000,7.8,110
TRN-10590,Superfast,COR-007,SEC-0065,2026-09-07,698,708,3,79.3,1600,15.1,100
TRN-10591,Superfast,COR-011,SEC-0106,2026-09-15,100,110,3,79.2,1600,16.3,80
TRN-10592,Passenger,COR-020,SEC-0195,2026-09-08,25,30,2,60.4,1200,15.8,120
TRN-10593,Express,COR-009,SEC-0081,2026-09-15,923,933,3,81.5,1400,9.7,110
TRN-10594,Superfast,COR-009,SEC-0083,2026-09-12,1250,1262,3,80.3,1600,10.7,80
TRN-10595,EMU,COR-004,SEC-0032,2026-09-10,97,117,2,82.2,900,10.5,100
TRN-10596,Freight,COR-013,SEC-0127,2026-09-05,389,399,1,16.9,3000,3.8,100
TRN-10597,Superfast,COR-016,SEC-0154,2026-09-15,727,739,3,45.0,1600,5.4,100
TRN-10598,EMU,COR-005,SEC-0044,2026-09-16,2,7,2,81.7,900,12.0,110
TRN-10599,EMU,COR-008,SEC-0076,2026-09-12,336,341,2,87.4,900,12.6,110
TRN-10600,Superfast,COR-003,SEC-0030,2026-09-11,721,731,3,88.6,1600,13.3,120
TRN-10601,Passenger,COR-005,SEC-0047,2026-09-10,372,379,2,87.6,1200,16.3,100
TRN-10602,Freight,COR-015,SEC-0142,2026-09-11,1334,1339,1,38.4,3000,5.7,110
TRN-10603,EMU,COR-018,SEC-0175,2026-09-06,1221,1231,2,25.0,900,6.0,80
TRN-10604,Superfast,COR-005,SEC-0043,2026-09-16,192,204,3,74.2,1600,14.2,100
TRN-10605,Passenger,COR-012,SEC-0120,2026-09-04,225,237,2,54.9,1200,10.4,110
TRN-10606,Freight,COR-016,SEC-0159,2026-09-07,1395,1405,1,37.5,3000,9.4,120
TRN-10607,Express,COR-016,SEC-0157,2026-09-08,192,204,3,55.1,1400,5.3,100
TRN-10608,Passenger,COR-015,SEC-0144,2026-09-15,27,32,2,71.8,1200,10.3,120
TRN-10609,EMU,COR-003,SEC-0021,2026-09-03,778,785,2,81.8,900,11.6,110
TRN-10610,Express,COR-010,SEC-0098,2026-09-07,244,256,3,99.0,1400,9.4,110
TRN-10611,Passenger,COR-006,SEC-0055,2026-09-05,326,338,2,73.5,1200,10.8,100
TRN-10612,Express,COR-019,SEC-0182,2026-09-12,1286,1293,3,67.6,1400,5.4,80
TRN-10613,Passenger,COR-011,SEC-0105,2026-09-10,497,502,2,39.5,1200,9.5,100
TRN-10614,Superfast,COR-016,SEC-0156,2026-09-16,73,80,3,89.8,1600,15.7,120
TRN-10615,Freight,COR-016,SEC-0154,2026-09-07,1279,1289,1,21.4,3000,1.3,130
TRN-10616,Express,COR-015,SEC-0144,2026-09-08,614,624,3,59.8,1400,8.9,110
TRN-10617,Passenger,COR-016,SEC-0158,2026-09-15,604,624,2,98.8,1200,17.5,130
TRN-10618,EMU,COR-014,SEC-0133,2026-09-11,1246,1256,2,60.9,900,11.4,80
TRN-10619,Freight,COR-019,SEC-0190,2026-09-10,839,846,1,53.4,3000,9.6,100
TRN-10620,EMU,COR-014,SEC-0135,2026-09-07,1235,1250,2,47.4,900,9.2,120
TRN-10621,EMU,COR-006,SEC-0058,2026-09-15,1076,1096,2,73.1,900,9.8,120
TRN-10622,Passenger,COR-015,SEC-0141,2026-09-05,913,923,2,86.3,1200,10.4,120
TRN-10623,Passenger,COR-004,SEC-0035,2026-09-07,531,541,2,62.8,1200,8.2,120
TRN-10624,Superfast,COR-001,SEC-0009,2026-09-12,1081,1093,3,62.2,1600,9.3,110
TRN-10625,Freight,COR-019,SEC-0182,2026-09-12,1438,1439,1,24.4,3000,4.4,100
TRN-10626,Passenger,COR-018,SEC-0173,2026-09-14,919,931,2,93.0,1200,8.4,100
TRN-10627,Passenger,COR-001,SEC-0006,2026-09-12,570,577,2,68.4,1200,9.3,100
TRN-10628,EMU,COR-003,SEC-0026,2026-09-04,750,770,2,65.3,900,13.3,110
TRN-10629,Passenger,COR-007,SEC-0070,2026-09-14,1024,1031,2,48.5,1200,4.6,110
TRN-10630,Passenger,COR-001,SEC-0004,2026-09-13,55,67,2,74.5,1200,10.1,120
TRN-10631,Superfast,COR-015,SEC-0150,2026-09-14,66,73,3,94.2,1600,13.8,80
TRN-10632,Superfast,COR-019,SEC-0188,2026-09-03,243,250,3,73.0,1600,6.3,110
TRN-10633,Passenger,COR-012,SEC-0111,2026-09-09,961,981,2,68.8,1200,8.5,100
TRN-10634,Express,COR-001,SEC-0010,2026-09-10,1070,1077,3,50.1,1400,2.1,120
TRN-10635,Freight,COR-009,SEC-0088,2026-09-05,547,554,1,5.0,3000,6.3,130
TRN-10636,Passenger,COR-003,SEC-0029,2026-09-03,1092,1099,2,78.9,1200,12.2,110
TRN-10637,EMU,COR-009,SEC-0082,2026-09-08,530,537,2,83.3,900,15.4,110
TRN-10638,EMU,COR-006,SEC-0057,2026-09-10,1394,1404,2,78.0,900,11.5,120
TRN-10639,Freight,COR-008,SEC-0073,2026-09-15,704,709,1,22.0,3000,4.3,120
TRN-10640,Express,COR-003,SEC-0021,2026-09-10,1410,1420,3,67.7,1400,12.5,120
TRN-10641,Superfast,COR-008,SEC-0077,2026-09-13,473,483,3,78.8,1600,9.1,120
TRN-10642,Passenger,COR-017,SEC-0166,2026-09-03,850,870,2,89.7,1200,12.7,100
TRN-10643,Express,COR-015,SEC-0146,2026-09-16,1368,1380,3,69.3,1400,9.9,80
TRN-10644,Passenger,COR-013,SEC-0128,2026-09-07,589,599,2,25.0,1200,8.3,80
TRN-10645,Superfast,COR-014,SEC-0138,2026-09-13,604,624,3,77.9,1600,13.8,130
TRN-10646,Freight,COR-015,SEC-0142,2026-09-10,575,582,1,43.1,3000,2.8,110
TRN-10647,Superfast,COR-010,SEC-0094,2026-09-16,178,193,3,98.9,1600,12.9,120
TRN-10648,Passenger,COR-002,SEC-0019,2026-09-12,904,919,2,82.2,1200,6.6,80
TRN-10649,Passenger,COR-007,SEC-0068,2026-09-09,489,499,2,78.7,1200,1.5,110
TRN-10650,Express,COR-014,SEC-0138,2026-09-06,831,841,3,94.3,1400,11.2,120
TRN-10651,Freight,COR-011,SEC-0106,2026-09-16,1177,1184,1,28.8,3000,1.9,100
TRN-10652,Freight,COR-002,SEC-0020,2026-09-15,962,972,1,24.7,3000,2.4,110
TRN-10653,Superfast,COR-017,SEC-0166,2026-09-13,537,549,3,46.8,1600,9.4,130
TRN-10654,Freight,COR-019,SEC-0188,2026-09-04,1270,1280,1,15.7,3000,2.6,80
TRN-10655,Superfast,COR-013,SEC-0124,2026-09-04,1379,1389,3,73.4,1600,16.1,120
TRN-10656,Freight,COR-008,SEC-0074,2026-09-04,600,612,1,18.5,3000,5.8,110
TRN-10657,Superfast,COR-002,SEC-0014,2026-09-03,1211,1216,3,49.9,1600,4.6,120
TRN-10658,Freight,COR-011,SEC-0110,2026-09-03,492,507,1,46.0,3000,12.8,80
TRN-10659,Freight,COR-020,SEC-0195,2026-09-04,1174,1189,1,52.8,3000,4.9,120
TRN-10660,Freight,COR-010,SEC-0099,2026-09-03,338,348,1,5.0,3000,12.4,100
TRN-10661,EMU,COR-020,SEC-0193,2026-09-10,565,572,2,68.6,900,11.1,120
TRN-10662,Superfast,COR-003,SEC-0024,2026-09-10,127,137,3,52.4,1600,5.8,100
TRN-10663,Superfast,COR-002,SEC-0017,2026-09-11,1033,1045,3,85.7,1600,13.2,130
TRN-10664,Superfast,COR-018,SEC-0172,2026-09-15,766,776,3,93.9,1600,10.2,120
TRN-10665,Express,COR-015,SEC-0144,2026-09-11,480,487,3,41.0,1400,10.0,100
TRN-10666,Passenger,COR-019,SEC-0187,2026-09-16,957,972,2,80.0,1200,4.9,80
TRN-10667,Express,COR-003,SEC-0028,2026-09-06,1083,1095,3,65.6,1400,9.3,80
TRN-10668,Freight,COR-009,SEC-0084,2026-09-11,247,252,1,31.5,3000,11.0,110
TRN-10669,Express,COR-012,SEC-0119,2026-09-15,425,435,3,95.6,1400,11.1,110
TRN-10670,Superfast,COR-014,SEC-0137,2026-09-13,671,676,3,56.2,1600,3.9,100
TRN-10671,EMU,COR-003,SEC-0025,2026-09-07,1200,1220,2,85.7,900,10.2,80
TRN-10672,Superfast,COR-008,SEC-0074,2026-09-06,1047,1057,3,73.2,1600,9.4,130
TRN-10673,Freight,COR-006,SEC-0055,2026-09-14,1172,1182,1,35.4,3000,5.1,110
TRN-10674,Freight,COR-014,SEC-0134,2026-09-05,493,500,1,15.9,3000,1.2,100
TRN-10675,Freight,COR-009,SEC-0087,2026-09-16,803,818,1,40.3,3000,1.0,120
TRN-10676,Passenger,COR-019,SEC-0185,2026-09-14,232,244,2,71.9,1200,17.3,100
TRN-10677,Express,COR-020,SEC-0197,2026-09-07,339,349,3,80.5,1400,8.4,110
TRN-10678,Express,COR-018,SEC-0177,2026-09-06,13,33,3,71.9,1400,9.2,110
TRN-10679,Passenger,COR-012,SEC-0113,2026-09-14,854,866,2,86.0,1200,11.3,110
TRN-10680,Superfast,COR-007,SEC-0062,2026-09-14,646,658,3,68.3,1600,11.1,80
TRN-10681,EMU,COR-004,SEC-0031,2026-09-14,1176,1181,2,93.5,900,13.8,130
TRN-10682,EMU,COR-012,SEC-0112,2026-09-09,125,132,2,72.0,900,6.8,110
TRN-10683,Superfast,COR-013,SEC-0129,2026-09-03,1292,1312,3,58.3,1600,7.4,130
TRN-10684,Passenger,COR-017,SEC-0168,2026-09-07,1343,1363,2,64.4,1200,10.8,120
TRN-10685,Freight,COR-001,SEC-0007,2026-09-13,1234,1254,1,52.2,3000,2.5,120
TRN-10686,Express,COR-003,SEC-0029,2026-09-03,1413,1433,3,88.9,1400,9.8,100
TRN-10687,Passenger,COR-010,SEC-0099,2026-09-05,900,912,2,55.9,1200,4.7,100
TRN-10688,Passenger,COR-007,SEC-0068,2026-09-13,254,259,2,62.5,1200,9.1,110
TRN-10689,Freight,COR-016,SEC-0160,2026-09-08,1426,1431,1,37.2,3000,12.6,80
TRN-10690,Passenger,COR-009,SEC-0082,2026-09-03,948,960,2,89.7,1200,12.7,100
TRN-10691,Passenger,COR-010,SEC-0092,2026-09-16,856,863,2,43.7,1200,2.6,100
TRN-10692,EMU,COR-013,SEC-0126,2026-09-15,275,285,2,88.2,900,14.2,110
TRN-10693,EMU,COR-005,SEC-0050,2026-09-10,1439,1440,2,59.8,900,6.8,100
TRN-10694,Superfast,COR-011,SEC-0109,2026-09-09,559,569,3,80.3,1600,13.0,120
TRN-10695,Superfast,COR-017,SEC-0166,2026-09-09,128,148,3,48.5,1600,13.3,80
TRN-10696,Superfast,COR-009,SEC-0082,2026-09-14,225,235,3,86.6,1600,15.1,100
TRN-10697,EMU,COR-020,SEC-0199,2026-09-13,290,302,2,72.3,900,13.2,120
TRN-10698,Freight,COR-019,SEC-0184,2026-09-08,583,588,1,35.8,3000,6.3,110
TRN-10699,Superfast,COR-018,SEC-0175,2026-09-12,431,441,3,60.6,1600,7.9,120
TRN-10700,Express,COR-004,SEC-0038,2026-09-04,203,208,3,82.0,1400,12.1,100
TRN-10701,Freight,COR-002,SEC-0012,2026-09-04,783,793,1,30.5,3000,1.9,110
TRN-10702,Superfast,COR-009,SEC-0089,2026-09-14,1363,1373,3,67.0,1600,10.4,100
TRN-10703,Superfast,COR-012,SEC-0112,2026-09-13,1058,1078,3,46.7,1600,7.8,120
TRN-10704,Superfast,COR-018,SEC-0176,2026-09-06,285,292,3,50.1,1600,8.7,100
TRN-10705,EMU,COR-016,SEC-0158,2026-09-04,866,878,2,57.3,900,7.7,110
TRN-10706,EMU,COR-020,SEC-0198,2026-09-13,1328,1335,2,80.9,900,13.2,100
TRN-10707,Superfast,COR-010,SEC-0093,2026-09-13,1166,1171,3,79.5,1600,13.1,80
TRN-10708,Passenger,COR-004,SEC-0037,2026-09-07,1382,1392,2,77.6,1200,9.6,120
TRN-10709,Express,COR-013,SEC-0126,2026-09-12,1344,1354,3,81.7,1400,12.4,120
TRN-10710,Freight,COR-020,SEC-0195,2026-09-11,1401,1411,1,52.3,3000,9.1,130
TRN-10711,Express,COR-011,SEC-0103,2026-09-07,682,689,3,82.1,1400,14.2,120
TRN-10712,EMU,COR-014,SEC-0134,2026-09-10,1402,1409,2,77.9,900,5.9,100
TRN-10713,Express,COR-019,SEC-0189,2026-09-14,1098,1108,3,91.4,1400,10.2,110
TRN-10714,Superfast,COR-018,SEC-0174,2026-09-03,1350,1365,3,54.2,1600,10.9,110
TRN-10715,Freight,COR-003,SEC-0025,2026-09-13,867,874,1,54.6,3000,9.6,110
TRN-10716,Express,COR-010,SEC-0097,2026-09-07,619,624,3,59.6,1400,10.7,110
TRN-10717,Passenger,COR-010,SEC-0095,2026-09-13,1041,1048,2,87.9,1200,9.1,110
TRN-10718,Passenger,COR-006,SEC-0059,2026-09-16,253,258,2,84.6,1200,10.9,120
TRN-10719,Express,COR-011,SEC-0105,2026-09-08,909,921,3,91.3,1400,14.1,110
TRN-10720,EMU,COR-014,SEC-0140,2026-09-04,518,538,2,40.2,900,5.5,110
TRN-10721,Passenger,COR-004,SEC-0031,2026-09-09,402,417,2,84.9,1200,12.2,100
TRN-10722,EMU,COR-008,SEC-0080,2026-09-16,91,111,2,55.7,900,11.2,100
TRN-10723,Passenger,COR-014,SEC-0139,2026-09-07,155,162,2,73.3,1200,9.3,100
TRN-10724,Superfast,COR-013,SEC-0125,2026-09-06,142,147,3,77.4,1600,12.8,120
TRN-10725,Express,COR-002,SEC-0019,2026-09-14,1254,1264,3,53.7,1400,9.7,110
TRN-10726,Freight,COR-013,SEC-0128,2026-09-13,1219,1226,1,51.3,3000,9.1,100
TRN-10727,Superfast,COR-012,SEC-0119,2026-09-16,875,885,3,38.6,1600,6.3,80
TRN-10728,Superfast,COR-019,SEC-0184,2026-09-04,625,645,3,87.3,1600,16.6,120
TRN-10729,EMU,COR-006,SEC-0055,2026-09-15,1187,1194,2,63.4,900,12.7,120
TRN-10730,Superfast,COR-013,SEC-0123,2026-09-07,56,71,3,90.7,1600,13.4,120
TRN-10731,Freight,COR-019,SEC-0183,2026-09-16,106,118,1,40.0,3000,1.2,110
TRN-10732,Passenger,COR-003,SEC-0030,2026-09-08,413,433,2,57.8,1200,10.1,130
TRN-10733,Passenger,COR-003,SEC-0024,2026-09-10,791,801,2,87.6,1200,11.9,100
TRN-10734,Passenger,COR-003,SEC-0022,2026-09-11,533,548,2,64.8,1200,7.0,120
TRN-10735,EMU,COR-013,SEC-0126,2026-09-12,1,21,2,55.7,900,9.2,110
TRN-10736,Express,COR-004,SEC-0040,2026-09-10,230,242,3,85.9,1400,4.5,120
TRN-10737,Express,COR-018,SEC-0178,2026-09-05,654,664,3,73.1,1400,11.1,80
TRN-10738,Passenger,COR-008,SEC-0079,2026-09-16,1179,1186,2,90.7,1200,12.2,120
TRN-10739,Passenger,COR-016,SEC-0157,2026-09-12,545,555,2,61.4,1200,15.6,120
TRN-10740,Freight,COR-014,SEC-0135,2026-09-12,144,151,1,23.3,3000,5.6,110
TRN-10741,Freight,COR-007,SEC-0066,2026-09-07,1181,1191,1,42.9,3000,5.9,110
TRN-10742,Passenger,COR-001,SEC-0004,2026-09-09,64,76,2,91.9,1200,11.8,80
TRN-10743,Passenger,COR-018,SEC-0178,2026-09-13,1330,1337,2,77.8,1200,9.4,110
TRN-10744,EMU,COR-010,SEC-0100,2026-09-05,1258,1270,2,68.5,900,8.4,130
TRN-10745,Freight,COR-011,SEC-0101,2026-09-16,746,758,1,50.6,3000,4.8,120
TRN-10746,Superfast,COR-006,SEC-0058,2026-09-08,445,457,3,84.8,1600,10.4,110
TRN-10747,EMU,COR-014,SEC-0136,2026-09-07,1358,1365,2,46.4,900,10.5,120
TRN-10748,Freight,COR-015,SEC-0147,2026-09-13,111,116,1,5.0,3000,13.0,110
TRN-10749,EMU,COR-013,SEC-0129,2026-09-07,1180,1190,2,51.4,900,9.8,110
TRN-10750,Express,COR-017,SEC-0162,2026-09-07,427,437,3,75.5,1400,6.7,110
TRN-10751,Superfast,COR-004,SEC-0040,2026-09-08,612,624,3,79.7,1600,11.1,110
TRN-10752,Express,COR-018,SEC-0174,2026-09-04,221,226,3,41.4,1400,12.4,80
TRN-10753,EMU,COR-002,SEC-0015,2026-09-11,313,323,2,71.2,900,13.6,80
TRN-10754,Superfast,COR-003,SEC-0021,2026-09-03,1405,1412,3,48.2,1600,7.1,130
TRN-10755,Passenger,COR-011,SEC-0104,2026-09-09,544,551,2,53.7,1200,9.6,110
TRN-10756,Superfast,COR-004,SEC-0038,2026-09-07,1411,1421,3,90.6,1600,13.0,120
TRN-10757,Superfast,COR-004,SEC-0035,2026-09-11,157,169,3,62.4,1600,14.5,130
TRN-10758,Passenger,COR-014,SEC-0135,2026-09-12,128,135,2,56.0,1200,11.3,110
TRN-10759,Passenger,COR-003,SEC-0028,2026-09-03,203,213,2,73.9,1200,10.8,100
TRN-10760,EMU,COR-015,SEC-0141,2026-09-03,84,91,2,79.0,900,11.7,80
TRN-10761,Freight,COR-008,SEC-0077,2026-09-12,240,252,1,53.8,3000,13.3,110
TRN-10762,Superfast,COR-005,SEC-0047,2026-09-16,1233,1240,3,58.1,1600,7.6,120
TRN-10763,Superfast,COR-005,SEC-0044,2026-09-10,739,754,3,60.9,1600,8.4,80
TRN-10764,EMU,COR-015,SEC-0143,2026-09-10,1421,1426,2,94.0,900,13.6,100
TRN-10765,Express,COR-016,SEC-0160,2026-09-04,476,481,3,55.8,1400,9.0,100
TRN-10766,Passenger,COR-001,SEC-0009,2026-09-07,849,859,2,83.2,1200,9.2,110
TRN-10767,Superfast,COR-005,SEC-0049,2026-09-06,626,641,3,80.8,1600,7.6,80
TRN-10768,Passenger,COR-016,SEC-0158,2026-09-12,164,174,2,71.8,1200,14.7,120
TRN-10769,Superfast,COR-016,SEC-0157,2026-09-13,548,558,3,90.5,1600,12.9,100
TRN-10770,Express,COR-013,SEC-0123,2026-09-16,806,821,3,67.9,1400,10.6,110
TRN-10771,Freight,COR-008,SEC-0076,2026-09-09,70,90,1,16.2,3000,3.5,120
TRN-10772,Express,COR-007,SEC-0062,2026-09-11,1266,1276,3,56.4,1400,7.4,130
TRN-10773,Superfast,COR-004,SEC-0038,2026-09-05,760,767,3,56.3,1600,12.9,120
TRN-10774,Express,COR-001,SEC-0009,2026-09-13,454,459,3,73.8,1400,6.9,80
TRN-10775,EMU,COR-009,SEC-0090,2026-09-09,823,838,2,67.2,900,6.6,110
TRN-10776,Superfast,COR-020,SEC-0193,2026-09-03,396,406,3,67.9,1600,12.4,100
TRN-10777,Passenger,COR-013,SEC-0127,2026-09-05,1082,1097,2,87.6,1200,7.7,100
TRN-10778,EMU,COR-002,SEC-0017,2026-09-08,612,617,2,95.9,900,11.7,120
TRN-10779,EMU,COR-020,SEC-0194,2026-09-03,1281,1293,2,99.0,900,12.4,100
TRN-10780,Passenger,COR-009,SEC-0089,2026-09-10,258,268,2,76.3,1200,10.9,120
TRN-10781,Superfast,COR-018,SEC-0177,2026-09-10,972,979,3,70.8,1600,4.1,80
TRN-10782,Freight,COR-016,SEC-0160,2026-09-04,1197,1207,1,36.6,3000,6.9,100
TRN-10783,Superfast,COR-006,SEC-0052,2026-09-08,325,337,3,45.3,1600,8.7,80
TRN-10784,Freight,COR-016,SEC-0158,2026-09-12,930,940,1,20.0,3000,5.0,110
TRN-10785,Passenger,COR-016,SEC-0155,2026-09-05,1342,1349,2,58.4,1200,6.9,100
TRN-10786,Passenger,COR-006,SEC-0052,2026-09-03,774,794,2,78.8,1200,14.3,110
TRN-10787,Passenger,COR-015,SEC-0141,2026-09-06,1080,1100,2,56.2,1200,5.5,100
TRN-10788,Passenger,COR-007,SEC-0070,2026-09-09,344,354,2,86.0,1200,9.5,110
TRN-10789,Freight,COR-018,SEC-0172,2026-09-03,596,606,1,43.3,3000,6.0,110
TRN-10790,Express,COR-004,SEC-0031,2026-09-16,862,867,3,80.3,1400,10.2,110
TRN-10791,Superfast,COR-019,SEC-0189,2026-09-07,546,556,3,50.1,1600,5.7,120
TRN-10792,Freight,COR-013,SEC-0125,2026-09-05,379,391,1,21.0,3000,9.7,80
TRN-10793,Passenger,COR-007,SEC-0062,2026-09-09,103,118,2,73.0,1200,8.9,120
TRN-10794,EMU,COR-014,SEC-0131,2026-09-13,29,39,2,72.4,900,8.1,80
TRN-10795,EMU,COR-007,SEC-0062,2026-09-08,1116,1121,2,88.5,900,10.7,110
TRN-10796,EMU,COR-016,SEC-0154,2026-09-05,39,59,2,67.0,900,12.0,100
TRN-10797,Freight,COR-011,SEC-0108,2026-09-03,675,685,1,61.9,3000,7.8,110
TRN-10798,Superfast,COR-010,SEC-0096,2026-09-11,1254,1259,3,88.7,1600,13.9,120
TRN-10799,EMU,COR-009,SEC-0083,2026-09-08,1159,1171,2,60.5,900,9.7,120
TRN-10800,Freight,COR-011,SEC-0107,2026-09-15,1195,1210,1,29.7,3000,4.3,110
TRN-10801,EMU,COR-011,SEC-0106,2026-09-14,398,410,2,58.5,900,12.6,110
TRN-10802,Passenger,COR-004,SEC-0034,2026-09-14,82,89,2,66.6,1200,9.2,120
TRN-10803,Passenger,COR-012,SEC-0113,2026-09-04,364,371,2,74.5,1200,8.2,110
TRN-10804,EMU,COR-006,SEC-0060,2026-09-16,899,904,2,51.5,900,10.7,100
TRN-10805,Superfast,COR-010,SEC-0093,2026-09-16,673,680,3,75.7,1600,10.0,110
TRN-10806,Express,COR-020,SEC-0196,2026-09-05,12,19,3,87.2,1400,11.6,110
TRN-10807,Passenger,COR-001,SEC-0007,2026-09-05,1121,1136,2,70.7,1200,12.9,130
TRN-10808,Passenger,COR-008,SEC-0079,2026-09-09,49,61,2,66.1,1200,9.4,120
TRN-10809,Superfast,COR-014,SEC-0132,2026-09-15,534,544,3,47.9,1600,9.0,100
TRN-10810,Express,COR-010,SEC-0096,2026-09-14,1275,1290,3,53.6,1400,12.8,110
TRN-10811,Passenger,COR-005,SEC-0045,2026-09-14,63,68,2,64.4,1200,8.9,130
TRN-10812,Express,COR-008,SEC-0079,2026-09-11,522,532,3,75.8,1400,7.2,100
TRN-10813,Express,COR-019,SEC-0181,2026-09-05,11,23,3,32.1,1400,6.6,120
TRN-10814,Passenger,COR-012,SEC-0113,2026-09-05,1081,1091,2,58.2,1200,9.1,110
TRN-10815,Freight,COR-007,SEC-0066,2026-09-04,522,537,1,21.4,3000,5.4,110
TRN-10816,Freight,COR-004,SEC-0037,2026-09-04,822,829,1,68.1,3000,4.4,100
TRN-10817,EMU,COR-009,SEC-0087,2026-09-09,277,284,2,70.9,900,6.6,120
TRN-10818,Express,COR-015,SEC-0146,2026-09-16,1165,1172,3,71.7,1400,12.1,120
TRN-10819,EMU,COR-008,SEC-0076,2026-09-09,703,723,2,81.2,900,8.8,100
TRN-10820,Passenger,COR-013,SEC-0122,2026-09-10,215,225,2,88.3,1200,16.6,110
TRN-10821,Passenger,COR-020,SEC-0199,2026-09-14,446,453,2,97.7,1200,12.1,120
TRN-10822,EMU,COR-006,SEC-0051,2026-09-03,527,532,2,68.1,900,12.0,130
TRN-10823,EMU,COR-004,SEC-0038,2026-09-04,326,336,2,82.1,900,6.5,110
TRN-10824,Passenger,COR-020,SEC-0199,2026-09-04,345,350,2,65.7,1200,12.3,120
TRN-10825,Passenger,COR-012,SEC-0120,2026-09-14,249,259,2,71.7,1200,9.2,130
TRN-10826,Superfast,COR-007,SEC-0064,2026-09-11,9,29,3,72.0,1600,7.4,80
TRN-10827,EMU,COR-004,SEC-0037,2026-09-16,492,499,2,75.6,900,10.4,120
TRN-10828,EMU,COR-001,SEC-0001,2026-09-13,1235,1242,2,75.5,900,6.5,120
TRN-10829,Express,COR-005,SEC-0041,2026-09-04,541,553,3,64.9,1400,11.1,120
TRN-10830,Superfast,COR-004,SEC-0034,2026-09-12,692,702,3,47.8,1600,7.8,80
TRN-10831,Freight,COR-004,SEC-0034,2026-09-08,128,138,1,40.4,3000,8.4,110
TRN-10832,Superfast,COR-016,SEC-0153,2026-09-11,64,74,3,61.6,1600,9.3,100
TRN-10833,Superfast,COR-009,SEC-0085,2026-09-07,550,560,3,57.8,1600,10.9,100
TRN-10834,EMU,COR-019,SEC-0185,2026-09-11,732,747,2,58.5,900,7.5,130
TRN-10835,Superfast,COR-010,SEC-0099,2026-09-07,304,316,3,60.4,1600,11.5,120
TRN-10836,Superfast,COR-004,SEC-0031,2026-09-07,677,684,3,58.1,1600,10.7,110
TRN-10837,Freight,COR-018,SEC-0180,2026-09-11,29,39,1,44.2,3000,6.7,110
TRN-10838,Freight,COR-017,SEC-0167,2026-09-04,953,960,1,44.3,3000,7.7,110
TRN-10839,Freight,COR-019,SEC-0187,2026-09-04,395,415,1,39.6,3000,9.6,100
TRN-10840,Passenger,COR-008,SEC-0076,2026-09-07,1296,1306,2,76.9,1200,10.7,110
TRN-10841,Passenger,COR-015,SEC-0142,2026-09-14,322,334,2,73.5,1200,5.9,100
TRN-10842,EMU,COR-003,SEC-0021,2026-09-13,725,745,2,85.8,900,9.1,80
TRN-10843,EMU,COR-013,SEC-0129,2026-09-12,660,665,2,64.9,900,3.6,110
TRN-10844,EMU,COR-010,SEC-0100,2026-09-08,105,110,2,99.0,900,15.4,110
TRN-10845,Superfast,COR-018,SEC-0175,2026-09-12,318,323,3,99.0,1600,4.3,100
TRN-10846,Passenger,COR-019,SEC-0186,2026-09-04,826,841,2,56.4,1200,8.6,110
TRN-10847,Freight,COR-005,SEC-0044,2026-09-13,397,407,1,16.3,3000,4.5,110
TRN-10848,Express,COR-012,SEC-0120,2026-09-08,1212,1224,3,66.7,1400,6.0,110
TRN-10849,Superfast,COR-001,SEC-0006,2026-09-05,46,53,3,99.0,1600,7.5,80
TRN-10850,Superfast,COR-006,SEC-0054,2026-09-14,105,115,3,74.9,1600,10.3,110
TRN-10851,Express,COR-008,SEC-0077,2026-09-03,966,978,3,76.7,1400,9.0,110
TRN-10852,Freight,COR-008,SEC-0075,2026-09-15,1315,1320,1,24.4,3000,3.0,80
TRN-10853,Passenger,COR-007,SEC-0069,2026-09-14,468,483,2,99.0,1200,14.1,110
TRN-10854,EMU,COR-017,SEC-0164,2026-09-08,931,936,2,76.1,900,9.6,100
TRN-10855,Superfast,COR-010,SEC-0098,2026-09-14,812,819,3,99.0,1600,12.8,110
TRN-10856,Superfast,COR-009,SEC-0089,2026-09-13,830,835,3,60.8,1600,15.1,120
TRN-10857,Express,COR-013,SEC-0125,2026-09-15,7,12,3,61.5,1400,11.9,100
TRN-10858,Superfast,COR-020,SEC-0198,2026-09-13,1063,1070,3,55.6,1600,14.1,120
TRN-10859,Freight,COR-013,SEC-0129,2026-09-10,760,770,1,38.4,3000,3.0,100
TRN-10860,Superfast,COR-018,SEC-0177,2026-09-13,1210,1225,3,58.0,1600,6.9,80
TRN-10861,Superfast,COR-008,SEC-0080,2026-09-11,1027,1047,3,98.3,1600,14.4,80
TRN-10862,Express,COR-001,SEC-0005,2026-09-08,145,160,3,83.7,1400,13.2,110
TRN-10863,Superfast,COR-017,SEC-0163,2026-09-05,674,684,3,74.9,1600,10.5,110
TRN-10864,Superfast,COR-015,SEC-0143,2026-09-15,241,261,3,68.5,1600,9.5,100
TRN-10865,Passenger,COR-005,SEC-0050,2026-09-03,350,360,2,80.5,1200,15.6,110
TRN-10866,Passenger,COR-011,SEC-0102,2026-09-04,485,495,2,72.0,1200,8.4,110
TRN-10867,Superfast,COR-010,SEC-0099,2026-09-13,1087,1092,3,83.0,1600,9.2,130
TRN-10868,Passenger,COR-018,SEC-0172,2026-09-11,1035,1045,2,29.7,1200,4.6,130
TRN-10869,Passenger,COR-017,SEC-0161,2026-09-12,925,940,2,86.3,1200,8.6,110
TRN-10870,Express,COR-007,SEC-0061,2026-09-05,346,358,3,98.4,1400,11.5,100
TRN-10871,Freight,COR-005,SEC-0043,2026-09-14,1246,1253,1,28.1,3000,1.7,130
TRN-10872,Passenger,COR-012,SEC-0116,2026-09-07,887,897,2,46.3,1200,4.1,130
TRN-10873,Express,COR-017,SEC-0170,2026-09-07,1143,1153,3,54.2,1400,2.5,100
TRN-10874,Superfast,COR-004,SEC-0034,2026-09-10,1052,1064,3,66.7,1600,10.9,110
TRN-10875,Express,COR-006,SEC-0056,2026-09-05,666,678,3,72.9,1400,9.9,100
TRN-10876,Express,COR-003,SEC-0024,2026-09-06,981,1001,3,72.3,1400,17.0,100
TRN-10877,Passenger,COR-019,SEC-0187,2026-09-05,167,177,2,74.3,1200,14.2,110
TRN-10878,Passenger,COR-015,SEC-0149,2026-09-14,986,1006,2,70.5,1200,13.6,100
TRN-10879,Passenger,COR-001,SEC-0003,2026-09-03,750,757,2,48.4,1200,9.2,80
TRN-10880,Passenger,COR-009,SEC-0082,2026-09-05,1272,1282,2,57.8,1200,3.5,100
TRN-10881,Passenger,COR-007,SEC-0067,2026-09-03,170,190,2,91.9,1200,16.8,130
TRN-10882,Freight,COR-015,SEC-0142,2026-09-09,528,533,1,5.0,3000,7.1,120
TRN-10883,Passenger,COR-006,SEC-0055,2026-09-14,1372,1384,2,53.1,1200,6.5,100
TRN-10884,Superfast,COR-010,SEC-0092,2026-09-04,624,634,3,78.1,1600,14.8,80
TRN-10885,Express,COR-005,SEC-0048,2026-09-13,171,178,3,71.9,1400,9.2,100
TRN-10886,Express,COR-018,SEC-0175,2026-09-05,1201,1216,3,66.7,1400,7.7,100
TRN-10887,Passenger,COR-013,SEC-0127,2026-09-14,361,366,2,49.2,1200,8.9,110
TRN-10888,Superfast,COR-010,SEC-0098,2026-09-14,1051,1056,3,70.5,1600,10.4,80
TRN-10889,EMU,COR-019,SEC-0186,2026-09-04,92,97,2,52.9,900,5.4,120
TRN-10890,Freight,COR-015,SEC-0141,2026-09-10,852,864,1,36.0,3000,11.0,110
TRN-10891,Express,COR-011,SEC-0105,2026-09-05,1394,1406,3,75.3,1400,10.6,110
TRN-10892,Express,COR-002,SEC-0013,2026-09-05,174,181,3,48.6,1400,13.5,110
TRN-10893,Freight,COR-016,SEC-0158,2026-09-14,718,725,1,28.2,3000,6.4,110
TRN-10894,Passenger,COR-019,SEC-0186,2026-09-11,1015,1022,2,36.7,1200,8.9,80
TRN-10895,Superfast,COR-004,SEC-0035,2026-09-08,848,860,3,82.1,1600,12.8,100
TRN-10896,Passenger,COR-014,SEC-0134,2026-09-13,927,932,2,80.2,1200,14.7,80
TRN-10897,Express,COR-001,SEC-0001,2026-09-05,897,904,3,79.7,1400,9.5,80
TRN-10898,Freight,COR-010,SEC-0093,2026-09-06,360,370,1,33.0,3000,5.1,110
TRN-10899,Passenger,COR-011,SEC-0108,2026-09-03,1094,1099,2,76.6,1200,14.0,120
TRN-10900,Passenger,COR-018,SEC-0172,2026-09-03,19,29,2,62.6,1200,8.1,110
TRN-10901,EMU,COR-010,SEC-0097,2026-09-15,83,93,2,80.4,900,15.0,120
TRN-10902,Freight,COR-018,SEC-0173,2026-09-04,110,120,1,31.2,3000,10.2,100
TRN-10903,Freight,COR-004,SEC-0035,2026-09-05,778,783,1,36.9,3000,2.6,130
TRN-10904,Passenger,COR-015,SEC-0142,2026-09-05,886,893,2,74.3,1200,6.5,120
TRN-10905,Express,COR-009,SEC-0085,2026-09-12,1327,1339,3,62.6,1400,5.1,130
TRN-10906,Passenger,COR-013,SEC-0121,2026-09-15,977,987,2,60.2,1200,8.1,100
TRN-10907,Passenger,COR-008,SEC-0071,2026-09-04,189,196,2,61.0,1200,7.6,110
TRN-10908,Passenger,COR-001,SEC-0003,2026-09-16,1182,1192,2,68.3,1200,4.1,120
TRN-10909,Passenger,COR-016,SEC-0157,2026-09-15,676,688,2,71.8,1200,11.7,130
TRN-10910,Freight,COR-015,SEC-0143,2026-09-07,1347,1359,1,24.1,3000,4.6,80
TRN-10911,Freight,COR-005,SEC-0043,2026-09-05,178,183,1,14.5,3000,8.0,100
TRN-10912,Express,COR-014,SEC-0134,2026-09-12,208,218,3,64.6,1400,11.3,100
TRN-10913,Superfast,COR-007,SEC-0068,2026-09-08,678,683,3,60.3,1600,6.4,120
TRN-10914,Passenger,COR-013,SEC-0121,2026-09-05,1223,1235,2,90.7,1200,9.0,100
TRN-10915,Passenger,COR-016,SEC-0151,2026-09-07,521,528,2,57.9,1200,8.4,110
TRN-10916,Passenger,COR-006,SEC-0053,2026-09-16,1129,1149,2,96.2,1200,15.0,130
TRN-10917,Express,COR-006,SEC-0051,2026-09-09,970,977,3,80.3,1400,12.7,110
TRN-10918,EMU,COR-012,SEC-0117,2026-09-14,103,118,2,99.0,900,11.6,110
TRN-10919,Freight,COR-001,SEC-0002,2026-09-10,1143,1150,1,48.3,3000,8.2,110
TRN-10920,Passenger,COR-005,SEC-0049,2026-09-12,969,976,2,65.3,1200,12.1,100
TRN-10921,Express,COR-002,SEC-0017,2026-09-10,685,695,3,70.2,1400,10.0,80
TRN-10922,EMU,COR-009,SEC-0089,2026-09-09,969,984,2,81.2,900,12.2,110
TRN-10923,Superfast,COR-015,SEC-0143,2026-09-15,323,338,3,83.2,1600,7.3,110
TRN-10924,Passenger,COR-015,SEC-0143,2026-09-16,623,630,2,52.6,1200,7.5,110
TRN-10925,Passenger,COR-020,SEC-0196,2026-09-09,713,720,2,73.5,1200,11.5,110
TRN-10926,Express,COR-006,SEC-0051,2026-09-06,415,425,3,52.6,1400,7.7,120
TRN-10927,Freight,COR-002,SEC-0018,2026-09-09,664,674,1,46.3,3000,8.2,120
TRN-10928,Express,COR-017,SEC-0166,2026-09-06,1422,1429,3,55.9,1400,4.6,80
TRN-10929,Freight,COR-017,SEC-0162,2026-09-05,1304,1319,1,47.6,3000,14.4,130
TRN-10930,Freight,COR-011,SEC-0108,2026-09-03,348,363,1,37.3,3000,8.5,100
TRN-10931,Freight,COR-020,SEC-0199,2026-09-12,942,949,1,12.0,3000,3.6,110
TRN-10932,Superfast,COR-010,SEC-0091,2026-09-12,987,992,3,59.6,1600,7.5,80
TRN-10933,Express,COR-018,SEC-0177,2026-09-09,1229,1239,3,48.3,1400,12.1,130
TRN-10934,Freight,COR-007,SEC-0067,2026-09-09,1132,1137,1,34.1,3000,5.8,120
TRN-10935,Express,COR-016,SEC-0155,2026-09-03,141,148,3,77.9,1400,11.7,110
TRN-10936,EMU,COR-006,SEC-0051,2026-09-07,197,217,2,98.6,900,12.8,110
TRN-10937,EMU,COR-020,SEC-0192,2026-09-07,694,714,2,66.8,900,10.3,100
TRN-10938,Passenger,COR-015,SEC-0148,2026-09-15,723,743,2,95.7,1200,8.6,110
TRN-10939,Superfast,COR-018,SEC-0175,2026-09-11,1202,1222,3,92.6,1600,5.3,120
TRN-10940,EMU,COR-005,SEC-0041,2026-09-13,188,193,2,89.9,900,9.2,110
TRN-10941,Freight,COR-019,SEC-0187,2026-09-15,832,837,1,44.3,3000,7.2,100
TRN-10942,Express,COR-005,SEC-0047,2026-09-03,1182,1189,3,79.5,1400,6.7,80
TRN-10943,Freight,COR-003,SEC-0030,2026-09-06,1392,1399,1,14.6,3000,5.7,110
TRN-10944,EMU,COR-006,SEC-0051,2026-09-05,1229,1236,2,89.2,900,3.4,80
TRN-10945,Express,COR-005,SEC-0045,2026-09-15,1030,1050,3,52.9,1400,5.1,130
TRN-10946,Express,COR-006,SEC-0053,2026-09-15,101,108,3,48.6,1400,12.7,120
TRN-10947,Superfast,COR-012,SEC-0116,2026-09-08,1145,1165,3,60.7,1600,7.0,110
TRN-10948,Freight,COR-019,SEC-0185,2026-09-14,1302,1312,1,13.5,3000,7.2,100
TRN-10949,Passenger,COR-017,SEC-0168,2026-09-09,96,111,2,72.0,1200,9.7,80
TRN-10950,Express,COR-020,SEC-0198,2026-09-07,555,562,3,82.0,1400,9.5,80
TRN-10951,Passenger,COR-013,SEC-0121,2026-09-16,1285,1290,2,93.8,1200,10.8,110
TRN-10952,Passenger,COR-010,SEC-0095,2026-09-05,767,774,2,89.6,1200,8.4,80
TRN-10953,Passenger,COR-010,SEC-0095,2026-09-08,15,22,2,53.3,1200,10.3,100
TRN-10954,Passenger,COR-018,SEC-0177,2026-09-09,1115,1125,2,65.2,1200,10.2,100
TRN-10955,Passenger,COR-005,SEC-0043,2026-09-15,897,902,2,70.1,1200,8.2,120
TRN-10956,Superfast,COR-002,SEC-0011,2026-09-08,145,152,3,73.7,1600,11.2,110
TRN-10957,Express,COR-009,SEC-0083,2026-09-12,295,300,3,65.0,1400,9.7,100
TRN-10958,EMU,COR-002,SEC-0016,2026-09-13,410,430,2,88.5,900,13.9,110
TRN-10959,Passenger,COR-020,SEC-0196,2026-09-09,209,219,2,76.3,1200,8.2,110
TRN-10960,Freight,COR-004,SEC-0031,2026-09-16,769,779,1,39.7,3000,14.0,120
TRN-10961,Superfast,COR-017,SEC-0169,2026-09-03,576,596,3,99.0,1600,14.1,120
TRN-10962,Superfast,COR-001,SEC-0007,2026-09-07,507,527,3,71.3,1600,10.2,110
TRN-10963,Express,COR-010,SEC-0099,2026-09-13,587,592,3,78.3,1400,3.5,100
TRN-10964,Superfast,COR-001,SEC-0010,2026-09-05,260,270,3,73.1,1600,12.0,100
TRN-10965,Passenger,COR-018,SEC-0177,2026-09-16,207,217,2,67.0,1200,13.0,130
TRN-10966,EMU,COR-018,SEC-0171,2026-09-12,654,659,2,64.8,900,11.8,110
TRN-10967,Freight,COR-015,SEC-0142,2026-09-03,1385,1397,1,11.6,3000,9.0,110
TRN-10968,Passenger,COR-017,SEC-0166,2026-09-12,1181,1186,2,73.6,1200,8.6,80
TRN-10969,Superfast,COR-007,SEC-0068,2026-09-04,904,914,3,45.9,1600,13.6,110
TRN-10970,Passenger,COR-018,SEC-0172,2026-09-10,557,567,2,99.0,1200,7.1,110
TRN-10971,EMU,COR-018,SEC-0178,2026-09-12,212,224,2,99.0,900,13.0,110
TRN-10972,Express,COR-004,SEC-0035,2026-09-14,1245,1250,3,70.8,1400,9.5,80
TRN-10973,Express,COR-008,SEC-0074,2026-09-06,571,583,3,87.6,1400,12.2,120
TRN-10974,Freight,COR-013,SEC-0128,2026-09-08,51,61,1,57.2,3000,1.2,110
TRN-10975,Passenger,COR-016,SEC-0155,2026-09-16,35,47,2,78.9,1200,13.8,100
TRN-10976,Superfast,COR-007,SEC-0066,2026-09-05,136,148,3,50.5,1600,4.5,80
TRN-10977,Superfast,COR-006,SEC-0055,2026-09-08,1230,1242,3,89.2,1600,9.7,100
TRN-10978,Express,COR-014,SEC-0136,2026-09-12,1357,1369,3,81.9,1400,10.7,100
TRN-10979,Superfast,COR-003,SEC-0023,2026-09-07,897,909,3,94.7,1600,10.7,130
TRN-10980,Superfast,COR-003,SEC-0021,2026-09-03,703,715,3,99.0,1600,15.5,80
TRN-10981,Express,COR-009,SEC-0082,2026-09-11,652,664,3,88.5,1400,9.1,100
TRN-10982,Passenger,COR-009,SEC-0089,2026-09-04,298,305,2,88.9,1200,13.0,110
TRN-10983,Passenger,COR-019,SEC-0188,2026-09-16,734,741,2,90.0,1200,9.5,100
TRN-10984,Superfast,COR-014,SEC-0139,2026-09-05,951,961,3,82.7,1600,5.4,80
TRN-10985,Express,COR-018,SEC-0171,2026-09-11,88,95,3,94.3,1400,4.5,120
TRN-10986,Passenger,COR-013,SEC-0122,2026-09-10,1206,1213,2,70.5,1200,9.7,100
TRN-10987,Passenger,COR-011,SEC-0102,2026-09-09,878,888,2,36.4,1200,6.0,120
TRN-10988,Freight,COR-017,SEC-0167,2026-09-06,116,136,1,56.1,3000,5.4,110
TRN-10989,Freight,COR-006,SEC-0051,2026-09-12,459,464,1,32.7,3000,1.0,100
TRN-10990,EMU,COR-001,SEC-0002,2026-09-07,252,267,2,36.4,900,4.4,110
TRN-10991,Express,COR-006,SEC-0051,2026-09-07,668,675,3,35.9,1400,1.0,100
TRN-10992,Express,COR-008,SEC-0077,2026-09-04,1032,1037,3,79.3,1400,7.7,120
TRN-10993,EMU,COR-008,SEC-0074,2026-09-11,1086,1096,2,56.8,900,4.4,130
TRN-10994,Freight,COR-018,SEC-0174,2026-09-11,15,27,1,36.7,3000,7.5,110
TRN-10995,Express,COR-017,SEC-0165,2026-09-09,824,829,3,86.4,1400,6.4,100
TRN-10996,Passenger,COR-001,SEC-0005,2026-09-04,1151,1161,2,54.6,1200,11.6,120
TRN-10997,Superfast,COR-011,SEC-0102,2026-09-09,14,24,3,59.7,1600,8.3,100
TRN-10998,Superfast,COR-014,SEC-0140,2026-09-11,759,779,3,86.1,1600,8.4,100
TRN-10999,Freight,COR-004,SEC-0040,2026-09-10,1103,1113,1,35.6,3000,7.2,110
TRN-11000,Freight,COR-017,SEC-0162,2026-09-14,285,290,1,44.5,3000,1.6,100
TRN-11001,EMU,COR-005,SEC-0045,2026-09-10,1358,1378,2,76.8,900,9.4,80
TRN-11002,Superfast,COR-006,SEC-0060,2026-09-06,557,572,3,37.9,1600,8.0,100
TRN-11003,Express,COR-008,SEC-0077,2026-09-15,1127,1137,3,60.8,1400,15.4,110
TRN-11004,Express,COR-019,SEC-0183,2026-09-16,932,944,3,99.0,1400,8.8,100
TRN-11005,EMU,COR-020,SEC-0199,2026-09-07,1125,1145,2,81.9,900,15.1,100
TRN-11006,Superfast,COR-020,SEC-0192,2026-09-06,749,761,3,78.5,1600,8.1,110
TRN-11007,Passenger,COR-002,SEC-0012,2026-09-12,340,350,2,57.7,1200,5.8,100
TRN-11008,Passenger,COR-008,SEC-0072,2026-09-03,211,221,2,66.3,1200,7.7,80
TRN-11009,Express,COR-019,SEC-0184,2026-09-11,1399,1414,3,77.5,1400,15.9,100
TRN-11010,Express,COR-002,SEC-0016,2026-09-12,314,334,3,67.8,1400,8.2,120
TRN-11011,Passenger,COR-009,SEC-0082,2026-09-07,1004,1016,2,66.0,1200,7.3,120
TRN-11012,Superfast,COR-001,SEC-0004,2026-09-08,69,84,3,99.0,1600,10.8,120
TRN-11013,Superfast,COR-016,SEC-0154,2026-09-12,933,938,3,86.1,1600,9.0,100
TRN-11014,Superfast,COR-003,SEC-0027,2026-09-15,1431,1438,3,84.2,1600,9.6,120
TRN-11015,Passenger,COR-009,SEC-0086,2026-09-14,171,183,2,64.1,1200,3.8,120
TRN-11016,EMU,COR-008,SEC-0079,2026-09-03,83,93,2,70.0,900,10.0,100
TRN-11017,Superfast,COR-004,SEC-0031,2026-09-10,1020,1030,3,70.2,1600,9.9,120
TRN-11018,Passenger,COR-001,SEC-0007,2026-09-03,555,570,2,76.9,1200,11.3,120
TRN-11019,Freight,COR-013,SEC-0126,2026-09-03,998,1013,1,37.5,3000,7.8,100
TRN-11020,Passenger,COR-019,SEC-0188,2026-09-15,1138,1143,2,73.8,1200,7.0,100
TRN-11021,Freight,COR-017,SEC-0170,2026-09-07,1080,1092,1,5.0,3000,4.8,120
TRN-11022,Passenger,COR-006,SEC-0057,2026-09-03,710,722,2,60.4,1200,5.7,100
TRN-11023,Superfast,COR-011,SEC-0103,2026-09-07,573,588,3,63.3,1600,11.2,130
TRN-11024,Superfast,COR-009,SEC-0083,2026-09-14,1193,1200,3,87.9,1600,12.0,120
TRN-11025,Superfast,COR-018,SEC-0176,2026-09-03,1210,1222,3,97.3,1600,11.2,120
TRN-11026,Passenger,COR-019,SEC-0186,2026-09-12,587,592,2,60.2,1200,8.4,110
TRN-11027,EMU,COR-008,SEC-0074,2026-09-05,53,63,2,50.9,900,8.7,110
TRN-11028,Passenger,COR-005,SEC-0047,2026-09-15,467,472,2,99.0,1200,13.4,120
TRN-11029,Passenger,COR-005,SEC-0050,2026-09-07,1196,1201,2,62.7,1200,1.0,120
TRN-11030,Freight,COR-002,SEC-0018,2026-09-16,882,889,1,38.5,3000,5.6,120
TRN-11031,EMU,COR-006,SEC-0053,2026-09-13,166,186,2,78.2,900,3.6,80
TRN-11032,Superfast,COR-002,SEC-0020,2026-09-06,573,588,3,58.6,1600,7.2,110
TRN-11033,Express,COR-020,SEC-0194,2026-09-10,602,622,3,99.0,1400,10.8,80
TRN-11034,Passenger,COR-014,SEC-0140,2026-09-05,45,65,2,68.1,1200,13.0,130
TRN-11035,Passenger,COR-020,SEC-0196,2026-09-12,680,692,2,54.1,1200,3.9,120
TRN-11036,Superfast,COR-019,SEC-0189,2026-09-12,1102,1109,3,62.4,1600,6.5,100
TRN-11037,Passenger,COR-010,SEC-0098,2026-09-07,537,549,2,92.5,1200,9.6,110
TRN-11038,Superfast,COR-007,SEC-0063,2026-09-09,659,679,3,79.9,1600,11.3,110
TRN-11039,Superfast,COR-008,SEC-0078,2026-09-16,1306,1316,3,65.9,1600,8.1,110
TRN-11040,Passenger,COR-010,SEC-0100,2026-09-09,1394,1404,2,66.8,1200,7.8,110
TRN-11041,EMU,COR-004,SEC-0035,2026-09-16,1133,1140,2,55.0,900,4.7,110
TRN-11042,Passenger,COR-020,SEC-0194,2026-09-08,924,936,2,64.8,1200,14.6,120
TRN-11043,Passenger,COR-004,SEC-0038,2026-09-05,4,16,2,54.3,1200,6.0,80
TRN-11044,EMU,COR-005,SEC-0045,2026-09-16,1257,1272,2,76.4,900,9.6,80
TRN-11045,Passenger,COR-009,SEC-0089,2026-09-04,76,96,2,62.4,1200,11.8,120
TRN-11046,Express,COR-012,SEC-0115,2026-09-03,402,407,3,85.5,1400,10.4,120
TRN-11047,Freight,COR-007,SEC-0069,2026-09-09,385,397,1,28.5,3000,5.4,80
TRN-11048,Superfast,COR-005,SEC-0044,2026-09-13,86,96,3,59.2,1600,8.0,80
TRN-11049,Express,COR-008,SEC-0074,2026-09-11,152,164,3,47.2,1400,14.5,80
TRN-11050,Superfast,COR-008,SEC-0071,2026-09-04,911,923,3,77.9,1600,6.8,110
TRN-11051,EMU,COR-016,SEC-0151,2026-09-14,353,360,2,75.3,900,6.1,110
TRN-11052,Passenger,COR-020,SEC-0195,2026-09-15,746,751,2,80.7,1200,11.7,120
TRN-11053,Freight,COR-009,SEC-0088,2026-09-09,632,647,1,35.8,3000,6.3,80
TRN-11054,Passenger,COR-003,SEC-0022,2026-09-13,1367,1377,2,85.6,1200,12.0,120
TRN-11055,Passenger,COR-001,SEC-0002,2026-09-06,457,464,2,55.7,1200,6.3,120
TRN-11056,Freight,COR-006,SEC-0052,2026-09-07,870,890,1,36.2,3000,9.2,110
TRN-11057,Passenger,COR-020,SEC-0192,2026-09-11,1155,1160,2,53.2,1200,12.1,110
TRN-11058,Freight,COR-003,SEC-0022,2026-09-15,17,27,1,37.9,3000,5.8,100
TRN-11059,Freight,COR-009,SEC-0086,2026-09-10,791,803,1,41.6,3000,4.7,130
TRN-11060,Superfast,COR-006,SEC-0052,2026-09-07,1201,1208,3,63.6,1600,5.3,120
TRN-11061,Passenger,COR-006,SEC-0059,2026-09-07,1013,1023,2,62.3,1200,11.8,110
TRN-11062,Superfast,COR-011,SEC-0109,2026-09-10,1395,1410,3,86.4,1600,11.3,120
TRN-11063,Passenger,COR-015,SEC-0150,2026-09-11,199,211,2,99.0,1200,11.6,100
TRN-11064,Express,COR-016,SEC-0151,2026-09-12,582,587,3,72.1,1400,13.5,110
TRN-11065,Passenger,COR-014,SEC-0131,2026-09-05,1063,1070,2,72.4,1200,11.1,120
TRN-11066,EMU,COR-010,SEC-0099,2026-09-16,978,983,2,63.4,900,4.1,80
TRN-11067,Passenger,COR-019,SEC-0187,2026-09-13,232,242,2,63.2,1200,7.0,100
TRN-11068,EMU,COR-002,SEC-0020,2026-09-08,90,110,2,65.8,900,6.6,80
TRN-11069,EMU,COR-001,SEC-0006,2026-09-09,608,613,2,83.7,900,11.0,110
TRN-11070,Passenger,COR-007,SEC-0067,2026-09-07,628,633,2,82.6,1200,5.7,130
TRN-11071,Passenger,COR-014,SEC-0139,2026-09-03,18,28,2,51.5,1200,10.0,100
TRN-11072,EMU,COR-016,SEC-0153,2026-09-07,254,266,2,82.6,900,9.5,130
TRN-11073,Passenger,COR-013,SEC-0124,2026-09-14,1118,1128,2,77.1,1200,10.5,120
TRN-11074,Freight,COR-009,SEC-0087,2026-09-04,1387,1394,1,44.6,3000,10.0,110
TRN-11075,EMU,COR-010,SEC-0097,2026-09-09,693,705,2,63.0,900,1.1,100
TRN-11076,Passenger,COR-004,SEC-0037,2026-09-15,940,952,2,78.7,1200,10.5,120
TRN-11077,EMU,COR-009,SEC-0088,2026-09-06,306,326,2,75.8,900,7.9,120
TRN-11078,Passenger,COR-008,SEC-0076,2026-09-04,1002,1007,2,85.9,1200,10.0,110
TRN-11079,Express,COR-008,SEC-0074,2026-09-04,372,379,3,76.4,1400,7.1,80
TRN-11080,Superfast,COR-001,SEC-0009,2026-09-10,376,396,3,66.0,1600,10.2,110
TRN-11081,Express,COR-003,SEC-0025,2026-09-12,800,810,3,86.6,1400,6.6,80
TRN-11082,EMU,COR-017,SEC-0168,2026-09-09,19,26,2,64.4,900,11.9,100
TRN-11083,Freight,COR-009,SEC-0086,2026-09-09,406,416,1,47.4,3000,5.7,110
TRN-11084,Superfast,COR-007,SEC-0066,2026-09-03,1182,1192,3,67.0,1600,5.0,80
TRN-11085,Superfast,COR-001,SEC-0006,2026-09-09,342,349,3,83.6,1600,12.7,100
TRN-11086,Superfast,COR-019,SEC-0181,2026-09-16,629,639,3,68.9,1600,11.3,100
TRN-11087,Superfast,COR-005,SEC-0048,2026-09-16,1116,1131,3,62.4,1600,4.7,100
TRN-11088,EMU,COR-015,SEC-0144,2026-09-12,892,902,2,59.6,900,11.1,110
TRN-11089,Passenger,COR-016,SEC-0160,2026-09-15,1302,1312,2,57.3,1200,9.9,110
TRN-11090,Superfast,COR-008,SEC-0073,2026-09-09,872,884,3,37.2,1600,10.4,120
TRN-11091,Passenger,COR-013,SEC-0128,2026-09-10,683,698,2,73.0,1200,13.0,110
TRN-11092,Superfast,COR-004,SEC-0037,2026-09-11,1056,1063,3,75.0,1600,13.8,100
TRN-11093,Passenger,COR-004,SEC-0036,2026-09-12,721,741,2,58.5,1200,15.0,100
TRN-11094,Freight,COR-013,SEC-0124,2026-09-09,1016,1026,1,17.4,3000,6.1,120
TRN-11095,Freight,COR-003,SEC-0025,2026-09-11,708,720,1,20.1,3000,8.9,130
TRN-11096,Superfast,COR-005,SEC-0043,2026-09-08,337,352,3,71.1,1600,5.3,100
TRN-11097,Passenger,COR-007,SEC-0064,2026-09-06,1026,1038,2,69.2,1200,14.4,100
TRN-11098,EMU,COR-019,SEC-0189,2026-09-15,1390,1402,2,85.2,900,11.0,80
TRN-11099,Express,COR-009,SEC-0089,2026-09-15,525,535,3,56.9,1400,13.2,100
TRN-11100,Superfast,COR-011,SEC-0105,2026-09-04,103,110,3,39.5,1600,3.1,110
TRN-11101,Freight,COR-003,SEC-0021,2026-09-10,65,80,1,13.3,3000,9.6,130
TRN-11102,Freight,COR-012,SEC-0116,2026-09-13,1327,1334,1,22.8,3000,5.3,100
TRN-11103,Passenger,COR-003,SEC-0027,2026-09-14,137,147,2,96.0,1200,14.6,120
TRN-11104,EMU,COR-003,SEC-0026,2026-09-13,1330,1350,2,78.3,900,10.6,120
TRN-11105,Express,COR-004,SEC-0033,2026-09-08,1131,1141,3,50.5,1400,7.1,120
TRN-11106,Superfast,COR-013,SEC-0126,2026-09-03,802,807,3,86.6,1600,11.7,120
TRN-11107,Superfast,COR-016,SEC-0152,2026-09-10,589,604,3,86.0,1600,11.5,110
TRN-11108,Express,COR-019,SEC-0188,2026-09-15,723,733,3,74.7,1400,7.5,110
TRN-11109,Freight,COR-013,SEC-0123,2026-09-10,193,203,1,55.8,3000,11.6,100
TRN-11110,Superfast,COR-020,SEC-0192,2026-09-04,1032,1039,3,85.2,1600,9.0,80
TRN-11111,EMU,COR-007,SEC-0070,2026-09-03,223,235,2,60.6,900,13.4,120
TRN-11112,Passenger,COR-019,SEC-0189,2026-09-10,650,670,2,64.9,1200,8.0,110
TRN-11113,Superfast,COR-010,SEC-0096,2026-09-06,1067,1074,3,73.9,1600,12.1,130
TRN-11114,Freight,COR-017,SEC-0167,2026-09-13,1214,1221,1,36.6,3000,4.1,100
TRN-11115,Express,COR-002,SEC-0019,2026-09-08,468,473,3,77.2,1400,13.7,80
TRN-11116,Express,COR-014,SEC-0140,2026-09-03,1392,1402,3,75.2,1400,11.0,80
TRN-11117,Superfast,COR-015,SEC-0144,2026-09-03,1165,1180,3,68.8,1600,9.5,80
TRN-11118,EMU,COR-005,SEC-0042,2026-09-07,1290,1297,2,67.9,900,7.8,80
TRN-11119,Freight,COR-015,SEC-0149,2026-09-14,1221,1233,1,37.2,3000,10.0,100
TRN-11120,EMU,COR-001,SEC-0002,2026-09-05,1072,1092,2,48.4,900,5.5,80
TRN-11121,EMU,COR-005,SEC-0048,2026-09-03,687,697,2,69.5,900,12.8,100
TRN-11122,Superfast,COR-012,SEC-0114,2026-09-12,904,919,3,47.6,1600,10.5,120
TRN-11123,EMU,COR-008,SEC-0074,2026-09-09,960,970,2,93.3,900,11.2,110
TRN-11124,Passenger,COR-008,SEC-0075,2026-09-03,855,860,2,54.3,1200,11.9,110
TRN-11125,Superfast,COR-005,SEC-0047,2026-09-06,116,128,3,82.0,1600,11.0,110
TRN-11126,Express,COR-020,SEC-0196,2026-09-14,245,252,3,63.2,1400,8.9,110
TRN-11127,Superfast,COR-019,SEC-0183,2026-09-04,956,961,3,44.7,1600,6.9,110
TRN-11128,Passenger,COR-014,SEC-0132,2026-09-16,906,916,2,52.0,1200,8.3,110
TRN-11129,Express,COR-013,SEC-0128,2026-09-11,1387,1392,3,63.8,1400,13.3,120
TRN-11130,Express,COR-012,SEC-0118,2026-09-12,1403,1418,3,82.7,1400,12.4,80
TRN-11131,Passenger,COR-011,SEC-0110,2026-09-06,1047,1054,2,54.1,1200,13.6,100
TRN-11132,Passenger,COR-018,SEC-0171,2026-09-16,1141,1151,2,64.3,1200,13.1,80
TRN-11133,Express,COR-003,SEC-0028,2026-09-11,261,273,3,71.4,1400,8.2,110
TRN-11134,Passenger,COR-002,SEC-0014,2026-09-05,676,696,2,72.1,1200,5.0,100
TRN-11135,Passenger,COR-012,SEC-0113,2026-09-07,576,583,2,97.5,1200,8.5,110
TRN-11136,EMU,COR-001,SEC-0004,2026-09-15,707,722,2,83.9,900,12.6,130
TRN-11137,Passenger,COR-012,SEC-0112,2026-09-07,741,753,2,99.0,1200,11.7,110
TRN-11138,Superfast,COR-013,SEC-0124,2026-09-11,1413,1420,3,75.2,1600,11.2,120
TRN-11139,Freight,COR-015,SEC-0150,2026-09-05,786,796,1,16.5,3000,1.0,80
TRN-11140,Express,COR-005,SEC-0041,2026-09-10,1179,1191,3,54.0,1400,8.4,80
TRN-11141,Superfast,COR-009,SEC-0083,2026-09-04,202,212,3,86.0,1600,6.5,80
TRN-11142,Express,COR-014,SEC-0136,2026-09-06,1336,1341,3,61.6,1400,11.2,80
TRN-11143,Freight,COR-007,SEC-0067,2026-09-15,1405,1417,1,35.7,3000,1.9,130
TRN-11144,Superfast,COR-002,SEC-0015,2026-09-08,871,881,3,80.3,1600,12.0,110
TRN-11145,Passenger,COR-015,SEC-0142,2026-09-16,961,976,2,81.0,1200,8.8,80
TRN-11146,Superfast,COR-014,SEC-0139,2026-09-12,434,441,3,67.1,1600,13.7,130
TRN-11147,EMU,COR-019,SEC-0185,2026-09-05,425,432,2,71.3,900,9.0,110
TRN-11148,Freight,COR-013,SEC-0128,2026-09-08,834,849,1,31.0,3000,7.4,110
TRN-11149,Express,COR-016,SEC-0153,2026-09-16,392,397,3,84.6,1400,15.7,80
TRN-11150,Passenger,COR-007,SEC-0069,2026-09-13,575,585,2,65.3,1200,4.5,100
TRN-11151,Superfast,COR-013,SEC-0127,2026-09-14,569,579,3,99.0,1600,11.2,80
TRN-11152,Superfast,COR-019,SEC-0183,2026-09-06,665,672,3,67.2,1600,7.4,80
TRN-11153,Freight,COR-009,SEC-0089,2026-09-11,153,168,1,8.3,3000,10.5,80
TRN-11154,Passenger,COR-015,SEC-0142,2026-09-10,335,347,2,92.1,1200,10.0,100
TRN-11155,Freight,COR-016,SEC-0160,2026-09-09,275,285,1,62.9,3000,7.8,120
TRN-11156,Passenger,COR-019,SEC-0186,2026-09-13,728,740,2,74.2,1200,15.7,80
TRN-11157,Express,COR-012,SEC-0111,2026-09-04,1191,1211,3,67.6,1400,6.8,110
TRN-11158,Express,COR-002,SEC-0017,2026-09-14,1060,1065,3,64.6,1400,8.7,120
TRN-11159,Passenger,COR-015,SEC-0143,2026-09-07,1364,1374,2,83.3,1200,11.9,100
TRN-11160,Superfast,COR-014,SEC-0140,2026-09-05,250,260,3,57.3,1600,11.2,100
TRN-11161,Superfast,COR-017,SEC-0167,2026-09-08,647,657,3,66.7,1600,7.8,80
TRN-11162,Freight,COR-016,SEC-0154,2026-09-04,537,547,1,55.6,3000,8.2,80
TRN-11163,Superfast,COR-013,SEC-0122,2026-09-10,1009,1016,3,84.0,1600,10.1,130
TRN-11164,Superfast,COR-015,SEC-0148,2026-09-03,811,818,3,63.4,1600,6.8,100
TRN-11165,Passenger,COR-020,SEC-0192,2026-09-06,420,430,2,73.5,1200,18.5,120
TRN-11166,EMU,COR-017,SEC-0161,2026-09-13,635,645,2,99.0,900,10.7,120
TRN-11167,Freight,COR-005,SEC-0050,2026-09-07,846,851,1,28.5,3000,5.4,100
TRN-11168,Passenger,COR-002,SEC-0020,2026-09-12,141,153,2,78.8,1200,12.3,100
TRN-11169,EMU,COR-003,SEC-0030,2026-09-07,861,881,2,40.4,900,12.3,100
TRN-11170,Superfast,COR-017,SEC-0164,2026-09-05,1171,1191,3,70.6,1600,4.9,110
TRN-11171,Superfast,COR-010,SEC-0095,2026-09-04,428,438,3,55.4,1600,5.3,110
TRN-11172,EMU,COR-010,SEC-0100,2026-09-06,257,264,2,53.8,900,10.4,100
TRN-11173,Passenger,COR-013,SEC-0121,2026-09-14,480,490,2,72.2,1200,11.0,80
TRN-11174,Superfast,COR-012,SEC-0120,2026-09-06,858,878,3,83.6,1600,15.9,100
TRN-11175,Passenger,COR-008,SEC-0073,2026-09-12,216,223,2,68.2,1200,5.4,80
TRN-11176,Freight,COR-005,SEC-0044,2026-09-16,572,582,1,13.7,3000,4.8,130
TRN-11177,Passenger,COR-005,SEC-0043,2026-09-16,180,195,2,68.4,1200,9.0,80
TRN-11178,Express,COR-018,SEC-0176,2026-09-06,50,62,3,78.8,1400,9.1,120
TRN-11179,Freight,COR-006,SEC-0060,2026-09-12,1284,1291,1,52.2,3000,9.9,120
TRN-11180,Passenger,COR-012,SEC-0118,2026-09-05,1288,1295,2,58.8,1200,12.4,100
TRN-11181,Freight,COR-012,SEC-0111,2026-09-12,44,64,1,36.0,3000,7.6,120
TRN-11182,Passenger,COR-016,SEC-0160,2026-09-10,1225,1232,2,88.8,1200,10.6,120
TRN-11183,Freight,COR-006,SEC-0055,2026-09-14,1140,1145,1,39.2,3000,4.9,120
TRN-11184,Freight,COR-018,SEC-0178,2026-09-10,797,807,1,28.2,3000,3.2,110
TRN-11185,EMU,COR-004,SEC-0034,2026-09-15,303,315,2,53.0,900,7.5,120
TRN-11186,EMU,COR-009,SEC-0087,2026-09-07,118,125,2,64.9,900,6.7,120
TRN-11187,Passenger,COR-014,SEC-0140,2026-09-03,960,965,2,44.2,1200,7.7,110
TRN-11188,Passenger,COR-003,SEC-0026,2026-09-03,876,891,2,84.4,1200,7.6,100
TRN-11189,Freight,COR-008,SEC-0075,2026-09-03,769,774,1,33.0,3000,6.7,110
TRN-11190,Passenger,COR-004,SEC-0033,2026-09-15,767,774,2,93.2,1200,11.2,120
TRN-11191,Passenger,COR-015,SEC-0145,2026-09-03,977,982,2,67.1,1200,7.3,110
TRN-11192,Passenger,COR-009,SEC-0087,2026-09-15,746,753,2,51.8,1200,5.7,120
TRN-11193,Superfast,COR-009,SEC-0090,2026-09-12,354,359,3,59.1,1600,1.0,110
TRN-11194,Express,COR-006,SEC-0054,2026-09-04,761,768,3,69.2,1400,12.5,80
TRN-11195,EMU,COR-001,SEC-0008,2026-09-04,568,583,2,35.3,900,4.4,110
TRN-11196,Freight,COR-009,SEC-0087,2026-09-08,1428,1433,1,37.8,3000,1.7,110
TRN-11197,Freight,COR-019,SEC-0187,2026-09-08,195,200,1,38.4,3000,10.2,80
TRN-11198,Freight,COR-009,SEC-0084,2026-09-10,555,562,1,30.6,3000,2.2,120
TRN-11199,EMU,COR-012,SEC-0116,2026-09-14,148,168,2,56.3,900,8.9,110
TRN-11200,Passenger,COR-012,SEC-0117,2026-09-15,495,507,2,90.1,1200,8.5,80
TRN-11201,Superfast,COR-003,SEC-0028,2026-09-07,1109,1119,3,54.0,1600,7.6,110
TRN-11202,Passenger,COR-006,SEC-0053,2026-09-06,414,424,2,80.0,1200,7.7,80
TRN-11203,Passenger,COR-016,SEC-0152,2026-09-09,403,423,2,71.6,1200,10.1,80
TRN-11204,Express,COR-008,SEC-0079,2026-09-08,492,504,3,76.9,1400,8.9,110
TRN-11205,Express,COR-013,SEC-0130,2026-09-05,577,584,3,50.5,1400,9.9,80
TRN-11206,Superfast,COR-010,SEC-0091,2026-09-15,794,806,3,91.9,1600,10.4,120
TRN-11207,Freight,COR-014,SEC-0136,2026-09-06,500,520,1,8.5,3000,3.1,80
TRN-11208,Superfast,COR-011,SEC-0101,2026-09-06,1411,1426,3,79.4,1600,14.8,120
TRN-11209,Passenger,COR-008,SEC-0079,2026-09-03,1335,1347,2,42.4,1200,9.6,80
TRN-11210,EMU,COR-015,SEC-0146,2026-09-06,1110,1115,2,62.3,900,11.8,120
TRN-11211,Superfast,COR-002,SEC-0013,2026-09-12,262,277,3,52.3,1600,6.9,100
TRN-11212,Passenger,COR-007,SEC-0063,2026-09-11,1,8,2,81.4,1200,4.8,100
TRN-11213,Freight,COR-002,SEC-0017,2026-09-08,335,347,1,44.5,3000,5.2,120
TRN-11214,Freight,COR-014,SEC-0132,2026-09-16,133,148,1,32.7,3000,4.0,120
TRN-11215,Superfast,COR-012,SEC-0111,2026-09-13,1253,1258,3,93.6,1600,12.6,100
TRN-11216,Express,COR-009,SEC-0081,2026-09-14,1310,1317,3,83.1,1400,13.8,100
TRN-11217,Superfast,COR-004,SEC-0032,2026-09-14,191,206,3,89.7,1600,11.2,100
TRN-11218,EMU,COR-002,SEC-0016,2026-09-07,1022,1029,2,34.6,900,6.0,120
TRN-11219,Superfast,COR-003,SEC-0026,2026-09-04,1169,1176,3,77.6,1600,12.7,80
TRN-11220,Superfast,COR-002,SEC-0014,2026-09-07,1368,1388,3,60.1,1600,9.4,100
TRN-11221,Passenger,COR-020,SEC-0193,2026-09-16,768,780,2,51.1,1200,7.5,120
TRN-11222,EMU,COR-020,SEC-0196,2026-09-04,358,365,2,47.5,900,14.3,120
TRN-11223,EMU,COR-010,SEC-0095,2026-09-06,1329,1339,2,93.8,900,6.8,110
TRN-11224,EMU,COR-001,SEC-0002,2026-09-09,445,450,2,42.6,900,11.2,130
TRN-11225,EMU,COR-008,SEC-0071,2026-09-05,886,893,2,67.5,900,11.9,100
TRN-11226,Freight,COR-003,SEC-0024,2026-09-04,503,523,1,29.4,3000,6.0,120
TRN-11227,Passenger,COR-006,SEC-0055,2026-09-05,38,45,2,77.9,1200,12.4,110
TRN-11228,Freight,COR-003,SEC-0024,2026-09-13,639,649,1,22.5,3000,5.7,100
TRN-11229,Superfast,COR-020,SEC-0191,2026-09-05,857,864,3,99.0,1600,13.2,110
TRN-11230,Freight,COR-012,SEC-0114,2026-09-15,1436,1439,1,19.1,3000,9.1,100
TRN-11231,Freight,COR-005,SEC-0041,2026-09-05,738,750,1,8.6,3000,8.4,100
TRN-11232,Freight,COR-009,SEC-0081,2026-09-09,659,669,1,46.3,3000,8.7,80
TRN-11233,EMU,COR-011,SEC-0105,2026-09-07,113,123,2,96.1,900,12.2,120
TRN-11234,Superfast,COR-019,SEC-0188,2026-09-03,535,540,3,85.1,1600,8.9,100
TRN-11235,Freight,COR-020,SEC-0198,2026-09-09,1018,1033,1,5.0,3000,5.8,100
TRN-11236,Passenger,COR-012,SEC-0112,2026-09-11,938,958,2,81.6,1200,9.4,120
TRN-11237,Superfast,COR-004,SEC-0032,2026-09-10,371,381,3,99.0,1600,12.2,110
TRN-11238,EMU,COR-001,SEC-0007,2026-09-08,842,854,2,83.7,900,7.3,110
TRN-11239,EMU,COR-020,SEC-0196,2026-09-16,1253,1260,2,58.5,900,19.9,110
TRN-11240,Express,COR-006,SEC-0060,2026-09-14,1281,1286,3,65.1,1400,7.3,120
TRN-11241,Express,COR-009,SEC-0082,2026-09-03,1133,1140,3,71.9,1400,7.9,110
TRN-11242,Superfast,COR-014,SEC-0139,2026-09-16,906,918,3,42.0,1600,7.8,100
TRN-11243,Express,COR-009,SEC-0084,2026-09-05,434,439,3,58.1,1400,7.3,110
TRN-11244,Passenger,COR-008,SEC-0074,2026-09-07,1388,1398,2,71.9,1200,15.0,100
TRN-11245,EMU,COR-002,SEC-0012,2026-09-06,1068,1073,2,97.2,900,14.2,130
TRN-11246,Passenger,COR-014,SEC-0135,2026-09-05,44,51,2,53.9,1200,13.5,120
TRN-11247,Passenger,COR-019,SEC-0190,2026-09-06,1103,1118,2,27.3,1200,1.6,110
TRN-11248,Freight,COR-017,SEC-0166,2026-09-09,1218,1225,1,24.1,3000,4.2,110
TRN-11249,EMU,COR-004,SEC-0036,2026-09-10,756,766,2,81.8,900,9.8,80
TRN-11250,Superfast,COR-007,SEC-0068,2026-09-05,1264,1271,3,59.6,1600,5.6,110
TRN-11251,Passenger,COR-009,SEC-0081,2026-09-04,10,25,2,36.9,1200,8.2,100
TRN-11252,Superfast,COR-007,SEC-0069,2026-09-05,194,204,3,58.1,1600,13.1,110
TRN-11253,Freight,COR-009,SEC-0083,2026-09-12,234,254,1,58.4,3000,12.3,100
TRN-11254,EMU,COR-011,SEC-0108,2026-09-13,629,636,2,79.1,900,10.3,100
TRN-11255,EMU,COR-001,SEC-0002,2026-09-03,435,455,2,68.3,900,11.8,80
TRN-11256,Superfast,COR-002,SEC-0017,2026-09-14,628,635,3,76.7,1600,16.7,110
TRN-11257,Superfast,COR-014,SEC-0140,2026-09-08,1200,1210,3,90.6,1600,3.9,130
TRN-11258,Superfast,COR-019,SEC-0188,2026-09-05,478,488,3,56.9,1600,7.5,130
TRN-11259,Superfast,COR-013,SEC-0130,2026-09-07,676,696,3,63.1,1600,12.6,120
TRN-11260,EMU,COR-020,SEC-0195,2026-09-06,1139,1151,2,92.5,900,11.4,100
TRN-11261,Superfast,COR-009,SEC-0085,2026-09-16,314,324,3,44.5,1600,10.7,130
TRN-11262,Passenger,COR-020,SEC-0199,2026-09-11,1044,1059,2,58.7,1200,6.5,80
TRN-11263,Passenger,COR-007,SEC-0068,2026-09-08,1057,1069,2,60.8,1200,9.4,110
TRN-11264,EMU,COR-001,SEC-0010,2026-09-13,283,288,2,69.4,900,2.5,100
TRN-11265,Passenger,COR-016,SEC-0156,2026-09-06,1351,1366,2,42.0,1200,6.7,100
TRN-11266,Superfast,COR-014,SEC-0140,2026-09-03,85,90,3,47.3,1600,11.0,110
TRN-11267,Passenger,COR-015,SEC-0147,2026-09-08,890,900,2,80.1,1200,17.3,100
TRN-11268,Express,COR-003,SEC-0021,2026-09-10,1279,1289,3,50.1,1400,5.1,80
TRN-11269,Superfast,COR-017,SEC-0169,2026-09-12,415,427,3,89.6,1600,16.6,110
TRN-11270,EMU,COR-002,SEC-0017,2026-09-06,972,982,2,92.9,900,11.3,100
TRN-11271,Passenger,COR-014,SEC-0136,2026-09-03,198,203,2,76.9,1200,9.9,100
TRN-11272,Passenger,COR-017,SEC-0170,2026-09-07,1280,1292,2,74.5,1200,9.8,110
TRN-11273,Freight,COR-018,SEC-0174,2026-09-10,937,944,1,50.8,3000,10.7,130
TRN-11274,Express,COR-004,SEC-0036,2026-09-08,347,352,3,84.2,1400,17.7,80
TRN-11275,Express,COR-014,SEC-0132,2026-09-04,312,319,3,66.0,1400,12.9,110
TRN-11276,Express,COR-013,SEC-0124,2026-09-03,174,181,3,64.5,1400,13.2,120
TRN-11277,Passenger,COR-014,SEC-0135,2026-09-10,360,375,2,84.5,1200,6.2,110
TRN-11278,Express,COR-008,SEC-0073,2026-09-15,155,162,3,87.5,1400,12.2,110
TRN-11279,Passenger,COR-019,SEC-0185,2026-09-12,932,939,2,65.9,1200,11.1,100
TRN-11280,EMU,COR-005,SEC-0049,2026-09-15,1173,1183,2,87.6,900,9.5,80
TRN-11281,Express,COR-014,SEC-0139,2026-09-13,221,233,3,80.0,1400,10.2,110
TRN-11282,Express,COR-011,SEC-0107,2026-09-05,1006,1013,3,75.1,1400,8.3,100
TRN-11283,Passenger,COR-011,SEC-0101,2026-09-14,368,378,2,67.3,1200,5.3,110
TRN-11284,Superfast,COR-009,SEC-0087,2026-09-04,1377,1382,3,68.5,1600,3.7,120
TRN-11285,Passenger,COR-016,SEC-0153,2026-09-04,210,215,2,88.6,1200,15.0,110
TRN-11286,Freight,COR-014,SEC-0134,2026-09-16,1067,1074,1,29.8,3000,5.7,110
TRN-11287,Express,COR-005,SEC-0043,2026-09-16,261,271,3,66.3,1400,12.8,130
TRN-11288,Superfast,COR-002,SEC-0019,2026-09-10,265,275,3,50.0,1600,2.5,80
TRN-11289,EMU,COR-008,SEC-0072,2026-09-09,1425,1437,2,91.6,900,11.9,110
TRN-11290,Passenger,COR-011,SEC-0105,2026-09-10,188,193,2,41.7,1200,6.6,130
TRN-11291,Express,COR-010,SEC-0098,2026-09-15,1225,1235,3,76.7,1400,9.8,80
TRN-11292,Freight,COR-017,SEC-0170,2026-09-08,297,312,1,51.0,3000,14.9,110
TRN-11293,EMU,COR-003,SEC-0022,2026-09-13,1330,1350,2,99.0,900,11.5,110
TRN-11294,Passenger,COR-004,SEC-0035,2026-09-13,1074,1094,2,32.9,1200,7.2,80
TRN-11295,Freight,COR-010,SEC-0100,2026-09-08,1359,1369,1,20.2,3000,6.7,110
TRN-11296,Express,COR-014,SEC-0132,2026-09-09,839,844,3,59.6,1400,5.2,100
TRN-11297,Express,COR-002,SEC-0011,2026-09-15,934,949,3,99.0,1400,10.8,100
TRN-11298,Superfast,COR-012,SEC-0117,2026-09-09,541,556,3,72.7,1600,7.4,100
TRN-11299,Express,COR-005,SEC-0047,2026-09-07,738,745,3,88.3,1400,11.3,110
TRN-11300,EMU,COR-008,SEC-0080,2026-09-11,279,291,2,98.1,900,13.9,100
TRN-11301,Passenger,COR-005,SEC-0048,2026-09-15,1430,1439,2,43.4,1200,6.9,100
TRN-11302,Superfast,COR-005,SEC-0045,2026-09-13,286,296,3,68.8,1600,12.3,110
TRN-11303,Freight,COR-016,SEC-0156,2026-09-14,398,410,1,26.9,3000,7.0,110
TRN-11304,EMU,COR-015,SEC-0147,2026-09-11,126,141,2,69.3,900,12.0,110
TRN-11305,EMU,COR-013,SEC-0130,2026-09-14,424,429,2,68.8,900,11.4,120
TRN-11306,Freight,COR-006,SEC-0059,2026-09-12,275,285,1,44.7,3000,10.7,80
TRN-11307,Passenger,COR-014,SEC-0133,2026-09-07,10,20,2,51.0,1200,8.0,120
TRN-11308,Superfast,COR-005,SEC-0042,2026-09-13,842,849,3,69.9,1600,9.7,110
TRN-11309,EMU,COR-006,SEC-0060,2026-09-15,599,604,2,67.2,900,8.0,120
TRN-11310,Express,COR-003,SEC-0025,2026-09-04,1116,1123,3,72.2,1400,7.7,100
TRN-11311,EMU,COR-001,SEC-0008,2026-09-11,1063,1078,2,86.3,900,6.1,100
TRN-11312,EMU,COR-013,SEC-0127,2026-09-10,216,223,2,77.3,900,6.2,100
TRN-11313,Passenger,COR-013,SEC-0130,2026-09-15,688,698,2,59.8,1200,4.8,110
TRN-11314,Passenger,COR-012,SEC-0120,2026-09-11,1389,1399,2,60.0,1200,9.2,100
TRN-11315,Passenger,COR-004,SEC-0037,2026-09-15,758,773,2,88.0,1200,7.9,110
TRN-11316,Freight,COR-014,SEC-0132,2026-09-08,1401,1408,1,5.0,3000,7.2,130
TRN-11317,Freight,COR-017,SEC-0169,2026-09-16,1266,1278,1,48.3,3000,8.9,120
TRN-11318,Superfast,COR-018,SEC-0172,2026-09-07,1281,1293,3,84.4,1600,9.5,110
TRN-11319,Passenger,COR-007,SEC-0062,2026-09-09,660,667,2,34.9,1200,8.3,110
TRN-11320,Superfast,COR-016,SEC-0154,2026-09-08,776,786,3,82.7,1600,12.9,100
TRN-11321,Passenger,COR-020,SEC-0192,2026-09-05,670,677,2,56.1,1200,6.7,130
TRN-11322,Freight,COR-003,SEC-0027,2026-09-04,257,262,1,40.2,3000,7.2,100
TRN-11323,Superfast,COR-007,SEC-0067,2026-09-16,461,468,3,63.2,1600,12.1,110
TRN-11324,Passenger,COR-005,SEC-0045,2026-09-13,97,107,2,55.5,1200,10.1,120
TRN-11325,EMU,COR-016,SEC-0154,2026-09-13,769,781,2,76.5,900,14.7,100
TRN-11326,Superfast,COR-008,SEC-0073,2026-09-10,470,485,3,53.3,1600,4.7,100
TRN-11327,Express,COR-019,SEC-0187,2026-09-04,1292,1302,3,65.2,1400,13.7,80
TRN-11328,Passenger,COR-003,SEC-0023,2026-09-12,751,771,2,75.1,1200,6.6,130
TRN-11329,Passenger,COR-015,SEC-0150,2026-09-05,231,241,2,62.9,1200,13.6,100
TRN-11330,EMU,COR-019,SEC-0182,2026-09-04,217,222,2,73.8,900,5.6,100
TRN-11331,Express,COR-016,SEC-0159,2026-09-05,68,83,3,98.5,1400,9.0,110
TRN-11332,EMU,COR-005,SEC-0044,2026-09-14,937,949,2,82.7,900,11.0,80
TRN-11333,Freight,COR-009,SEC-0088,2026-09-15,409,416,1,5.0,3000,4.3,120
TRN-11334,Freight,COR-008,SEC-0076,2026-09-13,234,244,1,40.2,3000,7.2,120
TRN-11335,Express,COR-011,SEC-0110,2026-09-04,995,1002,3,79.2,1400,6.7,100
TRN-11336,EMU,COR-001,SEC-0008,2026-09-16,456,461,2,72.4,900,8.7,100
TRN-11337,Express,COR-008,SEC-0074,2026-09-07,1161,1168,3,90.0,1400,16.0,110
TRN-11338,Passenger,COR-011,SEC-0102,2026-09-04,1284,1294,2,62.9,1200,11.4,110
TRN-11339,Freight,COR-005,SEC-0050,2026-09-12,1239,1251,1,39.8,3000,5.5,100
TRN-11340,Superfast,COR-018,SEC-0179,2026-09-05,191,196,3,85.3,1600,16.8,110
TRN-11341,Superfast,COR-013,SEC-0128,2026-09-06,254,264,3,72.8,1600,11.8,110
TRN-11342,Freight,COR-006,SEC-0055,2026-09-06,267,272,1,37.0,3000,7.4,80
TRN-11343,Express,COR-015,SEC-0144,2026-09-12,587,599,3,68.0,1400,9.0,120
TRN-11344,EMU,COR-018,SEC-0174,2026-09-03,153,163,2,62.6,900,2.9,120
TRN-11345,Express,COR-007,SEC-0069,2026-09-16,1094,1104,3,50.0,1400,11.5,110
TRN-11346,EMU,COR-018,SEC-0177,2026-09-15,294,301,2,56.5,900,5.5,110
TRN-11347,Express,COR-016,SEC-0152,2026-09-07,1294,1301,3,80.9,1400,10.6,110
TRN-11348,Superfast,COR-003,SEC-0029,2026-09-05,832,847,3,90.1,1600,9.3,120
TRN-11349,Express,COR-004,SEC-0040,2026-09-16,533,545,3,66.1,1400,11.8,80
TRN-11350,Passenger,COR-003,SEC-0028,2026-09-05,83,95,2,45.4,1200,5.8,130
TRN-11351,Freight,COR-008,SEC-0072,2026-09-04,221,233,1,33.0,3000,7.8,110
TRN-11352,Express,COR-018,SEC-0174,2026-09-14,472,492,3,71.9,1400,13.7,110
TRN-11353,Superfast,COR-009,SEC-0087,2026-09-04,1415,1427,3,78.8,1600,11.6,110
TRN-11354,Express,COR-020,SEC-0193,2026-09-13,500,510,3,72.3,1400,11.3,120
TRN-11355,EMU,COR-016,SEC-0156,2026-09-16,500,507,2,75.9,900,8.7,100
TRN-11356,Passenger,COR-009,SEC-0087,2026-09-15,1233,1253,2,81.3,1200,12.0,110
TRN-11357,Passenger,COR-018,SEC-0176,2026-09-03,796,806,2,66.7,1200,11.1,120
TRN-11358,Superfast,COR-006,SEC-0060,2026-09-10,166,176,3,67.2,1600,12.6,100
TRN-11359,Freight,COR-014,SEC-0131,2026-09-07,898,905,1,47.3,3000,8.9,110
TRN-11360,Superfast,COR-016,SEC-0153,2026-09-04,731,741,3,74.5,1600,7.9,110
TRN-11361,Passenger,COR-012,SEC-0111,2026-09-12,394,401,2,86.4,1200,11.6,110
TRN-11362,Express,COR-007,SEC-0067,2026-09-03,558,568,3,57.2,1400,12.0,100
TRN-11363,Freight,COR-004,SEC-0031,2026-09-13,369,384,1,29.3,3000,3.9,120
TRN-11364,Superfast,COR-007,SEC-0070,2026-09-16,628,638,3,85.3,1600,8.2,80
TRN-11365,Freight,COR-017,SEC-0164,2026-09-15,649,661,1,10.8,3000,3.7,110
TRN-11366,Passenger,COR-001,SEC-0001,2026-09-04,1267,1282,2,53.9,1200,4.7,130
TRN-11367,Freight,COR-015,SEC-0141,2026-09-15,592,607,1,45.1,3000,11.1,120
TRN-11368,Passenger,COR-006,SEC-0060,2026-09-08,895,905,2,61.8,1200,6.7,80
TRN-11369,Superfast,COR-008,SEC-0075,2026-09-07,697,702,3,74.8,1600,9.1,80
TRN-11370,Passenger,COR-015,SEC-0149,2026-09-05,932,937,2,74.0,1200,9.2,100
TRN-11371,Express,COR-013,SEC-0121,2026-09-08,798,805,3,57.1,1400,8.4,100
TRN-11372,Superfast,COR-011,SEC-0108,2026-09-08,497,512,3,67.9,1600,10.1,120
TRN-11373,EMU,COR-019,SEC-0181,2026-09-05,12,24,2,87.2,900,10.0,120
TRN-11374,Passenger,COR-011,SEC-0105,2026-09-04,1255,1265,2,81.1,1200,12.3,80
TRN-11375,Express,COR-011,SEC-0101,2026-09-04,881,893,3,62.2,1400,13.0,80
TRN-11376,Superfast,COR-006,SEC-0054,2026-09-04,241,246,3,79.4,1600,9.6,110
TRN-11377,Express,COR-011,SEC-0103,2026-09-03,425,435,3,84.0,1400,9.1,100
TRN-11378,EMU,COR-008,SEC-0077,2026-09-10,883,890,2,42.3,900,10.2,100
TRN-11379,Freight,COR-001,SEC-0002,2026-09-04,304,311,1,51.0,3000,11.7,110
TRN-11380,Passenger,COR-009,SEC-0086,2026-09-05,60,67,2,68.4,1200,7.7,100
TRN-11381,Freight,COR-018,SEC-0175,2026-09-04,463,473,1,30.6,3000,4.0,80
TRN-11382,Freight,COR-010,SEC-0096,2026-09-03,1013,1025,1,35.0,3000,6.8,110
TRN-11383,Freight,COR-003,SEC-0025,2026-09-03,147,152,1,35.1,3000,9.3,120
TRN-11384,Passenger,COR-016,SEC-0156,2026-09-04,1171,1181,2,50.5,1200,12.0,130
TRN-11385,Express,COR-010,SEC-0098,2026-09-04,1037,1052,3,48.1,1400,7.5,110
TRN-11386,Freight,COR-016,SEC-0157,2026-09-05,1277,1287,1,13.4,3000,2.9,80
TRN-11387,Superfast,COR-013,SEC-0123,2026-09-10,31,36,3,87.5,1600,13.8,100
TRN-11388,Passenger,COR-019,SEC-0185,2026-09-12,1395,1407,2,67.5,1200,8.4,80
TRN-11389,EMU,COR-019,SEC-0183,2026-09-13,1103,1118,2,68.2,900,8.6,120
TRN-11390,EMU,COR-014,SEC-0132,2026-09-10,109,119,2,90.4,900,5.9,80
TRN-11391,Passenger,COR-014,SEC-0133,2026-09-14,921,931,2,77.1,1200,11.0,120
TRN-11392,EMU,COR-002,SEC-0011,2026-09-07,5,15,2,28.0,900,1.0,110
TRN-11393,Passenger,COR-019,SEC-0188,2026-09-05,579,589,2,49.4,1200,5.4,120
TRN-11394,Express,COR-007,SEC-0063,2026-09-16,15,25,3,61.4,1400,6.9,100
TRN-11395,Superfast,COR-014,SEC-0139,2026-09-15,859,879,3,72.8,1600,11.4,130
TRN-11396,Express,COR-001,SEC-0005,2026-09-05,507,527,3,99.0,1400,14.5,110
TRN-11397,EMU,COR-012,SEC-0120,2026-09-10,1222,1237,2,84.2,900,12.5,80
TRN-11398,Passenger,COR-013,SEC-0121,2026-09-14,300,312,2,93.7,1200,18.3,120
TRN-11399,Passenger,COR-003,SEC-0027,2026-09-15,680,687,2,92.7,1200,14.5,110
TRN-11400,Superfast,COR-014,SEC-0139,2026-09-10,819,824,3,69.9,1600,8.0,120
TRN-11401,Superfast,COR-003,SEC-0030,2026-09-16,235,242,3,78.7,1600,12.6,100
TRN-11402,EMU,COR-015,SEC-0149,2026-09-09,1122,1137,2,67.6,900,13.9,80
TRN-11403,Passenger,COR-004,SEC-0038,2026-09-08,1116,1126,2,93.5,1200,14.6,110
TRN-11404,Superfast,COR-002,SEC-0017,2026-09-09,441,456,3,59.5,1600,12.1,110
TRN-11405,Superfast,COR-010,SEC-0095,2026-09-12,97,102,3,85.7,1600,13.6,80
TRN-11406,Express,COR-015,SEC-0148,2026-09-03,1438,1439,3,99.0,1400,10.9,110
TRN-11407,Superfast,COR-004,SEC-0036,2026-09-05,1381,1386,3,50.3,1600,5.6,80
TRN-11408,Freight,COR-017,SEC-0170,2026-09-15,531,543,1,46.7,3000,11.5,80
TRN-11409,Superfast,COR-017,SEC-0162,2026-09-05,923,938,3,98.7,1600,11.4,100
TRN-11410,EMU,COR-018,SEC-0180,2026-09-11,856,866,2,69.1,900,7.3,110
TRN-11411,Superfast,COR-017,SEC-0166,2026-09-07,272,282,3,51.9,1600,5.5,110
TRN-11412,EMU,COR-016,SEC-0151,2026-09-06,147,154,2,79.2,900,18.6,80
TRN-11413,Express,COR-007,SEC-0069,2026-09-11,1038,1048,3,85.3,1400,13.1,110
TRN-11414,Freight,COR-020,SEC-0200,2026-09-04,577,589,1,49.3,3000,5.5,110
TRN-11415,Passenger,COR-004,SEC-0036,2026-09-10,914,934,2,70.2,1200,11.8,100
TRN-11416,Passenger,COR-005,SEC-0044,2026-09-05,1363,1375,2,99.0,1200,11.9,100
TRN-11417,EMU,COR-016,SEC-0155,2026-09-13,315,322,2,74.9,900,4.3,100
TRN-11418,EMU,COR-007,SEC-0063,2026-09-07,867,877,2,85.1,900,9.6,100
TRN-11419,Passenger,COR-020,SEC-0199,2026-09-08,986,998,2,69.0,1200,13.2,100
TRN-11420,EMU,COR-001,SEC-0006,2026-09-07,514,534,2,58.0,900,3.9,110
TRN-11421,Superfast,COR-001,SEC-0005,2026-09-11,145,150,3,69.2,1600,13.3,80
TRN-11422,Freight,COR-015,SEC-0149,2026-09-03,1168,1183,1,21.5,3000,2.3,110
TRN-11423,Express,COR-006,SEC-0051,2026-09-08,163,178,3,75.5,1400,13.7,100
TRN-11424,Passenger,COR-002,SEC-0018,2026-09-10,115,127,2,80.2,1200,15.7,130
TRN-11425,Passenger,COR-014,SEC-0132,2026-09-09,317,324,2,51.3,1200,1.3,100
TRN-11426,Express,COR-001,SEC-0002,2026-09-15,558,565,3,84.2,1400,7.8,100
TRN-11427,Superfast,COR-010,SEC-0096,2026-09-10,804,816,3,40.6,1600,5.2,120
TRN-11428,Express,COR-001,SEC-0003,2026-09-11,798,805,3,69.6,1400,5.8,100
TRN-11429,Express,COR-001,SEC-0003,2026-09-03,1053,1065,3,70.0,1400,8.1,120
TRN-11430,Express,COR-013,SEC-0129,2026-09-12,873,885,3,71.0,1400,12.9,110
TRN-11431,EMU,COR-012,SEC-0116,2026-09-04,894,901,2,72.0,900,10.5,120
TRN-11432,Passenger,COR-020,SEC-0198,2026-09-16,1278,1298,2,81.7,1200,7.4,100
TRN-11433,Superfast,COR-020,SEC-0199,2026-09-16,248,258,3,82.3,1600,9.0,100
TRN-11434,EMU,COR-004,SEC-0032,2026-09-16,605,612,2,62.4,900,8.6,100
TRN-11435,EMU,COR-005,SEC-0048,2026-09-07,1258,1268,2,57.1,900,9.5,110
TRN-11436,Freight,COR-007,SEC-0061,2026-09-04,188,195,1,47.4,3000,10.1,100
TRN-11437,Superfast,COR-006,SEC-0056,2026-09-03,426,436,3,65.8,1600,13.0,120
TRN-11438,Passenger,COR-008,SEC-0075,2026-09-04,1084,1096,2,73.4,1200,9.6,100
TRN-11439,Freight,COR-020,SEC-0195,2026-09-03,56,68,1,60.9,3000,6.1,110
TRN-11440,Superfast,COR-009,SEC-0081,2026-09-06,232,244,3,62.0,1600,15.6,120
TRN-11441,Express,COR-008,SEC-0076,2026-09-06,599,609,3,69.9,1400,15.9,130
TRN-11442,EMU,COR-016,SEC-0151,2026-09-05,961,973,2,78.4,900,5.9,110
TRN-11443,Freight,COR-010,SEC-0095,2026-09-05,256,263,1,41.1,3000,6.1,120
TRN-11444,Superfast,COR-013,SEC-0121,2026-09-11,888,900,3,86.8,1600,10.5,110
TRN-11445,Superfast,COR-013,SEC-0130,2026-09-15,663,675,3,65.4,1600,5.6,110
TRN-11446,Freight,COR-017,SEC-0169,2026-09-05,1330,1342,1,8.2,3000,2.5,80
TRN-11447,Passenger,COR-019,SEC-0183,2026-09-12,730,742,2,61.2,1200,7.8,80
TRN-11448,Passenger,COR-004,SEC-0040,2026-09-16,847,852,2,78.0,1200,10.3,80
TRN-11449,EMU,COR-016,SEC-0156,2026-09-16,1374,1381,2,65.0,900,13.3,100
TRN-11450,EMU,COR-004,SEC-0032,2026-09-13,315,322,2,69.4,900,11.5,100
TRN-11451,Superfast,COR-017,SEC-0162,2026-09-03,279,289,3,76.9,1600,10.3,120
TRN-11452,Express,COR-009,SEC-0089,2026-09-06,1355,1365,3,79.5,1400,12.0,120
TRN-11453,Express,COR-009,SEC-0087,2026-09-08,286,291,3,74.2,1400,7.7,110
TRN-11454,Superfast,COR-013,SEC-0121,2026-09-13,600,620,3,65.6,1600,12.2,80
TRN-11455,Superfast,COR-006,SEC-0057,2026-09-06,1359,1366,3,97.0,1600,12.2,110
TRN-11456,Passenger,COR-010,SEC-0093,2026-09-11,555,565,2,86.4,1200,7.0,110
TRN-11457,Freight,COR-010,SEC-0092,2026-09-09,1264,1284,1,15.8,3000,4.6,80
TRN-11458,Freight,COR-016,SEC-0160,2026-09-13,1341,1346,1,14.1,3000,6.8,100
TRN-11459,Freight,COR-004,SEC-0033,2026-09-05,963,983,1,35.7,3000,7.9,110
TRN-11460,EMU,COR-005,SEC-0044,2026-09-15,517,524,2,77.9,900,9.1,110
TRN-11461,Passenger,COR-016,SEC-0157,2026-09-05,1061,1066,2,67.2,1200,7.9,80
TRN-11462,Freight,COR-011,SEC-0108,2026-09-05,917,924,1,27.5,3000,2.4,100
TRN-11463,Passenger,COR-019,SEC-0188,2026-09-13,561,576,2,78.0,1200,11.8,100
TRN-11464,Freight,COR-010,SEC-0096,2026-09-03,1258,1273,1,36.1,3000,9.1,110
TRN-11465,Express,COR-001,SEC-0009,2026-09-10,1257,1267,3,53.7,1400,8.2,120
TRN-11466,Express,COR-011,SEC-0104,2026-09-03,1092,1099,3,68.1,1400,9.8,110
TRN-11467,Express,COR-012,SEC-0114,2026-09-03,1159,1164,3,76.2,1400,10.4,110
TRN-11468,Express,COR-003,SEC-0028,2026-09-05,74,84,3,66.5,1400,8.0,110
TRN-11469,EMU,COR-010,SEC-0097,2026-09-16,111,118,2,75.1,900,10.0,130
TRN-11470,Express,COR-003,SEC-0025,2026-09-10,1376,1391,3,48.8,1400,5.2,100
TRN-11471,Freight,COR-013,SEC-0124,2026-09-14,1368,1378,1,20.2,3000,5.1,130
TRN-11472,Passenger,COR-008,SEC-0072,2026-09-10,18,38,2,50.7,1200,6.3,100
TRN-11473,Superfast,COR-006,SEC-0056,2026-09-09,386,401,3,70.7,1600,13.4,110
TRN-11474,EMU,COR-018,SEC-0177,2026-09-09,924,939,2,47.2,900,6.4,110
TRN-11475,EMU,COR-003,SEC-0022,2026-09-12,1351,1358,2,91.4,900,9.8,120
TRN-11476,Freight,COR-020,SEC-0200,2026-09-05,936,946,1,11.3,3000,6.8,120
TRN-11477,Freight,COR-017,SEC-0170,2026-09-12,132,144,1,5.0,3000,6.1,110
TRN-11478,Superfast,COR-012,SEC-0111,2026-09-04,509,524,3,63.5,1600,12.7,110
TRN-11479,Superfast,COR-005,SEC-0044,2026-09-07,1023,1030,3,76.6,1600,14.8,100
TRN-11480,Freight,COR-019,SEC-0182,2026-09-04,717,722,1,38.1,3000,7.0,100
TRN-11481,Freight,COR-007,SEC-0067,2026-09-08,1183,1193,1,29.3,3000,6.3,80
TRN-11482,Passenger,COR-002,SEC-0015,2026-09-14,754,769,2,81.1,1200,10.2,120
TRN-11483,Superfast,COR-017,SEC-0167,2026-09-09,128,143,3,72.6,1600,11.3,110
TRN-11484,EMU,COR-001,SEC-0003,2026-09-14,1422,1429,2,62.5,900,9.4,110
TRN-11485,EMU,COR-011,SEC-0110,2026-09-07,395,410,2,88.9,900,18.1,110
TRN-11486,Passenger,COR-002,SEC-0019,2026-09-12,198,205,2,79.1,1200,8.5,110
TRN-11487,Passenger,COR-005,SEC-0048,2026-09-07,811,821,2,67.2,1200,11.3,120
TRN-11488,Superfast,COR-003,SEC-0029,2026-09-10,150,160,3,73.7,1600,11.9,100
TRN-11489,Superfast,COR-001,SEC-0002,2026-09-06,429,436,3,87.9,1600,9.7,80
TRN-11490,Freight,COR-002,SEC-0011,2026-09-12,1277,1289,1,21.7,3000,3.5,100
TRN-11491,Passenger,COR-008,SEC-0072,2026-09-11,518,538,2,58.3,1200,6.6,110
TRN-11492,Passenger,COR-018,SEC-0171,2026-09-08,534,546,2,47.5,1200,2.1,110
TRN-11493,Passenger,COR-009,SEC-0089,2026-09-10,850,860,2,88.9,1200,11.4,100
TRN-11494,Freight,COR-017,SEC-0169,2026-09-06,1201,1211,1,33.5,3000,2.0,110
TRN-11495,Passenger,COR-008,SEC-0075,2026-09-13,211,223,2,85.5,1200,11.7,110
TRN-11496,Passenger,COR-008,SEC-0074,2026-09-07,285,292,2,92.1,1200,6.6,110
TRN-11497,Freight,COR-019,SEC-0188,2026-09-12,843,853,1,81.3,3000,13.5,80
TRN-11498,Freight,COR-008,SEC-0080,2026-09-09,812,822,1,31.9,3000,4.2,110
TRN-11499,EMU,COR-010,SEC-0099,2026-09-08,424,431,2,77.9,900,13.3,100
TRN-11500,Passenger,COR-010,SEC-0099,2026-09-08,183,193,2,55.2,1200,13.6,110
TRN-11501,Express,COR-018,SEC-0175,2026-09-15,1369,1384,3,64.6,1400,5.9,100
TRN-11502,EMU,COR-016,SEC-0152,2026-09-09,458,468,2,53.3,900,5.9,100
TRN-11503,Superfast,COR-013,SEC-0129,2026-09-07,1187,1202,3,69.3,1600,7.6,110
TRN-11504,Express,COR-015,SEC-0144,2026-09-16,41,51,3,53.7,1400,4.5,80
TRN-11505,EMU,COR-006,SEC-0059,2026-09-04,702,709,2,89.3,900,6.6,120
TRN-11506,Passenger,COR-003,SEC-0027,2026-09-13,125,132,2,73.3,1200,8.5,100
TRN-11507,Express,COR-001,SEC-0004,2026-09-10,1287,1294,3,80.1,1400,10.2,80
TRN-11508,Passenger,COR-003,SEC-0028,2026-09-08,663,668,2,89.4,1200,12.3,110
TRN-11509,Superfast,COR-008,SEC-0079,2026-09-05,296,306,3,65.0,1600,3.0,100
TRN-11510,Passenger,COR-008,SEC-0080,2026-09-13,536,548,2,56.2,1200,8.1,130
TRN-11511,Express,COR-001,SEC-0010,2026-09-03,724,736,3,99.0,1400,10.7,110
TRN-11512,EMU,COR-008,SEC-0076,2026-09-09,190,195,2,79.9,900,11.6,100
TRN-11513,EMU,COR-018,SEC-0173,2026-09-13,675,687,2,50.3,900,7.8,120
TRN-11514,Passenger,COR-020,SEC-0197,2026-09-16,1364,1369,2,66.9,1200,7.8,120
TRN-11515,Superfast,COR-002,SEC-0018,2026-09-07,1251,1261,3,76.2,1600,7.1,110
TRN-11516,Express,COR-014,SEC-0136,2026-09-13,764,776,3,63.6,1400,11.6,100
TRN-11517,Express,COR-015,SEC-0148,2026-09-08,226,231,3,82.4,1400,11.6,110
TRN-11518,Passenger,COR-013,SEC-0121,2026-09-13,499,506,2,84.3,1200,7.9,120
TRN-11519,EMU,COR-004,SEC-0031,2026-09-04,1339,1359,2,81.4,900,14.8,100
TRN-11520,Freight,COR-006,SEC-0053,2026-09-08,493,503,1,38.1,3000,8.6,110
TRN-11521,Freight,COR-019,SEC-0185,2026-09-16,1109,1119,1,19.4,3000,7.9,120
TRN-11522,Passenger,COR-014,SEC-0132,2026-09-03,438,458,2,52.1,1200,4.7,130
TRN-11523,EMU,COR-017,SEC-0161,2026-09-04,367,374,2,91.6,900,12.3,80
TRN-11524,Passenger,COR-014,SEC-0134,2026-09-13,1294,1314,2,62.7,1200,4.2,110
TRN-11525,Passenger,COR-005,SEC-0048,2026-09-10,943,955,2,90.1,1200,10.5,110
TRN-11526,Freight,COR-017,SEC-0166,2026-09-08,802,809,1,43.2,3000,10.4,100
TRN-11527,EMU,COR-011,SEC-0110,2026-09-10,1113,1123,2,83.6,900,10.3,120
TRN-11528,Superfast,COR-014,SEC-0133,2026-09-06,1065,1072,3,76.3,1600,8.9,110
TRN-11529,Express,COR-005,SEC-0048,2026-09-14,967,972,3,65.8,1400,11.7,80
TRN-11530,Express,COR-020,SEC-0200,2026-09-06,1259,1274,3,69.9,1400,7.0,120
TRN-11531,EMU,COR-001,SEC-0010,2026-09-06,694,704,2,93.0,900,10.4,80
TRN-11532,Passenger,COR-005,SEC-0041,2026-09-08,635,642,2,69.1,1200,9.4,100
TRN-11533,Express,COR-007,SEC-0062,2026-09-16,130,150,3,84.1,1400,6.1,130
TRN-11534,Freight,COR-016,SEC-0151,2026-09-12,291,311,1,17.8,3000,3.6,120
TRN-11535,EMU,COR-018,SEC-0171,2026-09-07,889,899,2,84.9,900,8.5,110
TRN-11536,Superfast,COR-008,SEC-0074,2026-09-03,351,358,3,95.1,1600,19.0,100
TRN-11537,Passenger,COR-020,SEC-0196,2026-09-07,797,807,2,58.6,1200,8.3,120
TRN-11538,Superfast,COR-001,SEC-0009,2026-09-06,759,764,3,92.8,1600,12.9,100
TRN-11539,Superfast,COR-017,SEC-0163,2026-09-05,1408,1418,3,89.9,1600,8.3,100
TRN-11540,Passenger,COR-004,SEC-0040,2026-09-10,1118,1130,2,72.6,1200,11.0,110
TRN-11541,Freight,COR-011,SEC-0107,2026-09-16,451,461,1,24.2,3000,4.3,120
TRN-11542,Freight,COR-014,SEC-0134,2026-09-05,775,785,1,33.5,3000,5.4,100
TRN-11543,EMU,COR-002,SEC-0016,2026-09-15,528,543,2,72.6,900,11.3,100
TRN-11544,Superfast,COR-013,SEC-0123,2026-09-12,806,816,3,55.1,1600,12.9,120
TRN-11545,EMU,COR-020,SEC-0195,2026-09-16,347,354,2,95.0,900,6.9,120
TRN-11546,Passenger,COR-001,SEC-0009,2026-09-10,259,269,2,63.2,1200,7.4,120
TRN-11547,Freight,COR-019,SEC-0188,2026-09-13,930,942,1,42.5,3000,8.1,110
TRN-11548,Passenger,COR-009,SEC-0087,2026-09-13,433,443,2,79.2,1200,8.9,80
TRN-11549,Freight,COR-009,SEC-0090,2026-09-16,222,229,1,11.1,3000,3.6,120
TRN-11550,Freight,COR-016,SEC-0158,2026-09-12,957,962,1,15.9,3000,5.8,80
TRN-11551,EMU,COR-019,SEC-0182,2026-09-08,756,771,2,54.5,900,7.0,110
TRN-11552,Passenger,COR-017,SEC-0166,2026-09-14,1081,1088,2,88.6,1200,14.0,80
TRN-11553,Express,COR-004,SEC-0037,2026-09-03,1269,1281,3,50.1,1400,7.8,130
TRN-11554,Superfast,COR-010,SEC-0094,2026-09-08,1072,1077,3,72.4,1600,10.6,110
TRN-11555,Superfast,COR-014,SEC-0136,2026-09-11,1321,1333,3,71.8,1600,9.7,110
TRN-11556,Passenger,COR-019,SEC-0184,2026-09-03,1324,1344,2,68.1,1200,10.1,80
TRN-11557,Express,COR-017,SEC-0164,2026-09-05,1240,1252,3,79.8,1400,8.4,100
TRN-11558,EMU,COR-007,SEC-0065,2026-09-06,1178,1185,2,99.0,900,10.1,130
TRN-11559,Passenger,COR-011,SEC-0101,2026-09-04,1242,1262,2,82.0,1200,10.7,110
TRN-11560,EMU,COR-013,SEC-0128,2026-09-05,404,424,2,61.4,900,7.7,100
TRN-11561,Express,COR-010,SEC-0095,2026-09-09,1254,1269,3,74.4,1400,12.2,110
TRN-11562,Superfast,COR-016,SEC-0160,2026-09-16,29,34,3,37.0,1600,8.4,110
TRN-11563,Passenger,COR-016,SEC-0155,2026-09-09,1303,1315,2,60.5,1200,7.9,110
TRN-11564,Express,COR-006,SEC-0051,2026-09-15,925,937,3,70.9,1400,11.0,110
TRN-11565,Express,COR-011,SEC-0110,2026-09-14,542,547,3,77.9,1400,7.6,120
TRN-11566,EMU,COR-003,SEC-0024,2026-09-06,849,856,2,97.4,900,13.9,110
TRN-11567,Express,COR-014,SEC-0131,2026-09-08,668,673,3,89.5,1400,9.6,110
TRN-11568,EMU,COR-017,SEC-0170,2026-09-13,717,729,2,86.9,900,9.0,110
TRN-11569,Express,COR-015,SEC-0142,2026-09-11,530,542,3,69.7,1400,12.0,120
TRN-11570,Freight,COR-011,SEC-0106,2026-09-15,1215,1230,1,41.2,3000,7.1,130
TRN-11571,Express,COR-017,SEC-0166,2026-09-07,801,813,3,85.5,1400,14.4,130
TRN-11572,Passenger,COR-010,SEC-0099,2026-09-13,1320,1330,2,67.6,1200,4.4,120
TRN-11573,EMU,COR-010,SEC-0098,2026-09-03,155,175,2,73.9,900,7.3,130
TRN-11574,Passenger,COR-019,SEC-0185,2026-09-04,254,261,2,63.5,1200,5.4,110
TRN-11575,Passenger,COR-002,SEC-0013,2026-09-04,57,72,2,59.5,1200,9.7,120
TRN-11576,EMU,COR-014,SEC-0134,2026-09-04,943,955,2,68.0,900,7.7,120
TRN-11577,Express,COR-013,SEC-0124,2026-09-03,977,982,3,80.7,1400,15.9,100
TRN-11578,Superfast,COR-002,SEC-0012,2026-09-04,1389,1399,3,90.0,1600,14.1,110
TRN-11579,Express,COR-002,SEC-0015,2026-09-03,1238,1250,3,61.7,1400,12.4,120
TRN-11580,Passenger,COR-009,SEC-0089,2026-09-13,321,331,2,53.9,1200,7.0,110
TRN-11581,Freight,COR-016,SEC-0153,2026-09-15,993,1003,1,26.2,3000,3.5,100
TRN-11582,Superfast,COR-008,SEC-0075,2026-09-06,625,635,3,61.7,1600,10.5,100
TRN-11583,Freight,COR-004,SEC-0034,2026-09-13,395,402,1,23.0,3000,5.0,80
TRN-11584,Express,COR-001,SEC-0003,2026-09-08,742,762,3,78.1,1400,10.8,120
TRN-11585,Freight,COR-003,SEC-0026,2026-09-11,893,905,1,57.2,3000,10.3,100
TRN-11586,Express,COR-013,SEC-0123,2026-09-09,686,693,3,54.1,1400,13.0,100
TRN-11587,EMU,COR-004,SEC-0037,2026-09-09,559,571,2,78.1,900,20.4,80
TRN-11588,Superfast,COR-005,SEC-0047,2026-09-08,1126,1131,3,67.8,1600,9.5,110
TRN-11589,Freight,COR-013,SEC-0129,2026-09-14,209,216,1,11.8,3000,3.0,110
TRN-11590,EMU,COR-006,SEC-0053,2026-09-11,389,396,2,67.7,900,9.9,120
TRN-11591,Express,COR-013,SEC-0124,2026-09-05,106,118,3,85.4,1400,10.2,100
TRN-11592,Superfast,COR-013,SEC-0128,2026-09-08,517,529,3,80.5,1600,4.6,100
TRN-11593,Superfast,COR-002,SEC-0012,2026-09-12,874,884,3,44.2,1600,10.3,130
TRN-11594,Freight,COR-011,SEC-0103,2026-09-08,14,34,1,33.6,3000,7.5,100
TRN-11595,EMU,COR-020,SEC-0197,2026-09-15,542,547,2,89.4,900,8.7,80
TRN-11596,Passenger,COR-007,SEC-0062,2026-09-14,626,641,2,76.6,1200,5.0,80
TRN-11597,Passenger,COR-001,SEC-0005,2026-09-03,1150,1160,2,89.1,1200,11.6,110
TRN-11598,Freight,COR-018,SEC-0171,2026-09-11,310,325,1,58.2,3000,9.2,110
TRN-11599,Superfast,COR-006,SEC-0055,2026-09-05,631,651,3,65.4,1600,10.9,100
TRN-11600,EMU,COR-007,SEC-0066,2026-09-13,260,270,2,49.9,900,9.2,110
TRN-11601,EMU,COR-007,SEC-0069,2026-09-15,1191,1206,2,79.0,900,10.3,120
TRN-11602,EMU,COR-002,SEC-0013,2026-09-09,697,712,2,59.8,900,6.7,130
TRN-11603,Superfast,COR-006,SEC-0055,2026-09-12,399,409,3,99.0,1600,9.5,100
TRN-11604,Freight,COR-014,SEC-0132,2026-09-16,1139,1151,1,55.5,3000,11.2,120
TRN-11605,Superfast,COR-001,SEC-0008,2026-09-10,1020,1035,3,50.9,1600,5.7,80
TRN-11606,Freight,COR-004,SEC-0034,2026-09-09,1037,1044,1,21.8,3000,6.0,110
TRN-11607,EMU,COR-015,SEC-0142,2026-09-05,1142,1157,2,83.7,900,11.5,110
TRN-11608,Superfast,COR-007,SEC-0068,2026-09-04,550,560,3,83.6,1600,9.5,120
TRN-11609,Express,COR-020,SEC-0197,2026-09-10,1261,1268,3,77.4,1400,10.4,110
TRN-11610,Freight,COR-002,SEC-0013,2026-09-13,791,801,1,8.9,3000,6.6,110
TRN-11611,EMU,COR-007,SEC-0067,2026-09-15,448,453,2,80.3,900,8.9,130
TRN-11612,EMU,COR-009,SEC-0082,2026-09-14,1425,1435,2,71.2,900,10.7,130
TRN-11613,EMU,COR-020,SEC-0197,2026-09-08,578,588,2,58.7,900,7.1,120
TRN-11614,EMU,COR-008,SEC-0073,2026-09-09,1234,1239,2,82.9,900,8.9,130
TRN-11615,Passenger,COR-001,SEC-0009,2026-09-04,1132,1144,2,72.4,1200,10.5,120
TRN-11616,Superfast,COR-011,SEC-0104,2026-09-10,1409,1424,3,60.0,1600,8.8,100
TRN-11617,Express,COR-013,SEC-0127,2026-09-09,934,954,3,69.3,1400,10.9,130
TRN-11618,Freight,COR-016,SEC-0158,2026-09-13,285,292,1,5.0,3000,6.4,110
TRN-11619,Passenger,COR-005,SEC-0048,2026-09-14,322,337,2,68.8,1200,4.0,80
TRN-11620,Passenger,COR-016,SEC-0160,2026-09-04,1192,1207,2,65.0,1200,12.0,100
TRN-11621,Superfast,COR-008,SEC-0080,2026-09-12,673,685,3,72.4,1600,15.0,110
TRN-11622,Express,COR-004,SEC-0037,2026-09-06,284,304,3,72.5,1400,12.7,100
TRN-11623,Passenger,COR-005,SEC-0044,2026-09-10,143,150,2,82.4,1200,7.8,100
TRN-11624,Passenger,COR-001,SEC-0004,2026-09-11,677,689,2,61.2,1200,12.6,130
TRN-11625,Freight,COR-019,SEC-0183,2026-09-08,708,728,1,77.2,3000,6.4,100
TRN-11626,EMU,COR-013,SEC-0129,2026-09-16,716,736,2,60.4,900,10.6,100
TRN-11627,Freight,COR-007,SEC-0065,2026-09-04,494,499,1,38.0,3000,9.3,80
TRN-11628,Passenger,COR-015,SEC-0144,2026-09-09,250,255,2,92.2,1200,14.3,100
TRN-11629,Freight,COR-018,SEC-0172,2026-09-12,1034,1046,1,5.0,3000,9.3,110
TRN-11630,Superfast,COR-016,SEC-0154,2026-09-04,606,618,3,53.7,1600,6.3,80
TRN-11631,Superfast,COR-001,SEC-0010,2026-09-08,373,383,3,56.9,1600,9.3,110
TRN-11632,Freight,COR-019,SEC-0188,2026-09-09,478,490,1,33.2,3000,6.6,110
TRN-11633,Freight,COR-002,SEC-0012,2026-09-10,639,649,1,55.5,3000,13.8,120
TRN-11634,Passenger,COR-013,SEC-0123,2026-09-06,77,87,2,56.1,1200,5.8,80
TRN-11635,EMU,COR-012,SEC-0112,2026-09-13,329,336,2,77.3,900,11.1,100
TRN-11636,Superfast,COR-016,SEC-0154,2026-09-06,485,495,3,47.9,1600,2.9,110
TRN-11637,Passenger,COR-005,SEC-0046,2026-09-15,1409,1429,2,53.8,1200,1.0,120
TRN-11638,Express,COR-007,SEC-0062,2026-09-13,1271,1276,3,77.5,1400,9.0,110
TRN-11639,Freight,COR-020,SEC-0191,2026-09-10,1235,1240,1,29.3,3000,4.6,80
TRN-11640,Superfast,COR-013,SEC-0125,2026-09-11,1374,1389,3,86.5,1600,5.5,100
TRN-11641,Freight,COR-002,SEC-0014,2026-09-07,1248,1258,1,13.9,3000,6.1,130
TRN-11642,Superfast,COR-004,SEC-0038,2026-09-11,692,699,3,68.4,1600,4.9,110
TRN-11643,EMU,COR-007,SEC-0067,2026-09-10,955,967,2,73.1,900,3.7,110
TRN-11644,Express,COR-009,SEC-0087,2026-09-14,1188,1195,3,86.5,1400,5.9,110
TRN-11645,EMU,COR-008,SEC-0072,2026-09-07,832,839,2,66.1,900,9.6,110
TRN-11646,Passenger,COR-004,SEC-0035,2026-09-16,621,633,2,57.2,1200,6.2,120
TRN-11647,Superfast,COR-014,SEC-0135,2026-09-08,751,771,3,71.7,1600,10.8,110
TRN-11648,Superfast,COR-013,SEC-0124,2026-09-06,1309,1319,3,60.1,1600,10.5,110
TRN-11649,Passenger,COR-016,SEC-0159,2026-09-04,842,847,2,74.6,1200,4.2,110
TRN-11650,Express,COR-007,SEC-0068,2026-09-03,1056,1071,3,83.2,1400,10.3,100
TRN-11651,Freight,COR-020,SEC-0197,2026-09-10,1243,1250,1,31.9,3000,2.2,120
TRN-11652,Express,COR-004,SEC-0032,2026-09-09,191,196,3,71.3,1400,7.8,120
TRN-11653,EMU,COR-013,SEC-0126,2026-09-05,874,884,2,76.4,900,10.5,100
TRN-11654,Freight,COR-002,SEC-0019,2026-09-14,40,55,1,36.0,3000,6.4,80
TRN-11655,EMU,COR-003,SEC-0024,2026-09-07,169,181,2,56.6,900,13.9,110
TRN-11656,Passenger,COR-003,SEC-0028,2026-09-15,66,76,2,88.1,1200,8.3,110
TRN-11657,Express,COR-008,SEC-0075,2026-09-04,1001,1013,3,76.1,1400,8.7,100
TRN-11658,Freight,COR-008,SEC-0076,2026-09-10,523,530,1,51.1,3000,5.6,120
TRN-11659,Superfast,COR-015,SEC-0141,2026-09-11,146,153,3,99.0,1600,11.9,110
TRN-11660,Express,COR-019,SEC-0182,2026-09-16,814,826,3,99.0,1400,7.8,110
TRN-11661,Express,COR-004,SEC-0036,2026-09-05,716,726,3,75.7,1400,12.0,110
TRN-11662,Freight,COR-006,SEC-0054,2026-09-07,139,146,1,16.1,3000,8.6,100
TRN-11663,Passenger,COR-008,SEC-0077,2026-09-15,1219,1239,2,65.8,1200,13.0,110
TRN-11664,Superfast,COR-019,SEC-0187,2026-09-03,517,527,3,60.7,1600,18.1,110
TRN-11665,EMU,COR-014,SEC-0138,2026-09-06,1007,1012,2,80.3,900,9.3,110
TRN-11666,EMU,COR-001,SEC-0005,2026-09-07,799,819,2,73.7,900,16.3,110
TRN-11667,Freight,COR-001,SEC-0005,2026-09-16,28,35,1,51.0,3000,8.1,100
TRN-11668,Express,COR-017,SEC-0170,2026-09-07,1168,1175,3,73.5,1400,12.6,80
TRN-11669,Superfast,COR-009,SEC-0081,2026-09-11,399,411,3,74.0,1600,7.4,100
TRN-11670,Passenger,COR-015,SEC-0142,2026-09-04,979,991,2,90.4,1200,10.9,100
TRN-11671,EMU,COR-006,SEC-0052,2026-09-06,1013,1025,2,85.6,900,10.4,100
TRN-11672,Express,COR-007,SEC-0067,2026-09-15,738,745,3,63.2,1400,15.3,120
TRN-11673,Express,COR-013,SEC-0130,2026-09-13,479,486,3,96.2,1400,5.0,110
TRN-11674,Superfast,COR-011,SEC-0101,2026-09-08,126,131,3,74.2,1600,12.2,110
TRN-11675,Passenger,COR-006,SEC-0060,2026-09-11,148,163,2,83.7,1200,10.2,110
TRN-11676,Passenger,COR-008,SEC-0074,2026-09-11,917,932,2,42.3,1200,5.3,120
TRN-11677,Passenger,COR-017,SEC-0161,2026-09-09,868,873,2,77.5,1200,14.6,120
TRN-11678,Superfast,COR-013,SEC-0122,2026-09-07,275,282,3,55.8,1600,9.2,100
TRN-11679,Freight,COR-020,SEC-0195,2026-09-09,757,764,1,30.1,3000,3.0,110
TRN-11680,EMU,COR-005,SEC-0041,2026-09-08,530,545,2,65.2,900,11.2,120
TRN-11681,Passenger,COR-012,SEC-0118,2026-09-16,661,676,2,42.9,1200,13.0,110
TRN-11682,Passenger,COR-009,SEC-0084,2026-09-12,445,450,2,42.2,1200,2.1,100
TRN-11683,Passenger,COR-008,SEC-0077,2026-09-11,1223,1230,2,54.3,1200,9.3,80
TRN-11684,Freight,COR-016,SEC-0157,2026-09-14,326,336,1,23.3,3000,6.0,110
TRN-11685,Passenger,COR-018,SEC-0178,2026-09-14,1033,1045,2,43.1,1200,3.6,100
TRN-11686,Passenger,COR-016,SEC-0159,2026-09-10,343,348,2,89.2,1200,13.8,110
TRN-11687,Freight,COR-006,SEC-0057,2026-09-13,251,263,1,13.3,3000,1.9,120
TRN-11688,Express,COR-002,SEC-0020,2026-09-12,186,191,3,71.7,1400,6.6,120
TRN-11689,Express,COR-004,SEC-0036,2026-09-14,994,1001,3,62.0,1400,10.2,120
TRN-11690,Superfast,COR-008,SEC-0075,2026-09-07,152,167,3,57.7,1600,4.8,110
TRN-11691,Freight,COR-013,SEC-0124,2026-09-09,148,160,1,52.8,3000,6.3,110
TRN-11692,Express,COR-015,SEC-0145,2026-09-03,579,589,3,71.2,1400,14.1,100
TRN-11693,Passenger,COR-006,SEC-0053,2026-09-03,1279,1291,2,72.2,1200,6.2,100
TRN-11694,EMU,COR-008,SEC-0072,2026-09-03,50,55,2,89.6,900,15.1,100
TRN-11695,Superfast,COR-001,SEC-0003,2026-09-16,717,724,3,93.2,1600,7.0,110
TRN-11696,Superfast,COR-006,SEC-0058,2026-09-06,1189,1196,3,92.5,1600,4.8,80
TRN-11697,Express,COR-010,SEC-0092,2026-09-13,835,847,3,67.0,1400,9.5,120
TRN-11698,Express,COR-009,SEC-0084,2026-09-15,137,142,3,99.0,1400,11.0,120
TRN-11699,Passenger,COR-020,SEC-0194,2026-09-16,1192,1197,2,80.6,1200,6.7,80
TRN-11700,EMU,COR-012,SEC-0117,2026-09-14,693,700,2,85.2,900,17.5,80
TRN-11701,Passenger,COR-004,SEC-0037,2026-09-11,336,356,2,45.7,1200,8.8,120
TRN-11702,Freight,COR-010,SEC-0098,2026-09-16,585,597,1,42.3,3000,8.1,100
TRN-11703,Passenger,COR-005,SEC-0045,2026-09-05,786,796,2,99.0,1200,13.3,80
TRN-11704,Freight,COR-004,SEC-0036,2026-09-07,620,635,1,15.3,3000,4.8,110
TRN-11705,Passenger,COR-016,SEC-0158,2026-09-11,1305,1310,2,52.3,1200,12.3,80
TRN-11706,Passenger,COR-012,SEC-0115,2026-09-12,854,859,2,82.4,1200,4.2,120
TRN-11707,Express,COR-015,SEC-0146,2026-09-03,47,67,3,78.6,1400,11.6,110
TRN-11708,EMU,COR-004,SEC-0039,2026-09-11,63,68,2,79.9,900,11.0,80
TRN-11709,Superfast,COR-012,SEC-0114,2026-09-15,903,910,3,95.6,1600,9.5,80
TRN-11710,Superfast,COR-006,SEC-0054,2026-09-16,91,103,3,42.8,1600,3.0,110
TRN-11711,Superfast,COR-003,SEC-0025,2026-09-06,328,343,3,85.7,1600,8.6,100
TRN-11712,Superfast,COR-011,SEC-0105,2026-09-15,1118,1123,3,82.2,1600,11.3,120
TRN-11713,Passenger,COR-014,SEC-0139,2026-09-04,513,518,2,73.3,1200,9.5,100
TRN-11714,Passenger,COR-002,SEC-0017,2026-09-14,882,889,2,88.4,1200,12.9,110
TRN-11715,Freight,COR-006,SEC-0055,2026-09-08,104,119,1,31.2,3000,4.1,80
TRN-11716,Passenger,COR-015,SEC-0144,2026-09-15,938,958,2,89.3,1200,7.9,120
TRN-11717,Express,COR-001,SEC-0001,2026-09-04,326,333,3,86.8,1400,8.7,80
TRN-11718,Superfast,COR-016,SEC-0155,2026-09-11,60,65,3,82.0,1600,7.6,110
TRN-11719,Passenger,COR-002,SEC-0020,2026-09-07,131,138,2,70.4,1200,11.4,110
TRN-11720,Passenger,COR-009,SEC-0087,2026-09-11,224,236,2,70.8,1200,9.1,130
TRN-11721,EMU,COR-018,SEC-0178,2026-09-07,1184,1194,2,87.7,900,8.9,110
TRN-11722,Passenger,COR-004,SEC-0033,2026-09-16,692,704,2,31.8,1200,1.0,100
TRN-11723,EMU,COR-018,SEC-0178,2026-09-03,840,850,2,78.1,900,8.7,100
TRN-11724,Superfast,COR-007,SEC-0067,2026-09-05,1182,1197,3,76.6,1600,11.4,100
TRN-11725,Passenger,COR-017,SEC-0170,2026-09-15,220,227,2,79.2,1200,9.3,100
TRN-11726,EMU,COR-006,SEC-0051,2026-09-03,43,48,2,99.0,900,10.9,110
TRN-11727,Freight,COR-017,SEC-0170,2026-09-15,518,525,1,41.0,3000,1.0,80
TRN-11728,Freight,COR-002,SEC-0012,2026-09-06,308,320,1,31.5,3000,8.7,100
TRN-11729,Passenger,COR-006,SEC-0051,2026-09-10,241,248,2,72.3,1200,9.9,110
TRN-11730,Express,COR-005,SEC-0045,2026-09-12,604,609,3,63.1,1400,3.1,110
TRN-11731,Passenger,COR-019,SEC-0190,2026-09-03,1175,1182,2,89.4,1200,11.2,120
TRN-11732,Passenger,COR-002,SEC-0011,2026-09-04,413,420,2,83.1,1200,12.8,120
TRN-11733,Freight,COR-018,SEC-0171,2026-09-06,1109,1121,1,36.0,3000,1.8,110
TRN-11734,Express,COR-013,SEC-0122,2026-09-13,207,227,3,66.0,1400,14.2,100
TRN-11735,EMU,COR-013,SEC-0121,2026-09-16,1401,1408,2,74.7,900,8.6,100
TRN-11736,EMU,COR-006,SEC-0053,2026-09-16,1109,1119,2,85.2,900,7.3,80
TRN-11737,Express,COR-009,SEC-0084,2026-09-08,1014,1034,3,86.1,1400,11.5,100
TRN-11738,Passenger,COR-014,SEC-0131,2026-09-04,1317,1332,2,67.7,1200,17.4,110
TRN-11739,Superfast,COR-014,SEC-0136,2026-09-10,1321,1336,3,44.0,1600,10.3,110
TRN-11740,Passenger,COR-005,SEC-0045,2026-09-11,1196,1206,2,47.8,1200,4.4,100
TRN-11741,Passenger,COR-005,SEC-0047,2026-09-05,1162,1174,2,75.5,1200,11.1,120
TRN-11742,Superfast,COR-018,SEC-0171,2026-09-05,1034,1046,3,99.0,1600,9.4,120
TRN-11743,Passenger,COR-012,SEC-0114,2026-09-06,71,78,2,87.8,1200,15.1,120
TRN-11744,EMU,COR-007,SEC-0061,2026-09-15,259,279,2,75.5,900,10.5,80
TRN-11745,Passenger,COR-005,SEC-0041,2026-09-11,165,175,2,82.4,1200,14.7,120
TRN-11746,Passenger,COR-011,SEC-0101,2026-09-14,1357,1364,2,65.6,1200,15.5,80
TRN-11747,Superfast,COR-019,SEC-0190,2026-09-14,317,327,3,93.1,1600,9.4,80
TRN-11748,EMU,COR-018,SEC-0175,2026-09-06,1050,1057,2,77.7,900,7.0,110
TRN-11749,Express,COR-017,SEC-0165,2026-09-14,884,891,3,75.8,1400,9.0,110
TRN-11750,Superfast,COR-007,SEC-0061,2026-09-15,683,693,3,60.3,1600,14.8,80
TRN-11751,Superfast,COR-002,SEC-0016,2026-09-15,83,95,3,90.9,1600,13.7,80
TRN-11752,EMU,COR-008,SEC-0080,2026-09-16,634,644,2,49.1,900,7.0,120
TRN-11753,Freight,COR-014,SEC-0135,2026-09-07,986,996,1,25.9,3000,9.3,110
TRN-11754,EMU,COR-016,SEC-0156,2026-09-05,358,368,2,55.1,900,9.0,80
TRN-11755,EMU,COR-012,SEC-0111,2026-09-09,1396,1406,2,76.4,900,16.6,120
TRN-11756,Passenger,COR-001,SEC-0004,2026-09-16,695,710,2,71.1,1200,9.0,110
TRN-11757,EMU,COR-017,SEC-0169,2026-09-03,290,300,2,86.5,900,14.2,130
TRN-11758,Passenger,COR-007,SEC-0070,2026-09-14,277,287,2,86.9,1200,13.4,110
TRN-11759,Freight,COR-015,SEC-0145,2026-09-14,754,766,1,35.0,3000,5.4,100
TRN-11760,Passenger,COR-012,SEC-0120,2026-09-10,1070,1077,2,68.9,1200,10.4,100
TRN-11761,Passenger,COR-018,SEC-0172,2026-09-10,271,283,2,74.3,1200,1.6,100
TRN-11762,Express,COR-014,SEC-0131,2026-09-10,1282,1294,3,70.4,1400,10.7,110
TRN-11763,Superfast,COR-010,SEC-0092,2026-09-10,701,708,3,78.6,1600,9.3,110
TRN-11764,Express,COR-013,SEC-0130,2026-09-12,742,762,3,64.8,1400,10.0,120
TRN-11765,Passenger,COR-005,SEC-0046,2026-09-06,667,674,2,65.9,1200,2.2,80
TRN-11766,Superfast,COR-007,SEC-0068,2026-09-04,397,404,3,92.6,1600,9.2,120
TRN-11767,Express,COR-002,SEC-0020,2026-09-14,1336,1346,3,63.0,1400,6.3,100
TRN-11768,EMU,COR-013,SEC-0129,2026-09-04,952,964,2,25.0,900,9.9,110
TRN-11769,Express,COR-018,SEC-0171,2026-09-09,76,83,3,78.6,1400,9.4,100
TRN-11770,Superfast,COR-014,SEC-0137,2026-09-04,16,26,3,63.2,1600,10.5,100
TRN-11771,Express,COR-007,SEC-0062,2026-09-13,409,424,3,55.2,1400,11.8,100
TRN-11772,Freight,COR-003,SEC-0021,2026-09-13,1127,1134,1,34.8,3000,8.3,100
TRN-11773,Freight,COR-013,SEC-0125,2026-09-11,1349,1354,1,18.4,3000,7.1,120
TRN-11774,Freight,COR-008,SEC-0071,2026-09-04,867,877,1,34.4,3000,9.9,130
TRN-11775,Express,COR-006,SEC-0058,2026-09-10,836,846,3,99.0,1400,10.5,110
TRN-11776,Passenger,COR-004,SEC-0036,2026-09-11,484,489,2,71.2,1200,10.8,100
TRN-11777,Passenger,COR-012,SEC-0113,2026-09-15,861,868,2,71.6,1200,12.4,110
TRN-11778,Superfast,COR-012,SEC-0113,2026-09-12,31,43,3,98.0,1600,9.4,80
TRN-11779,Superfast,COR-006,SEC-0059,2026-09-16,44,49,3,99.0,1600,12.7,110
TRN-11780,EMU,COR-014,SEC-0131,2026-09-16,314,334,2,56.0,900,10.5,110
TRN-11781,Freight,COR-008,SEC-0076,2026-09-08,397,407,1,30.5,3000,9.9,120
TRN-11782,EMU,COR-013,SEC-0128,2026-09-11,16,23,2,84.1,900,8.6,120
TRN-11783,Freight,COR-017,SEC-0163,2026-09-12,453,458,1,55.5,3000,8.3,100
TRN-11784,Passenger,COR-010,SEC-0100,2026-09-08,490,495,2,92.2,1200,13.8,80
TRN-11785,Passenger,COR-018,SEC-0176,2026-09-06,355,370,2,52.4,1200,6.8,110
TRN-11786,Express,COR-013,SEC-0124,2026-09-15,585,600,3,53.0,1400,5.6,130
TRN-11787,Passenger,COR-006,SEC-0056,2026-09-09,40,60,2,44.0,1200,11.3,100
TRN-11788,Passenger,COR-007,SEC-0066,2026-09-04,1314,1326,2,71.1,1200,6.4,100
TRN-11789,Freight,COR-017,SEC-0163,2026-09-16,910,922,1,43.9,3000,1.9,110
TRN-11790,Freight,COR-002,SEC-0019,2026-09-05,297,304,1,55.9,3000,13.9,110
TRN-11791,EMU,COR-008,SEC-0073,2026-09-09,1129,1134,2,93.3,900,7.2,100
TRN-11792,EMU,COR-012,SEC-0111,2026-09-09,957,967,2,68.8,900,13.8,120
TRN-11793,EMU,COR-010,SEC-0100,2026-09-16,1317,1337,2,71.5,900,10.9,100
TRN-11794,Express,COR-010,SEC-0093,2026-09-15,1080,1092,3,78.7,1400,11.4,100
TRN-11795,Freight,COR-003,SEC-0029,2026-09-10,16,36,1,27.4,3000,9.4,130
TRN-11796,Freight,COR-004,SEC-0031,2026-09-08,1076,1088,1,68.0,3000,11.9,110
TRN-11797,Express,COR-002,SEC-0020,2026-09-03,772,787,3,62.6,1400,8.9,110
TRN-11798,EMU,COR-002,SEC-0019,2026-09-08,465,470,2,82.4,900,13.8,110
TRN-11799,Freight,COR-007,SEC-0068,2026-09-13,935,945,1,30.1,3000,3.7,130
TRN-11800,Passenger,COR-006,SEC-0060,2026-09-12,642,649,2,62.1,1200,5.5,110
TRN-11801,Superfast,COR-013,SEC-0126,2026-09-10,787,794,3,83.8,1600,4.8,110
TRN-11802,Passenger,COR-019,SEC-0185,2026-09-03,533,553,2,91.5,1200,10.8,130
TRN-11803,Superfast,COR-011,SEC-0109,2026-09-06,565,577,3,83.5,1600,13.0,80
TRN-11804,Express,COR-008,SEC-0077,2026-09-05,1386,1401,3,32.3,1400,10.2,120
TRN-11805,EMU,COR-015,SEC-0147,2026-09-07,602,612,2,72.6,900,4.6,110
TRN-11806,Superfast,COR-006,SEC-0052,2026-09-13,76,86,3,83.2,1600,15.5,110
TRN-11807,Passenger,COR-006,SEC-0059,2026-09-04,237,247,2,79.6,1200,7.2,110
TRN-11808,Passenger,COR-005,SEC-0048,2026-09-12,911,923,2,73.8,1200,8.3,130
TRN-11809,Passenger,COR-006,SEC-0060,2026-09-09,1342,1349,2,88.3,1200,10.3,100
TRN-11810,Freight,COR-001,SEC-0008,2026-09-06,1137,1147,1,34.0,3000,2.5,110
TRN-11811,Freight,COR-008,SEC-0080,2026-09-05,294,306,1,32.8,3000,8.2,130
TRN-11812,Superfast,COR-003,SEC-0028,2026-09-15,473,480,3,81.5,1600,15.1,120
TRN-11813,Passenger,COR-008,SEC-0077,2026-09-14,394,404,2,65.2,1200,7.4,110
TRN-11814,Passenger,COR-003,SEC-0022,2026-09-06,1347,1352,2,79.6,1200,6.5,80
TRN-11815,EMU,COR-003,SEC-0029,2026-09-07,1109,1114,2,52.7,900,1.0,100
TRN-11816,Superfast,COR-013,SEC-0121,2026-09-05,664,669,3,65.8,1600,8.1,100
TRN-11817,Express,COR-008,SEC-0077,2026-09-13,381,396,3,55.6,1400,5.7,100
TRN-11818,Superfast,COR-006,SEC-0059,2026-09-15,1377,1389,3,79.3,1600,16.6,120
TRN-11819,Superfast,COR-018,SEC-0174,2026-09-08,130,137,3,72.7,1600,8.6,110
TRN-11820,Passenger,COR-013,SEC-0126,2026-09-09,1009,1024,2,64.0,1200,11.9,110
TRN-11821,Superfast,COR-010,SEC-0099,2026-09-15,354,361,3,65.4,1600,7.0,110
TRN-11822,Freight,COR-019,SEC-0187,2026-09-14,896,911,1,24.8,3000,13.3,110
TRN-11823,Freight,COR-006,SEC-0060,2026-09-05,16,26,1,34.5,3000,6.5,120
TRN-11824,Superfast,COR-006,SEC-0060,2026-09-13,661,671,3,67.7,1600,10.8,110
TRN-11825,Passenger,COR-018,SEC-0178,2026-09-07,411,421,2,72.9,1200,9.5,80
TRN-11826,Superfast,COR-013,SEC-0130,2026-09-16,582,594,3,61.8,1600,10.0,110
TRN-11827,Express,COR-020,SEC-0197,2026-09-04,442,452,3,59.2,1400,10.3,120
TRN-11828,EMU,COR-001,SEC-0007,2026-09-05,178,190,2,66.4,900,8.5,130
TRN-11829,Passenger,COR-004,SEC-0037,2026-09-16,1079,1084,2,49.0,1200,11.6,120
TRN-11830,Express,COR-003,SEC-0021,2026-09-15,1160,1167,3,90.1,1400,9.6,110
TRN-11831,Superfast,COR-005,SEC-0042,2026-09-06,1315,1325,3,56.3,1600,11.1,120
TRN-11832,Passenger,COR-014,SEC-0134,2026-09-09,1333,1340,2,74.6,1200,9.1,120
TRN-11833,Superfast,COR-013,SEC-0127,2026-09-13,136,148,3,70.6,1600,9.0,100
TRN-11834,Express,COR-010,SEC-0096,2026-09-11,597,602,3,49.0,1400,5.9,120
TRN-11835,Passenger,COR-018,SEC-0176,2026-09-11,638,650,2,66.2,1200,7.3,120
TRN-11836,EMU,COR-011,SEC-0107,2026-09-10,1366,1371,2,99.0,900,13.7,80
TRN-11837,Superfast,COR-005,SEC-0044,2026-09-09,903,915,3,99.0,1600,19.4,110
TRN-11838,EMU,COR-015,SEC-0150,2026-09-15,791,796,2,66.5,900,11.0,80
TRN-11839,Express,COR-010,SEC-0094,2026-09-05,1426,1439,3,67.1,1400,8.6,100
TRN-11840,Express,COR-004,SEC-0031,2026-09-07,325,335,3,56.2,1400,11.3,130
TRN-11841,EMU,COR-003,SEC-0025,2026-09-05,27,39,2,67.6,900,13.6,80
TRN-11842,Freight,COR-013,SEC-0123,2026-09-03,2,7,1,40.3,3000,5.2,110
TRN-11843,Express,COR-011,SEC-0103,2026-09-08,157,164,3,67.2,1400,14.1,110
TRN-11844,EMU,COR-008,SEC-0080,2026-09-09,1395,1415,2,65.3,900,9.1,100
TRN-11845,Express,COR-015,SEC-0149,2026-09-03,598,608,3,88.7,1400,9.9,100
TRN-11846,Express,COR-004,SEC-0032,2026-09-08,637,657,3,58.3,1400,10.0,110
TRN-11847,Passenger,COR-008,SEC-0075,2026-09-04,407,412,2,89.8,1200,16.7,110
TRN-11848,Passenger,COR-017,SEC-0166,2026-09-04,1314,1329,2,83.3,1200,11.2,110
TRN-11849,Superfast,COR-005,SEC-0048,2026-09-04,660,680,3,76.4,1600,9.1,110
TRN-11850,Passenger,COR-011,SEC-0103,2026-09-12,359,364,2,74.8,1200,15.4,100
TRN-11851,Freight,COR-008,SEC-0079,2026-09-16,686,696,1,59.3,3000,10.2,120
TRN-11852,Express,COR-020,SEC-0196,2026-09-06,1021,1041,3,78.9,1400,13.5,110
TRN-11853,EMU,COR-002,SEC-0020,2026-09-14,1181,1191,2,54.4,900,10.0,120
TRN-11854,EMU,COR-017,SEC-0166,2026-09-09,705,715,2,66.5,900,8.6,110
TRN-11855,EMU,COR-002,SEC-0011,2026-09-14,1245,1250,2,52.3,900,8.5,100
TRN-11856,Superfast,COR-008,SEC-0078,2026-09-04,491,511,3,92.1,1600,6.7,120
TRN-11857,Express,COR-008,SEC-0072,2026-09-10,239,249,3,81.2,1400,13.3,110
TRN-11858,Passenger,COR-001,SEC-0005,2026-09-15,486,501,2,93.0,1200,14.8,110
TRN-11859,Passenger,COR-014,SEC-0135,2026-09-16,505,525,2,73.3,1200,14.5,100
TRN-11860,Passenger,COR-007,SEC-0069,2026-09-10,1226,1233,2,59.6,1200,15.7,100
TRN-11861,Express,COR-017,SEC-0169,2026-09-04,488,495,3,85.2,1400,15.6,110
TRN-11862,Superfast,COR-011,SEC-0110,2026-09-16,1420,1425,3,95.7,1600,8.1,100
TRN-11863,EMU,COR-005,SEC-0047,2026-09-05,206,226,2,49.4,900,11.3,120
TRN-11864,Superfast,COR-004,SEC-0038,2026-09-09,364,384,3,85.1,1600,15.8,110
TRN-11865,Freight,COR-008,SEC-0079,2026-09-07,32,52,1,5.0,3000,4.2,100
TRN-11866,Superfast,COR-012,SEC-0117,2026-09-03,316,328,3,66.9,1600,12.9,80
TRN-11867,Passenger,COR-008,SEC-0079,2026-09-05,989,1001,2,80.4,1200,15.7,120
TRN-11868,Express,COR-001,SEC-0001,2026-09-03,702,712,3,99.0,1400,12.2,120
TRN-11869,EMU,COR-001,SEC-0008,2026-09-05,1208,1220,2,63.0,900,10.8,120
TRN-11870,EMU,COR-011,SEC-0106,2026-09-09,604,624,2,55.6,900,12.8,100
TRN-11871,Freight,COR-011,SEC-0110,2026-09-06,1263,1273,1,34.7,3000,3.4,110
TRN-11872,Freight,COR-016,SEC-0152,2026-09-09,836,851,1,26.9,3000,10.6,120
TRN-11873,Express,COR-003,SEC-0028,2026-09-06,966,973,3,99.0,1400,16.7,100
TRN-11874,EMU,COR-019,SEC-0189,2026-09-16,968,978,2,80.0,900,5.9,100
TRN-11875,Passenger,COR-020,SEC-0197,2026-09-10,750,757,2,59.6,1200,6.0,110
TRN-11876,EMU,COR-001,SEC-0006,2026-09-16,327,337,2,68.3,900,10.0,110
TRN-11877,Passenger,COR-006,SEC-0058,2026-09-03,797,809,2,47.1,1200,10.1,100
TRN-11878,Superfast,COR-009,SEC-0081,2026-09-08,445,450,3,69.2,1600,10.4,100
TRN-11879,Superfast,COR-020,SEC-0197,2026-09-15,573,585,3,68.7,1600,8.9,110
TRN-11880,Freight,COR-010,SEC-0095,2026-09-05,153,160,1,43.3,3000,7.2,110
TRN-11881,Freight,COR-010,SEC-0098,2026-09-10,732,737,1,56.4,3000,5.8,110
TRN-11882,Express,COR-004,SEC-0038,2026-09-09,993,998,3,92.1,1400,11.1,100
TRN-11883,Passenger,COR-015,SEC-0150,2026-09-06,383,395,2,56.1,1200,11.9,120
TRN-11884,Express,COR-006,SEC-0058,2026-09-16,304,309,3,50.4,1400,6.1,120
TRN-11885,Express,COR-010,SEC-0092,2026-09-03,244,249,3,52.5,1400,9.3,100
TRN-11886,Freight,COR-013,SEC-0125,2026-09-11,499,509,1,29.5,3000,6.5,100
TRN-11887,Express,COR-014,SEC-0136,2026-09-12,864,869,3,50.9,1400,7.7,110
TRN-11888,Superfast,COR-020,SEC-0197,2026-09-12,889,909,3,74.0,1600,10.3,110
TRN-11889,Superfast,COR-010,SEC-0094,2026-09-15,240,252,3,71.9,1600,11.9,100
TRN-11890,Passenger,COR-007,SEC-0067,2026-09-12,1071,1086,2,72.7,1200,12.9,110
TRN-11891,Passenger,COR-006,SEC-0052,2026-09-10,1072,1087,2,70.6,1200,9.5,100
TRN-11892,Freight,COR-016,SEC-0151,2026-09-08,636,646,1,28.4,3000,9.2,80
TRN-11893,Passenger,COR-008,SEC-0075,2026-09-08,455,462,2,71.0,1200,10.8,110
TRN-11894,EMU,COR-014,SEC-0136,2026-09-09,1248,1268,2,72.9,900,11.2,110
TRN-11895,Passenger,COR-018,SEC-0173,2026-09-14,325,340,2,79.8,1200,10.6,80
TRN-11896,Freight,COR-001,SEC-0005,2026-09-06,53,58,1,26.6,3000,7.6,80
TRN-11897,EMU,COR-016,SEC-0153,2026-09-06,1257,1272,2,84.5,900,11.8,120
TRN-11898,Freight,COR-015,SEC-0145,2026-09-07,845,860,1,46.7,3000,9.3,130
TRN-11899,Freight,COR-010,SEC-0099,2026-09-03,503,515,1,29.6,3000,10.2,100
TRN-11900,Superfast,COR-016,SEC-0157,2026-09-03,410,425,3,51.1,1600,5.0,100
TRN-11901,Freight,COR-009,SEC-0088,2026-09-04,371,378,1,23.5,3000,13.2,110
TRN-11902,Express,COR-003,SEC-0025,2026-09-03,1289,1296,3,72.5,1400,12.5,110
TRN-11903,Freight,COR-005,SEC-0048,2026-09-13,576,586,1,43.1,3000,8.6,100
TRN-11904,Express,COR-004,SEC-0032,2026-09-05,289,304,3,68.4,1400,9.7,80
TRN-11905,EMU,COR-001,SEC-0006,2026-09-13,829,844,2,67.8,900,14.3,120
TRN-11906,Express,COR-004,SEC-0040,2026-09-11,1390,1400,3,63.9,1400,5.9,130
TRN-11907,Passenger,COR-007,SEC-0063,2026-09-14,313,318,2,91.4,1200,8.4,110
TRN-11908,Express,COR-017,SEC-0164,2026-09-12,245,260,3,65.4,1400,10.7,110
TRN-11909,Passenger,COR-001,SEC-0010,2026-09-09,744,751,2,67.2,1200,8.4,110
TRN-11910,Express,COR-001,SEC-0009,2026-09-13,438,450,3,81.5,1400,14.3,120
TRN-11911,Superfast,COR-010,SEC-0095,2026-09-15,1439,1440,3,72.8,1600,8.0,110
TRN-11912,EMU,COR-008,SEC-0075,2026-09-10,920,930,2,81.2,900,10.6,80
TRN-11913,Superfast,COR-013,SEC-0127,2026-09-10,182,192,3,71.6,1600,9.4,110
TRN-11914,Express,COR-009,SEC-0083,2026-09-14,811,818,3,58.9,1400,8.7,110
TRN-11915,EMU,COR-006,SEC-0060,2026-09-15,76,81,2,81.5,900,14.9,120
TRN-11916,EMU,COR-015,SEC-0141,2026-09-13,1115,1127,2,99.0,900,13.4,120
TRN-11917,Freight,COR-013,SEC-0130,2026-09-03,1405,1415,1,39.1,3000,9.8,120
TRN-11918,Superfast,COR-019,SEC-0186,2026-09-15,640,647,3,87.7,1600,7.6,110
TRN-11919,Passenger,COR-005,SEC-0046,2026-09-14,701,713,2,86.2,1200,7.9,110
TRN-11920,Superfast,COR-001,SEC-0007,2026-09-13,930,945,3,56.4,1600,6.9,80
TRN-11921,Freight,COR-001,SEC-0001,2026-09-15,985,1000,1,19.0,3000,4.0,120
TRN-11922,Freight,COR-011,SEC-0106,2026-09-12,1241,1253,1,40.0,3000,9.7,120
TRN-11923,Passenger,COR-011,SEC-0104,2026-09-09,821,833,2,90.2,1200,12.0,110
TRN-11924,Freight,COR-013,SEC-0130,2026-09-12,533,538,1,13.4,3000,3.5,110
TRN-11925,Express,COR-012,SEC-0118,2026-09-16,1439,1440,3,85.7,1400,8.5,110
TRN-11926,Express,COR-007,SEC-0062,2026-09-10,218,238,3,99.0,1400,9.9,110
TRN-11927,Superfast,COR-020,SEC-0192,2026-09-05,1122,1137,3,71.1,1600,13.1,110
TRN-11928,Freight,COR-007,SEC-0061,2026-09-04,1231,1241,1,15.1,3000,2.0,110
TRN-11929,Passenger,COR-019,SEC-0189,2026-09-08,586,598,2,53.1,1200,2.3,110
TRN-11930,Express,COR-002,SEC-0013,2026-09-12,720,725,3,85.4,1400,12.6,120
TRN-11931,Freight,COR-016,SEC-0152,2026-09-10,1101,1121,1,18.9,3000,3.6,130
TRN-11932,Passenger,COR-002,SEC-0016,2026-09-05,797,807,2,66.6,1200,12.0,80
TRN-11933,Express,COR-020,SEC-0196,2026-09-10,536,546,3,56.2,1400,6.6,120
TRN-11934,Passenger,COR-012,SEC-0115,2026-09-13,66,86,2,62.2,1200,9.5,100
TRN-11935,Superfast,COR-005,SEC-0046,2026-09-09,82,94,3,59.0,1600,11.4,110
TRN-11936,Passenger,COR-007,SEC-0066,2026-09-12,62,74,2,25.0,1200,12.0,110
TRN-11937,Freight,COR-001,SEC-0006,2026-09-09,442,457,1,54.2,3000,8.8,120
TRN-11938,Passenger,COR-012,SEC-0117,2026-09-07,86,96,2,69.4,1200,9.8,120
TRN-11939,Superfast,COR-008,SEC-0074,2026-09-04,794,799,3,87.8,1600,16.0,110
TRN-11940,Freight,COR-007,SEC-0070,2026-09-10,297,302,1,54.0,3000,8.4,80
TRN-11941,Express,COR-014,SEC-0133,2026-09-03,30,35,3,76.0,1400,11.5,110
TRN-11942,EMU,COR-008,SEC-0076,2026-09-13,1135,1145,2,99.0,900,10.0,100
TRN-11943,Passenger,COR-005,SEC-0044,2026-09-03,212,232,2,61.7,1200,7.0,120
TRN-11944,EMU,COR-020,SEC-0198,2026-09-09,1376,1396,2,93.0,900,13.3,130
TRN-11945,Superfast,COR-003,SEC-0025,2026-09-05,976,988,3,89.0,1600,8.7,110
TRN-11946,Passenger,COR-005,SEC-0041,2026-09-14,419,431,2,68.1,1200,15.6,110
TRN-11947,Express,COR-006,SEC-0053,2026-09-07,1181,1186,3,62.6,1400,12.3,110
TRN-11948,Passenger,COR-016,SEC-0160,2026-09-15,60,65,2,89.3,1200,8.7,80
TRN-11949,Express,COR-001,SEC-0005,2026-09-12,848,858,3,69.9,1400,10.5,100
TRN-11950,Freight,COR-009,SEC-0090,2026-09-14,605,615,1,35.1,3000,6.2,80
TRN-11951,Superfast,COR-004,SEC-0037,2026-09-11,1080,1087,3,59.9,1600,5.4,110
TRN-11952,Passenger,COR-013,SEC-0126,2026-09-03,691,701,2,79.1,1200,14.4,110
TRN-11953,Express,COR-006,SEC-0058,2026-09-15,565,572,3,77.7,1400,10.3,110
TRN-11954,Passenger,COR-001,SEC-0004,2026-09-11,1367,1377,2,89.1,1200,5.6,100
TRN-11955,Passenger,COR-007,SEC-0070,2026-09-04,433,440,2,54.9,1200,11.5,80
TRN-11956,Superfast,COR-002,SEC-0018,2026-09-13,1310,1320,3,55.9,1600,7.8,100
TRN-11957,EMU,COR-011,SEC-0107,2026-09-13,121,133,2,62.0,900,8.7,100
TRN-11958,Express,COR-014,SEC-0133,2026-09-13,1324,1329,3,80.4,1400,3.2,130
TRN-11959,Express,COR-017,SEC-0167,2026-09-13,712,717,3,73.3,1400,10.2,130
TRN-11960,Freight,COR-011,SEC-0102,2026-09-07,925,930,1,30.2,3000,8.1,100
TRN-11961,EMU,COR-006,SEC-0054,2026-09-16,177,184,2,94.0,900,10.1,120
TRN-11962,Passenger,COR-016,SEC-0154,2026-09-15,946,956,2,84.6,1200,8.2,120
TRN-11963,Express,COR-009,SEC-0085,2026-09-06,907,919,3,94.7,1400,12.6,80
TRN-11964,Passenger,COR-005,SEC-0042,2026-09-08,1151,1158,2,57.6,1200,10.4,100
TRN-11965,Freight,COR-004,SEC-0035,2026-09-03,941,946,1,35.9,3000,6.8,120
TRN-11966,Freight,COR-011,SEC-0103,2026-09-03,1210,1222,1,40.7,3000,9.0,100
TRN-11967,Superfast,COR-014,SEC-0138,2026-09-13,1321,1328,3,49.0,1600,10.2,100
TRN-11968,Freight,COR-020,SEC-0199,2026-09-15,130,140,1,5.4,3000,6.3,110
TRN-11969,EMU,COR-003,SEC-0026,2026-09-05,318,328,2,97.1,900,15.0,100
TRN-11970,Superfast,COR-016,SEC-0157,2026-09-03,1253,1263,3,93.4,1600,14.4,100
TRN-11971,Passenger,COR-003,SEC-0024,2026-09-08,1153,1165,2,67.3,1200,13.9,120
TRN-11972,Express,COR-004,SEC-0040,2026-09-15,248,255,3,52.0,1400,7.8,110
TRN-11973,EMU,COR-018,SEC-0177,2026-09-10,1281,1286,2,79.0,900,10.2,120
TRN-11974,Freight,COR-007,SEC-0063,2026-09-09,1311,1331,1,27.0,3000,10.5,100
TRN-11975,EMU,COR-005,SEC-0049,2026-09-15,1220,1230,2,82.7,900,8.6,100
TRN-11976,Superfast,COR-020,SEC-0197,2026-09-14,599,604,3,78.6,1600,9.1,110
TRN-11977,Freight,COR-001,SEC-0008,2026-09-10,291,296,1,35.3,3000,6.8,120
TRN-11978,EMU,COR-002,SEC-0019,2026-09-03,1037,1047,2,99.0,900,11.1,110
TRN-11979,Express,COR-004,SEC-0036,2026-09-13,754,761,3,89.5,1400,12.0,80
TRN-11980,Superfast,COR-019,SEC-0188,2026-09-09,1041,1051,3,70.2,1600,6.3,110
TRN-11981,Passenger,COR-019,SEC-0182,2026-09-14,821,831,2,60.1,1200,7.8,120
TRN-11982,Express,COR-019,SEC-0189,2026-09-05,624,636,3,81.0,1400,10.6,120
TRN-11983,Express,COR-009,SEC-0085,2026-09-10,1085,1092,3,88.4,1400,11.4,80
TRN-11984,Freight,COR-001,SEC-0010,2026-09-06,919,926,1,40.8,3000,4.6,110
TRN-11985,Superfast,COR-003,SEC-0024,2026-09-05,766,778,3,51.2,1600,10.0,80
TRN-11986,Passenger,COR-001,SEC-0003,2026-09-15,853,868,2,68.0,1200,4.3,120
TRN-11987,Superfast,COR-015,SEC-0142,2026-09-16,645,657,3,80.2,1600,8.7,130
TRN-11988,Express,COR-007,SEC-0070,2026-09-08,511,518,3,35.9,1400,6.2,120
TRN-11989,Superfast,COR-003,SEC-0021,2026-09-11,1286,1293,3,89.6,1600,12.1,80
TRN-11990,Freight,COR-008,SEC-0077,2026-09-13,697,702,1,15.8,3000,6.6,100
TRN-11991,Freight,COR-002,SEC-0012,2026-09-13,16,28,1,17.9,3000,4.5,100
TRN-11992,Freight,COR-018,SEC-0178,2026-09-09,696,701,1,33.1,3000,2.6,80
TRN-11993,Superfast,COR-015,SEC-0145,2026-09-12,326,338,3,50.4,1600,6.4,110
TRN-11994,Freight,COR-001,SEC-0003,2026-09-11,338,345,1,35.3,3000,5.0,80
TRN-11995,Superfast,COR-019,SEC-0190,2026-09-03,180,185,3,58.5,1600,11.6,100
TRN-11996,Express,COR-005,SEC-0047,2026-09-09,413,425,3,63.9,1400,10.3,100
TRN-11997,EMU,COR-001,SEC-0001,2026-09-06,330,345,2,64.3,900,12.4,120
TRN-11998,Superfast,COR-002,SEC-0018,2026-09-15,736,741,3,37.3,1600,9.9,110
TRN-11999,Freight,COR-019,SEC-0189,2026-09-04,810,820,1,47.5,3000,11.8,110
TRN-12000,Freight,COR-008,SEC-0072,2026-09-05,388,403,1,35.7,3000,3.0,120
