train_id,block_id,conflict_type,priority_class,passenger_load_percent
TRN-00001,BLK-013503,Track Occupied,2,85.8
TRN-00002,BLK-011624,Track Occupied,3,80.3
TRN-00003,BLK-020316,Track Occupied,3,75.8
TRN-00004,BLK-006203,Track Occupied,3,71.5
TRN-00005,BLK-020057,Track Occupied,2,64.7
TRN-00006,BLK-005652,Track Occupied,3,74.6
TRN-00007,BLK-027671,Track Occupied,2,48.3
TRN-00008,BLK-006658,Track Occupied,1,56.2
TRN-00009,BLK-005191,Track Occupied,3,76.7
TRN-00010,BLK-010193,Track Occupied,1,48.9
TRN-00011,BLK-015402,Track Occupied,1,57.3
TRN-00012,BLK-019434,Track Occupied,3,51.1
TRN-00013,BLK-022082,Track Occupied,1,18.8
TRN-00014,BLK-032232,Track Occupied,3,71.3
TRN-00015,BLK-012807,Track Occupied,2,79.5
TRN-00016,BLK-021730,Track Occupied,2,99.0
TRN-00016,BLK-021731,Track Occupied,2,99.0
TRN-00017,BLK-024543,Track Occupied,2,62.7
TRN-00018,BLK-024750,Track Occupied,3,69.9
TRN-00019,BLK-007375,Track Occupied,3,76.9
TRN-00020,BLK-032956,Track Occupied,2,62.1
TRN-00021,BLK-030733,Track Occupied,2,80.1
TRN-00022,BLK-021505,Track Occupied,3,37.0
TRN-00023,BLK-031425,Track Occupied,2,81.3
TRN-00024,BLK-006700,Track Occupied,3,50.9
TRN-00025,BLK-015740,Track Occupied,3,87.8
TRN-00026,BLK-023818,Track Occupied,2,65.8
TRN-00027,BLK-008432,Track Occupied,3,75.2
TRN-00028,BLK-017261,Track Occupied,2,73.3
TRN-00029,BLK-027643,Track Occupied,2,80.7
TRN-00030,BLK-025008,Track Occupied,2,71.4
TRN-00031,BLK-008703,Track Occupied,3,67.2
TRN-00032,BLK-013588,Track Occupied,2,62.2
TRN-00033,BLK-013447,Track Occupied,1,59.4
TRN-00034,BLK-000386,Track Occupied,1,40.4
TRN-00035,BLK-004797,Track Occupied,2,75.5
TRN-00036,BLK-022001,Track Occupied,2,72.9
TRN-00037,BLK-002861,Track Occupied,2,78.6
TRN-00038,BLK-021653,Track Occupied,2,69.0
TRN-00038,BLK-021654,Track Occupied,2,69.0
TRN-00039,BLK-022531,Track Occupied,3,62.9
TRN-00040,BLK-023594,Track Occupied,1,23.6
TRN-00041,BLK-028915,Track Occupied,3,74.3
TRN-00042,BLK-009103,Track Occupied,3,68.5
TRN-00043,BLK-011421,Track Occupied,2,57.9
TRN-00044,BLK-012729,Track Occupied,2,71.1
TRN-00045,BLK-010478,Track Occupied,1,51.4
TRN-00046,BLK-007666,Track Occupied,3,74.2
TRN-00047,BLK-013619,Track Occupied,1,29.1
TRN-00048,BLK-009212,Track Occupied,3,74.5
TRN-00049,BLK-001088,Track Occupied,2,80.8
TRN-00050,BLK-019970,Track Occupied,3,64.8
TRN-00051,BLK-018097,Track Occupied,3,98.1
TRN-00051,BLK-018098,Track Occupied,3,98.1
TRN-00052,BLK-031630,Track Occupied,1,62.7
TRN-00053,BLK-025016,Track Occupied,1,48.0
TRN-00054,BLK-025438,Track Occupied,2,56.8
TRN-00055,BLK-010964,Track Occupied,1,38.9
TRN-00056,BLK-001829,Track Occupied,1,41.8
TRN-00057,BLK-011840,Track Occupied,2,84.4
TRN-00058,BLK-017154,Track Occupied,3,84.4
TRN-00059,BLK-017256,Track Occupied,3,94.5
TRN-00060,BLK-020161,Track Occupied,2,49.6
TRN-00060,BLK-020162,Track Occupied,2,49.6
TRN-00061,BLK-021820,Track Occupied,1,37.0
TRN-00062,BLK-021555,Track Occupied,3,62.1
TRN-00063,BLK-031825,Track Occupied,2,78.4
TRN-00064,BLK-020034,Track Occupied,2,68.4
TRN-00065,BLK-026777,Track Occupied,2,99.0
TRN-00065,BLK-026778,Track Occupied,2,99.0
TRN-00066,BLK-004360,Track Occupied,2,61.6
TRN-00067,BLK-014609,Track Occupied,2,77.3
TRN-00068,BLK-024108,Track Occupied,2,67.0
TRN-00069,BLK-015260,Track Occupied,3,99.0
TRN-00070,BLK-024892,Track Occupied,3,74.4
TRN-00070,BLK-024893,Track Occupied,3,74.4
TRN-00071,BLK-016323,Track Occupied,2,61.8
TRN-00072,BLK-002942,Track Occupied,2,61.1
TRN-00073,BLK-029316,Track Occupied,3,62.0
TRN-00074,BLK-014350,Track Occupied,2,41.1
TRN-00075,BLK-007436,Track Occupied,2,57.4
TRN-00076,BLK-011444,Track Occupied,2,88.6
TRN-00077,BLK-004054,Track Occupied,1,26.7
TRN-00078,BLK-009585,Track Occupied,2,71.0
TRN-00079,BLK-005123,Track Occupied,3,88.6
TRN-00080,BLK-006916,Track Occupied,2,76.5
TRN-00081,BLK-012241,Track Occupied,3,57.8
TRN-00082,BLK-017478,Track Occupied,2,55.9
TRN-00083,BLK-030615,Track Occupied,2,51.2
TRN-00084,BLK-005645,Track Occupied,3,53.6
TRN-00084,BLK-005646,Track Occupied,3,53.6
TRN-00085,BLK-002599,Track Occupied,3,84.7
TRN-00085,BLK-002600,Track Occupied,3,84.7
TRN-00086,BLK-014691,Track Occupied,1,44.9
TRN-00087,BLK-006354,Track Occupied,2,38.0
TRN-00088,BLK-006849,Track Occupied,3,78.8
TRN-00089,BLK-019107,Track Occupied,2,61.8
TRN-00090,BLK-020886,Track Occupied,3,60.1
TRN-00091,BLK-031124,Track Occupied,3,49.0
TRN-00092,BLK-026633,Track Occupied,2,55.2
TRN-00093,BLK-003267,Track Occupied,3,99.0
TRN-00094,BLK-021626,Track Occupied,2,77.0
TRN-00095,BLK-002840,Track Occupied,1,43.2
TRN-00096,BLK-014127,Track Occupied,3,67.9
TRN-00097,BLK-015051,Track Occupied,3,66.3
TRN-00098,BLK-004289,Track Occupied,2,89.8
TRN-00098,BLK-004290,Track Occupied,2,89.8
TRN-00099,BLK-031566,Track Occupied,3,74.0
TRN-00100,BLK-004338,Track Occupied,2,99.0
TRN-00101,BLK-026056,Track Occupied,2,50.3
TRN-00102,BLK-005410,Track Occupied,3,64.0
TRN-00103,BLK-019927,Track Occupied,3,78.4
TRN-00104,BLK-029928,Track Occupied,3,82.8
TRN-00105,BLK-022314,Track Occupied,3,93.8
TRN-00106,BLK-004404,Track Occupied,3,67.1
TRN-00107,BLK-026679,Track Occupied,2,67.7
TRN-00108,BLK-011991,Track Occupied,1,15.7
TRN-00108,BLK-011992,Track Occupied,1,15.7
TRN-00109,BLK-018452,Track Occupied,3,72.1
TRN-00110,BLK-005886,Track Occupied,1,20.6
TRN-00111,BLK-032452,Track Occupied,3,93.2
TRN-00112,BLK-008440,Track Occupied,3,56.4
TRN-00113,BLK-011223,Track Occupied,3,65.6
TRN-00114,BLK-014416,Track Occupied,3,68.5
TRN-00115,BLK-014080,Track Occupied,1,40.4
TRN-00116,BLK-020742,Track Occupied,2,67.5
TRN-00116,BLK-020743,Track Occupied,2,67.5
TRN-00117,BLK-006984,Track Occupied,2,65.1
TRN-00118,BLK-020107,Track Occupied,2,54.0
TRN-00119,BLK-000446,Track Occupied,2,99.0
TRN-00120,BLK-028814,Track Occupied,3,87.6
TRN-00120,BLK-028815,Track Occupied,3,87.6
TRN-00121,BLK-030945,Track Occupied,2,79.1
TRN-00122,BLK-008196,Track Occupied,1,33.0
TRN-00123,BLK-000512,Track Occupied,2,59.1
TRN-00124,BLK-012836,Track Occupied,3,52.9
TRN-00125,BLK-002850,Track Occupied,3,73.3
TRN-00126,BLK-017700,Track Occupied,2,50.6
TRN-00127,BLK-032308,Track Occupied,3,71.3
TRN-00128,BLK-029992,Track Occupied,3,78.8
TRN-00129,BLK-017813,Track Occupied,2,80.8
TRN-00130,BLK-030416,Track Occupied,2,58.9
TRN-00131,BLK-018747,Track Occupied,3,53.9
TRN-00132,BLK-028151,Track Occupied,2,66.9
TRN-00133,BLK-007237,Track Occupied,2,82.2
TRN-00134,BLK-011959,Track Occupied,3,65.3
TRN-00134,BLK-011960,Track Occupied,3,65.3
TRN-00135,BLK-022427,Track Occupied,3,66.0
TRN-00136,BLK-012011,Track Occupied,3,59.9
TRN-00137,BLK-019357,Track Occupied,1,26.8
TRN-00138,BLK-010413,Track Occupied,3,53.3
TRN-00139,BLK-014720,Track Occupied,2,62.4
TRN-00140,BLK-007764,Track Occupied,1,26.6
TRN-00141,BLK-008791,Track Occupied,2,65.5
TRN-00142,BLK-011687,Track Occupied,3,78.0
TRN-00143,BLK-031505,Track Occupied,2,77.8
TRN-00144,BLK-001252,Track Occupied,3,90.0
TRN-00145,BLK-025015,Track Occupied,2,43.1
TRN-00146,BLK-029871,Track Occupied,1,30.3
TRN-00147,BLK-002242,Track Occupied,3,71.8
TRN-00148,BLK-028142,Track Occupied,2,67.9
TRN-00149,BLK-003993,Track Occupied,3,74.4
TRN-00150,BLK-021544,Track Occupied,1,43.9
TRN-00151,BLK-026072,Track Occupied,3,62.5
TRN-00152,BLK-012315,Track Occupied,2,47.5
TRN-00153,BLK-013159,Track Occupied,3,73.9
TRN-00154,BLK-007586,Track Occupied,1,5.0
TRN-00155,BLK-007072,Track Occupied,3,78.4
TRN-00156,BLK-016776,Track Occupied,2,61.9
TRN-00157,BLK-006954,Track Occupied,3,83.9
TRN-00158,BLK-020165,Track Occupied,2,93.4
TRN-00159,BLK-025759,Track Occupied,2,80.7
TRN-00160,BLK-019052,Track Occupied,3,79.9
TRN-00161,BLK-007702,Track Occupied,1,47.8
TRN-00162,BLK-033259,Track Occupied,1,51.1
TRN-00163,BLK-027614,Track Occupied,3,49.6
TRN-00164,BLK-017556,Track Occupied,3,47.6
TRN-00165,BLK-014308,Track Occupied,3,82.3
TRN-00166,BLK-013926,Track Occupied,3,68.6
TRN-00166,BLK-013927,Track Occupied,3,68.6
TRN-00167,BLK-017944,Track Occupied,2,75.3
TRN-00168,BLK-003768,Track Occupied,1,32.4
TRN-00169,BLK-014217,Track Occupied,2,63.5
TRN-00170,BLK-005483,Track Occupied,3,34.8
TRN-00171,BLK-008079,Track Occupied,3,76.6
TRN-00172,BLK-019386,Track Occupied,3,73.1
TRN-00172,BLK-019387,Track Occupied,3,73.1
TRN-00173,BLK-030668,Track Occupied,2,99.0
TRN-00174,BLK-011315,Track Occupied,3,67.5
TRN-00175,BLK-004207,Track Occupied,3,76.8
TRN-00176,BLK-029119,Track Occupied,2,81.5
TRN-00177,BLK-001855,Track Occupied,2,91.7
TRN-00178,BLK-028806,Track Occupied,1,23.5
TRN-00179,BLK-017068,Track Occupied,1,11.2
TRN-00180,BLK-025613,Track Occupied,2,60.0
TRN-00180,BLK-025614,Track Occupied,2,60.0
TRN-00181,BLK-006257,Track Occupied,3,99.0
TRN-00182,BLK-025954,Track Occupied,3,56.1
TRN-00183,BLK-026321,Track Occupied,2,96.0
TRN-00184,BLK-022564,Track Occupied,3,51.3
TRN-00185,BLK-008170,Track Occupied,2,75.0
TRN-00186,BLK-000387,Track Occupied,2,73.0
TRN-00187,BLK-033443,Track Occupied,2,75.9
TRN-00188,BLK-019747,Track Occupied,3,59.0
TRN-00189,BLK-020140,Track Occupied,3,59.8
TRN-00190,BLK-016642,Track Occupied,1,12.0
TRN-00191,BLK-033009,Track Occupied,1,35.9
TRN-00192,BLK-031040,Track Occupied,2,57.9
TRN-00192,BLK-031041,Track Occupied,2,57.9
TRN-00193,BLK-013415,Track Occupied,2,63.6
TRN-00194,BLK-013354,Track Occupied,1,34.8
TRN-00195,BLK-004601,Track Occupied,1,37.0
TRN-00196,BLK-025181,Track Occupied,3,70.7
TRN-00197,BLK-026766,Track Occupied,2,67.7
TRN-00198,BLK-027167,Track Occupied,3,76.4
TRN-00199,BLK-008368,Track Occupied,3,82.6
TRN-00200,BLK-007486,Track Occupied,3,67.4
TRN-00201,BLK-004960,Track Occupied,2,57.0
TRN-00202,BLK-026863,Track Occupied,3,71.8
TRN-00202,BLK-026864,Track Occupied,3,71.8
TRN-00203,BLK-017942,Track Occupied,2,73.0
TRN-00204,BLK-013543,Track Occupied,2,63.4
TRN-00205,BLK-004664,Track Occupied,3,70.9
TRN-00206,BLK-001687,Track Occupied,2,65.6
TRN-00207,BLK-033330,Track Occupied,3,71.4
TRN-00208,BLK-022453,Track Occupied,2,62.1
TRN-00209,BLK-005803,Track Occupied,2,64.3
TRN-00210,BLK-009102,Track Occupied,3,65.4
TRN-00211,BLK-000975,Track Occupied,2,61.3
TRN-00212,BLK-003721,Track Occupied,3,67.7
TRN-00213,BLK-000143,Track Occupied,1,25.5
TRN-00214,BLK-018787,Track Occupied,3,83.1
TRN-00215,BLK-020233,Track Occupied,1,58.5
TRN-00216,BLK-027410,Track Occupied,1,39.8
TRN-00217,BLK-019833,Track Occupied,2,69.2
TRN-00218,BLK-028642,Track Occupied,3,97.9
TRN-00219,BLK-003028,Track Occupied,2,68.7
TRN-00220,BLK-003505,Track Occupied,2,95.6
TRN-00221,BLK-029131,Track Occupied,2,91.9
TRN-00222,BLK-018311,Track Occupied,2,80.9
TRN-00223,BLK-001856,Track Occupied,2,70.5
TRN-00224,BLK-025827,Track Occupied,3,92.2
TRN-00225,BLK-002228,Track Occupied,1,34.2
TRN-00226,BLK-026377,Track Occupied,1,71.2
TRN-00227,BLK-012440,Track Occupied,3,99.0
TRN-00228,BLK-022076,Track Occupied,2,35.1
TRN-00229,BLK-009675,Track Occupied,2,83.8
TRN-00230,BLK-010605,Track Occupied,2,71.2
TRN-00231,BLK-002573,Track Occupied,3,65.4
TRN-00232,BLK-013473,Track Occupied,3,75.5
TRN-00233,BLK-001365,Track Occupied,2,61.9
TRN-00234,BLK-021980,Track Occupied,3,67.5
TRN-00235,BLK-031152,Track Occupied,2,73.1
TRN-00236,BLK-016612,Track Occupied,3,93.1
TRN-00237,BLK-013902,Track Occupied,2,86.5
TRN-00238,BLK-005687,Track Occupied,3,99.0
TRN-00239,BLK-023088,Track Occupied,2,89.7
TRN-00240,BLK-022240,Track Occupied,2,72.2
TRN-00241,BLK-000670,Track Occupied,2,99.0
TRN-00242,BLK-023989,Track Occupied,3,73.9
TRN-00243,BLK-009740,Track Occupied,3,99.0
TRN-00244,BLK-023106,Track Occupied,2,69.1
TRN-00245,BLK-014017,Track Occupied,3,90.3
TRN-00246,BLK-031906,Track Occupied,2,97.5
TRN-00247,BLK-016513,Track Occupied,2,74.5
TRN-00248,BLK-020357,Track Occupied,2,46.2
TRN-00249,BLK-032903,Track Occupied,2,93.9
TRN-00250,BLK-022806,Track Occupied,3,69.5
TRN-00251,BLK-009903,Track Occupied,2,87.8
TRN-00252,BLK-000489,Track Occupied,3,71.5
TRN-00253,BLK-012006,Track Occupied,2,80.5
TRN-00254,BLK-022508,Track Occupied,1,21.4
TRN-00255,BLK-020888,Track Occupied,2,73.0
TRN-00256,BLK-033560,Track Occupied,2,35.2
TRN-00257,BLK-007813,Track Occupied,2,75.8
TRN-00258,BLK-003932,Track Occupied,3,66.7
TRN-00259,BLK-014683,Track Occupied,3,45.0
TRN-00260,BLK-016536,Track Occupied,3,77.5
TRN-00261,BLK-025660,Track Occupied,2,59.8
TRN-00262,BLK-015384,Track Occupied,3,99.0
TRN-00263,BLK-019222,Track Occupied,3,71.2
TRN-00264,BLK-014685,Track Occupied,3,65.5
TRN-00265,BLK-021651,Track Occupied,3,99.0
TRN-00266,BLK-025133,Track Occupied,2,52.6
TRN-00267,BLK-016052,Track Occupied,2,86.2
TRN-00268,BLK-026983,Track Occupied,3,48.0
TRN-00268,BLK-026984,Track Occupied,3,48.0
TRN-00269,BLK-007759,Track Occupied,1,28.6
TRN-00270,BLK-029856,Track Occupied,2,76.0
TRN-00271,BLK-031530,Track Occupied,3,64.7
TRN-00272,BLK-016194,Track Occupied,1,17.3
TRN-00273,BLK-030805,Track Occupied,2,75.9
TRN-00274,BLK-002503,Track Occupied,1,13.8
TRN-00275,BLK-023297,Track Occupied,3,89.0
TRN-00276,BLK-005372,Track Occupied,2,96.3
TRN-00277,BLK-004797,Track Occupied,2,79.1
TRN-00278,BLK-011385,Track Occupied,1,14.3
TRN-00279,BLK-008471,Track Occupied,2,60.5
TRN-00279,BLK-008472,Track Occupied,2,60.5
TRN-00280,BLK-003755,Track Occupied,3,79.3
TRN-00281,BLK-025590,Track Occupied,2,72.8
TRN-00282,BLK-003884,Track Occupied,1,26.2
TRN-00283,BLK-027416,Track Occupied,2,55.5
TRN-00284,BLK-014607,Track Occupied,3,56.0
TRN-00285,BLK-016533,Track Occupied,1,31.4
TRN-00286,BLK-027666,Track Occupied,1,37.0
TRN-00287,BLK-011886,Track Occupied,1,47.3
TRN-00288,BLK-009815,Track Occupied,3,97.1
TRN-00289,BLK-003171,Track Occupied,3,82.4
TRN-00289,BLK-003172,Track Occupied,3,82.4
TRN-00290,BLK-004027,Track Occupied,3,49.5
TRN-00291,BLK-003410,Track Occupied,3,74.4
TRN-00292,BLK-030734,Track Occupied,3,51.3
TRN-00293,BLK-014534,Track Occupied,3,80.9
TRN-00294,BLK-019358,Track Occupied,3,58.0
TRN-00295,BLK-021408,Track Occupied,3,26.2
TRN-00296,BLK-006450,Track Occupied,2,99.0
TRN-00297,BLK-028762,Track Occupied,3,69.7
TRN-00298,BLK-011301,Track Occupied,1,58.6
TRN-00299,BLK-010217,Track Occupied,1,39.4
TRN-00299,BLK-010218,Track Occupied,1,39.4
TRN-00300,BLK-030227,Track Occupied,3,72.7
TRN-00301,BLK-024213,Track Occupied,1,14.4
TRN-00302,BLK-011310,Track Occupied,2,99.0
TRN-00303,BLK-009585,Track Occupied,2,68.7
TRN-00304,BLK-017602,Track Occupied,1,15.6
TRN-00305,BLK-003449,Track Occupied,3,77.1
TRN-00306,BLK-027704,Track Occupied,1,17.1
TRN-00307,BLK-011110,Track Occupied,3,62.3
TRN-00308,BLK-031742,Track Occupied,3,68.2
TRN-00309,BLK-005603,Track Occupied,3,95.4
TRN-00310,BLK-005265,Track Occupied,3,62.0
TRN-00311,BLK-001998,Track Occupied,2,70.2
TRN-00311,BLK-001999,Track Occupied,2,70.2
TRN-00312,BLK-002754,Track Occupied,2,61.5
TRN-00313,BLK-007691,Track Occupied,3,74.6
TRN-00314,BLK-029982,Track Occupied,3,89.1
TRN-00315,BLK-013757,Track Occupied,3,99.0
TRN-00316,BLK-000456,Track Occupied,2,58.8
TRN-00317,BLK-016513,Track Occupied,1,18.7
TRN-00318,BLK-004817,Track Occupied,3,50.0
TRN-00319,BLK-019799,Track Occupied,3,83.0
TRN-00320,BLK-014922,Track Occupied,3,55.7
TRN-00321,BLK-028378,Track Occupied,3,79.2
TRN-00321,BLK-028379,Track Occupied,3,79.2
TRN-00322,BLK-023846,Track Occupied,3,73.3
TRN-00323,BLK-003273,Track Occupied,3,68.8
TRN-00324,BLK-018131,Track Occupied,2,61.9
TRN-00325,BLK-004891,Track Occupied,2,64.2
TRN-00326,BLK-033538,Track Occupied,1,64.8
TRN-00326,BLK-033539,Track Occupied,1,64.8
TRN-00327,BLK-021444,Track Occupied,2,71.1
TRN-00328,BLK-012910,Track Occupied,2,58.3
TRN-00329,BLK-010317,Track Occupied,1,27.6
TRN-00330,BLK-014455,Track Occupied,3,93.8
TRN-00331,BLK-002999,Track Occupied,2,75.5
TRN-00332,BLK-032080,Track Occupied,3,81.0
TRN-00332,BLK-032081,Track Occupied,3,81.0
TRN-00333,BLK-009946,Track Occupied,2,99.0
TRN-00334,BLK-017903,Track Occupied,2,99.0
TRN-00335,BLK-002930,Track Occupied,1,5.0
TRN-00336,BLK-007186,Track Occupied,2,52.2
TRN-00337,BLK-004608,Track Occupied,1,15.7
TRN-00338,BLK-004585,Track Occupied,1,48.3
TRN-00339,BLK-009512,Track Occupied,2,67.4
TRN-00340,BLK-005865,Track Occupied,1,5.0
TRN-00341,BLK-023129,Track Occupied,3,71.3
TRN-00342,BLK-020152,Track Occupied,2,45.0
TRN-00343,BLK-005426,Track Occupied,1,30.0
TRN-00343,BLK-005427,Track Occupied,1,30.0
TRN-00344,BLK-002993,Track Occupied,2,72.7
TRN-00345,BLK-004125,Track Occupied,2,88.7
TRN-00346,BLK-008270,Track Occupied,1,36.7
TRN-00346,BLK-008271,Track Occupied,1,36.7
TRN-00347,BLK-026657,Track Occupied,2,60.8
TRN-00348,BLK-013662,Track Occupied,2,97.5
TRN-00349,BLK-032926,Track Occupied,3,77.2
TRN-00350,BLK-002810,Track Occupied,1,47.5
TRN-00351,BLK-031718,Track Occupied,2,75.8
TRN-00352,BLK-019837,Track Occupied,2,85.4
TRN-00353,BLK-012710,Track Occupied,3,72.7
TRN-00354,BLK-012258,Track Occupied,3,88.0
TRN-00354,BLK-012259,Track Occupied,3,88.0
TRN-00355,BLK-005345,Track Occupied,3,97.1
TRN-00356,BLK-007937,Track Occupied,1,43.6
TRN-00357,BLK-015363,Track Occupied,1,38.1
TRN-00358,BLK-030223,Track Occupied,1,30.5
TRN-00359,BLK-002429,Track Occupied,3,57.4
TRN-00360,BLK-012795,Track Occupied,1,15.1
TRN-00361,BLK-027692,Track Occupied,3,93.2
TRN-00362,BLK-009753,Track Occupied,3,95.7
TRN-00363,BLK-031701,Track Occupied,3,96.9
TRN-00364,BLK-024504,Track Occupied,2,60.6
TRN-00365,BLK-031600,Track Occupied,2,80.2
TRN-00366,BLK-009514,Track Occupied,3,65.2
TRN-00367,BLK-017492,Track Occupied,2,53.3
TRN-00368,BLK-021534,Track Occupied,3,64.5
TRN-00369,BLK-028296,Track Occupied,2,48.5
TRN-00370,BLK-013520,Track Occupied,2,73.3
TRN-00370,BLK-013521,Track Occupied,2,73.3
TRN-00371,BLK-025526,Track Occupied,3,74.6
TRN-00372,BLK-010358,Track Occupied,2,97.8
TRN-00373,BLK-017382,Track Occupied,2,62.8
TRN-00374,BLK-018206,Track Occupied,1,32.2
TRN-00375,BLK-000473,Track Occupied,1,5.0
TRN-00376,BLK-003290,Track Occupied,2,65.5
TRN-00377,BLK-001507,Track Occupied,1,23.6
TRN-00378,BLK-032505,Track Occupied,2,82.3
TRN-00378,BLK-032506,Track Occupied,2,82.3
TRN-00379,BLK-015367,Track Occupied,2,63.0
TRN-00380,BLK-002427,Track Occupied,2,54.4
TRN-00381,BLK-013760,Track Occupied,3,76.4
TRN-00382,BLK-031699,Track Occupied,2,72.7
TRN-00383,BLK-016405,Track Occupied,2,73.1
TRN-00384,BLK-006382,Track Occupied,3,68.5
TRN-00385,BLK-007192,Track Occupied,2,62.4
TRN-00386,BLK-015386,Track Occupied,2,76.9
TRN-00387,BLK-011021,Track Occupied,3,85.2
TRN-00388,BLK-033344,Track Occupied,2,43.6
TRN-00389,BLK-025544,Track Occupied,1,55.5
TRN-00390,BLK-007721,Track Occupied,3,83.8
TRN-00391,BLK-009292,Track Occupied,2,67.3
TRN-00392,BLK-030233,Track Occupied,2,67.1
TRN-00393,BLK-009118,Track Occupied,3,79.5
TRN-00394,BLK-014576,Track Occupied,3,55.2
TRN-00395,BLK-013145,Track Occupied,2,99.0
TRN-00396,BLK-001841,Track Occupied,3,61.7
TRN-00397,BLK-005697,Track Occupied,1,54.8
TRN-00398,BLK-009898,Track Occupied,3,81.2
TRN-00399,BLK-017459,Track Occupied,2,87.1
TRN-00400,BLK-014854,Track Occupied,3,78.1
TRN-00401,BLK-018486,Track Occupied,2,56.4
TRN-00402,BLK-023254,Track Occupied,2,79.5
TRN-00403,BLK-013089,Track Occupied,2,69.0
TRN-00404,BLK-003497,Track Occupied,3,74.8
TRN-00405,BLK-010614,Track Occupied,3,86.9
TRN-00406,BLK-025232,Track Occupied,3,68.5
TRN-00407,BLK-004850,Track Occupied,1,31.1
TRN-00408,BLK-001118,Track Occupied,2,58.3
TRN-00409,BLK-026466,Track Occupied,3,64.4
TRN-00410,BLK-006823,Track Occupied,2,51.5
TRN-00411,BLK-015729,Track Occupied,3,54.7
TRN-00412,BLK-017219,Track Occupied,2,69.9
TRN-00413,BLK-018605,Track Occupied,2,99.0
TRN-00414,BLK-019205,Track Occupied,2,58.3
TRN-00415,BLK-029983,Track Occupied,3,66.7
TRN-00416,BLK-024484,Track Occupied,2,70.0
TRN-00417,BLK-012261,Track Occupied,3,71.0
TRN-00418,BLK-018950,Track Occupied,3,74.1
TRN-00419,BLK-029102,Track Occupied,3,70.7
TRN-00420,BLK-004344,Track Occupied,2,46.8
TRN-00421,BLK-028699,Track Occupied,2,60.0
TRN-00422,BLK-016079,Track Occupied,3,65.2
TRN-00423,BLK-013617,Track Occupied,2,81.0
TRN-00424,BLK-015914,Track Occupied,1,45.4
TRN-00425,BLK-028314,Track Occupied,2,81.3
TRN-00426,BLK-029950,Track Occupied,3,56.8
TRN-00427,BLK-005423,Track Occupied,3,69.9
TRN-00427,BLK-005424,Track Occupied,3,69.9
TRN-00428,BLK-028895,Track Occupied,2,72.6
TRN-00429,BLK-028595,Track Occupied,3,50.8
TRN-00430,BLK-031807,Track Occupied,3,83.8
TRN-00431,BLK-002321,Track Occupied,3,53.1
TRN-00432,BLK-007470,Track Occupied,3,63.0
TRN-00433,BLK-012004,Track Occupied,1,35.4
TRN-00433,BLK-012005,Track Occupied,1,35.4
TRN-00434,BLK-025540,Track Occupied,2,36.1
TRN-00435,BLK-010588,Track Occupied,2,42.8
TRN-00436,BLK-027918,Track Occupied,3,99.0
TRN-00437,BLK-025907,Track Occupied,2,66.0
TRN-00438,BLK-000648,Track Occupied,3,82.2
TRN-00439,BLK-013295,Track Occupied,2,89.7
TRN-00440,BLK-010304,Track Occupied,2,36.1
TRN-00441,BLK-020809,Track Occupied,3,61.4
TRN-00442,BLK-006254,Track Occupied,2,79.3
TRN-00443,BLK-031088,Track Occupied,3,71.0
TRN-00444,BLK-005370,Track Occupied,3,65.8
TRN-00445,BLK-026549,Track Occupied,2,65.5
TRN-00445,BLK-026550,Track Occupied,2,65.5
TRN-00446,BLK-026033,Track Occupied,1,19.2
TRN-00447,BLK-019901,Track Occupied,3,75.9
TRN-00448,BLK-015027,Track Occupied,1,29.2
TRN-00449,BLK-031753,Track Occupied,2,74.0
TRN-00450,BLK-003169,Track Occupied,2,59.8
TRN-00451,BLK-010740,Track Occupied,3,78.7
TRN-00452,BLK-023663,Track Occupied,3,39.0
TRN-00453,BLK-010961,Track Occupied,2,72.9
TRN-00454,BLK-013838,Track Occupied,3,57.2
TRN-00455,BLK-020779,Track Occupied,2,57.5
TRN-00456,BLK-014586,Track Occupied,3,99.0
TRN-00457,BLK-004129,Track Occupied,3,62.5
TRN-00458,BLK-002242,Track Occupied,1,62.7
TRN-00459,BLK-029640,Track Occupied,2,69.1
TRN-00460,BLK-028664,Track Occupied,1,34.0
TRN-00461,BLK-018269,Track Occupied,3,48.1
TRN-00462,BLK-000672,Track Occupied,1,20.3
TRN-00463,BLK-022225,Track Occupied,1,15.2
TRN-00464,BLK-020102,Track Occupied,1,44.5
TRN-00465,BLK-004707,Track Occupied,2,67.1
TRN-00466,BLK-014445,Track Occupied,2,65.1
TRN-00467,BLK-025855,Track Occupied,2,68.8
TRN-00468,BLK-001358,Track Occupied,3,77.3
TRN-00469,BLK-013446,Track Occupied,2,29.4
TRN-00470,BLK-025875,Track Occupied,3,82.7
TRN-00471,BLK-001936,Track Occupied,3,69.2
TRN-00472,BLK-004481,Track Occupied,3,72.2
TRN-00473,BLK-021687,Track Occupied,3,76.1
TRN-00474,BLK-021442,Track Occupied,1,65.1
TRN-00475,BLK-020938,Track Occupied,3,61.8
TRN-00476,BLK-033006,Track Occupied,3,78.8
TRN-00477,BLK-033133,Track Occupied,3,71.4
TRN-00478,BLK-017522,Track Occupied,3,99.0
TRN-00479,BLK-008286,Track Occupied,2,64.7
TRN-00480,BLK-029811,Track Occupied,3,68.4
TRN-00481,BLK-022210,Track Occupied,3,78.4
TRN-00482,BLK-024282,Track Occupied,2,74.4
TRN-00483,BLK-003492,Track Occupied,2,89.7
TRN-00484,BLK-018009,Track Occupied,3,99.0
TRN-00485,BLK-014572,Track Occupied,2,88.0
TRN-00486,BLK-010915,Track Occupied,3,93.6
TRN-00487,BLK-006356,Track Occupied,2,62.9
TRN-00488,BLK-027022,Track Occupied,2,99.0
TRN-00489,BLK-029746,Track Occupied,2,89.3
TRN-00489,BLK-029747,Track Occupied,2,89.3
TRN-00490,BLK-005717,Track Occupied,1,44.7
TRN-00491,BLK-011493,Track Occupied,3,25.0
TRN-00492,BLK-027027,Track Occupied,1,11.0
TRN-00493,BLK-010102,Track Occupied,3,82.7
TRN-00494,BLK-030416,Track Occupied,2,83.1
TRN-00495,BLK-027722,Track Occupied,3,68.3
TRN-00496,BLK-028511,Track Occupied,2,99.0
TRN-00497,BLK-019060,Track Occupied,1,30.8
TRN-00498,BLK-007717,Track Occupied,2,52.7
TRN-00498,BLK-007718,Track Occupied,2,52.7
TRN-00499,BLK-017717,Track Occupied,3,77.0
TRN-00499,BLK-017718,Track Occupied,3,77.0
TRN-00500,BLK-029210,Track Occupied,2,59.1
TRN-00501,BLK-017227,Track Occupied,3,68.4
TRN-00502,BLK-019975,Track Occupied,3,70.2
TRN-00503,BLK-019460,Track Occupied,2,68.9
TRN-00504,BLK-001251,Track Occupied,3,74.2
TRN-00505,BLK-009861,Track Occupied,3,73.3
TRN-00506,BLK-004979,Track Occupied,3,77.0
TRN-00507,BLK-031884,Track Occupied,2,59.8
TRN-00508,BLK-008604,Track Occupied,1,31.6
TRN-00509,BLK-008540,Track Occupied,3,72.9
TRN-00510,BLK-026516,Track Occupied,2,53.9
TRN-00511,BLK-032582,Track Occupied,3,75.5
TRN-00512,BLK-005764,Track Occupied,2,78.5
TRN-00513,BLK-021372,Track Occupied,2,76.9
TRN-00514,BLK-019277,Track Occupied,1,40.1
TRN-00515,BLK-029437,Track Occupied,1,43.7
TRN-00515,BLK-029438,Track Occupied,1,43.7
TRN-00516,BLK-032065,Track Occupied,2,85.1
TRN-00517,BLK-027022,Track Occupied,2,66.0
TRN-00518,BLK-029211,Track Occupied,1,32.1
TRN-00519,BLK-017981,Track Occupied,2,65.0
TRN-00520,BLK-000073,Track Occupied,3,78.6
TRN-00521,BLK-004683,Track Occupied,3,66.5
TRN-00522,BLK-033259,Track Occupied,3,50.8
TRN-00523,BLK-022297,Track Occupied,3,75.5
TRN-00524,BLK-025833,Track Occupied,2,48.4
TRN-00525,BLK-015095,Track Occupied,2,73.1
TRN-00526,BLK-026294,Track Occupied,2,66.5
TRN-00526,BLK-026295,Track Occupied,2,66.5
TRN-00527,BLK-000373,Track Occupied,2,45.4
TRN-00528,BLK-018291,Track Occupied,3,52.1
TRN-00529,BLK-021747,Track Occupied,2,64.7
TRN-00530,BLK-003368,Track Occupied,3,72.6
TRN-00530,BLK-003369,Track Occupied,3,72.6
TRN-00531,BLK-006253,Track Occupied,1,45.6
TRN-00532,BLK-003473,Track Occupied,3,74.3
TRN-00533,BLK-026778,Track Occupied,2,63.5
TRN-00534,BLK-030794,Track Occupied,2,49.9
TRN-00535,BLK-014086,Track Occupied,2,73.3
TRN-00536,BLK-013141,Track Occupied,3,62.4
TRN-00537,BLK-017390,Track Occupied,3,68.4
TRN-00538,BLK-027149,Track Occupied,2,80.8
TRN-00539,BLK-013741,Track Occupied,3,66.7
TRN-00540,BLK-012682,Track Occupied,3,81.4
TRN-00541,BLK-016591,Track Occupied,1,9.8
TRN-00542,BLK-020072,Track Occupied,1,41.0
TRN-00543,BLK-028760,Track Occupied,2,44.9
TRN-00543,BLK-028761,Track Occupied,2,44.9
TRN-00544,BLK-017930,Track Occupied,2,85.7
TRN-00545,BLK-017461,Track Occupied,2,75.7
TRN-00546,BLK-016939,Track Occupied,2,68.1
TRN-00547,BLK-030697,Track Occupied,3,45.7
TRN-00547,BLK-030698,Track Occupied,3,45.7
TRN-00548,BLK-028929,Track Occupied,3,66.0
TRN-00549,BLK-016971,Track Occupied,2,54.6
TRN-00550,BLK-012904,Track Occupied,2,53.7
TRN-00551,BLK-001608,Track Occupied,2,52.8
TRN-00552,BLK-010285,Track Occupied,2,69.4
TRN-00553,BLK-033280,Track Occupied,3,79.8
TRN-00554,BLK-015961,Track Occupied,1,44.7
TRN-00555,BLK-030032,Track Occupied,2,83.7
TRN-00556,BLK-014248,Track Occupied,1,55.3
TRN-00557,BLK-028941,Track Occupied,3,74.4
TRN-00558,BLK-011263,Track Occupied,1,23.3
TRN-00559,BLK-027515,Track Occupied,2,83.3
TRN-00560,BLK-023363,Track Occupied,1,27.3
TRN-00561,BLK-031152,Track Occupied,2,74.6
TRN-00562,BLK-026631,Track Occupied,2,42.6
TRN-00563,BLK-006562,Track Occupied,2,91.6
TRN-00564,BLK-025013,Track Occupied,2,41.1
TRN-00565,BLK-014432,Track Occupied,3,90.8
TRN-00566,BLK-030666,Track Occupied,2,89.8
TRN-00567,BLK-012407,Track Occupied,2,73.6
TRN-00568,BLK-003322,Track Occupied,3,78.6
TRN-00569,BLK-016377,Track Occupied,2,40.7
TRN-00570,BLK-011161,Track Occupied,3,70.5
TRN-00571,BLK-008854,Track Occupied,1,22.6
TRN-00572,BLK-002574,Track Occupied,2,94.2
TRN-00573,BLK-004510,Track Occupied,2,47.0
TRN-00574,BLK-030148,Track Occupied,1,17.6
TRN-00575,BLK-006643,Track Occupied,3,55.5
TRN-00576,BLK-007053,Track Occupied,3,85.1
TRN-00577,BLK-014218,Track Occupied,2,92.1
TRN-00578,BLK-030950,Track Occupied,2,82.2
TRN-00579,BLK-010355,Track Occupied,2,84.6
TRN-00580,BLK-010614,Track Occupied,2,36.9
TRN-00581,BLK-003875,Track Occupied,2,78.7
TRN-00582,BLK-012857,Track Occupied,1,56.5
TRN-00583,BLK-029634,Track Occupied,2,73.7
TRN-00584,BLK-031257,Track Occupied,2,52.0
TRN-00585,BLK-016537,Track Occupied,2,50.2
TRN-00586,BLK-018139,Track Occupied,2,46.4
TRN-00587,BLK-011134,Track Occupied,2,59.1
TRN-00588,BLK-025546,Track Occupied,3,49.5
TRN-00589,BLK-017202,Track Occupied,2,73.5
TRN-00590,BLK-023284,Track Occupied,2,71.2
TRN-00591,BLK-015184,Track Occupied,2,72.2
TRN-00592,BLK-032847,Track Occupied,2,67.7
TRN-00593,BLK-020295,Track Occupied,3,50.0
TRN-00593,BLK-020296,Track Occupied,3,50.0
TRN-00594,BLK-013040,Track Occupied,1,29.3
TRN-00595,BLK-026826,Track Occupied,2,72.7
TRN-00596,BLK-028004,Track Occupied,3,41.9
TRN-00597,BLK-016879,Track Occupied,1,35.3
TRN-00598,BLK-013261,Track Occupied,3,72.0
TRN-00599,BLK-014497,Track Occupied,3,59.8
TRN-00600,BLK-003908,Track Occupied,3,72.4
TRN-00601,BLK-029550,Track Occupied,3,62.3
TRN-00602,BLK-029083,Track Occupied,3,85.7
TRN-00603,BLK-028178,Track Occupied,2,94.4
TRN-00604,BLK-030592,Track Occupied,3,41.2
TRN-00605,BLK-028463,Track Occupied,2,79.3
TRN-00606,BLK-022954,Track Occupied,3,30.4
TRN-00607,BLK-009718,Track Occupied,3,68.0
TRN-00608,BLK-013607,Track Occupied,1,48.4
TRN-00608,BLK-013608,Track Occupied,1,48.4
TRN-00609,BLK-015402,Track Occupied,2,82.1
TRN-00610,BLK-021575,Track Occupied,2,57.6
TRN-00611,BLK-000757,Track Occupied,3,99.0
TRN-00612,BLK-000923,Track Occupied,3,88.3
TRN-00613,BLK-012570,Track Occupied,3,72.1
TRN-00613,BLK-012571,Track Occupied,3,72.1
TRN-00614,BLK-008001,Track Occupied,3,76.5
TRN-00615,BLK-007184,Track Occupied,3,57.1
TRN-00616,BLK-016159,Track Occupied,2,52.4
TRN-00616,BLK-016160,Track Occupied,2,52.4
TRN-00617,BLK-016645,Track Occupied,1,8.1
TRN-00618,BLK-028873,Track Occupied,2,64.9
TRN-00619,BLK-019913,Track Occupied,2,77.8
TRN-00620,BLK-032736,Track Occupied,2,57.3
TRN-00621,BLK-026289,Track Occupied,2,61.1
TRN-00621,BLK-026290,Track Occupied,2,61.1
TRN-00622,BLK-015475,Track Occupied,2,66.2
TRN-00623,BLK-030035,Track Occupied,3,76.9
TRN-00624,BLK-027340,Track Occupied,3,78.1
TRN-00625,BLK-026456,Track Occupied,1,24.1
TRN-00626,BLK-015689,Track Occupied,3,78.2
TRN-00627,BLK-026315,Track Occupied,2,83.0
TRN-00628,BLK-017771,Track Occupied,2,98.1
TRN-00629,BLK-005593,Track Occupied,3,80.7
TRN-00630,BLK-005258,Track Occupied,3,59.9
TRN-00631,BLK-031275,Track Occupied,3,72.0
TRN-00632,BLK-031696,Track Occupied,3,59.9
TRN-00633,BLK-013054,Track Occupied,3,99.0
TRN-00634,BLK-033022,Track Occupied,3,74.1
TRN-00635,BLK-021737,Track Occupied,2,60.6
TRN-00635,BLK-021738,Track Occupied,2,60.6
TRN-00636,BLK-009267,Track Occupied,2,77.0
TRN-00637,BLK-011152,Track Occupied,2,96.0
TRN-00638,BLK-002904,Track Occupied,3,73.8
TRN-00639,BLK-032621,Track Occupied,3,43.9
TRN-00640,BLK-029626,Track Occupied,3,44.7
TRN-00641,BLK-032627,Track Occupied,3,73.9
TRN-00642,BLK-009161,Track Occupied,2,84.5
TRN-00643,BLK-018322,Track Occupied,1,31.6
TRN-00644,BLK-018209,Track Occupied,2,81.8
TRN-00645,BLK-029838,Track Occupied,3,48.9
TRN-00646,BLK-018658,Track Occupied,2,71.9
TRN-00647,BLK-019576,Track Occupied,3,50.5
TRN-00648,BLK-016373,Track Occupied,2,98.4
TRN-00649,BLK-030696,Track Occupied,3,68.4
TRN-00650,BLK-032099,Track Occupied,1,57.2
TRN-00651,BLK-025451,Track Occupied,1,38.1
TRN-00652,BLK-000509,Track Occupied,2,78.4
TRN-00653,BLK-031859,Track Occupied,2,71.5
TRN-00654,BLK-020420,Track Occupied,3,79.1
TRN-00655,BLK-031844,Track Occupied,3,72.3
TRN-00656,BLK-007266,Track Occupied,3,73.0
TRN-00657,BLK-026918,Track Occupied,3,85.8
TRN-00658,BLK-012724,Track Occupied,2,73.0
TRN-00659,BLK-018512,Track Occupied,1,37.1
TRN-00660,BLK-005221,Track Occupied,2,55.5
TRN-00661,BLK-024431,Track Occupied,3,82.2
TRN-00662,BLK-010769,Track Occupied,1,45.2
TRN-00663,BLK-032901,Track Occupied,3,89.1
TRN-00664,BLK-018035,Track Occupied,2,92.5
TRN-00665,BLK-032703,Track Occupied,1,48.8
TRN-00666,BLK-026923,Track Occupied,2,72.0
TRN-00667,BLK-001118,Track Occupied,2,72.1
TRN-00668,BLK-009599,Track Occupied,3,87.3
TRN-00669,BLK-002260,Track Occupied,3,94.4
TRN-00670,BLK-008309,Track Occupied,3,78.0
TRN-00670,BLK-008310,Track Occupied,3,78.0
TRN-00671,BLK-012910,Track Occupied,1,46.9
TRN-00672,BLK-001814,Track Occupied,2,55.8
TRN-00673,BLK-030939,Track Occupied,2,51.6
TRN-00674,BLK-017232,Track Occupied,3,79.0
TRN-00675,BLK-031291,Track Occupied,3,99.0
TRN-00676,BLK-018114,Track Occupied,2,64.8
TRN-00677,BLK-013750,Track Occupied,2,85.2
TRN-00678,BLK-017434,Track Occupied,2,51.6
TRN-00679,BLK-010745,Track Occupied,1,43.2
TRN-00680,BLK-031998,Track Occupied,1,62.6
TRN-00681,BLK-012202,Track Occupied,2,66.2
TRN-00682,BLK-016206,Track Occupied,3,99.0
TRN-00683,BLK-007849,Track Occupied,3,51.4
TRN-00684,BLK-030878,Track Occupied,1,52.3
TRN-00685,BLK-010632,Track Occupied,3,78.4
TRN-00686,BLK-007154,Track Occupied,1,31.9
TRN-00686,BLK-007155,Track Occupied,1,31.9
TRN-00687,BLK-033539,Track Occupied,3,85.3
TRN-00688,BLK-007927,Track Occupied,3,70.7
TRN-00689,BLK-013482,Track Occupied,2,99.0
TRN-00690,BLK-009242,Track Occupied,3,70.0
TRN-00691,BLK-013323,Track Occupied,2,62.9
TRN-00692,BLK-009040,Track Occupied,2,74.6
TRN-00693,BLK-001367,Track Occupied,1,42.8
TRN-00694,BLK-003337,Track Occupied,3,93.7
TRN-00695,BLK-002150,Track Occupied,1,41.0
TRN-00696,BLK-018448,Track Occupied,1,22.0
TRN-00697,BLK-031232,Track Occupied,3,64.5
TRN-00698,BLK-022204,Track Occupied,3,60.8
TRN-00699,BLK-026856,Track Occupied,2,50.6
TRN-00700,BLK-030071,Track Occupied,3,88.3
TRN-00701,BLK-033530,Track Occupied,3,79.1
TRN-00702,BLK-007130,Track Occupied,2,68.8
TRN-00703,BLK-003627,Track Occupied,3,98.4
TRN-00704,BLK-000509,Track Occupied,2,72.5
TRN-00705,BLK-002644,Track Occupied,2,97.1
TRN-00705,BLK-002645,Track Occupied,2,97.1
TRN-00706,BLK-005967,Track Occupied,3,64.3
TRN-00707,BLK-017161,Track Occupied,2,89.0
TRN-00708,BLK-007280,Track Occupied,3,74.0
TRN-00708,BLK-007281,Track Occupied,3,74.0
TRN-00709,BLK-024166,Track Occupied,3,66.9
TRN-00710,BLK-018159,Track Occupied,1,60.0
TRN-00711,BLK-018003,Track Occupied,3,63.1
TRN-00712,BLK-012810,Track Occupied,2,86.9
TRN-00713,BLK-010161,Track Occupied,3,76.7
TRN-00714,BLK-010974,Track Occupied,2,78.1
TRN-00715,BLK-012650,Track Occupied,3,75.0
TRN-00715,BLK-012651,Track Occupied,3,75.0
TRN-00716,BLK-001657,Track Occupied,3,61.9
TRN-00717,BLK-010366,Track Occupied,3,92.8
TRN-00718,BLK-020400,Track Occupied,3,73.1
TRN-00719,BLK-018113,Track Occupied,2,93.4
TRN-00720,BLK-008672,Track Occupied,3,88.2
TRN-00721,BLK-014933,Track Occupied,1,27.4
TRN-00722,BLK-021315,Track Occupied,2,91.0
TRN-00723,BLK-010167,Track Occupied,1,9.2
TRN-00724,BLK-012679,Track Occupied,3,81.0
TRN-00725,BLK-030959,Track Occupied,3,78.5
TRN-00726,BLK-031089,Track Occupied,2,97.7
TRN-00727,BLK-023267,Track Occupied,3,84.1
TRN-00728,BLK-001847,Track Occupied,3,73.3
TRN-00729,BLK-012180,Track Occupied,3,60.4
TRN-00730,BLK-022261,Track Occupied,3,56.9
TRN-00731,BLK-031034,Track Occupied,2,25.0
TRN-00732,BLK-004276,Track Occupied,1,41.7
TRN-00733,BLK-027853,Track Occupied,1,33.3
TRN-00734,BLK-012533,Track Occupied,2,89.5
TRN-00735,BLK-010625,Track Occupied,1,5.0
TRN-00736,BLK-022908,Track Occupied,3,76.9
TRN-00737,BLK-014220,Track Occupied,3,48.1
TRN-00738,BLK-013529,Track Occupied,3,79.1
TRN-00739,BLK-014953,Track Occupied,2,73.4
TRN-00740,BLK-011142,Track Occupied,3,91.0
TRN-00741,BLK-007354,Track Occupied,2,65.6
TRN-00742,BLK-026985,Track Occupied,2,71.3
TRN-00743,BLK-004479,Track Occupied,2,78.6
TRN-00744,BLK-024931,Track Occupied,3,77.9
TRN-00745,BLK-026876,Track Occupied,3,25.1
TRN-00746,BLK-012005,Track Occupied,3,79.0
TRN-00747,BLK-011213,Track Occupied,1,54.6
TRN-00748,BLK-014196,Track Occupied,1,27.4
TRN-00749,BLK-004808,Track Occupied,2,52.4
TRN-00750,BLK-023690,Track Occupied,2,80.0
TRN-00751,BLK-016674,Track Occupied,3,32.8
TRN-00751,BLK-016675,Track Occupied,3,32.8
TRN-00752,BLK-008451,Track Occupied,3,89.6
TRN-00753,BLK-028533,Track Occupied,3,99.0
TRN-00754,BLK-031974,Track Occupied,1,58.5
TRN-00755,BLK-027970,Track Occupied,3,99.0
TRN-00756,BLK-009910,Track Occupied,2,81.3
TRN-00757,BLK-023994,Track Occupied,2,84.6
TRN-00758,BLK-021475,Track Occupied,1,52.5
TRN-00759,BLK-000586,Track Occupied,3,45.2
TRN-00760,BLK-015102,Track Occupied,1,22.9
TRN-00761,BLK-026057,Track Occupied,1,69.3
TRN-00762,BLK-018323,Track Occupied,2,80.8
TRN-00763,BLK-003168,Track Occupied,2,75.9
TRN-00764,BLK-013486,Track Occupied,3,55.7
TRN-00765,BLK-009106,Track Occupied,2,51.6
TRN-00766,BLK-011599,Track Occupied,1,10.5
TRN-00767,BLK-014784,Track Occupied,3,48.0
TRN-00768,BLK-008211,Track Occupied,2,84.0
TRN-00769,BLK-028034,Track Occupied,3,77.4
TRN-00770,BLK-003181,Track Occupied,2,92.5
TRN-00771,BLK-020993,Track Occupied,2,58.5
TRN-00772,BLK-015630,Track Occupied,3,48.1
TRN-00773,BLK-026298,Track Occupied,2,52.5
TRN-00774,BLK-009691,Track Occupied,2,96.1
TRN-00775,BLK-006272,Track Occupied,1,19.9
TRN-00776,BLK-009074,Track Occupied,3,64.1
TRN-00777,BLK-016589,Track Occupied,3,60.2
TRN-00777,BLK-016590,Track Occupied,3,60.2
TRN-00778,BLK-003227,Track Occupied,2,79.4
TRN-00779,BLK-013014,Track Occupied,3,72.1
TRN-00780,BLK-001456,Track Occupied,3,48.7
TRN-00781,BLK-027425,Track Occupied,1,43.7
TRN-00782,BLK-022923,Track Occupied,2,68.2
TRN-00783,BLK-014198,Track Occupied,3,46.2
TRN-00784,BLK-022917,Track Occupied,3,95.0
TRN-00785,BLK-000089,Track Occupied,3,64.6
TRN-00786,BLK-018008,Track Occupied,3,66.3
TRN-00786,BLK-018009,Track Occupied,3,66.3
TRN-00787,BLK-027954,Track Occupied,1,35.8
TRN-00788,BLK-024252,Track Occupied,2,70.2
TRN-00789,BLK-000273,Track Occupied,1,5.0
TRN-00789,BLK-000274,Track Occupied,1,5.0
TRN-00790,BLK-011741,Track Occupied,2,82.1
TRN-00791,BLK-014384,Track Occupied,1,56.8
TRN-00792,BLK-030660,Track Occupied,2,67.1
TRN-00793,BLK-008843,Track Occupied,3,94.3
TRN-00794,BLK-031453,Track Occupied,1,21.0
TRN-00795,BLK-024631,Track Occupied,2,58.1
TRN-00796,BLK-031309,Track Occupied,3,54.8
TRN-00797,BLK-009033,Track Occupied,1,35.2
TRN-00798,BLK-028940,Track Occupied,1,45.2
TRN-00799,BLK-023069,Track Occupied,2,93.4
TRN-00800,BLK-033415,Track Occupied,3,68.7
TRN-00801,BLK-001118,Track Occupied,2,77.7
TRN-00802,BLK-024106,Track Occupied,2,79.8
TRN-00803,BLK-028338,Track Occupied,3,68.9
TRN-00803,BLK-028339,Track Occupied,3,68.9
TRN-00804,BLK-011156,Track Occupied,3,70.3
TRN-00805,BLK-014364,Track Occupied,1,11.9
TRN-00806,BLK-032837,Track Occupied,2,60.7
TRN-00807,BLK-013906,Track Occupied,3,34.0
TRN-00808,BLK-018633,Track Occupied,2,61.2
TRN-00809,BLK-027233,Track Occupied,2,86.2
TRN-00810,BLK-029028,Track Occupied,1,68.8
TRN-00811,BLK-018584,Track Occupied,3,97.2
TRN-00812,BLK-017930,Track Occupied,3,76.3
TRN-00813,BLK-031250,Track Occupied,3,78.0
TRN-00814,BLK-033161,Track Occupied,3,37.9
TRN-00815,BLK-015034,Track Occupied,3,62.3
TRN-00816,BLK-024909,Track Occupied,1,30.2
TRN-00817,BLK-004556,Track Occupied,3,99.0
TRN-00818,BLK-031746,Track Occupied,2,90.4
TRN-00819,BLK-014755,Track Occupied,1,60.8
TRN-00819,BLK-014756,Track Occupied,1,60.8
TRN-00820,BLK-028210,Track Occupied,1,29.5
TRN-00821,BLK-029545,Track Occupied,2,47.3
TRN-00822,BLK-003104,Track Occupied,1,35.9
TRN-00823,BLK-024363,Track Occupied,2,93.0
TRN-00823,BLK-024364,Track Occupied,2,93.0
TRN-00824,BLK-008283,Track Occupied,3,67.4
TRN-00825,BLK-007714,Track Occupied,3,97.4
TRN-00826,BLK-017055,Track Occupied,3,95.1
TRN-00827,BLK-015450,Track Occupied,3,64.3
TRN-00828,BLK-022685,Track Occupied,2,37.6
TRN-00829,BLK-015992,Track Occupied,3,77.7
TRN-00830,BLK-016206,Track Occupied,2,33.9
TRN-00831,BLK-019708,Track Occupied,2,89.4
TRN-00832,BLK-014167,Track Occupied,3,80.4
TRN-00833,BLK-009091,Track Occupied,2,88.5
TRN-00834,BLK-018581,Track Occupied,2,66.3
TRN-00835,BLK-005171,Track Occupied,2,54.5
TRN-00836,BLK-030089,Track Occupied,2,77.0
TRN-00837,BLK-014118,Track Occupied,3,71.6
TRN-00838,BLK-013192,Track Occupied,2,43.5
TRN-00839,BLK-020249,Track Occupied,1,17.7
TRN-00840,BLK-007093,Track Occupied,2,68.6
TRN-00841,BLK-027112,Track Occupied,2,63.5
TRN-00842,BLK-010046,Track Occupied,3,68.8
TRN-00843,BLK-011972,Track Occupied,2,81.8
TRN-00844,BLK-029573,Track Occupied,3,68.3
TRN-00845,BLK-024338,Track Occupied,3,76.7
TRN-00846,BLK-022853,Track Occupied,3,33.4
TRN-00847,BLK-029730,Track Occupied,1,38.2
TRN-00848,BLK-002303,Track Occupied,3,80.4
TRN-00849,BLK-027266,Track Occupied,2,38.2
TRN-00850,BLK-016103,Track Occupied,3,48.7
TRN-00851,BLK-032537,Track Occupied,2,81.1
TRN-00852,BLK-010370,Track Occupied,3,92.6
TRN-00853,BLK-032286,Track Occupied,2,99.0
TRN-00853,BLK-032287,Track Occupied,2,99.0
TRN-00854,BLK-026000,Track Occupied,1,33.0
TRN-00855,BLK-019404,Track Occupied,2,65.0
TRN-00856,BLK-024324,Track Occupied,3,75.2
TRN-00857,BLK-018092,Track Occupied,3,55.4
TRN-00858,BLK-024423,Track Occupied,1,36.3
TRN-00859,BLK-017762,Track Occupied,3,76.4
TRN-00860,BLK-001702,Track Occupied,2,50.4
TRN-00861,BLK-006953,Track Occupied,3,66.5
TRN-00862,BLK-021861,Track Occupied,2,78.7
TRN-00863,BLK-019320,Track Occupied,3,59.0
TRN-00864,BLK-019872,Track Occupied,2,83.3
TRN-00865,BLK-029301,Track Occupied,3,67.8
TRN-00866,BLK-018772,Track Occupied,1,20.9
TRN-00867,BLK-024655,Track Occupied,2,74.9
TRN-00868,BLK-002004,Track Occupied,2,84.4
TRN-00869,BLK-011535,Track Occupied,3,37.4
TRN-00870,BLK-003054,Track Occupied,3,84.0
TRN-00871,BLK-020501,Track Occupied,2,76.6
TRN-00872,BLK-031210,Track Occupied,2,53.5
TRN-00873,BLK-006700,Track Occupied,3,81.3
TRN-00873,BLK-006701,Track Occupied,3,81.3
TRN-00874,BLK-033422,Track Occupied,1,28.7
TRN-00875,BLK-020990,Track Occupied,3,78.4
TRN-00876,BLK-007889,Track Occupied,1,31.0
TRN-00877,BLK-005817,Track Occupied,2,74.6
TRN-00878,BLK-023995,Track Occupied,2,65.9
TRN-00879,BLK-023636,Track Occupied,3,75.6
TRN-00880,BLK-018327,Track Occupied,3,67.2
TRN-00881,BLK-002361,Track Occupied,3,78.4
TRN-00882,BLK-019497,Track Occupied,3,60.8
TRN-00883,BLK-016533,Track Occupied,3,53.9
TRN-00884,BLK-022509,Track Occupied,3,65.4
TRN-00885,BLK-012333,Track Occupied,1,63.5
TRN-00885,BLK-012334,Track Occupied,1,63.5
TRN-00886,BLK-023119,Track Occupied,2,64.2
TRN-00887,BLK-020341,Track Occupied,2,73.5
TRN-00888,BLK-009259,Track Occupied,1,23.0
TRN-00889,BLK-033351,Track Occupied,2,87.0
TRN-00890,BLK-030684,Track Occupied,3,60.0
TRN-00891,BLK-019398,Track Occupied,1,5.0
TRN-00892,BLK-014837,Track Occupied,2,77.8
TRN-00893,BLK-019591,Track Occupied,3,77.4
TRN-00894,BLK-001052,Track Occupied,1,26.8
TRN-00895,BLK-025327,Track Occupied,1,18.9
TRN-00896,BLK-010716,Track Occupied,2,83.6
TRN-00897,BLK-015721,Track Occupied,2,71.6
TRN-00898,BLK-006602,Track Occupied,2,83.0
TRN-00899,BLK-013925,Track Occupied,2,75.6
TRN-00900,BLK-022686,Track Occupied,3,59.3
TRN-00900,BLK-022687,Track Occupied,3,59.3
TRN-00901,BLK-015264,Track Occupied,2,54.5
TRN-00902,BLK-017194,Track Occupied,3,89.2
TRN-00903,BLK-029110,Track Occupied,2,88.4
TRN-00904,BLK-017564,Track Occupied,3,87.7
TRN-00905,BLK-021589,Track Occupied,3,68.7
TRN-00906,BLK-014998,Track Occupied,2,64.6
TRN-00907,BLK-009899,Track Occupied,3,80.0
TRN-00908,BLK-006114,Track Occupied,2,99.0
TRN-00909,BLK-026858,Track Occupied,3,84.5
TRN-00910,BLK-015045,Track Occupied,2,90.5
TRN-00911,BLK-023829,Track Occupied,2,60.5
TRN-00912,BLK-015372,Track Occupied,2,43.4
TRN-00913,BLK-009132,Track Occupied,2,81.2
TRN-00914,BLK-031422,Track Occupied,2,96.4
TRN-00915,BLK-004183,Track Occupied,2,62.7
TRN-00916,BLK-031995,Track Occupied,2,43.4
TRN-00917,BLK-004104,Track Occupied,3,99.0
TRN-00918,BLK-009027,Track Occupied,3,63.3
TRN-00919,BLK-000807,Track Occupied,1,51.7
TRN-00920,BLK-025409,Track Occupied,2,59.1
TRN-00921,BLK-024191,Track Occupied,3,64.2
TRN-00922,BLK-028513,Track Occupied,3,66.5
TRN-00923,BLK-032747,Track Occupied,3,78.7
TRN-00924,BLK-014666,Track Occupied,2,99.0
TRN-00925,BLK-000750,Track Occupied,2,65.3
TRN-00926,BLK-004291,Track Occupied,3,57.7
TRN-00927,BLK-027213,Track Occupied,3,77.4
TRN-00927,BLK-027214,Track Occupied,3,77.4
TRN-00928,BLK-020715,Track Occupied,1,24.0
TRN-00929,BLK-029702,Track Occupied,2,80.2
TRN-00930,BLK-031989,Track Occupied,3,44.6
TRN-00930,BLK-031990,Track Occupied,3,44.6
TRN-00931,BLK-030592,Track Occupied,3,71.5
TRN-00932,BLK-021802,Track Occupied,3,49.0
TRN-00933,BLK-021630,Track Occupied,2,49.6
TRN-00934,BLK-019467,Track Occupied,3,81.1
TRN-00935,BLK-010515,Track Occupied,3,70.7
TRN-00935,BLK-010516,Track Occupied,3,70.7
TRN-00936,BLK-020474,Track Occupied,2,78.3
TRN-00937,BLK-007877,Track Occupied,3,42.6
TRN-00938,BLK-009432,Track Occupied,2,97.2
TRN-00939,BLK-006561,Track Occupied,1,33.4
TRN-00940,BLK-006776,Track Occupied,3,69.5
TRN-00941,BLK-007023,Track Occupied,3,60.5
TRN-00942,BLK-019179,Track Occupied,3,70.3
TRN-00943,BLK-016821,Track Occupied,3,97.8
TRN-00944,BLK-031485,Track Occupied,2,70.9
TRN-00945,BLK-012724,Track Occupied,3,99.0
TRN-00946,BLK-027562,Track Occupied,1,57.4
TRN-00947,BLK-022130,Track Occupied,3,78.9
TRN-00948,BLK-004308,Track Occupied,2,99.0
TRN-00949,BLK-009711,Track Occupied,3,53.1
TRN-00950,BLK-018871,Track Occupied,2,51.3
TRN-00951,BLK-028354,Track Occupied,2,82.6
TRN-00952,BLK-000913,Track Occupied,2,79.7
TRN-00953,BLK-007996,Track Occupied,3,71.8
TRN-00954,BLK-028409,Track Occupied,1,39.8
TRN-00955,BLK-028695,Track Occupied,2,48.8
TRN-00956,BLK-013055,Track Occupied,2,64.1
TRN-00957,BLK-006720,Track Occupied,2,63.1
TRN-00958,BLK-009271,Track Occupied,2,71.8
TRN-00959,BLK-009841,Track Occupied,1,11.9
TRN-00960,BLK-023628,Track Occupied,2,46.8
TRN-00961,BLK-029977,Track Occupied,3,68.0
TRN-00962,BLK-024412,Track Occupied,3,53.1
TRN-00963,BLK-015839,Track Occupied,2,42.3
TRN-00964,BLK-003283,Track Occupied,2,88.0
TRN-00965,BLK-023033,Track Occupied,1,34.6
TRN-00966,BLK-010821,Track Occupied,2,72.7
TRN-00967,BLK-006095,Track Occupied,2,62.4
TRN-00968,BLK-028089,Track Occupied,2,85.5
TRN-00969,BLK-005226,Track Occupied,2,77.3
TRN-00970,BLK-013234,Track Occupied,3,76.2
TRN-00970,BLK-013235,Track Occupied,3,76.2
TRN-00971,BLK-016813,Track Occupied,1,49.7
TRN-00972,BLK-005383,Track Occupied,1,56.3
TRN-00972,BLK-005384,Track Occupied,1,56.3
TRN-00973,BLK-005857,Track Occupied,2,82.0
TRN-00974,BLK-000064,Track Occupied,2,60.9
TRN-00975,BLK-017465,Track Occupied,3,65.3
TRN-00976,BLK-016183,Track Occupied,2,71.7
TRN-00977,BLK-023909,Track Occupied,1,34.8
TRN-00978,BLK-031288,Track Occupied,1,27.0
TRN-00979,BLK-014660,Track Occupied,2,59.1
TRN-00980,BLK-023154,Track Occupied,1,36.5
TRN-00981,BLK-014037,Track Occupied,3,73.9
TRN-00982,BLK-029055,Track Occupied,3,95.3
TRN-00983,BLK-018490,Track Occupied,1,14.4
TRN-00984,BLK-021410,Track Occupied,2,44.3
TRN-00985,BLK-025505,Track Occupied,3,56.4
TRN-00986,BLK-024059,Track Occupied,2,55.0
TRN-00987,BLK-009731,Track Occupied,3,58.1
TRN-00988,BLK-016040,Track Occupied,3,74.1
TRN-00989,BLK-020699,Track Occupied,2,84.6
TRN-00990,BLK-010938,Track Occupied,2,65.8
TRN-00990,BLK-010939,Track Occupied,2,65.8
TRN-00991,BLK-021093,Track Occupied,3,59.1
TRN-00992,BLK-029611,Track Occupied,2,99.0
TRN-00993,BLK-002467,Track Occupied,2,42.4
TRN-00994,BLK-011260,Track Occupied,3,53.9
TRN-00995,BLK-025983,Track Occupied,3,35.7
TRN-00996,BLK-031650,Track Occupied,2,89.7
TRN-00996,BLK-031651,Track Occupied,2,89.7
TRN-00997,BLK-033122,Track Occupied,3,87.3
TRN-00997,BLK-033123,Track Occupied,3,87.3
TRN-00998,BLK-024016,Track Occupied,3,72.9
TRN-00998,BLK-024017,Track Occupied,3,72.9
TRN-00999,BLK-002138,Track Occupied,2,99.0
TRN-01000,BLK-026359,Track Occupied,3,99.0
TRN-01001,BLK-031296,Track Occupied,1,57.5
TRN-01002,BLK-010551,Track Occupied,3,75.6
TRN-01003,BLK-002425,Track Occupied,3,57.2
TRN-01004,BLK-007928,Track Occupied,2,80.4
TRN-01005,BLK-010416,Track Occupied,3,69.7
TRN-01006,BLK-025880,Track Occupied,2,49.7
TRN-01007,BLK-005597,Track Occupied,1,57.0
TRN-01008,BLK-033457,Track Occupied,3,82.6
TRN-01009,BLK-004076,Track Occupied,3,50.3
TRN-01010,BLK-025112,Track Occupied,2,96.1
TRN-01011,BLK-017631,Track Occupied,2,63.6
TRN-01012,BLK-029421,Track Occupied,1,23.1
TRN-01012,BLK-029422,Track Occupied,1,23.1
TRN-01013,BLK-030767,Track Occupied,1,34.8
TRN-01014,BLK-014799,Track Occupied,3,41.2
TRN-01015,BLK-015930,Track Occupied,2,71.3
TRN-01016,BLK-028897,Track Occupied,1,26.6
TRN-01017,BLK-027944,Track Occupied,3,61.3
TRN-01018,BLK-022264,Track Occupied,3,99.0
TRN-01019,BLK-028003,Track Occupied,2,70.9
TRN-01020,BLK-025226,Track Occupied,3,87.0
TRN-01021,BLK-004908,Track Occupied,1,31.3
TRN-01022,BLK-007648,Track Occupied,3,47.9
TRN-01023,BLK-028326,Track Occupied,2,99.0
TRN-01024,BLK-023266,Track Occupied,2,87.9
TRN-01024,BLK-023267,Track Occupied,2,87.9
TRN-01025,BLK-021573,Track Occupied,3,59.0
TRN-01026,BLK-024889,Track Occupied,1,26.0
TRN-01027,BLK-018888,Track Occupied,3,85.5
TRN-01028,BLK-009506,Track Occupied,3,57.7
TRN-01029,BLK-027175,Track Occupied,2,99.0
TRN-01030,BLK-003503,Track Occupied,3,67.1
TRN-01031,BLK-010320,Track Occupied,2,94.1
TRN-01032,BLK-020212,Track Occupied,2,79.4
TRN-01033,BLK-002918,Track Occupied,3,71.5
TRN-01034,BLK-009779,Track Occupied,2,67.4
TRN-01035,BLK-032816,Track Occupied,3,53.4
TRN-01036,BLK-025585,Track Occupied,2,67.9
TRN-01037,BLK-018802,Track Occupied,3,73.1
TRN-01038,BLK-017423,Track Occupied,2,62.8
TRN-01039,BLK-025921,Track Occupied,3,90.9
TRN-01039,BLK-025922,Track Occupied,3,90.9
TRN-01040,BLK-014483,Track Occupied,1,35.3
TRN-01041,BLK-008086,Track Occupied,3,82.4
TRN-01042,BLK-018646,Track Occupied,2,99.0
TRN-01043,BLK-027458,Track Occupied,1,32.4
TRN-01043,BLK-027459,Track Occupied,1,32.4
TRN-01044,BLK-031429,Track Occupied,3,86.8
TRN-01045,BLK-031990,Track Occupied,2,87.7
TRN-01046,BLK-003349,Track Occupied,2,73.1
TRN-01047,BLK-006067,Track Occupied,1,20.4
TRN-01048,BLK-027428,Track Occupied,2,62.8
TRN-01049,BLK-014211,Track Occupied,3,80.5
TRN-01050,BLK-006544,Track Occupied,2,82.0
TRN-01051,BLK-029936,Track Occupied,3,53.7
TRN-01052,BLK-008756,Track Occupied,2,92.4
TRN-01053,BLK-031724,Track Occupied,2,84.3
TRN-01054,BLK-006115,Track Occupied,2,99.0
TRN-01055,BLK-007754,Track Occupied,1,28.8
TRN-01056,BLK-030192,Track Occupied,3,54.6
TRN-01057,BLK-009856,Track Occupied,3,95.0
TRN-01058,BLK-003485,Track Occupied,3,86.7
TRN-01058,BLK-003486,Track Occupied,3,86.7
TRN-01059,BLK-007172,Track Occupied,1,34.3
TRN-01060,BLK-018555,Track Occupied,3,67.0
TRN-01061,BLK-028949,Track Occupied,1,23.9
TRN-01062,BLK-012316,Track Occupied,2,70.3
TRN-01062,BLK-012317,Track Occupied,2,70.3
TRN-01063,BLK-023688,Track Occupied,2,99.0
TRN-01064,BLK-016309,Track Occupied,3,73.9
TRN-01065,BLK-023174,Track Occupied,3,76.4
TRN-01066,BLK-019738,Track Occupied,3,65.6
TRN-01067,BLK-023198,Track Occupied,1,25.0
TRN-01068,BLK-024561,Track Occupied,3,59.6
TRN-01069,BLK-011530,Track Occupied,2,67.9
TRN-01070,BLK-019331,Track Occupied,1,58.9
TRN-01071,BLK-017956,Track Occupied,3,41.7
TRN-01072,BLK-027436,Track Occupied,2,59.7
TRN-01073,BLK-027311,Track Occupied,1,47.1
TRN-01074,BLK-022736,Track Occupied,3,73.1
TRN-01075,BLK-030256,Track Occupied,2,81.0
TRN-01076,BLK-017153,Track Occupied,1,8.4
TRN-01077,BLK-023271,Track Occupied,2,92.2
TRN-01078,BLK-022826,Track Occupied,2,99.0
TRN-01079,BLK-020605,Track Occupied,3,97.8
TRN-01080,BLK-029767,Track Occupied,3,94.9
TRN-01081,BLK-030229,Track Occupied,2,79.4
TRN-01082,BLK-015105,Track Occupied,2,76.8
TRN-01083,BLK-026526,Track Occupied,2,53.4
TRN-01084,BLK-009341,Track Occupied,3,73.8
TRN-01085,BLK-025618,Track Occupied,3,87.0
TRN-01086,BLK-024467,Track Occupied,3,83.7
TRN-01087,BLK-033293,Track Occupied,2,89.6
TRN-01088,BLK-011463,Track Occupied,3,63.1
TRN-01088,BLK-011464,Track Occupied,3,63.1
TRN-01089,BLK-018159,Track Occupied,2,93.8
TRN-01089,BLK-018160,Track Occupied,2,93.8
TRN-01090,BLK-023178,Track Occupied,2,77.3
TRN-01091,BLK-025586,Track Occupied,2,62.9
TRN-01092,BLK-018685,Track Occupied,2,62.8
TRN-01093,BLK-032117,Track Occupied,2,72.4
TRN-01094,BLK-004634,Track Occupied,1,5.0
TRN-01095,BLK-031631,Track Occupied,2,73.7
TRN-01096,BLK-011691,Track Occupied,3,71.1
TRN-01097,BLK-010516,Track Occupied,2,72.7
TRN-01098,BLK-023449,Track Occupied,2,80.1
TRN-01099,BLK-001027,Track Occupied,3,95.8
TRN-01100,BLK-025475,Track Occupied,1,42.3
TRN-01101,BLK-001059,Track Occupied,2,91.4
TRN-01102,BLK-013698,Track Occupied,3,45.3
TRN-01103,BLK-029493,Track Occupied,1,51.5
TRN-01104,BLK-006430,Track Occupied,1,30.9
TRN-01105,BLK-002448,Track Occupied,2,45.4
TRN-01106,BLK-032772,Track Occupied,1,38.3
TRN-01107,BLK-009584,Track Occupied,2,70.7
TRN-01108,BLK-026984,Track Occupied,2,62.0
TRN-01109,BLK-005002,Track Occupied,1,20.2
TRN-01110,BLK-012159,Track Occupied,3,77.5
TRN-01111,BLK-024799,Track Occupied,3,62.8
TRN-01112,BLK-027058,Track Occupied,3,56.9
TRN-01113,BLK-027512,Track Occupied,3,46.1
TRN-01114,BLK-019159,Track Occupied,3,58.1
TRN-01115,BLK-016068,Track Occupied,2,70.9
TRN-01116,BLK-017091,Track Occupied,2,62.9
TRN-01117,BLK-012360,Track Occupied,3,97.2
TRN-01118,BLK-033497,Track Occupied,1,9.8
TRN-01118,BLK-033498,Track Occupied,1,9.8
TRN-01119,BLK-015202,Track Occupied,2,82.5
TRN-01120,BLK-013213,Track Occupied,3,58.5
TRN-01121,BLK-025292,Track Occupied,3,99.0
TRN-01122,BLK-006425,Track Occupied,2,71.3
TRN-01123,BLK-020975,Track Occupied,2,81.6
TRN-01124,BLK-008433,Track Occupied,3,84.8
TRN-01125,BLK-033063,Track Occupied,2,33.2
TRN-01126,BLK-004505,Track Occupied,3,63.7
TRN-01127,BLK-020143,Track Occupied,3,67.9
TRN-01128,BLK-029668,Track Occupied,2,99.0
TRN-01129,BLK-008688,Track Occupied,2,99.0
TRN-01130,BLK-031222,Track Occupied,2,66.5
TRN-01131,BLK-031452,Track Occupied,2,71.1
TRN-01132,BLK-025589,Track Occupied,2,83.0
TRN-01133,BLK-003013,Track Occupied,3,50.6
TRN-01134,BLK-016662,Track Occupied,3,83.1
TRN-01135,BLK-024658,Track Occupied,3,55.8
TRN-01136,BLK-033285,Track Occupied,1,55.7
TRN-01137,BLK-006356,Track Occupied,1,30.3
TRN-01138,BLK-010395,Track Occupied,2,57.5
TRN-01139,BLK-031910,Track Occupied,2,73.1
TRN-01140,BLK-009399,Track Occupied,3,80.7
TRN-01141,BLK-016845,Track Occupied,2,55.1
TRN-01142,BLK-026551,Track Occupied,3,56.2
TRN-01143,BLK-014519,Track Occupied,2,61.3
TRN-01144,BLK-011000,Track Occupied,3,56.4
TRN-01144,BLK-011001,Track Occupied,3,56.4
TRN-01145,BLK-018726,Track Occupied,2,95.1
TRN-01146,BLK-008452,Track Occupied,2,80.2
TRN-01147,BLK-032985,Track Occupied,2,55.5
TRN-01148,BLK-030637,Track Occupied,2,88.7
TRN-01149,BLK-023591,Track Occupied,1,35.9
TRN-01150,BLK-006483,Track Occupied,3,82.6
TRN-01151,BLK-011189,Track Occupied,2,96.2
TRN-01152,BLK-029642,Track Occupied,1,34.4
TRN-01153,BLK-023403,Track Occupied,2,86.2
TRN-01154,BLK-003483,Track Occupied,1,69.4
TRN-01155,BLK-008767,Track Occupied,2,55.4
TRN-01156,BLK-004995,Track Occupied,2,71.2
TRN-01156,BLK-004996,Track Occupied,2,71.2
TRN-01157,BLK-006115,Track Occupied,3,61.5
TRN-01158,BLK-005756,Track Occupied,3,94.0
TRN-01159,BLK-006804,Track Occupied,2,63.7
TRN-01160,BLK-032069,Track Occupied,1,64.2
TRN-01161,BLK-006219,Track Occupied,3,60.5
TRN-01162,BLK-018669,Track Occupied,2,66.1
TRN-01162,BLK-018670,Track Occupied,2,66.1
TRN-01163,BLK-023694,Track Occupied,1,30.4
TRN-01164,BLK-016729,Track Occupied,2,75.6
TRN-01165,BLK-027320,Track Occupied,2,53.9
TRN-01166,BLK-017007,Track Occupied,3,55.3
TRN-01167,BLK-029011,Track Occupied,3,84.7
TRN-01168,BLK-003294,Track Occupied,3,81.5
TRN-01169,BLK-014302,Track Occupied,3,78.8
TRN-01170,BLK-026837,Track Occupied,2,75.9
TRN-01171,BLK-004996,Track Occupied,2,83.3
TRN-01172,BLK-021365,Track Occupied,2,68.2
TRN-01173,BLK-009752,Track Occupied,3,70.0
TRN-01174,BLK-030729,Track Occupied,3,99.0
TRN-01175,BLK-000844,Track Occupied,3,70.7
TRN-01176,BLK-032506,Track Occupied,3,81.2
TRN-01177,BLK-008863,Track Occupied,3,78.3
TRN-01178,BLK-029910,Track Occupied,2,83.8
TRN-01179,BLK-002178,Track Occupied,1,28.5
TRN-01180,BLK-031540,Track Occupied,1,46.3
TRN-01181,BLK-004549,Track Occupied,2,73.1
TRN-01182,BLK-002724,Track Occupied,3,63.2
TRN-01183,BLK-014889,Track Occupied,2,84.3
TRN-01184,BLK-007149,Track Occupied,2,65.1
TRN-01185,BLK-026668,Track Occupied,2,97.0
TRN-01186,BLK-005747,Track Occupied,3,91.9
TRN-01187,BLK-015580,Track Occupied,3,77.9
TRN-01187,BLK-015581,Track Occupied,3,77.9
TRN-01188,BLK-010776,Track Occupied,1,58.6
TRN-01189,BLK-032164,Track Occupied,3,86.3
TRN-01190,BLK-007096,Track Occupied,3,54.7
TRN-01191,BLK-031183,Track Occupied,2,61.6
TRN-01192,BLK-020782,Track Occupied,2,74.0
TRN-01193,BLK-024697,Track Occupied,3,96.0
TRN-01194,BLK-018810,Track Occupied,2,83.0
TRN-01195,BLK-005181,Track Occupied,2,90.9
TRN-01196,BLK-010050,Track Occupied,3,61.7
TRN-01197,BLK-026873,Track Occupied,3,57.6
TRN-01198,BLK-009195,Track Occupied,1,48.1
TRN-01198,BLK-009196,Track Occupied,1,48.1
TRN-01199,BLK-004231,Track Occupied,2,81.1
TRN-01200,BLK-002085,Track Occupied,2,71.3
TRN-01200,BLK-002086,Track Occupied,2,71.3
TRN-01201,BLK-011703,Track Occupied,2,84.2
TRN-01202,BLK-032837,Track Occupied,1,39.0
TRN-01202,BLK-032838,Track Occupied,1,39.0
TRN-01203,BLK-033583,Track Occupied,1,7.2
TRN-01204,BLK-032092,Track Occupied,1,47.2
TRN-01205,BLK-026306,Track Occupied,2,96.6
TRN-01206,BLK-029994,Track Occupied,3,79.0
TRN-01207,BLK-022865,Track Occupied,3,71.8
TRN-01208,BLK-007412,Track Occupied,3,62.8
TRN-01209,BLK-013412,Track Occupied,2,99.0
TRN-01210,BLK-003098,Track Occupied,1,24.6
TRN-01211,BLK-010203,Track Occupied,2,73.5
TRN-01212,BLK-005649,Track Occupied,3,50.3
TRN-01213,BLK-008469,Track Occupied,3,71.7
TRN-01214,BLK-023850,Track Occupied,2,74.3
TRN-01215,BLK-018351,Track Occupied,1,34.6
TRN-01216,BLK-004980,Track Occupied,1,30.1
TRN-01217,BLK-026083,Track Occupied,3,91.9
TRN-01218,BLK-002880,Track Occupied,3,67.7
TRN-01219,BLK-023276,Track Occupied,3,38.0
TRN-01220,BLK-001073,Track Occupied,2,78.6
TRN-01221,BLK-010640,Track Occupied,2,74.8
TRN-01222,BLK-015338,Track Occupied,3,98.9
TRN-01223,BLK-029284,Track Occupied,2,84.2
TRN-01224,BLK-031657,Track Occupied,2,56.6
TRN-01225,BLK-030134,Track Occupied,2,72.7
TRN-01226,BLK-000758,Track Occupied,2,90.3
TRN-01227,BLK-020760,Track Occupied,3,99.0
TRN-01228,BLK-031958,Track Occupied,2,55.2
TRN-01229,BLK-016492,Track Occupied,2,72.3
TRN-01230,BLK-011434,Track Occupied,2,99.0
TRN-01231,BLK-020513,Track Occupied,1,36.4
TRN-01232,BLK-001380,Track Occupied,3,83.2
TRN-01233,BLK-025581,Track Occupied,3,78.7
TRN-01234,BLK-031327,Track Occupied,2,96.2
TRN-01235,BLK-017811,Track Occupied,2,58.7
TRN-01236,BLK-022873,Track Occupied,3,91.2
TRN-01236,BLK-022874,Track Occupied,3,91.2
TRN-01237,BLK-021876,Track Occupied,3,81.9
TRN-01238,BLK-007140,Track Occupied,2,90.5
TRN-01239,BLK-029708,Track Occupied,2,54.0
TRN-01240,BLK-024582,Track Occupied,1,5.0
TRN-01241,BLK-010874,Track Occupied,1,78.3
TRN-01242,BLK-006822,Track Occupied,3,63.9
TRN-01243,BLK-018879,Track Occupied,1,30.0
TRN-01243,BLK-018880,Track Occupied,1,30.0
TRN-01244,BLK-022276,Track Occupied,3,63.8
TRN-01245,BLK-017180,Track Occupied,2,47.6
TRN-01246,BLK-010825,Track Occupied,3,91.1
TRN-01247,BLK-027184,Track Occupied,1,44.2
TRN-01248,BLK-029882,Track Occupied,2,77.4
TRN-01249,BLK-015450,Track Occupied,3,52.8
TRN-01250,BLK-017020,Track Occupied,1,58.9
TRN-01250,BLK-017021,Track Occupied,1,58.9
TRN-01251,BLK-028580,Track Occupied,2,58.6
TRN-01252,BLK-010802,Track Occupied,3,71.3
TRN-01253,BLK-026895,Track Occupied,1,57.1
TRN-01254,BLK-002330,Track Occupied,3,66.4
TRN-01255,BLK-009914,Track Occupied,3,37.5
TRN-01256,BLK-031381,Track Occupied,3,62.9
TRN-01257,BLK-014841,Track Occupied,2,81.4
TRN-01258,BLK-001996,Track Occupied,2,97.1
TRN-01259,BLK-033086,Track Occupied,2,99.0
TRN-01260,BLK-018925,Track Occupied,2,62.2
TRN-01261,BLK-006062,Track Occupied,1,56.7
TRN-01262,BLK-011230,Track Occupied,3,71.3
TRN-01262,BLK-011231,Track Occupied,3,71.3
TRN-01263,BLK-031708,Track Occupied,2,63.4
TRN-01264,BLK-020652,Track Occupied,2,72.0
TRN-01265,BLK-004369,Track Occupied,3,77.4
TRN-01266,BLK-015462,Track Occupied,3,54.6
TRN-01266,BLK-015463,Track Occupied,3,54.6
TRN-01267,BLK-014093,Track Occupied,3,65.5
TRN-01268,BLK-032713,Track Occupied,2,75.9
TRN-01268,BLK-032714,Track Occupied,2,75.9
TRN-01269,BLK-005456,Track Occupied,1,14.8
TRN-01270,BLK-008573,Track Occupied,2,70.9
TRN-01271,BLK-006207,Track Occupied,3,69.3
TRN-01272,BLK-027890,Track Occupied,2,78.8
TRN-01273,BLK-003692,Track Occupied,3,56.4
TRN-01274,BLK-025605,Track Occupied,2,87.3
TRN-01275,BLK-021149,Track Occupied,3,56.9
TRN-01276,BLK-014139,Track Occupied,3,68.3
TRN-01277,BLK-001527,Track Occupied,3,39.5
TRN-01278,BLK-025313,Track Occupied,1,29.5
TRN-01279,BLK-017480,Track Occupied,2,38.3
TRN-01280,BLK-012027,Track Occupied,3,53.2
TRN-01281,BLK-018718,Track Occupied,2,74.3
TRN-01282,BLK-009322,Track Occupied,2,47.5
TRN-01283,BLK-007463,Track Occupied,1,54.3
TRN-01284,BLK-030077,Track Occupied,3,45.6
TRN-01285,BLK-019739,Track Occupied,1,43.2
TRN-01286,BLK-032433,Track Occupied,1,47.7
TRN-01286,BLK-032434,Track Occupied,1,47.7
TRN-01287,BLK-007266,Track Occupied,2,82.3
TRN-01288,BLK-011595,Track Occupied,3,78.3
TRN-01288,BLK-011596,Track Occupied,3,78.3
TRN-01289,BLK-003144,Track Occupied,1,40.6
TRN-01290,BLK-011618,Track Occupied,2,71.9
TRN-01291,BLK-015017,Track Occupied,3,52.9
TRN-01292,BLK-004615,Track Occupied,1,51.3
TRN-01293,BLK-023994,Track Occupied,2,70.2
TRN-01294,BLK-032149,Track Occupied,3,52.2
TRN-01295,BLK-026441,Track Occupied,1,22.7
TRN-01296,BLK-000195,Track Occupied,2,80.4
TRN-01297,BLK-003636,Track Occupied,2,67.1
TRN-01298,BLK-022098,Track Occupied,2,81.5
TRN-01299,BLK-020482,Track Occupied,3,92.3
TRN-01300,BLK-018117,Track Occupied,2,83.2
TRN-01301,BLK-030447,Track Occupied,3,41.9
TRN-01301,BLK-030448,Track Occupied,3,41.9
TRN-01302,BLK-014851,Track Occupied,2,78.0
TRN-01303,BLK-012477,Track Occupied,2,69.3
TRN-01304,BLK-018603,Track Occupied,2,80.3
TRN-01304,BLK-018604,Track Occupied,2,80.3
TRN-01305,BLK-008200,Track Occupied,3,87.7
TRN-01306,BLK-008606,Track Occupied,1,12.2
TRN-01307,BLK-018776,Track Occupied,2,90.1
TRN-01307,BLK-018777,Track Occupied,2,90.1
TRN-01308,BLK-021962,Track Occupied,2,68.0
TRN-01309,BLK-027829,Track Occupied,2,87.9
TRN-01310,BLK-010568,Track Occupied,1,25.6
TRN-01311,BLK-007664,Track Occupied,3,70.9
TRN-01312,BLK-009039,Track Occupied,3,75.6
TRN-01313,BLK-020075,Track Occupied,2,70.1
TRN-01314,BLK-000624,Track Occupied,2,52.5
TRN-01315,BLK-023208,Track Occupied,2,75.9
TRN-01316,BLK-019241,Track Occupied,2,82.8
TRN-01317,BLK-009493,Track Occupied,3,96.0
TRN-01318,BLK-003169,Track Occupied,1,61.5
TRN-01319,BLK-027764,Track Occupied,2,61.0
TRN-01320,BLK-000278,Track Occupied,3,86.3
TRN-01321,BLK-029520,Track Occupied,3,92.8
TRN-01322,BLK-005635,Track Occupied,2,81.4
TRN-01323,BLK-025529,Track Occupied,3,90.0
TRN-01324,BLK-027408,Track Occupied,1,58.8
TRN-01325,BLK-003762,Track Occupied,2,49.1
TRN-01326,BLK-008186,Track Occupied,3,69.8
TRN-01327,BLK-000014,Track Occupied,1,23.0
TRN-01328,BLK-023236,Track Occupied,3,54.1
TRN-01329,BLK-010542,Track Occupied,1,18.3
TRN-01330,BLK-001917,Track Occupied,3,99.0
TRN-01331,BLK-018119,Track Occupied,3,99.0
TRN-01332,BLK-006688,Track Occupied,2,72.3
TRN-01333,BLK-032546,Track Occupied,3,79.2
TRN-01334,BLK-012910,Track Occupied,2,82.6
TRN-01335,BLK-002822,Track Occupied,3,95.9
TRN-01335,BLK-002823,Track Occupied,3,95.9
TRN-01336,BLK-017191,Track Occupied,3,58.5
TRN-01337,BLK-008351,Track Occupied,2,41.3
TRN-01338,BLK-011643,Track Occupied,2,76.3
TRN-01339,BLK-008230,Track Occupied,2,69.7
TRN-01339,BLK-008231,Track Occupied,2,69.7
TRN-01340,BLK-029954,Track Occupied,2,76.3
TRN-01341,BLK-013655,Track Occupied,2,74.1
TRN-01342,BLK-024931,Track Occupied,2,80.2
TRN-01343,BLK-000348,Track Occupied,2,73.4
TRN-01344,BLK-004587,Track Occupied,2,84.1
TRN-01345,BLK-030946,Track Occupied,3,63.6
TRN-01346,BLK-018925,Track Occupied,2,64.6
TRN-01347,BLK-033232,Track Occupied,3,55.8
TRN-01348,BLK-006580,Track Occupied,3,91.4
TRN-01349,BLK-005286,Track Occupied,1,38.7
TRN-01350,BLK-020724,Track Occupied,2,58.3
TRN-01351,BLK-012798,Track Occupied,2,78.4
TRN-01351,BLK-012799,Track Occupied,2,78.4
TRN-01352,BLK-012944,Track Occupied,1,31.3
TRN-01353,BLK-000736,Track Occupied,3,74.9
TRN-01353,BLK-000737,Track Occupied,3,74.9
TRN-01354,BLK-004647,Track Occupied,1,17.9
TRN-01355,BLK-025847,Track Occupied,1,27.3
TRN-01355,BLK-025848,Track Occupied,1,27.3
TRN-01356,BLK-017756,Track Occupied,3,92.8
TRN-01357,BLK-019682,Track Occupied,3,41.4
TRN-01358,BLK-027650,Track Occupied,3,70.7
TRN-01359,BLK-004969,Track Occupied,2,74.6
TRN-01360,BLK-013743,Track Occupied,2,93.4
TRN-01361,BLK-031234,Track Occupied,2,64.5
TRN-01362,BLK-016211,Track Occupied,3,70.6
TRN-01363,BLK-018324,Track Occupied,2,67.3
TRN-01364,BLK-006980,Track Occupied,1,32.8
TRN-01365,BLK-008356,Track Occupied,2,86.9
TRN-01366,BLK-008437,Track Occupied,3,63.7
TRN-01367,BLK-020184,Track Occupied,2,56.9
TRN-01368,BLK-001634,Track Occupied,2,78.4
TRN-01369,BLK-020143,Track Occupied,2,68.2
TRN-01370,BLK-030858,Track Occupied,2,94.0
TRN-01371,BLK-011322,Track Occupied,3,86.6
TRN-01372,BLK-011760,Track Occupied,3,56.5
TRN-01373,BLK-021494,Track Occupied,3,62.7
TRN-01374,BLK-001128,Track Occupied,2,58.8
TRN-01375,BLK-000379,Track Occupied,2,64.5
TRN-01376,BLK-008849,Track Occupied,3,84.3
TRN-01377,BLK-000931,Track Occupied,2,50.2
TRN-01378,BLK-009038,Track Occupied,2,53.8
TRN-01379,BLK-011797,Track Occupied,2,46.7
TRN-01380,BLK-020634,Track Occupied,2,86.8
TRN-01381,BLK-021800,Track Occupied,3,66.1
TRN-01382,BLK-027503,Track Occupied,2,82.2
TRN-01383,BLK-015984,Track Occupied,1,28.1
TRN-01384,BLK-003243,Track Occupied,1,32.6
TRN-01385,BLK-024046,Track Occupied,2,41.9
TRN-01386,BLK-010872,Track Occupied,1,9.6
TRN-01387,BLK-010895,Track Occupied,2,85.7
TRN-01388,BLK-019468,Track Occupied,3,69.0
TRN-01389,BLK-026141,Track Occupied,3,53.4
TRN-01390,BLK-022027,Track Occupied,3,61.6
TRN-01391,BLK-005945,Track Occupied,2,66.2
TRN-01392,BLK-015707,Track Occupied,1,25.7
TRN-01393,BLK-012587,Track Occupied,3,55.4
TRN-01393,BLK-012588,Track Occupied,3,55.4
TRN-01394,BLK-004736,Track Occupied,2,48.4
TRN-01395,BLK-027417,Track Occupied,3,66.8
TRN-01396,BLK-008692,Track Occupied,2,65.5
TRN-01397,BLK-027348,Track Occupied,2,88.2
TRN-01398,BLK-020019,Track Occupied,2,45.0
TRN-01398,BLK-020020,Track Occupied,2,45.0
TRN-01399,BLK-019772,Track Occupied,1,61.7
TRN-01400,BLK-027525,Track Occupied,2,71.5
TRN-01401,BLK-023848,Track Occupied,3,60.4
TRN-01401,BLK-023849,Track Occupied,3,60.4
TRN-01402,BLK-020436,Track Occupied,3,87.7
TRN-01403,BLK-000520,Track Occupied,3,81.9
TRN-01404,BLK-014116,Track Occupied,3,95.3
TRN-01404,BLK-014117,Track Occupied,3,95.3
TRN-01405,BLK-016264,Track Occupied,3,48.1
TRN-01406,BLK-011148,Track Occupied,3,72.6
TRN-01407,BLK-012091,Track Occupied,3,81.9
TRN-01408,BLK-029869,Track Occupied,2,58.3
TRN-01409,BLK-028410,Track Occupied,1,42.0
TRN-01410,BLK-033217,Track Occupied,3,97.6
TRN-01411,BLK-014032,Track Occupied,2,74.7
TRN-01412,BLK-002664,Track Occupied,2,76.5
TRN-01413,BLK-029796,Track Occupied,1,38.6
TRN-01414,BLK-032554,Track Occupied,2,92.8
TRN-01415,BLK-008775,Track Occupied,2,75.7
TRN-01415,BLK-008776,Track Occupied,2,75.7
TRN-01416,BLK-009009,Track Occupied,3,76.3
TRN-01417,BLK-030987,Track Occupied,2,35.5
TRN-01417,BLK-030988,Track Occupied,2,35.5
TRN-01418,BLK-007674,Track Occupied,3,50.1
TRN-01419,BLK-007910,Track Occupied,3,76.5
TRN-01420,BLK-012398,Track Occupied,3,83.8
TRN-01421,BLK-014431,Track Occupied,3,66.7
TRN-01422,BLK-000804,Track Occupied,3,57.0
TRN-01423,BLK-032714,Track Occupied,3,80.4
TRN-01423,BLK-032715,Track Occupied,3,80.4
TRN-01424,BLK-015859,Track Occupied,1,28.6
TRN-01425,BLK-011345,Track Occupied,3,67.9
TRN-01426,BLK-018639,Track Occupied,2,58.0
TRN-01427,BLK-016215,Track Occupied,2,41.9
TRN-01428,BLK-012933,Track Occupied,3,70.5
TRN-01429,BLK-018139,Track Occupied,2,88.7
TRN-01430,BLK-032672,Track Occupied,3,68.3
TRN-01431,BLK-010699,Track Occupied,2,62.5
TRN-01432,BLK-009494,Track Occupied,1,36.6
TRN-01432,BLK-009495,Track Occupied,1,36.6
TRN-01433,BLK-030241,Track Occupied,3,51.4
TRN-01434,BLK-009554,Track Occupied,1,26.4
TRN-01435,BLK-017004,Track Occupied,2,74.9
TRN-01436,BLK-016678,Track Occupied,2,75.1
TRN-01437,BLK-016762,Track Occupied,3,77.2
TRN-01438,BLK-022140,Track Occupied,3,76.6
TRN-01439,BLK-029189,Track Occupied,2,90.9
TRN-01440,BLK-002663,Track Occupied,2,91.3
TRN-01441,BLK-010016,Track Occupied,2,65.2
TRN-01442,BLK-012857,Track Occupied,2,78.9
TRN-01443,BLK-004367,Track Occupied,2,83.8
TRN-01444,BLK-014111,Track Occupied,3,47.6
TRN-01445,BLK-020246,Track Occupied,2,54.9
TRN-01446,BLK-019780,Track Occupied,2,67.2
TRN-01447,BLK-020245,Track Occupied,2,73.8
TRN-01448,BLK-022405,Track Occupied,1,54.2
TRN-01449,BLK-019922,Track Occupied,2,33.6
TRN-01450,BLK-018805,Track Occupied,2,68.1
TRN-01451,BLK-008304,Track Occupied,2,67.3
TRN-01452,BLK-001727,Track Occupied,3,46.6
TRN-01453,BLK-032828,Track Occupied,1,23.8
TRN-01454,BLK-013042,Track Occupied,2,86.2
TRN-01455,BLK-013259,Track Occupied,2,68.7
TRN-01456,BLK-010969,Track Occupied,3,89.5
TRN-01457,BLK-000069,Track Occupied,2,62.7
TRN-01458,BLK-025200,Track Occupied,3,99.0
TRN-01459,BLK-033067,Track Occupied,2,76.1
TRN-01460,BLK-020101,Track Occupied,2,68.1
TRN-01461,BLK-025216,Track Occupied,2,48.9
TRN-01462,BLK-026245,Track Occupied,3,78.6
TRN-01463,BLK-019014,Track Occupied,3,48.3
TRN-01464,BLK-030389,Track Occupied,3,75.7
TRN-01465,BLK-010224,Track Occupied,3,47.7
TRN-01466,BLK-032368,Track Occupied,2,47.3
TRN-01467,BLK-027016,Track Occupied,1,23.8
TRN-01468,BLK-001911,Track Occupied,3,79.9
TRN-01469,BLK-009644,Track Occupied,2,74.6
TRN-01470,BLK-004333,Track Occupied,3,64.8
TRN-01471,BLK-000385,Track Occupied,3,54.0
TRN-01472,BLK-014909,Track Occupied,2,68.1
TRN-01473,BLK-016501,Track Occupied,1,5.0
TRN-01474,BLK-003805,Track Occupied,3,77.1
TRN-01475,BLK-013935,Track Occupied,2,99.0
TRN-01476,BLK-013486,Track Occupied,2,76.8
TRN-01477,BLK-024880,Track Occupied,1,30.3
TRN-01478,BLK-014160,Track Occupied,3,62.1
TRN-01479,BLK-008668,Track Occupied,2,74.9
TRN-01480,BLK-023567,Track Occupied,2,67.6
TRN-01481,BLK-025639,Track Occupied,2,69.2
TRN-01482,BLK-024613,Track Occupied,3,69.1
TRN-01483,BLK-030687,Track Occupied,2,74.4
TRN-01484,BLK-032458,Track Occupied,3,67.1
TRN-01485,BLK-003805,Track Occupied,2,84.6
TRN-01486,BLK-002582,Track Occupied,3,85.0
TRN-01487,BLK-026277,Track Occupied,2,97.1
TRN-01488,BLK-008623,Track Occupied,2,65.7
TRN-01489,BLK-027411,Track Occupied,3,66.6
TRN-01490,BLK-021410,Track Occupied,3,86.9
TRN-01491,BLK-016160,Track Occupied,2,81.6
TRN-01492,BLK-014400,Track Occupied,3,67.6
TRN-01493,BLK-014340,Track Occupied,3,92.2
TRN-01494,BLK-014298,Track Occupied,2,60.9
TRN-01495,BLK-018502,Track Occupied,3,81.8
TRN-01495,BLK-018503,Track Occupied,3,81.8
TRN-01496,BLK-018159,Track Occupied,3,78.7
TRN-01497,BLK-020078,Track Occupied,1,30.0
TRN-01497,BLK-020079,Track Occupied,1,30.0
TRN-01498,BLK-030876,Track Occupied,3,55.3
TRN-01499,BLK-001018,Track Occupied,3,86.5
TRN-01500,BLK-000147,Track Occupied,3,66.1
TRN-01501,BLK-004018,Track Occupied,2,46.0
TRN-01502,BLK-025742,Track Occupied,3,72.1
TRN-01503,BLK-024909,Track Occupied,2,79.5
TRN-01504,BLK-008659,Track Occupied,2,72.4
TRN-01505,BLK-024454,Track Occupied,3,48.8
TRN-01505,BLK-024455,Track Occupied,3,48.8
TRN-01506,BLK-003960,Track Occupied,2,70.3
TRN-01507,BLK-002265,Track Occupied,2,88.1
TRN-01508,BLK-006484,Track Occupied,2,56.0
TRN-01509,BLK-016890,Track Occupied,2,48.1
TRN-01510,BLK-029277,Track Occupied,2,70.4
TRN-01511,BLK-001161,Track Occupied,1,14.5
TRN-01512,BLK-007963,Track Occupied,1,25.2
TRN-01513,BLK-006255,Track Occupied,2,57.0
TRN-01514,BLK-018976,Track Occupied,2,62.2
TRN-01515,BLK-006551,Track Occupied,2,84.0
TRN-01516,BLK-027419,Track Occupied,1,49.3
TRN-01517,BLK-027969,Track Occupied,1,5.0
TRN-01518,BLK-009955,Track Occupied,2,76.9
TRN-01519,BLK-025747,Track Occupied,3,75.4
TRN-01520,BLK-016342,Track Occupied,3,74.5
TRN-01521,BLK-009929,Track Occupied,1,13.5
TRN-01522,BLK-000935,Track Occupied,2,70.8
TRN-01523,BLK-029897,Track Occupied,3,52.4
TRN-01524,BLK-029217,Track Occupied,3,60.0
TRN-01525,BLK-013352,Track Occupied,3,77.5
TRN-01526,BLK-005563,Track Occupied,2,76.0
TRN-01527,BLK-014559,Track Occupied,2,99.0
TRN-01528,BLK-032716,Track Occupied,3,63.6
TRN-01529,BLK-016623,Track Occupied,3,65.3
TRN-01530,BLK-018533,Track Occupied,3,82.9
TRN-01531,BLK-027788,Track Occupied,2,65.2
TRN-01532,BLK-005383,Track Occupied,2,78.7
TRN-01533,BLK-011034,Track Occupied,1,35.0
TRN-01534,BLK-020940,Track Occupied,2,85.1
TRN-01535,BLK-018434,Track Occupied,2,66.7
TRN-01536,BLK-026460,Track Occupied,3,67.4
TRN-01537,BLK-007076,Track Occupied,2,40.4
TRN-01538,BLK-026275,Track Occupied,1,43.1
TRN-01539,BLK-001240,Track Occupied,3,39.7
TRN-01540,BLK-020854,Track Occupied,3,52.4
TRN-01541,BLK-027304,Track Occupied,3,99.0
TRN-01542,BLK-019459,Track Occupied,3,88.7
TRN-01543,BLK-032433,Track Occupied,2,87.3
TRN-01544,BLK-014377,Track Occupied,2,57.3
TRN-01545,BLK-000941,Track Occupied,3,84.9
TRN-01546,BLK-016308,Track Occupied,1,30.5
TRN-01547,BLK-003170,Track Occupied,3,85.9
TRN-01548,BLK-031822,Track Occupied,2,95.7
TRN-01548,BLK-031823,Track Occupied,2,95.7
TRN-01549,BLK-009171,Track Occupied,2,60.1
TRN-01550,BLK-014561,Track Occupied,3,61.0
TRN-01550,BLK-014562,Track Occupied,3,61.0
TRN-01551,BLK-019819,Track Occupied,2,85.7
TRN-01552,BLK-006574,Track Occupied,1,53.2
TRN-01552,BLK-006575,Track Occupied,1,53.2
TRN-01553,BLK-020728,Track Occupied,3,68.4
TRN-01554,BLK-017799,Track Occupied,3,70.0
TRN-01555,BLK-009230,Track Occupied,3,71.3
TRN-01556,BLK-007976,Track Occupied,1,37.0
TRN-01557,BLK-021364,Track Occupied,3,76.6
TRN-01558,BLK-016378,Track Occupied,3,87.7
TRN-01559,BLK-032912,Track Occupied,3,82.3
TRN-01560,BLK-029538,Track Occupied,2,59.9
TRN-01561,BLK-006570,Track Occupied,2,44.9
TRN-01562,BLK-015948,Track Occupied,3,99.0
TRN-01563,BLK-002854,Track Occupied,1,23.6
TRN-01564,BLK-010398,Track Occupied,3,99.0
TRN-01565,BLK-022252,Track Occupied,2,91.7
TRN-01566,BLK-024213,Track Occupied,3,58.7
TRN-01567,BLK-026237,Track Occupied,3,70.1
TRN-01568,BLK-005833,Track Occupied,3,48.4
TRN-01569,BLK-025624,Track Occupied,3,61.4
TRN-01570,BLK-020805,Track Occupied,2,85.2
TRN-01571,BLK-007666,Track Occupied,2,83.5
TRN-01572,BLK-029200,Track Occupied,3,75.8
TRN-01573,BLK-024647,Track Occupied,2,76.4
TRN-01574,BLK-003135,Track Occupied,2,75.2
TRN-01575,BLK-002348,Track Occupied,2,70.9
TRN-01576,BLK-012086,Track Occupied,2,94.7
TRN-01577,BLK-012094,Track Occupied,2,86.6
TRN-01578,BLK-015930,Track Occupied,1,20.0
TRN-01579,BLK-016444,Track Occupied,2,58.2
TRN-01580,BLK-014207,Track Occupied,3,69.5
TRN-01581,BLK-015148,Track Occupied,3,99.0
TRN-01582,BLK-018772,Track Occupied,1,27.5
TRN-01583,BLK-012025,Track Occupied,3,67.3
TRN-01584,BLK-002535,Track Occupied,2,65.2
TRN-01585,BLK-013504,Track Occupied,2,57.7
TRN-01586,BLK-000354,Track Occupied,1,23.8
TRN-01587,BLK-005542,Track Occupied,3,44.2
TRN-01588,BLK-028850,Track Occupied,3,84.6
TRN-01589,BLK-027260,Track Occupied,2,54.1
TRN-01590,BLK-007875,Track Occupied,2,79.8
TRN-01591,BLK-018912,Track Occupied,2,75.7
TRN-01592,BLK-028440,Track Occupied,3,83.8
TRN-01593,BLK-006384,Track Occupied,1,57.7
TRN-01594,BLK-008861,Track Occupied,2,83.5
TRN-01595,BLK-030194,Track Occupied,2,64.5
TRN-01596,BLK-026734,Track Occupied,3,44.6
TRN-01597,BLK-003127,Track Occupied,2,62.8
TRN-01598,BLK-005160,Track Occupied,3,62.0
TRN-01599,BLK-009621,Track Occupied,3,78.9
TRN-01599,BLK-009622,Track Occupied,3,78.9
TRN-01600,BLK-003392,Track Occupied,2,76.9
TRN-01601,BLK-009083,Track Occupied,2,81.9
TRN-01602,BLK-018308,Track Occupied,3,76.8
TRN-01603,BLK-024018,Track Occupied,1,31.1
TRN-01604,BLK-000430,Track Occupied,3,64.9
TRN-01605,BLK-028009,Track Occupied,3,80.2
TRN-01606,BLK-012316,Track Occupied,2,83.7
TRN-01607,BLK-004097,Track Occupied,2,78.0
TRN-01608,BLK-005954,Track Occupied,2,78.5
TRN-01609,BLK-010413,Track Occupied,3,71.9
TRN-01610,BLK-008105,Track Occupied,3,60.4
TRN-01611,BLK-019602,Track Occupied,2,68.1
TRN-01612,BLK-020449,Track Occupied,2,65.6
TRN-01613,BLK-031095,Track Occupied,1,27.1
TRN-01614,BLK-008353,Track Occupied,2,95.9
TRN-01614,BLK-008354,Track Occupied,2,95.9
TRN-01615,BLK-002614,Track Occupied,3,89.4
TRN-01615,BLK-002615,Track Occupied,3,89.4
TRN-01616,BLK-014573,Track Occupied,2,82.8
TRN-01617,BLK-016492,Track Occupied,1,53.7
TRN-01617,BLK-016493,Track Occupied,1,53.7
TRN-01618,BLK-021215,Track Occupied,2,50.3
TRN-01619,BLK-028837,Track Occupied,3,77.0
TRN-01620,BLK-028705,Track Occupied,3,54.3
TRN-01621,BLK-002333,Track Occupied,2,69.9
TRN-01622,BLK-007989,Track Occupied,2,76.8
TRN-01623,BLK-020357,Track Occupied,2,67.1
TRN-01624,BLK-016243,Track Occupied,1,34.9
TRN-01625,BLK-027715,Track Occupied,3,90.2
TRN-01626,BLK-030827,Track Occupied,3,49.8
TRN-01627,BLK-029061,Track Occupied,3,58.6
TRN-01628,BLK-013766,Track Occupied,2,84.4
TRN-01629,BLK-013153,Track Occupied,3,87.3
TRN-01630,BLK-027638,Track Occupied,2,67.1
TRN-01631,BLK-027789,Track Occupied,3,99.0
TRN-01632,BLK-029894,Track Occupied,3,81.2
TRN-01633,BLK-013828,Track Occupied,2,99.0
TRN-01634,BLK-004001,Track Occupied,2,91.9
TRN-01635,BLK-002532,Track Occupied,1,15.1
TRN-01636,BLK-024516,Track Occupied,2,72.6
TRN-01637,BLK-012647,Track Occupied,1,28.4
TRN-01638,BLK-021113,Track Occupied,3,76.2
TRN-01639,BLK-007155,Track Occupied,3,52.8
TRN-01640,BLK-014011,Track Occupied,3,76.9
TRN-01641,BLK-010054,Track Occupied,3,62.0
TRN-01642,BLK-012642,Track Occupied,2,68.8
TRN-01643,BLK-007434,Track Occupied,2,86.0
TRN-01644,BLK-009024,Track Occupied,3,47.1
TRN-01645,BLK-015560,Track Occupied,3,80.2
TRN-01646,BLK-027034,Track Occupied,3,49.8
TRN-01647,BLK-003295,Track Occupied,2,69.9
TRN-01648,BLK-003870,Track Occupied,2,71.6
TRN-01648,BLK-003871,Track Occupied,2,71.6
TRN-01649,BLK-014106,Track Occupied,1,50.1
TRN-01650,BLK-024173,Track Occupied,3,80.9
TRN-01651,BLK-008840,Track Occupied,3,45.5
TRN-01652,BLK-007451,Track Occupied,3,54.5
TRN-01653,BLK-009329,Track Occupied,2,76.3
TRN-01654,BLK-019969,Track Occupied,2,94.7
TRN-01654,BLK-019970,Track Occupied,2,94.7
TRN-01655,BLK-007804,Track Occupied,2,62.6
TRN-01656,BLK-031729,Track Occupied,2,55.0
TRN-01657,BLK-005333,Track Occupied,1,20.5
TRN-01658,BLK-002484,Track Occupied,3,73.2
TRN-01659,BLK-013329,Track Occupied,3,74.9
TRN-01659,BLK-013330,Track Occupied,3,74.9
TRN-01660,BLK-017669,Track Occupied,2,66.9
TRN-01661,BLK-015929,Track Occupied,3,81.4
TRN-01661,BLK-015930,Track Occupied,3,81.4
TRN-01662,BLK-007095,Track Occupied,2,51.1
TRN-01663,BLK-001504,Track Occupied,2,54.5
TRN-01664,BLK-016434,Track Occupied,3,66.0
TRN-01665,BLK-003064,Track Occupied,3,63.2
TRN-01666,BLK-005176,Track Occupied,2,69.4
TRN-01667,BLK-024192,Track Occupied,3,69.3
TRN-01668,BLK-007091,Track Occupied,3,69.2
TRN-01668,BLK-007092,Track Occupied,3,69.2
TRN-01669,BLK-025367,Track Occupied,3,59.8
TRN-01670,BLK-000652,Track Occupied,3,48.8
TRN-01671,BLK-013045,Track Occupied,2,64.6
TRN-01672,BLK-032560,Track Occupied,2,99.0
TRN-01672,BLK-032561,Track Occupied,2,99.0
TRN-01673,BLK-027079,Track Occupied,2,75.6
TRN-01674,BLK-031411,Track Occupied,3,84.7
TRN-01675,BLK-018462,Track Occupied,3,52.3
TRN-01675,BLK-018463,Track Occupied,3,52.3
TRN-01676,BLK-023576,Track Occupied,2,91.8
TRN-01677,BLK-033194,Track Occupied,3,81.4
TRN-01678,BLK-008275,Track Occupied,2,67.9
TRN-01679,BLK-029767,Track Occupied,3,66.6
TRN-01680,BLK-001983,Track Occupied,3,99.0
TRN-01681,BLK-020644,Track Occupied,2,67.4
TRN-01682,BLK-003722,Track Occupied,3,65.4
TRN-01683,BLK-025180,Track Occupied,3,65.1
TRN-01684,BLK-010436,Track Occupied,2,99.0
TRN-01684,BLK-010437,Track Occupied,2,99.0
TRN-01685,BLK-031719,Track Occupied,2,32.1
TRN-01686,BLK-015673,Track Occupied,1,36.5
TRN-01687,BLK-004692,Track Occupied,2,53.5
TRN-01688,BLK-014970,Track Occupied,2,94.1
TRN-01689,BLK-021765,Track Occupied,2,89.6
TRN-01690,BLK-006814,Track Occupied,3,63.3
TRN-01691,BLK-011072,Track Occupied,3,62.0
TRN-01692,BLK-026471,Track Occupied,2,57.4
TRN-01693,BLK-004695,Track Occupied,2,57.8
TRN-01694,BLK-030590,Track Occupied,3,69.2
TRN-01695,BLK-008586,Track Occupied,2,64.3
TRN-01696,BLK-012121,Track Occupied,2,99.0
TRN-01697,BLK-000892,Track Occupied,1,31.7
TRN-01698,BLK-001793,Track Occupied,2,39.2
TRN-01699,BLK-019796,Track Occupied,3,58.4
TRN-01700,BLK-003049,Track Occupied,1,36.6
TRN-01701,BLK-026574,Track Occupied,3,81.2
TRN-01702,BLK-020734,Track Occupied,3,74.8
TRN-01702,BLK-020735,Track Occupied,3,74.8
TRN-01703,BLK-028194,Track Occupied,3,69.8
TRN-01704,BLK-007777,Track Occupied,3,63.7
TRN-01705,BLK-028675,Track Occupied,3,36.4
TRN-01706,BLK-028206,Track Occupied,3,76.8
TRN-01707,BLK-026959,Track Occupied,1,31.5
TRN-01708,BLK-017295,Track Occupied,2,48.8
TRN-01709,BLK-028675,Track Occupied,2,99.0
TRN-01710,BLK-003464,Track Occupied,2,59.9
TRN-01711,BLK-017046,Track Occupied,2,82.2
TRN-01712,BLK-025621,Track Occupied,3,66.5
TRN-01713,BLK-022769,Track Occupied,3,85.7
TRN-01714,BLK-015723,Track Occupied,2,68.1
TRN-01715,BLK-016351,Track Occupied,1,70.4
TRN-01716,BLK-019551,Track Occupied,2,82.9
TRN-01717,BLK-010891,Track Occupied,3,82.4
TRN-01718,BLK-003202,Track Occupied,3,99.0
TRN-01719,BLK-032403,Track Occupied,3,73.7
TRN-01720,BLK-032454,Track Occupied,1,40.8
TRN-01721,BLK-005665,Track Occupied,3,52.6
TRN-01722,BLK-006836,Track Occupied,2,73.7
TRN-01722,BLK-006837,Track Occupied,2,73.7
TRN-01723,BLK-004674,Track Occupied,3,73.8
TRN-01724,BLK-007797,Track Occupied,2,82.2
TRN-01725,BLK-003708,Track Occupied,2,69.5
TRN-01726,BLK-017867,Track Occupied,2,69.4
TRN-01726,BLK-017868,Track Occupied,2,69.4
TRN-01727,BLK-026958,Track Occupied,1,23.5
TRN-01728,BLK-024196,Track Occupied,3,60.4
TRN-01729,BLK-022567,Track Occupied,2,57.8
TRN-01729,BLK-022568,Track Occupied,2,57.8
TRN-01730,BLK-013352,Track Occupied,2,36.3
TRN-01731,BLK-012054,Track Occupied,3,99.0
TRN-01732,BLK-007579,Track Occupied,1,45.4
TRN-01733,BLK-018852,Track Occupied,3,54.7
TRN-01734,BLK-033588,Track Occupied,1,42.2
TRN-01735,BLK-014467,Track Occupied,2,48.4
TRN-01736,BLK-010644,Track Occupied,3,48.1
TRN-01737,BLK-006331,Track Occupied,3,95.6
TRN-01738,BLK-011657,Track Occupied,2,57.9
TRN-01738,BLK-011658,Track Occupied,2,57.9
TRN-01739,BLK-002589,Track Occupied,3,99.0
TRN-01740,BLK-003911,Track Occupied,3,60.1
TRN-01741,BLK-003747,Track Occupied,3,44.9
TRN-01742,BLK-020192,Track Occupied,1,40.3
TRN-01743,BLK-012054,Track Occupied,3,63.9
TRN-01744,BLK-022508,Track Occupied,1,37.2
TRN-01745,BLK-032658,Track Occupied,3,87.0
TRN-01746,BLK-033577,Track Occupied,2,71.4
TRN-01747,BLK-024908,Track Occupied,2,99.0
TRN-01748,BLK-004533,Track Occupied,3,87.6
TRN-01749,BLK-017364,Track Occupied,2,66.3
TRN-01750,BLK-017815,Track Occupied,3,76.2
TRN-01751,BLK-024914,Track Occupied,2,99.0
TRN-01752,BLK-001642,Track Occupied,1,37.5
TRN-01753,BLK-007374,Track Occupied,3,83.8
TRN-01754,BLK-026710,Track Occupied,1,26.4
TRN-01755,BLK-019780,Track Occupied,2,68.9
TRN-01756,BLK-032209,Track Occupied,3,66.8
TRN-01757,BLK-013449,Track Occupied,2,54.9
TRN-01758,BLK-018943,Track Occupied,2,78.9
TRN-01759,BLK-001857,Track Occupied,3,85.8
TRN-01760,BLK-022724,Track Occupied,2,97.7
TRN-01760,BLK-022725,Track Occupied,2,97.7
TRN-01761,BLK-009178,Track Occupied,2,81.2
TRN-01762,BLK-028493,Track Occupied,1,32.0
TRN-01763,BLK-025186,Track Occupied,2,79.2
TRN-01764,BLK-031651,Track Occupied,1,68.6
TRN-01765,BLK-020843,Track Occupied,2,87.0
TRN-01766,BLK-001513,Track Occupied,3,74.5
TRN-01767,BLK-020134,Track Occupied,3,80.5
TRN-01768,BLK-016971,Track Occupied,2,54.2
TRN-01769,BLK-024544,Track Occupied,1,53.0
TRN-01770,BLK-033038,Track Occupied,3,87.5
TRN-01771,BLK-024987,Track Occupied,2,91.6
TRN-01772,BLK-001062,Track Occupied,1,23.4
TRN-01772,BLK-001063,Track Occupied,1,23.4
TRN-01773,BLK-028517,Track Occupied,3,88.8
TRN-01774,BLK-019490,Track Occupied,1,48.9
TRN-01775,BLK-017856,Track Occupied,1,55.1
TRN-01776,BLK-016628,Track Occupied,3,90.8
TRN-01776,BLK-016629,Track Occupied,3,90.8
TRN-01777,BLK-005348,Track Occupied,1,6.7
TRN-01778,BLK-010917,Track Occupied,2,93.9
TRN-01779,BLK-028434,Track Occupied,2,81.6
TRN-01780,BLK-019511,Track Occupied,2,46.1
TRN-01780,BLK-019512,Track Occupied,2,46.1
TRN-01781,BLK-010472,Track Occupied,2,72.0
TRN-01782,BLK-025802,Track Occupied,1,39.4
TRN-01783,BLK-016271,Track Occupied,2,86.1
TRN-01784,BLK-001596,Track Occupied,3,53.8
TRN-01785,BLK-025464,Track Occupied,2,88.0
TRN-01786,BLK-012297,Track Occupied,1,8.7
TRN-01787,BLK-009114,Track Occupied,2,90.7
TRN-01788,BLK-008269,Track Occupied,2,77.7
TRN-01789,BLK-027696,Track Occupied,2,53.7
TRN-01790,BLK-005888,Track Occupied,3,77.6
TRN-01791,BLK-028818,Track Occupied,1,41.6
TRN-01792,BLK-021455,Track Occupied,2,82.4
TRN-01793,BLK-003467,Track Occupied,3,43.4
TRN-01794,BLK-026105,Track Occupied,3,72.6
TRN-01795,BLK-020953,Track Occupied,3,99.0
TRN-01796,BLK-005279,Track Occupied,3,74.1
TRN-01797,BLK-012024,Track Occupied,2,51.4
TRN-01798,BLK-016499,Track Occupied,1,23.2
TRN-01799,BLK-002215,Track Occupied,2,87.8
TRN-01800,BLK-022856,Track Occupied,1,31.1
TRN-01801,BLK-030840,Track Occupied,2,69.0
TRN-01802,BLK-006969,Track Occupied,1,41.5
TRN-01803,BLK-003090,Track Occupied,2,77.1
TRN-01804,BLK-018118,Track Occupied,3,67.2
TRN-01804,BLK-018119,Track Occupied,3,67.2
TRN-01805,BLK-025356,Track Occupied,1,59.9
TRN-01806,BLK-020665,Track Occupied,2,73.0
TRN-01807,BLK-016335,Track Occupied,2,90.4
TRN-01808,BLK-016818,Track Occupied,2,78.5
TRN-01809,BLK-009123,Track Occupied,3,85.6
TRN-01810,BLK-014814,Track Occupied,2,85.8
TRN-01811,BLK-027415,Track Occupied,2,59.8
TRN-01812,BLK-012557,Track Occupied,2,96.2
TRN-01813,BLK-005462,Track Occupied,2,63.2
TRN-01814,BLK-003570,Track Occupied,3,78.9
TRN-01815,BLK-017606,Track Occupied,2,91.1
TRN-01816,BLK-008175,Track Occupied,1,35.0
TRN-01816,BLK-008176,Track Occupied,1,35.0
TRN-01817,BLK-019852,Track Occupied,2,51.9
TRN-01818,BLK-019632,Track Occupied,2,51.8
TRN-01819,BLK-025157,Track Occupied,3,88.8
TRN-01820,BLK-025089,Track Occupied,2,89.0
TRN-01821,BLK-009036,Track Occupied,3,79.3
TRN-01822,BLK-003934,Track Occupied,2,77.0
TRN-01823,BLK-030873,Track Occupied,2,96.0
TRN-01824,BLK-033512,Track Occupied,1,52.7
TRN-01825,BLK-021156,Track Occupied,3,99.0
TRN-01826,BLK-028447,Track Occupied,3,49.3
TRN-01827,BLK-032301,Track Occupied,2,64.9
TRN-01828,BLK-031402,Track Occupied,3,70.0
TRN-01829,BLK-032118,Track Occupied,3,80.8
TRN-01830,BLK-006260,Track Occupied,1,32.5
TRN-01831,BLK-026941,Track Occupied,2,89.5
TRN-01832,BLK-000787,Track Occupied,1,47.5
TRN-01833,BLK-002757,Track Occupied,2,64.6
TRN-01834,BLK-009206,Track Occupied,2,77.6
TRN-01835,BLK-029709,Track Occupied,3,58.0
TRN-01836,BLK-014551,Track Occupied,3,96.0
TRN-01837,BLK-020942,Track Occupied,1,48.1
TRN-01838,BLK-019805,Track Occupied,1,40.3
TRN-01839,BLK-026729,Track Occupied,3,63.9
TRN-01840,BLK-023624,Track Occupied,3,81.5
TRN-01841,BLK-002153,Track Occupied,1,17.6
TRN-01842,BLK-025937,Track Occupied,2,63.2
TRN-01842,BLK-025938,Track Occupied,2,63.2
TRN-01843,BLK-014991,Track Occupied,2,57.7
TRN-01844,BLK-004780,Track Occupied,2,96.9
TRN-01844,BLK-004781,Track Occupied,2,96.9
TRN-01845,BLK-005221,Track Occupied,3,55.5
TRN-01846,BLK-017302,Track Occupied,2,77.2
TRN-01847,BLK-007090,Track Occupied,2,63.6
TRN-01848,BLK-005636,Track Occupied,2,77.0
TRN-01849,BLK-012603,Track Occupied,2,87.3
TRN-01850,BLK-019804,Track Occupied,2,82.2
TRN-01851,BLK-029026,Track Occupied,3,97.0
TRN-01852,BLK-025893,Track Occupied,1,13.0
TRN-01853,BLK-003567,Track Occupied,3,70.1
TRN-01854,BLK-025590,Track Occupied,1,30.5
TRN-01855,BLK-011969,Track Occupied,2,99.0
TRN-01856,BLK-020603,Track Occupied,2,34.7
TRN-01857,BLK-008944,Track Occupied,1,71.6
TRN-01858,BLK-009772,Track Occupied,2,82.3
TRN-01859,BLK-009276,Track Occupied,2,89.8
TRN-01860,BLK-030681,Track Occupied,3,84.8
TRN-01861,BLK-017109,Track Occupied,2,75.1
TRN-01861,BLK-017110,Track Occupied,2,75.1
TRN-01862,BLK-008692,Track Occupied,2,82.0
TRN-01863,BLK-028623,Track Occupied,3,71.0
TRN-01864,BLK-030111,Track Occupied,3,88.5
TRN-01865,BLK-027302,Track Occupied,2,87.6
TRN-01866,BLK-014747,Track Occupied,3,87.9
TRN-01867,BLK-017266,Track Occupied,2,69.8
TRN-01868,BLK-019808,Track Occupied,3,71.8
TRN-01869,BLK-029925,Track Occupied,3,99.0
TRN-01870,BLK-030955,Track Occupied,3,57.4
TRN-01871,BLK-005103,Track Occupied,3,99.0
TRN-01872,BLK-021425,Track Occupied,1,30.5
TRN-01873,BLK-018452,Track Occupied,2,74.7
TRN-01874,BLK-001204,Track Occupied,3,81.5
TRN-01875,BLK-008575,Track Occupied,1,21.1
TRN-01876,BLK-030591,Track Occupied,3,68.5
TRN-01877,BLK-007700,Track Occupied,2,99.0
TRN-01878,BLK-021495,Track Occupied,2,77.7
TRN-01879,BLK-004083,Track Occupied,2,61.0
TRN-01880,BLK-023122,Track Occupied,3,68.5
TRN-01881,BLK-003573,Track Occupied,3,64.5
TRN-01882,BLK-003232,Track Occupied,1,24.6
TRN-01883,BLK-000101,Track Occupied,3,83.4
TRN-01884,BLK-006865,Track Occupied,3,78.8
TRN-01885,BLK-029708,Track Occupied,2,61.8
TRN-01886,BLK-011401,Track Occupied,2,62.5
TRN-01887,BLK-030868,Track Occupied,3,62.2
TRN-01888,BLK-032423,Track Occupied,3,65.3
TRN-01889,BLK-030603,Track Occupied,3,70.1
TRN-01890,BLK-030335,Track Occupied,2,70.2
TRN-01890,BLK-030336,Track Occupied,2,70.2
TRN-01891,BLK-025409,Track Occupied,3,87.7
TRN-01892,BLK-001562,Track Occupied,1,31.6
TRN-01893,BLK-002005,Track Occupied,2,62.6
TRN-01894,BLK-016302,Track Occupied,3,92.1
TRN-01895,BLK-005186,Track Occupied,3,54.0
TRN-01896,BLK-029029,Track Occupied,2,82.1
TRN-01897,BLK-004176,Track Occupied,2,72.9
TRN-01898,BLK-001025,Track Occupied,2,82.3
TRN-01899,BLK-033169,Track Occupied,2,39.9
TRN-01900,BLK-033208,Track Occupied,3,43.4
TRN-01901,BLK-027497,Track Occupied,1,37.5
TRN-01902,BLK-019132,Track Occupied,2,68.3
TRN-01903,BLK-010206,Track Occupied,2,89.5
TRN-01904,BLK-030200,Track Occupied,3,61.0
TRN-01905,BLK-010842,Track Occupied,3,61.7
TRN-01906,BLK-005237,Track Occupied,3,75.2
TRN-01907,BLK-006593,Track Occupied,3,83.7
TRN-01908,BLK-025755,Track Occupied,2,53.2
TRN-01909,BLK-030517,Track Occupied,1,49.0
TRN-01910,BLK-006966,Track Occupied,2,44.8
TRN-01911,BLK-011148,Track Occupied,3,65.7
TRN-01912,BLK-021822,Track Occupied,2,96.4
TRN-01913,BLK-031118,Track Occupied,2,64.8
TRN-01914,BLK-014362,Track Occupied,3,53.6
TRN-01915,BLK-028736,Track Occupied,3,72.3
TRN-01916,BLK-026412,Track Occupied,2,70.5
TRN-01917,BLK-004170,Track Occupied,2,69.9
TRN-01918,BLK-016942,Track Occupied,2,76.0
TRN-01919,BLK-030252,Track Occupied,2,67.1
TRN-01920,BLK-008852,Track Occupied,2,99.0
TRN-01921,BLK-018490,Track Occupied,3,99.0
TRN-01922,BLK-023613,Track Occupied,2,67.3
TRN-01923,BLK-003110,Track Occupied,2,84.8
TRN-01924,BLK-012982,Track Occupied,2,60.4
TRN-01925,BLK-012762,Track Occupied,1,25.8
TRN-01926,BLK-024598,Track Occupied,3,62.4
TRN-01927,BLK-008515,Track Occupied,2,90.2
TRN-01928,BLK-022071,Track Occupied,3,63.3
TRN-01929,BLK-015673,Track Occupied,2,53.7
TRN-01930,BLK-000245,Track Occupied,3,56.3
TRN-01931,BLK-005070,Track Occupied,2,87.4
TRN-01932,BLK-017281,Track Occupied,3,99.0
TRN-01933,BLK-007642,Track Occupied,2,73.8
TRN-01934,BLK-003602,Track Occupied,2,72.6
TRN-01935,BLK-018586,Track Occupied,2,67.6
TRN-01936,BLK-017112,Track Occupied,1,46.0
TRN-01937,BLK-025706,Track Occupied,3,65.4
TRN-01938,BLK-002358,Track Occupied,2,84.2
TRN-01939,BLK-024053,Track Occupied,2,86.1
TRN-01940,BLK-004466,Track Occupied,3,81.4
TRN-01941,BLK-027499,Track Occupied,2,59.9
TRN-01941,BLK-027500,Track Occupied,2,59.9
TRN-01942,BLK-001361,Track Occupied,2,74.7
TRN-01942,BLK-001362,Track Occupied,2,74.7
TRN-01943,BLK-010154,Track Occupied,2,81.7
TRN-01944,BLK-018599,Track Occupied,3,99.0
TRN-01945,BLK-023014,Track Occupied,2,46.9
TRN-01946,BLK-000555,Track Occupied,3,78.8
TRN-01947,BLK-018998,Track Occupied,2,77.8
TRN-01948,BLK-026044,Track Occupied,2,38.2
TRN-01949,BLK-002505,Track Occupied,3,64.2
TRN-01950,BLK-017704,Track Occupied,2,65.0
TRN-01951,BLK-010839,Track Occupied,2,80.7
TRN-01952,BLK-027983,Track Occupied,3,52.1
TRN-01953,BLK-015019,Track Occupied,3,77.4
TRN-01954,BLK-017223,Track Occupied,2,53.1
TRN-01955,BLK-010668,Track Occupied,3,48.6
TRN-01956,BLK-012808,Track Occupied,2,75.6
TRN-01957,BLK-024489,Track Occupied,2,77.3
TRN-01958,BLK-000537,Track Occupied,1,52.1
TRN-01959,BLK-027375,Track Occupied,3,46.6
TRN-01960,BLK-020445,Track Occupied,1,39.8
TRN-01961,BLK-016121,Track Occupied,3,85.9
TRN-01962,BLK-021741,Track Occupied,2,76.5
TRN-01963,BLK-021964,Track Occupied,2,64.7
TRN-01964,BLK-021555,Track Occupied,3,81.3
TRN-01965,BLK-014167,Track Occupied,2,78.2
TRN-01966,BLK-015010,Track Occupied,2,79.3
TRN-01967,BLK-020797,Track Occupied,2,87.4
TRN-01968,BLK-016383,Track Occupied,3,92.2
TRN-01969,BLK-030885,Track Occupied,1,17.5
TRN-01970,BLK-001509,Track Occupied,1,77.3
TRN-01971,BLK-022218,Track Occupied,2,80.7
TRN-01972,BLK-010006,Track Occupied,2,49.9
TRN-01973,BLK-011446,Track Occupied,3,55.3
TRN-01974,BLK-020206,Track Occupied,3,99.0
TRN-01975,BLK-021613,Track Occupied,2,70.1
TRN-01976,BLK-016063,Track Occupied,3,57.0
TRN-01977,BLK-020657,Track Occupied,2,74.2
TRN-01978,BLK-030359,Track Occupied,1,59.4
TRN-01979,BLK-019772,Track Occupied,2,66.1
TRN-01980,BLK-033490,Track Occupied,3,52.7
TRN-01981,BLK-015275,Track Occupied,3,92.8
TRN-01982,BLK-026489,Track Occupied,3,78.8
TRN-01983,BLK-005036,Track Occupied,2,56.8
TRN-01984,BLK-000221,Track Occupied,3,94.1
TRN-01984,BLK-000222,Track Occupied,3,94.1
TRN-01985,BLK-011576,Track Occupied,1,29.5
TRN-01986,BLK-015524,Track Occupied,2,61.2
TRN-01987,BLK-000554,Track Occupied,2,70.5
TRN-01988,BLK-019463,Track Occupied,3,63.5
TRN-01989,BLK-022484,Track Occupied,1,19.8
TRN-01990,BLK-024491,Track Occupied,3,56.0
TRN-01991,BLK-006710,Track Occupied,1,32.9
TRN-01992,BLK-021879,Track Occupied,3,61.1
TRN-01993,BLK-013753,Track Occupied,3,90.6
TRN-01994,BLK-032453,Track Occupied,3,88.0
TRN-01995,BLK-025850,Track Occupied,3,61.4
TRN-01996,BLK-026984,Track Occupied,2,56.5
TRN-01997,BLK-029133,Track Occupied,3,87.7
TRN-01998,BLK-017794,Track Occupied,1,33.4
TRN-01999,BLK-008279,Track Occupied,3,83.9
TRN-02000,BLK-011652,Track Occupied,3,54.6
TRN-02001,BLK-007971,Track Occupied,3,59.4
TRN-02002,BLK-017466,Track Occupied,3,68.5
TRN-02003,BLK-025417,Track Occupied,1,35.3
TRN-02004,BLK-030899,Track Occupied,2,73.8
TRN-02005,BLK-006422,Track Occupied,1,25.0
TRN-02006,BLK-014659,Track Occupied,3,72.8
TRN-02007,BLK-011754,Track Occupied,3,83.8
TRN-02008,BLK-019063,Track Occupied,3,96.4
TRN-02009,BLK-023104,Track Occupied,3,70.8
TRN-02010,BLK-026868,Track Occupied,2,81.4
TRN-02011,BLK-004193,Track Occupied,3,62.7
TRN-02012,BLK-016033,Track Occupied,2,67.8
TRN-02013,BLK-027632,Track Occupied,3,60.2
TRN-02014,BLK-028344,Track Occupied,1,39.1
TRN-02015,BLK-006925,Track Occupied,1,36.2
TRN-02016,BLK-020922,Track Occupied,2,71.0
TRN-02017,BLK-029946,Track Occupied,3,58.3
TRN-02018,BLK-030219,Track Occupied,1,33.4
TRN-02019,BLK-013035,Track Occupied,3,77.4
TRN-02020,BLK-023626,Track Occupied,1,27.8
TRN-02021,BLK-000716,Track Occupied,2,87.8
TRN-02022,BLK-007811,Track Occupied,2,79.3
TRN-02023,BLK-018287,Track Occupied,2,79.7
TRN-02023,BLK-018288,Track Occupied,2,79.7
TRN-02024,BLK-033018,Track Occupied,3,99.0
TRN-02025,BLK-026493,Track Occupied,3,69.6
TRN-02026,BLK-003694,Track Occupied,1,49.7
TRN-02027,BLK-032521,Track Occupied,3,71.2
TRN-02028,BLK-013108,Track Occupied,3,85.6
TRN-02029,BLK-020249,Track Occupied,3,77.4
TRN-02030,BLK-005994,Track Occupied,1,39.6
TRN-02031,BLK-016392,Track Occupied,3,54.8
TRN-02032,BLK-029498,Track Occupied,3,73.7
TRN-02033,BLK-030809,Track Occupied,2,61.4
TRN-02034,BLK-018927,Track Occupied,1,23.3
TRN-02035,BLK-032597,Track Occupied,3,52.8
TRN-02036,BLK-002927,Track Occupied,2,99.0
TRN-02037,BLK-021894,Track Occupied,2,70.8
TRN-02038,BLK-022571,Track Occupied,3,44.3
TRN-02039,BLK-010019,Track Occupied,2,89.7
TRN-02040,BLK-021878,Track Occupied,2,85.4
TRN-02041,BLK-032218,Track Occupied,2,63.5
TRN-02042,BLK-023877,Track Occupied,3,62.6
TRN-02043,BLK-004383,Track Occupied,3,85.4
TRN-02044,BLK-015024,Track Occupied,1,27.1
TRN-02045,BLK-015609,Track Occupied,2,62.1
TRN-02046,BLK-006053,Track Occupied,3,91.6
TRN-02047,BLK-018955,Track Occupied,2,60.1
TRN-02048,BLK-000583,Track Occupied,3,91.1
TRN-02049,BLK-019440,Track Occupied,3,83.5
TRN-02050,BLK-012050,Track Occupied,2,78.4
TRN-02051,BLK-020064,Track Occupied,3,75.2
TRN-02052,BLK-008546,Track Occupied,2,92.5
TRN-02053,BLK-024107,Track Occupied,3,73.6
TRN-02054,BLK-015087,Track Occupied,1,62.6
TRN-02055,BLK-016129,Track Occupied,1,43.6
TRN-02056,BLK-026825,Track Occupied,2,76.4
TRN-02057,BLK-012126,Track Occupied,2,64.4
TRN-02058,BLK-031041,Track Occupied,2,81.9
TRN-02059,BLK-031544,Track Occupied,1,55.5
TRN-02060,BLK-009018,Track Occupied,2,63.3
TRN-02061,BLK-031191,Track Occupied,2,88.2
TRN-02062,BLK-022610,Track Occupied,1,34.5
TRN-02063,BLK-033448,Track Occupied,3,88.4
TRN-02064,BLK-006921,Track Occupied,1,30.7
TRN-02065,BLK-022541,Track Occupied,3,37.1
TRN-02066,BLK-018728,Track Occupied,1,16.6
TRN-02066,BLK-018729,Track Occupied,1,16.6
TRN-02067,BLK-025339,Track Occupied,3,99.0
TRN-02068,BLK-006116,Track Occupied,1,29.7
TRN-02068,BLK-006117,Track Occupied,1,29.7
TRN-02069,BLK-004594,Track Occupied,2,99.0
TRN-02070,BLK-001735,Track Occupied,1,52.1
TRN-02071,BLK-011311,Track Occupied,3,64.4
TRN-02072,BLK-031056,Track Occupied,3,99.0
TRN-02073,BLK-005566,Track Occupied,2,56.0
TRN-02074,BLK-005122,Track Occupied,2,35.5
TRN-02075,BLK-018743,Track Occupied,2,67.6
TRN-02076,BLK-020466,Track Occupied,2,71.9
TRN-02076,BLK-020467,Track Occupied,2,71.9
TRN-02077,BLK-025037,Track Occupied,2,71.3
TRN-02078,BLK-021282,Track Occupied,2,64.1
TRN-02079,BLK-021091,Track Occupied,3,79.6
TRN-02080,BLK-006570,Track Occupied,3,73.8
TRN-02081,BLK-013074,Track Occupied,1,52.7
TRN-02082,BLK-031057,Track Occupied,2,73.5
TRN-02083,BLK-006595,Track Occupied,3,71.3
TRN-02084,BLK-024417,Track Occupied,2,42.3
TRN-02084,BLK-024418,Track Occupied,2,42.3
TRN-02085,BLK-016068,Track Occupied,3,46.8
TRN-02086,BLK-010822,Track Occupied,1,42.7
TRN-02087,BLK-004420,Track Occupied,1,39.8
TRN-02088,BLK-013569,Track Occupied,2,69.2
TRN-02089,BLK-010016,Track Occupied,3,69.9
TRN-02090,BLK-009769,Track Occupied,2,69.9
TRN-02091,BLK-033246,Track Occupied,1,29.4
TRN-02092,BLK-024211,Track Occupied,2,75.0
TRN-02093,BLK-025692,Track Occupied,2,99.0
TRN-02094,BLK-023433,Track Occupied,3,99.0
TRN-02095,BLK-011768,Track Occupied,2,99.0
TRN-02096,BLK-015432,Track Occupied,3,63.1
TRN-02097,BLK-029980,Track Occupied,3,65.6
TRN-02098,BLK-012103,Track Occupied,2,99.0
TRN-02099,BLK-027271,Track Occupied,1,30.8
TRN-02100,BLK-007986,Track Occupied,1,32.5
TRN-02101,BLK-017330,Track Occupied,3,88.0
TRN-02102,BLK-004103,Track Occupied,3,71.4
TRN-02103,BLK-003347,Track Occupied,2,70.6
TRN-02104,BLK-018710,Track Occupied,2,83.3
TRN-02105,BLK-020936,Track Occupied,3,66.4
TRN-02106,BLK-001903,Track Occupied,1,20.9
TRN-02107,BLK-010053,Track Occupied,2,59.4
TRN-02108,BLK-006407,Track Occupied,2,99.0
TRN-02108,BLK-006408,Track Occupied,2,99.0
TRN-02109,BLK-016189,Track Occupied,2,85.7
TRN-02110,BLK-003807,Track Occupied,2,76.6
TRN-02111,BLK-033137,Track Occupied,2,89.6
TRN-02112,BLK-006039,Track Occupied,2,64.1
TRN-02112,BLK-006040,Track Occupied,2,64.1
TRN-02113,BLK-011669,Track Occupied,3,74.1
TRN-02114,BLK-002154,Track Occupied,3,99.0
TRN-02115,BLK-031770,Track Occupied,2,66.7
TRN-02116,BLK-005356,Track Occupied,1,28.6
TRN-02116,BLK-005357,Track Occupied,1,28.6
TRN-02117,BLK-014032,Track Occupied,2,62.0
TRN-02118,BLK-003037,Track Occupied,1,46.9
TRN-02119,BLK-013879,Track Occupied,3,92.7
TRN-02120,BLK-014277,Track Occupied,2,74.6
TRN-02120,BLK-014278,Track Occupied,2,74.6
TRN-02121,BLK-031047,Track Occupied,2,55.3
TRN-02122,BLK-031912,Track Occupied,3,35.0
TRN-02123,BLK-031074,Track Occupied,2,76.4
TRN-02124,BLK-024308,Track Occupied,2,86.3
TRN-02125,BLK-005385,Track Occupied,2,93.4
TRN-02126,BLK-015297,Track Occupied,2,65.0
TRN-02127,BLK-015465,Track Occupied,1,45.1
TRN-02128,BLK-014502,Track Occupied,2,67.9
TRN-02129,BLK-014949,Track Occupied,2,64.3
TRN-02130,BLK-019794,Track Occupied,1,27.8
TRN-02131,BLK-006532,Track Occupied,2,99.0
TRN-02132,BLK-000435,Track Occupied,2,77.1
TRN-02133,BLK-008129,Track Occupied,2,79.2
TRN-02134,BLK-020151,Track Occupied,2,92.6
TRN-02135,BLK-026705,Track Occupied,3,73.8
TRN-02136,BLK-000387,Track Occupied,2,99.0
TRN-02136,BLK-000388,Track Occupied,2,99.0
TRN-02137,BLK-018441,Track Occupied,2,68.9
TRN-02138,BLK-023748,Track Occupied,1,35.5
TRN-02139,BLK-002151,Track Occupied,2,62.4
TRN-02140,BLK-020518,Track Occupied,3,67.3
TRN-02141,BLK-001143,Track Occupied,3,77.3
TRN-02142,BLK-015603,Track Occupied,3,69.5
TRN-02143,BLK-007028,Track Occupied,3,67.7
TRN-02144,BLK-000818,Track Occupied,1,53.7
TRN-02145,BLK-026037,Track Occupied,3,95.0
TRN-02146,BLK-024920,Track Occupied,3,53.4
TRN-02147,BLK-012752,Track Occupied,2,66.2
TRN-02148,BLK-000038,Track Occupied,1,53.5
TRN-02149,BLK-029400,Track Occupied,3,55.9
TRN-02150,BLK-032238,Track Occupied,3,66.4
TRN-02151,BLK-025308,Track Occupied,3,78.3
TRN-02152,BLK-012916,Track Occupied,1,37.5
TRN-02153,BLK-012397,Track Occupied,3,56.1
TRN-02154,BLK-027019,Track Occupied,2,45.1
TRN-02155,BLK-019180,Track Occupied,1,27.6
TRN-02156,BLK-009862,Track Occupied,3,72.5
TRN-02157,BLK-013278,Track Occupied,2,68.2
TRN-02158,BLK-011920,Track Occupied,2,84.6
TRN-02159,BLK-020956,Track Occupied,3,70.5
TRN-02160,BLK-022084,Track Occupied,3,75.3
TRN-02161,BLK-026428,Track Occupied,1,35.0
TRN-02162,BLK-031422,Track Occupied,2,82.6
TRN-02163,BLK-020156,Track Occupied,1,34.5
TRN-02164,BLK-031802,Track Occupied,1,53.6
TRN-02165,BLK-010175,Track Occupied,3,69.3
TRN-02166,BLK-022283,Track Occupied,2,76.3
TRN-02167,BLK-007295,Track Occupied,3,68.2
TRN-02168,BLK-026977,Track Occupied,3,79.4
TRN-02169,BLK-032318,Track Occupied,3,54.7
TRN-02170,BLK-005818,Track Occupied,3,76.8
TRN-02171,BLK-014590,Track Occupied,3,94.8
TRN-02172,BLK-028139,Track Occupied,1,44.1
TRN-02173,BLK-025524,Track Occupied,2,99.0
TRN-02174,BLK-028104,Track Occupied,3,71.8
TRN-02175,BLK-017011,Track Occupied,1,41.5
TRN-02175,BLK-017012,Track Occupied,1,41.5
TRN-02176,BLK-022644,Track Occupied,2,68.2
TRN-02177,BLK-029249,Track Occupied,2,99.0
TRN-02178,BLK-024228,Track Occupied,2,61.9
TRN-02179,BLK-017156,Track Occupied,3,60.3
TRN-02180,BLK-020826,Track Occupied,3,85.1
TRN-02181,BLK-007404,Track Occupied,3,55.7
TRN-02182,BLK-014827,Track Occupied,3,94.1
TRN-02183,BLK-003297,Track Occupied,2,58.2
TRN-02183,BLK-003298,Track Occupied,2,58.2
TRN-02184,BLK-030625,Track Occupied,2,99.0
TRN-02185,BLK-020927,Track Occupied,3,72.5
TRN-02186,BLK-006400,Track Occupied,2,80.4
TRN-02186,BLK-006401,Track Occupied,2,80.4
TRN-02187,BLK-003646,Track Occupied,3,94.7
TRN-02188,BLK-004886,Track Occupied,3,72.2
TRN-02189,BLK-024869,Track Occupied,3,75.5
TRN-02190,BLK-019225,Track Occupied,3,74.3
TRN-02191,BLK-011381,Track Occupied,3,36.4
TRN-02192,BLK-010895,Track Occupied,2,94.0
TRN-02193,BLK-022516,Track Occupied,2,84.8
TRN-02194,BLK-011635,Track Occupied,3,73.4
TRN-02195,BLK-016496,Track Occupied,3,67.1
TRN-02196,BLK-003536,Track Occupied,1,37.6
TRN-02197,BLK-015140,Track Occupied,1,56.5
TRN-02198,BLK-019180,Track Occupied,3,79.2
TRN-02199,BLK-018393,Track Occupied,1,52.5
TRN-02199,BLK-018394,Track Occupied,1,52.5
TRN-02200,BLK-007863,Track Occupied,3,55.2
TRN-02201,BLK-012175,Track Occupied,3,71.3
TRN-02202,BLK-015940,Track Occupied,2,82.8
TRN-02203,BLK-028108,Track Occupied,2,91.3
TRN-02204,BLK-031037,Track Occupied,1,51.7
TRN-02205,BLK-013565,Track Occupied,2,78.0
TRN-02206,BLK-028830,Track Occupied,3,89.8
TRN-02206,BLK-028831,Track Occupied,3,89.8
TRN-02207,BLK-007975,Track Occupied,3,72.2
TRN-02208,BLK-014755,Track Occupied,2,90.9
TRN-02209,BLK-028257,Track Occupied,2,57.4
TRN-02210,BLK-007920,Track Occupied,3,69.2
TRN-02211,BLK-011173,Track Occupied,1,68.4
TRN-02212,BLK-001721,Track Occupied,2,81.7
TRN-02213,BLK-015625,Track Occupied,1,38.4
TRN-02214,BLK-030559,Track Occupied,3,45.8
TRN-02215,BLK-000485,Track Occupied,2,88.8
TRN-02216,BLK-004336,Track Occupied,3,66.1
TRN-02217,BLK-018239,Track Occupied,3,87.9
TRN-02218,BLK-023578,Track Occupied,2,89.3
TRN-02219,BLK-029173,Track Occupied,3,57.1
TRN-02220,BLK-022112,Track Occupied,1,36.3
TRN-02221,BLK-027991,Track Occupied,3,72.0
TRN-02222,BLK-018707,Track Occupied,2,65.0
TRN-02222,BLK-018708,Track Occupied,2,65.0
TRN-02223,BLK-020367,Track Occupied,3,57.3
TRN-02224,BLK-027375,Track Occupied,1,50.2
TRN-02225,BLK-029304,Track Occupied,3,83.2
TRN-02226,BLK-012514,Track Occupied,1,72.3
TRN-02227,BLK-018442,Track Occupied,3,75.0
TRN-02228,BLK-029332,Track Occupied,3,47.9
TRN-02229,BLK-025463,Track Occupied,2,87.9
TRN-02230,BLK-009004,Track Occupied,3,53.7
TRN-02231,BLK-009562,Track Occupied,1,52.4
TRN-02232,BLK-014183,Track Occupied,3,84.5
TRN-02233,BLK-016091,Track Occupied,1,53.3
TRN-02234,BLK-016749,Track Occupied,3,63.4
TRN-02234,BLK-016750,Track Occupied,3,63.4
TRN-02235,BLK-001024,Track Occupied,1,27.9
TRN-02236,BLK-005879,Track Occupied,1,24.4
TRN-02237,BLK-003309,Track Occupied,2,61.4
TRN-02238,BLK-001232,Track Occupied,3,85.4
TRN-02239,BLK-019336,Track Occupied,2,58.2
TRN-02239,BLK-019337,Track Occupied,2,58.2
TRN-02240,BLK-006324,Track Occupied,3,82.7
TRN-02241,BLK-019060,Track Occupied,2,69.3
TRN-02242,BLK-020836,Track Occupied,3,64.1
TRN-02243,BLK-015975,Track Occupied,3,55.7
TRN-02244,BLK-007644,Track Occupied,3,50.8
TRN-02245,BLK-015691,Track Occupied,3,56.5
TRN-02246,BLK-013318,Track Occupied,3,66.6
TRN-02246,BLK-013319,Track Occupied,3,66.6
TRN-02247,BLK-032252,Track Occupied,3,81.2
TRN-02248,BLK-023235,Track Occupied,2,73.5
TRN-02249,BLK-005718,Track Occupied,3,60.1
TRN-02250,BLK-009153,Track Occupied,2,95.9
TRN-02251,BLK-003566,Track Occupied,3,78.8
TRN-02252,BLK-032295,Track Occupied,3,89.2
TRN-02253,BLK-024312,Track Occupied,2,67.1
TRN-02254,BLK-029899,Track Occupied,2,47.4
TRN-02255,BLK-022179,Track Occupied,1,47.0
TRN-02256,BLK-006764,Track Occupied,2,62.6
TRN-02257,BLK-025758,Track Occupied,2,72.9
TRN-02258,BLK-003988,Track Occupied,3,56.7
TRN-02258,BLK-003989,Track Occupied,3,56.7
TRN-02259,BLK-022734,Track Occupied,3,85.6
TRN-02260,BLK-001983,Track Occupied,1,27.8
TRN-02261,BLK-013927,Track Occupied,2,56.9
TRN-02262,BLK-011823,Track Occupied,3,45.9
TRN-02263,BLK-024136,Track Occupied,3,67.0
TRN-02264,BLK-028236,Track Occupied,2,99.0
TRN-02265,BLK-021576,Track Occupied,2,76.9
TRN-02266,BLK-016752,Track Occupied,1,5.0
TRN-02267,BLK-013173,Track Occupied,3,59.5
TRN-02268,BLK-015414,Track Occupied,2,76.6
TRN-02269,BLK-012936,Track Occupied,1,32.4
TRN-02270,BLK-010669,Track Occupied,2,74.6
TRN-02271,BLK-007812,Track Occupied,2,42.6
TRN-02272,BLK-024252,Track Occupied,3,54.1
TRN-02273,BLK-019135,Track Occupied,1,41.6
TRN-02274,BLK-000879,Track Occupied,2,50.9
TRN-02275,BLK-027669,Track Occupied,2,69.6
TRN-02276,BLK-023419,Track Occupied,3,78.8
TRN-02277,BLK-002798,Track Occupied,2,99.0
TRN-02278,BLK-031370,Track Occupied,2,80.3
TRN-02279,BLK-015628,Track Occupied,1,57.8
TRN-02280,BLK-007266,Track Occupied,2,80.4
TRN-02281,BLK-032951,Track Occupied,3,76.8
TRN-02281,BLK-032952,Track Occupied,3,76.8
TRN-02282,BLK-005368,Track Occupied,3,72.7
TRN-02283,BLK-031445,Track Occupied,3,90.9
TRN-02284,BLK-014710,Track Occupied,2,99.0
TRN-02285,BLK-023010,Track Occupied,1,39.3
TRN-02286,BLK-024438,Track Occupied,2,67.3
TRN-02287,BLK-016704,Track Occupied,1,16.1
TRN-02288,BLK-033583,Track Occupied,1,5.0
TRN-02289,BLK-016660,Track Occupied,3,89.7
TRN-02290,BLK-026068,Track Occupied,2,66.3
TRN-02291,BLK-027096,Track Occupied,2,77.3
TRN-02292,BLK-011263,Track Occupied,2,76.8
TRN-02293,BLK-009028,Track Occupied,3,72.1
TRN-02294,BLK-010710,Track Occupied,2,99.0
TRN-02295,BLK-005766,Track Occupied,2,95.2
TRN-02296,BLK-015798,Track Occupied,2,59.6
TRN-02297,BLK-011225,Track Occupied,2,79.4
TRN-02298,BLK-021752,Track Occupied,3,71.7
TRN-02299,BLK-001895,Track Occupied,1,45.3
TRN-02300,BLK-009539,Track Occupied,2,72.9
TRN-02301,BLK-024253,Track Occupied,3,76.2
TRN-02302,BLK-029809,Track Occupied,3,46.6
TRN-02303,BLK-031850,Track Occupied,3,70.5
TRN-02304,BLK-032953,Track Occupied,2,70.2
TRN-02305,BLK-030008,Track Occupied,2,99.0
TRN-02306,BLK-027388,Track Occupied,1,63.5
TRN-02307,BLK-022908,Track Occupied,3,91.5
TRN-02308,BLK-005448,Track Occupied,2,75.9
TRN-02309,BLK-025891,Track Occupied,2,57.6
TRN-02310,BLK-011923,Track Occupied,2,81.7
TRN-02311,BLK-017401,Track Occupied,2,55.2
TRN-02312,BLK-030202,Track Occupied,2,81.1
TRN-02313,BLK-007666,Track Occupied,3,89.4
TRN-02313,BLK-007667,Track Occupied,3,89.4
TRN-02314,BLK-017960,Track Occupied,2,78.6
TRN-02315,BLK-018305,Track Occupied,3,56.7
TRN-02315,BLK-018306,Track Occupied,3,56.7
TRN-02316,BLK-024237,Track Occupied,2,71.0
TRN-02317,BLK-013343,Track Occupied,1,18.8
TRN-02318,BLK-020267,Track Occupied,1,33.0
TRN-02319,BLK-011810,Track Occupied,3,71.6
TRN-02320,BLK-029610,Track Occupied,2,81.8
TRN-02321,BLK-007043,Track Occupied,2,71.0
TRN-02322,BLK-032437,Track Occupied,2,64.2
TRN-02323,BLK-022879,Track Occupied,2,76.8
TRN-02324,BLK-007163,Track Occupied,2,79.6
TRN-02325,BLK-028778,Track Occupied,1,57.8
TRN-02326,BLK-016331,Track Occupied,2,55.0
TRN-02327,BLK-003899,Track Occupied,2,71.5
TRN-02328,BLK-000738,Track Occupied,3,74.6
TRN-02329,BLK-016590,Track Occupied,1,45.8
TRN-02330,BLK-018796,Track Occupied,1,31.9
TRN-02331,BLK-003936,Track Occupied,1,34.9
TRN-02332,BLK-033140,Track Occupied,2,55.2
TRN-02333,BLK-028955,Track Occupied,3,79.7
TRN-02334,BLK-032916,Track Occupied,3,71.0
TRN-02335,BLK-004449,Track Occupied,3,82.7
TRN-02336,BLK-011163,Track Occupied,2,74.6
TRN-02337,BLK-000629,Track Occupied,1,33.7
TRN-02338,BLK-030056,Track Occupied,3,68.6
TRN-02338,BLK-030057,Track Occupied,3,68.6
TRN-02339,BLK-031794,Track Occupied,3,99.0
TRN-02340,BLK-008917,Track Occupied,1,41.0
TRN-02341,BLK-031299,Track Occupied,1,24.3
TRN-02342,BLK-026567,Track Occupied,1,28.3
TRN-02343,BLK-020892,Track Occupied,3,66.7
TRN-02344,BLK-022227,Track Occupied,3,65.4
TRN-02345,BLK-025646,Track Occupied,2,69.8
TRN-02345,BLK-025647,Track Occupied,2,69.8
TRN-02346,BLK-026895,Track Occupied,3,59.2
TRN-02347,BLK-008695,Track Occupied,2,70.4
TRN-02348,BLK-000516,Track Occupied,2,53.0
TRN-02349,BLK-018581,Track Occupied,1,5.0
TRN-02350,BLK-008033,Track Occupied,3,77.9
TRN-02351,BLK-020919,Track Occupied,3,82.4
TRN-02352,BLK-018450,Track Occupied,3,62.6
TRN-02353,BLK-014066,Track Occupied,2,78.7
TRN-02354,BLK-019365,Track Occupied,3,95.1
TRN-02355,BLK-010444,Track Occupied,2,69.0
TRN-02356,BLK-026993,Track Occupied,3,80.4
TRN-02357,BLK-010925,Track Occupied,3,95.9
TRN-02358,BLK-024210,Track Occupied,2,68.6
TRN-02359,BLK-014444,Track Occupied,3,83.5
TRN-02360,BLK-019030,Track Occupied,1,24.7
TRN-02361,BLK-004072,Track Occupied,2,56.6
TRN-02362,BLK-011135,Track Occupied,3,48.4
TRN-02363,BLK-023653,Track Occupied,3,58.9
TRN-02364,BLK-029923,Track Occupied,2,56.2
TRN-02364,BLK-029924,Track Occupied,2,56.2
TRN-02365,BLK-031961,Track Occupied,3,98.5
TRN-02366,BLK-030941,Track Occupied,2,78.9
TRN-02367,BLK-020208,Track Occupied,2,84.3
TRN-02368,BLK-026781,Track Occupied,1,37.1
TRN-02369,BLK-030797,Track Occupied,2,81.2
TRN-02370,BLK-024387,Track Occupied,1,34.1
TRN-02371,BLK-025183,Track Occupied,2,65.9
TRN-02372,BLK-002732,Track Occupied,3,66.9
TRN-02373,BLK-019190,Track Occupied,1,42.2
TRN-02374,BLK-001936,Track Occupied,3,46.2
TRN-02375,BLK-000949,Track Occupied,2,86.4
TRN-02376,BLK-002120,Track Occupied,2,58.8
TRN-02377,BLK-027987,Track Occupied,2,52.6
TRN-02378,BLK-028317,Track Occupied,3,62.6
TRN-02379,BLK-030716,Track Occupied,1,47.3
TRN-02380,BLK-014060,Track Occupied,2,65.5
TRN-02381,BLK-027919,Track Occupied,3,80.6
TRN-02382,BLK-026538,Track Occupied,1,33.7
TRN-02383,BLK-022651,Track Occupied,1,40.1
TRN-02384,BLK-009947,Track Occupied,2,72.7
TRN-02385,BLK-019660,Track Occupied,2,84.5
TRN-02386,BLK-002242,Track Occupied,1,26.9
TRN-02387,BLK-002808,Track Occupied,1,17.8
TRN-02388,BLK-003763,Track Occupied,3,49.1
TRN-02389,BLK-029667,Track Occupied,2,61.7
TRN-02390,BLK-026969,Track Occupied,3,28.1
TRN-02391,BLK-023093,Track Occupied,3,61.9
TRN-02392,BLK-009291,Track Occupied,1,33.7
TRN-02393,BLK-033125,Track Occupied,2,71.0
TRN-02394,BLK-016769,Track Occupied,3,63.6
TRN-02395,BLK-029778,Track Occupied,2,62.6
TRN-02396,BLK-010350,Track Occupied,2,61.1
TRN-02397,BLK-031871,Track Occupied,3,80.3
TRN-02398,BLK-002740,Track Occupied,1,54.6
TRN-02399,BLK-024233,Track Occupied,3,53.9
TRN-02400,BLK-020268,Track Occupied,3,75.8
TRN-02401,BLK-019079,Track Occupied,2,72.7
TRN-02402,BLK-007425,Track Occupied,1,60.2
TRN-02403,BLK-020375,Track Occupied,2,79.8
TRN-02403,BLK-020376,Track Occupied,2,79.8
TRN-02404,BLK-022687,Track Occupied,2,94.9
TRN-02404,BLK-022688,Track Occupied,2,94.9
TRN-02405,BLK-005914,Track Occupied,3,51.4
TRN-02406,BLK-006447,Track Occupied,3,98.0
TRN-02407,BLK-018680,Track Occupied,2,93.4
TRN-02408,BLK-002851,Track Occupied,3,65.4
TRN-02409,BLK-005860,Track Occupied,2,91.1
TRN-02410,BLK-000850,Track Occupied,2,47.4
TRN-02411,BLK-031364,Track Occupied,3,69.5
TRN-02412,BLK-029297,Track Occupied,3,81.8
TRN-02413,BLK-008372,Track Occupied,1,49.2
TRN-02414,BLK-030203,Track Occupied,3,75.7
TRN-02415,BLK-012376,Track Occupied,3,59.3
TRN-02416,BLK-019702,Track Occupied,2,71.7
TRN-02417,BLK-013729,Track Occupied,3,43.2
TRN-02417,BLK-013730,Track Occupied,3,43.2
TRN-02418,BLK-031464,Track Occupied,2,56.6
TRN-02419,BLK-020796,Track Occupied,3,41.4
TRN-02420,BLK-012700,Track Occupied,2,67.1
TRN-02420,BLK-012701,Track Occupied,2,67.1
TRN-02421,BLK-027205,Track Occupied,3,53.3
TRN-02422,BLK-018043,Track Occupied,2,90.9
TRN-02423,BLK-020402,Track Occupied,2,93.0
TRN-02424,BLK-023483,Track Occupied,3,99.0
TRN-02425,BLK-004387,Track Occupied,2,64.3
TRN-02426,BLK-011442,Track Occupied,1,41.0
TRN-02427,BLK-024788,Track Occupied,1,54.3
TRN-02428,BLK-016718,Track Occupied,2,60.8
TRN-02429,BLK-004875,Track Occupied,3,80.2
TRN-02429,BLK-004876,Track Occupied,3,80.2
TRN-02430,BLK-005007,Track Occupied,3,81.9
TRN-02431,BLK-030964,Track Occupied,3,42.3
TRN-02432,BLK-031078,Track Occupied,2,95.2
TRN-02433,BLK-023997,Track Occupied,2,69.7
TRN-02433,BLK-023998,Track Occupied,2,69.7
TRN-02434,BLK-025101,Track Occupied,2,93.1
TRN-02435,BLK-000664,Track Occupied,1,47.1
TRN-02436,BLK-030347,Track Occupied,2,84.2
TRN-02437,BLK-005129,Track Occupied,3,69.1
TRN-02438,BLK-023965,Track Occupied,2,92.9
TRN-02439,BLK-017104,Track Occupied,2,72.1
TRN-02440,BLK-001025,Track Occupied,1,16.4
TRN-02441,BLK-012079,Track Occupied,3,52.8
TRN-02442,BLK-022471,Track Occupied,2,88.2
TRN-02443,BLK-007206,Track Occupied,1,9.1
TRN-02444,BLK-001086,Track Occupied,3,95.4
TRN-02445,BLK-001399,Track Occupied,2,99.0
TRN-02446,BLK-024908,Track Occupied,2,69.4
TRN-02447,BLK-028795,Track Occupied,3,96.4
TRN-02448,BLK-028692,Track Occupied,3,69.2
TRN-02449,BLK-005437,Track Occupied,3,84.1
TRN-02450,BLK-015850,Track Occupied,3,84.6
TRN-02451,BLK-024804,Track Occupied,2,73.7
TRN-02452,BLK-023862,Track Occupied,2,90.3
TRN-02453,BLK-023396,Track Occupied,3,89.9
TRN-02454,BLK-011193,Track Occupied,3,65.8
TRN-02455,BLK-006553,Track Occupied,2,54.9
TRN-02455,BLK-006554,Track Occupied,2,54.9
TRN-02456,BLK-018284,Track Occupied,3,82.8
TRN-02456,BLK-018285,Track Occupied,3,82.8
TRN-02457,BLK-028953,Track Occupied,1,22.7
TRN-02458,BLK-022456,Track Occupied,3,66.6
TRN-02459,BLK-000543,Track Occupied,2,95.8
TRN-02460,BLK-025681,Track Occupied,3,70.5
TRN-02461,BLK-031058,Track Occupied,3,71.8
TRN-02462,BLK-012549,Track Occupied,1,15.9
TRN-02463,BLK-033499,Track Occupied,3,53.0
TRN-02463,BLK-033500,Track Occupied,3,53.0
TRN-02464,BLK-019438,Track Occupied,1,45.0
TRN-02465,BLK-007122,Track Occupied,3,73.9
TRN-02466,BLK-029278,Track Occupied,2,83.9
TRN-02467,BLK-019214,Track Occupied,2,88.5
TRN-02468,BLK-031956,Track Occupied,3,61.3
TRN-02469,BLK-024607,Track Occupied,2,68.7
TRN-02470,BLK-024299,Track Occupied,2,27.1
TRN-02470,BLK-024300,Track Occupied,2,27.1
TRN-02471,BLK-003787,Track Occupied,2,74.2
TRN-02472,BLK-030191,Track Occupied,1,23.7
TRN-02472,BLK-030192,Track Occupied,1,23.7
TRN-02473,BLK-005993,Track Occupied,3,89.0
TRN-02474,BLK-033174,Track Occupied,3,81.7
TRN-02475,BLK-018290,Track Occupied,3,47.7
TRN-02475,BLK-018291,Track Occupied,3,47.7
TRN-02476,BLK-008551,Track Occupied,2,60.6
TRN-02477,BLK-032028,Track Occupied,2,83.1
TRN-02478,BLK-027799,Track Occupied,1,63.5
TRN-02478,BLK-027800,Track Occupied,1,63.5
TRN-02479,BLK-030718,Track Occupied,2,66.2
TRN-02479,BLK-030719,Track Occupied,2,66.2
TRN-02480,BLK-003436,Track Occupied,3,66.5
TRN-02481,BLK-027446,Track Occupied,1,43.0
TRN-02482,BLK-002749,Track Occupied,1,62.1
TRN-02483,BLK-004558,Track Occupied,2,76.1
TRN-02484,BLK-001083,Track Occupied,2,86.2
TRN-02485,BLK-008818,Track Occupied,1,39.6
TRN-02486,BLK-031746,Track Occupied,3,73.7
TRN-02487,BLK-024087,Track Occupied,3,59.7
TRN-02488,BLK-015523,Track Occupied,2,76.8
TRN-02489,BLK-015593,Track Occupied,2,84.4
TRN-02490,BLK-011978,Track Occupied,2,92.4
TRN-02491,BLK-002413,Track Occupied,3,78.5
TRN-02492,BLK-001156,Track Occupied,2,73.9
TRN-02493,BLK-018901,Track Occupied,2,61.3
TRN-02494,BLK-018293,Track Occupied,1,34.4
TRN-02495,BLK-004158,Track Occupied,2,83.3
TRN-02495,BLK-004159,Track Occupied,2,83.3
TRN-02496,BLK-031302,Track Occupied,2,50.9
TRN-02497,BLK-011818,Track Occupied,3,94.3
TRN-02498,BLK-011929,Track Occupied,3,93.5
TRN-02499,BLK-024017,Track Occupied,2,69.4
TRN-02500,BLK-010583,Track Occupied,1,32.5
TRN-02501,BLK-002998,Track Occupied,2,77.9
TRN-02502,BLK-030612,Track Occupied,1,61.7
TRN-02503,BLK-018360,Track Occupied,2,45.3
TRN-02504,BLK-027913,Track Occupied,1,36.4
TRN-02505,BLK-006143,Track Occupied,2,61.4
TRN-02506,BLK-019129,Track Occupied,2,56.8
TRN-02507,BLK-004409,Track Occupied,3,51.2
TRN-02508,BLK-014606,Track Occupied,3,64.2
TRN-02508,BLK-014607,Track Occupied,3,64.2
TRN-02509,BLK-023717,Track Occupied,3,77.4
TRN-02510,BLK-007628,Track Occupied,1,11.2
TRN-02511,BLK-021140,Track Occupied,2,98.4
TRN-02511,BLK-021141,Track Occupied,2,98.4
TRN-02512,BLK-020917,Track Occupied,3,64.5
TRN-02513,BLK-008492,Track Occupied,2,57.9
TRN-02514,BLK-000225,Track Occupied,2,51.7
TRN-02515,BLK-010620,Track Occupied,3,67.6
TRN-02516,BLK-020357,Track Occupied,3,88.1
TRN-02517,BLK-015426,Track Occupied,3,78.4
TRN-02518,BLK-023962,Track Occupied,2,54.2
TRN-02519,BLK-010561,Track Occupied,3,78.3
TRN-02520,BLK-019162,Track Occupied,2,59.5
TRN-02520,BLK-019163,Track Occupied,2,59.5
TRN-02521,BLK-014211,Track Occupied,2,72.6
TRN-02522,BLK-015556,Track Occupied,2,79.3
TRN-02523,BLK-025704,Track Occupied,1,50.5
TRN-02524,BLK-032048,Track Occupied,3,91.9
TRN-02525,BLK-021681,Track Occupied,3,80.7
TRN-02526,BLK-026173,Track Occupied,3,84.0
TRN-02527,BLK-010034,Track Occupied,2,74.2
TRN-02528,BLK-014819,Track Occupied,3,81.4
TRN-02529,BLK-021763,Track Occupied,3,78.1
TRN-02530,BLK-018205,Track Occupied,1,33.3
TRN-02531,BLK-022820,Track Occupied,2,73.2
TRN-02532,BLK-031190,Track Occupied,3,63.2
TRN-02533,BLK-026676,Track Occupied,3,75.8
TRN-02534,BLK-021565,Track Occupied,2,80.0
TRN-02535,BLK-025107,Track Occupied,2,82.0
TRN-02536,BLK-019225,Track Occupied,2,61.6
TRN-02537,BLK-030452,Track Occupied,3,83.8
TRN-02538,BLK-024466,Track Occupied,3,74.7
TRN-02539,BLK-003569,Track Occupied,2,92.2
TRN-02540,BLK-032848,Track Occupied,3,37.3
TRN-02541,BLK-012819,Track Occupied,2,71.5
TRN-02542,BLK-009850,Track Occupied,3,75.6
TRN-02542,BLK-009851,Track Occupied,3,75.6
TRN-02543,BLK-008621,Track Occupied,2,64.4
TRN-02544,BLK-012007,Track Occupied,3,91.6
TRN-02545,BLK-025791,Track Occupied,2,67.2
TRN-02546,BLK-003041,Track Occupied,2,54.2
TRN-02547,BLK-009711,Track Occupied,3,60.3
TRN-02548,BLK-016115,Track Occupied,3,57.9
TRN-02549,BLK-019306,Track Occupied,1,18.0
TRN-02550,BLK-018693,Track Occupied,3,65.4
TRN-02551,BLK-009941,Track Occupied,3,95.4
TRN-02552,BLK-003240,Track Occupied,1,59.9
TRN-02553,BLK-016451,Track Occupied,3,97.6
TRN-02554,BLK-017469,Track Occupied,3,48.6
TRN-02555,BLK-003382,Track Occupied,3,62.5
TRN-02556,BLK-026284,Track Occupied,3,64.3
TRN-02557,BLK-016498,Track Occupied,2,77.9
TRN-02558,BLK-015593,Track Occupied,2,63.5
TRN-02559,BLK-014772,Track Occupied,1,29.3
TRN-02560,BLK-012281,Track Occupied,1,54.0
TRN-02561,BLK-027455,Track Occupied,2,84.9
TRN-02562,BLK-002111,Track Occupied,3,91.6
TRN-02563,BLK-014741,Track Occupied,1,16.6
TRN-02564,BLK-030182,Track Occupied,2,62.0
TRN-02565,BLK-008995,Track Occupied,1,45.1
TRN-02566,BLK-011449,Track Occupied,3,84.0
TRN-02567,BLK-023363,Track Occupied,1,14.6
TRN-02567,BLK-023364,Track Occupied,1,14.6
TRN-02568,BLK-003232,Track Occupied,1,47.0
TRN-02569,BLK-009848,Track Occupied,3,55.7
TRN-02570,BLK-000376,Track Occupied,3,77.8
TRN-02571,BLK-001812,Track Occupied,3,74.1
TRN-02572,BLK-012249,Track Occupied,2,47.3
TRN-02573,BLK-029391,Track Occupied,3,30.3
TRN-02573,BLK-029392,Track Occupied,3,30.3
TRN-02574,BLK-009659,Track Occupied,3,70.0
TRN-02575,BLK-005260,Track Occupied,3,90.5
TRN-02575,BLK-005261,Track Occupied,3,90.5
TRN-02576,BLK-023244,Track Occupied,2,65.9
TRN-02577,BLK-017120,Track Occupied,3,69.5
TRN-02578,BLK-030042,Track Occupied,3,61.6
TRN-02578,BLK-030043,Track Occupied,3,61.6
TRN-02579,BLK-020102,Track Occupied,2,94.1
TRN-02580,BLK-005778,Track Occupied,3,34.0
TRN-02581,BLK-026865,Track Occupied,1,57.7
TRN-02582,BLK-010650,Track Occupied,1,28.8
TRN-02583,BLK-011097,Track Occupied,2,80.6
TRN-02584,BLK-005945,Track Occupied,3,55.4
TRN-02585,BLK-021531,Track Occupied,2,77.6
TRN-02586,BLK-006022,Track Occupied,3,94.9
TRN-02587,BLK-016579,Track Occupied,2,76.6
TRN-02588,BLK-031282,Track Occupied,2,76.4
TRN-02589,BLK-033311,Track Occupied,3,47.3
TRN-02590,BLK-014746,Track Occupied,2,73.9
TRN-02591,BLK-015022,Track Occupied,2,96.7
TRN-02592,BLK-028208,Track Occupied,3,96.2
TRN-02592,BLK-028209,Track Occupied,3,96.2
TRN-02593,BLK-023364,Track Occupied,1,18.2
TRN-02594,BLK-000153,Track Occupied,3,64.7
TRN-02595,BLK-002770,Track Occupied,2,84.0
TRN-02596,BLK-011985,Track Occupied,3,51.2
TRN-02597,BLK-025316,Track Occupied,1,40.1
TRN-02598,BLK-008055,Track Occupied,3,85.0
TRN-02599,BLK-011860,Track Occupied,3,66.0
TRN-02600,BLK-025071,Track Occupied,2,73.6
TRN-02601,BLK-017592,Track Occupied,3,89.5
TRN-02602,BLK-003397,Track Occupied,3,63.5
TRN-02603,BLK-016535,Track Occupied,3,59.1
TRN-02604,BLK-030675,Track Occupied,3,57.1
TRN-02605,BLK-016699,Track Occupied,2,74.0
TRN-02605,BLK-016700,Track Occupied,2,74.0
TRN-02606,BLK-009592,Track Occupied,3,73.8
TRN-02607,BLK-029417,Track Occupied,3,62.6
TRN-02608,BLK-030370,Track Occupied,3,61.5
TRN-02609,BLK-022431,Track Occupied,2,63.2
TRN-02610,BLK-006432,Track Occupied,3,82.2
TRN-02611,BLK-025718,Track Occupied,2,90.7
TRN-02612,BLK-030356,Track Occupied,1,43.6
TRN-02613,BLK-023017,Track Occupied,3,77.7
TRN-02614,BLK-019207,Track Occupied,2,79.4
TRN-02615,BLK-025542,Track Occupied,1,46.7
TRN-02616,BLK-030464,Track Occupied,3,99.0
TRN-02617,BLK-017949,Track Occupied,3,88.0
TRN-02618,BLK-011080,Track Occupied,2,55.5
TRN-02619,BLK-024788,Track Occupied,2,94.6
TRN-02620,BLK-025486,Track Occupied,3,80.5
TRN-02621,BLK-004407,Track Occupied,3,46.8
TRN-02622,BLK-010468,Track Occupied,3,69.0
TRN-02622,BLK-010469,Track Occupied,3,69.0
TRN-02623,BLK-025871,Track Occupied,2,68.3
TRN-02624,BLK-008563,Track Occupied,2,49.4
TRN-02625,BLK-033530,Track Occupied,3,44.5
TRN-02626,BLK-014517,Track Occupied,1,40.0
TRN-02627,BLK-011901,Track Occupied,2,83.3
TRN-02628,BLK-015184,Track Occupied,1,18.8
TRN-02629,BLK-028514,Track Occupied,2,74.7
TRN-02630,BLK-007536,Track Occupied,1,11.3
TRN-02631,BLK-000112,Track Occupied,2,93.3
TRN-02632,BLK-025098,Track Occupied,1,14.0
TRN-02633,BLK-028847,Track Occupied,2,72.0
TRN-02634,BLK-020439,Track Occupied,3,55.5
TRN-02635,BLK-016489,Track Occupied,3,80.1
TRN-02635,BLK-016490,Track Occupied,3,80.1
TRN-02636,BLK-031671,Track Occupied,1,39.3
TRN-02637,BLK-007909,Track Occupied,2,88.1
TRN-02637,BLK-007910,Track Occupied,2,88.1
TRN-02638,BLK-027006,Track Occupied,3,99.0
TRN-02639,BLK-021011,Track Occupied,2,69.7
TRN-02640,BLK-026306,Track Occupied,2,55.2
TRN-02641,BLK-012774,Track Occupied,3,77.6
TRN-02642,BLK-012828,Track Occupied,3,47.8
TRN-02643,BLK-030131,Track Occupied,1,45.7
TRN-02644,BLK-017200,Track Occupied,3,70.9
TRN-02645,BLK-002700,Track Occupied,3,79.2
TRN-02646,BLK-011634,Track Occupied,2,48.0
TRN-02647,BLK-021284,Track Occupied,3,80.0
TRN-02648,BLK-027302,Track Occupied,3,76.3
TRN-02649,BLK-019072,Track Occupied,3,74.2
TRN-02650,BLK-024598,Track Occupied,3,88.4
TRN-02651,BLK-001090,Track Occupied,1,16.8
TRN-02652,BLK-030246,Track Occupied,2,92.7
TRN-02653,BLK-032367,Track Occupied,3,70.3
TRN-02654,BLK-026943,Track Occupied,2,61.0
TRN-02655,BLK-015973,Track Occupied,3,57.2
TRN-02656,BLK-004252,Track Occupied,3,84.0
TRN-02657,BLK-023652,Track Occupied,2,88.7
TRN-02658,BLK-016267,Track Occupied,3,99.0
TRN-02659,BLK-014810,Track Occupied,3,79.9
TRN-02660,BLK-018852,Track Occupied,3,84.4
TRN-02661,BLK-002428,Track Occupied,2,65.4
TRN-02661,BLK-002429,Track Occupied,2,65.4
TRN-02662,BLK-025232,Track Occupied,1,43.5
TRN-02663,BLK-024210,Track Occupied,3,70.4
TRN-02664,BLK-014598,Track Occupied,1,39.3
TRN-02665,BLK-017318,Track Occupied,2,78.5
TRN-02666,BLK-023653,Track Occupied,2,84.1
TRN-02667,BLK-010218,Track Occupied,3,51.2
TRN-02668,BLK-011562,Track Occupied,2,87.0
TRN-02669,BLK-006644,Track Occupied,2,66.8
TRN-02670,BLK-010191,Track Occupied,1,21.9
TRN-02670,BLK-010192,Track Occupied,1,21.9
TRN-02671,BLK-024204,Track Occupied,3,70.6
TRN-02672,BLK-029678,Track Occupied,3,51.6
TRN-02673,BLK-024999,Track Occupied,2,65.2
TRN-02674,BLK-003744,Track Occupied,3,74.1
TRN-02675,BLK-016484,Track Occupied,3,75.5
TRN-02676,BLK-017366,Track Occupied,3,46.6
TRN-02677,BLK-025659,Track Occupied,2,66.0
TRN-02678,BLK-016732,Track Occupied,1,37.8
TRN-02679,BLK-010395,Track Occupied,3,45.9
TRN-02679,BLK-010396,Track Occupied,3,45.9
TRN-02680,BLK-012476,Track Occupied,2,77.1
TRN-02681,BLK-022071,Track Occupied,1,32.5
TRN-02682,BLK-014077,Track Occupied,1,46.7
TRN-02683,BLK-007866,Track Occupied,3,49.3
TRN-02683,BLK-007867,Track Occupied,3,49.3
TRN-02684,BLK-001331,Track Occupied,3,62.9
TRN-02685,BLK-029519,Track Occupied,2,79.9
TRN-02686,BLK-011045,Track Occupied,2,65.7
TRN-02687,BLK-011650,Track Occupied,3,57.5
TRN-02688,BLK-008986,Track Occupied,2,86.5
TRN-02689,BLK-003065,Track Occupied,1,36.1
TRN-02689,BLK-003066,Track Occupied,1,36.1
TRN-02690,BLK-011437,Track Occupied,3,71.3
TRN-02691,BLK-007310,Track Occupied,2,55.9
TRN-02692,BLK-031517,Track Occupied,1,32.3
TRN-02693,BLK-001200,Track Occupied,3,81.6
TRN-02694,BLK-017462,Track Occupied,2,61.9
TRN-02695,BLK-011799,Track Occupied,3,99.0
TRN-02696,BLK-009612,Track Occupied,1,41.1
TRN-02697,BLK-017647,Track Occupied,3,96.3
TRN-02698,BLK-032273,Track Occupied,1,33.3
TRN-02699,BLK-024118,Track Occupied,2,69.1
TRN-02700,BLK-003076,Track Occupied,2,94.2
TRN-02701,BLK-014610,Track Occupied,2,68.3
TRN-02702,BLK-015592,Track Occupied,3,44.3
TRN-02703,BLK-015121,Track Occupied,1,33.0
TRN-02704,BLK-018913,Track Occupied,3,67.3
TRN-02705,BLK-023163,Track Occupied,2,86.4
TRN-02706,BLK-024720,Track Occupied,3,82.5
TRN-02707,BLK-006442,Track Occupied,3,71.7
TRN-02707,BLK-006443,Track Occupied,3,71.7
TRN-02708,BLK-013416,Track Occupied,1,27.8
TRN-02709,BLK-031259,Track Occupied,2,90.7
TRN-02710,BLK-009941,Track Occupied,3,87.9
TRN-02711,BLK-009704,Track Occupied,2,56.3
TRN-02712,BLK-014379,Track Occupied,2,65.1
TRN-02713,BLK-023937,Track Occupied,1,45.1
TRN-02714,BLK-017369,Track Occupied,2,42.6
TRN-02715,BLK-016450,Track Occupied,3,70.7
TRN-02716,BLK-030373,Track Occupied,1,52.5
TRN-02717,BLK-024968,Track Occupied,3,57.4
TRN-02718,BLK-017117,Track Occupied,1,48.7
TRN-02718,BLK-017118,Track Occupied,1,48.7
TRN-02719,BLK-003810,Track Occupied,2,86.5
TRN-02720,BLK-017067,Track Occupied,1,61.3
TRN-02721,BLK-010853,Track Occupied,2,99.0
TRN-02722,BLK-017381,Track Occupied,2,77.6
TRN-02722,BLK-017382,Track Occupied,2,77.6
TRN-02723,BLK-025290,Track Occupied,3,77.6
TRN-02724,BLK-002881,Track Occupied,2,76.1
TRN-02725,BLK-004513,Track Occupied,2,65.0
TRN-02725,BLK-004514,Track Occupied,2,65.0
TRN-02726,BLK-023130,Track Occupied,3,76.8
TRN-02727,BLK-014538,Track Occupied,2,35.4
TRN-02728,BLK-007059,Track Occupied,3,30.2
TRN-02729,BLK-029425,Track Occupied,2,99.0
TRN-02730,BLK-018924,Track Occupied,2,44.6
TRN-02731,BLK-019303,Track Occupied,3,60.3
TRN-02732,BLK-018724,Track Occupied,2,68.5
TRN-02733,BLK-003237,Track Occupied,2,99.0
TRN-02734,BLK-015239,Track Occupied,2,51.8
TRN-02735,BLK-012843,Track Occupied,1,22.7
TRN-02736,BLK-023054,Track Occupied,3,50.9
TRN-02737,BLK-014141,Track Occupied,2,46.2
TRN-02738,BLK-006364,Track Occupied,2,90.0
TRN-02739,BLK-032660,Track Occupied,3,67.5
TRN-02740,BLK-014320,Track Occupied,2,72.3
TRN-02741,BLK-013738,Track Occupied,3,78.6
TRN-02742,BLK-023707,Track Occupied,1,5.0
TRN-02743,BLK-007808,Track Occupied,3,70.2
TRN-02744,BLK-017712,Track Occupied,1,41.6
TRN-02745,BLK-006940,Track Occupied,1,39.3
TRN-02746,BLK-001857,Track Occupied,2,80.0
TRN-02747,BLK-007886,Track Occupied,3,49.8
TRN-02748,BLK-012089,Track Occupied,3,67.6
TRN-02749,BLK-005595,Track Occupied,1,21.6
TRN-02750,BLK-023452,Track Occupied,2,71.5
TRN-02751,BLK-012947,Track Occupied,3,62.6
TRN-02752,BLK-002408,Track Occupied,3,87.9
TRN-02753,BLK-012426,Track Occupied,2,92.9
TRN-02754,BLK-001599,Track Occupied,3,92.5
TRN-02755,BLK-033447,Track Occupied,2,79.5
TRN-02756,BLK-023307,Track Occupied,2,50.4
TRN-02757,BLK-019976,Track Occupied,2,77.2
TRN-02757,BLK-019977,Track Occupied,2,77.2
TRN-02758,BLK-007252,Track Occupied,2,67.0
TRN-02759,BLK-003312,Track Occupied,3,64.9
TRN-02760,BLK-015640,Track Occupied,3,99.0
TRN-02761,BLK-012823,Track Occupied,3,74.0
TRN-02762,BLK-018433,Track Occupied,2,70.1
TRN-02763,BLK-004562,Track Occupied,1,37.5
TRN-02764,BLK-020384,Track Occupied,2,67.7
TRN-02765,BLK-024873,Track Occupied,1,42.9
TRN-02766,BLK-015476,Track Occupied,2,69.3
TRN-02767,BLK-025812,Track Occupied,2,68.4
TRN-02768,BLK-024684,Track Occupied,3,88.1
TRN-02769,BLK-018355,Track Occupied,3,78.9
TRN-02770,BLK-024474,Track Occupied,2,92.4
TRN-02771,BLK-019834,Track Occupied,3,75.0
TRN-02772,BLK-033587,Track Occupied,3,69.4
TRN-02773,BLK-016666,Track Occupied,1,23.2
TRN-02773,BLK-016667,Track Occupied,1,23.2
TRN-02774,BLK-007378,Track Occupied,2,72.1
TRN-02774,BLK-007379,Track Occupied,2,72.1
TRN-02775,BLK-009327,Track Occupied,3,74.4
TRN-02776,BLK-006739,Track Occupied,2,55.3
TRN-02777,BLK-007142,Track Occupied,3,79.7
TRN-02778,BLK-000911,Track Occupied,1,32.0
TRN-02779,BLK-025779,Track Occupied,3,88.5
TRN-02780,BLK-016796,Track Occupied,3,59.1
TRN-02781,BLK-030965,Track Occupied,3,97.8
TRN-02782,BLK-005545,Track Occupied,3,69.1
TRN-02783,BLK-030487,Track Occupied,2,61.7
TRN-02784,BLK-012896,Track Occupied,2,42.8
TRN-02784,BLK-012897,Track Occupied,2,42.8
TRN-02785,BLK-015086,Track Occupied,2,69.3
TRN-02786,BLK-030099,Track Occupied,1,30.0
TRN-02787,BLK-018254,Track Occupied,1,57.0
TRN-02788,BLK-002257,Track Occupied,2,76.3
TRN-02789,BLK-026452,Track Occupied,2,62.7
TRN-02790,BLK-026305,Track Occupied,2,94.9
TRN-02791,BLK-018982,Track Occupied,2,52.3
TRN-02792,BLK-033564,Track Occupied,3,86.7
TRN-02793,BLK-017258,Track Occupied,3,90.4
TRN-02794,BLK-021429,Track Occupied,1,46.5
TRN-02795,BLK-000586,Track Occupied,2,39.1
TRN-02796,BLK-012637,Track Occupied,3,63.0
TRN-02797,BLK-025097,Track Occupied,3,71.0
TRN-02798,BLK-030564,Track Occupied,3,83.5
TRN-02799,BLK-026234,Track Occupied,3,58.7
TRN-02800,BLK-029397,Track Occupied,3,60.1
TRN-02801,BLK-021816,Track Occupied,3,68.9
TRN-02802,BLK-019690,Track Occupied,1,65.3
TRN-02803,BLK-016418,Track Occupied,2,60.9
TRN-02804,BLK-029735,Track Occupied,1,38.9
TRN-02805,BLK-006982,Track Occupied,2,78.3
TRN-02806,BLK-017492,Track Occupied,2,82.7
TRN-02807,BLK-002342,Track Occupied,3,53.2
TRN-02808,BLK-031636,Track Occupied,3,68.8
TRN-02809,BLK-017221,Track Occupied,3,74.2
TRN-02810,BLK-014682,Track Occupied,2,58.3
TRN-02811,BLK-028101,Track Occupied,2,72.8
TRN-02812,BLK-029478,Track Occupied,2,87.1
TRN-02813,BLK-024053,Track Occupied,2,51.9
TRN-02814,BLK-022991,Track Occupied,2,59.2
TRN-02815,BLK-005967,Track Occupied,3,67.7
TRN-02816,BLK-000561,Track Occupied,2,53.7
TRN-02816,BLK-000562,Track Occupied,2,53.7
TRN-02817,BLK-007383,Track Occupied,1,21.6
TRN-02818,BLK-011691,Track Occupied,2,89.0
TRN-02819,BLK-006707,Track Occupied,3,92.9
TRN-02820,BLK-001251,Track Occupied,2,90.4
TRN-02821,BLK-006098,Track Occupied,2,42.3
TRN-02822,BLK-015529,Track Occupied,3,72.8
TRN-02823,BLK-016196,Track Occupied,3,55.1
TRN-02824,BLK-004201,Track Occupied,2,93.9
TRN-02825,BLK-014521,Track Occupied,2,97.8
TRN-02826,BLK-009971,Track Occupied,1,33.8
TRN-02827,BLK-015991,Track Occupied,2,59.9
TRN-02828,BLK-018954,Track Occupied,2,86.5
TRN-02829,BLK-016676,Track Occupied,1,43.6
TRN-02830,BLK-024356,Track Occupied,3,89.9
TRN-02831,BLK-003683,Track Occupied,1,40.2
TRN-02832,BLK-028023,Track Occupied,2,84.7
TRN-02833,BLK-031630,Track Occupied,3,83.0
TRN-02834,BLK-011582,Track Occupied,3,47.2
TRN-02835,BLK-006734,Track Occupied,3,87.8
TRN-02836,BLK-017348,Track Occupied,3,63.3
TRN-02837,BLK-033576,Track Occupied,1,39.0
TRN-02838,BLK-019344,Track Occupied,3,40.6
TRN-02839,BLK-016111,Track Occupied,2,80.3
TRN-02840,BLK-002511,Track Occupied,2,95.7
TRN-02841,BLK-023652,Track Occupied,2,61.9
TRN-02842,BLK-009547,Track Occupied,2,87.3
TRN-02842,BLK-009548,Track Occupied,2,87.3
TRN-02843,BLK-015013,Track Occupied,3,99.0
TRN-02844,BLK-029896,Track Occupied,2,74.1
TRN-02845,BLK-026390,Track Occupied,2,64.3
TRN-02846,BLK-010187,Track Occupied,2,99.0
TRN-02847,BLK-026014,Track Occupied,3,69.5
TRN-02848,BLK-033292,Track Occupied,2,84.0
TRN-02849,BLK-028290,Track Occupied,2,48.7
TRN-02850,BLK-027800,Track Occupied,3,67.8
TRN-02851,BLK-028614,Track Occupied,3,70.5
TRN-02852,BLK-008224,Track Occupied,3,82.9
TRN-02853,BLK-028807,Track Occupied,3,76.5
TRN-02854,BLK-033471,Track Occupied,3,69.5
TRN-02855,BLK-031963,Track Occupied,3,75.3
TRN-02856,BLK-002224,Track Occupied,1,20.5
TRN-02857,BLK-033307,Track Occupied,2,55.4
TRN-02858,BLK-024854,Track Occupied,2,61.3
TRN-02858,BLK-024855,Track Occupied,2,61.3
TRN-02859,BLK-025139,Track Occupied,2,47.9
TRN-02860,BLK-002295,Track Occupied,1,23.7
TRN-02861,BLK-001642,Track Occupied,2,99.0
TRN-02862,BLK-009681,Track Occupied,2,62.2
TRN-02863,BLK-021073,Track Occupied,2,79.3
TRN-02864,BLK-021856,Track Occupied,3,79.2
TRN-02865,BLK-021635,Track Occupied,1,33.3
TRN-02866,BLK-011969,Track Occupied,3,82.6
TRN-02867,BLK-012983,Track Occupied,3,87.1
TRN-02867,BLK-012984,Track Occupied,3,87.1
TRN-02868,BLK-020591,Track Occupied,3,61.4
TRN-02868,BLK-020592,Track Occupied,3,61.4
TRN-02869,BLK-027105,Track Occupied,2,33.6
TRN-02870,BLK-021440,Track Occupied,2,48.1
TRN-02871,BLK-020151,Track Occupied,3,81.9
TRN-02872,BLK-026109,Track Occupied,2,74.9
TRN-02873,BLK-020026,Track Occupied,2,57.4
TRN-02874,BLK-023054,Track Occupied,3,58.8
TRN-02874,BLK-023055,Track Occupied,3,58.8
TRN-02875,BLK-005167,Track Occupied,3,51.3
TRN-02876,BLK-018339,Track Occupied,2,97.3
TRN-02877,BLK-021114,Track Occupied,3,99.0
TRN-02878,BLK-010656,Track Occupied,3,84.3
TRN-02879,BLK-025245,Track Occupied,2,65.4
TRN-02880,BLK-028159,Track Occupied,2,53.6
TRN-02881,BLK-001142,Track Occupied,3,83.5
TRN-02882,BLK-000710,Track Occupied,3,79.3
TRN-02883,BLK-018534,Track Occupied,2,67.0
TRN-02884,BLK-016941,Track Occupied,3,84.3
TRN-02885,BLK-007523,Track Occupied,3,47.8
TRN-02886,BLK-022853,Track Occupied,3,87.0
TRN-02887,BLK-003540,Track Occupied,3,61.1
TRN-02888,BLK-006448,Track Occupied,2,41.8
TRN-02889,BLK-011826,Track Occupied,2,64.1
TRN-02890,BLK-021097,Track Occupied,3,66.3
TRN-02891,BLK-028728,Track Occupied,2,71.2
TRN-02892,BLK-026015,Track Occupied,2,81.1
TRN-02893,BLK-026326,Track Occupied,2,83.0
TRN-02894,BLK-016286,Track Occupied,2,78.4
TRN-02895,BLK-026887,Track Occupied,1,29.0
TRN-02896,BLK-009487,Track Occupied,3,54.5
TRN-02897,BLK-028082,Track Occupied,2,64.8
TRN-02898,BLK-024838,Track Occupied,2,75.5
TRN-02899,BLK-005575,Track Occupied,2,58.5
TRN-02900,BLK-012701,Track Occupied,3,60.9
TRN-02901,BLK-005413,Track Occupied,3,80.2
TRN-02901,BLK-005414,Track Occupied,3,80.2
TRN-02902,BLK-018528,Track Occupied,1,60.9
TRN-02903,BLK-008225,Track Occupied,2,63.6
TRN-02904,BLK-009368,Track Occupied,3,70.5
TRN-02905,BLK-014003,Track Occupied,3,84.9
TRN-02906,BLK-032278,Track Occupied,3,55.2
TRN-02907,BLK-025051,Track Occupied,3,49.2
TRN-02908,BLK-023460,Track Occupied,2,70.7
TRN-02909,BLK-019386,Track Occupied,2,58.9
TRN-02910,BLK-005442,Track Occupied,2,86.7
TRN-02911,BLK-026408,Track Occupied,2,59.2
TRN-02912,BLK-030318,Track Occupied,3,85.4
TRN-02913,BLK-029111,Track Occupied,2,74.8
TRN-02914,BLK-012304,Track Occupied,3,72.2
TRN-02915,BLK-013321,Track Occupied,3,99.0
TRN-02916,BLK-030000,Track Occupied,2,79.9
TRN-02917,BLK-026009,Track Occupied,3,60.6
TRN-02918,BLK-013946,Track Occupied,1,26.4
TRN-02919,BLK-011505,Track Occupied,1,42.1
TRN-02920,BLK-016407,Track Occupied,3,52.0
TRN-02921,BLK-021342,Track Occupied,2,52.9
TRN-02922,BLK-028493,Track Occupied,2,70.7
TRN-02923,BLK-010103,Track Occupied,1,41.4
TRN-02924,BLK-026221,Track Occupied,3,67.0
TRN-02925,BLK-019401,Track Occupied,2,78.4
TRN-02925,BLK-019402,Track Occupied,2,78.4
TRN-02926,BLK-031698,Track Occupied,1,45.9
TRN-02927,BLK-026764,Track Occupied,3,57.5
TRN-02928,BLK-032346,Track Occupied,3,80.4
TRN-02929,BLK-022796,Track Occupied,2,66.8
TRN-02930,BLK-001767,Track Occupied,1,42.9
TRN-02930,BLK-001768,Track Occupied,1,42.9
TRN-02931,BLK-000321,Track Occupied,2,73.6
TRN-02932,BLK-021571,Track Occupied,2,96.2
TRN-02933,BLK-008022,Track Occupied,2,64.6
TRN-02933,BLK-008023,Track Occupied,2,64.6
TRN-02934,BLK-022576,Track Occupied,1,21.1
TRN-02934,BLK-022577,Track Occupied,1,21.1
TRN-02935,BLK-024122,Track Occupied,3,82.6
TRN-02936,BLK-032164,Track Occupied,2,52.7
TRN-02936,BLK-032165,Track Occupied,2,52.7
TRN-02937,BLK-022004,Track Occupied,2,86.8
TRN-02937,BLK-022005,Track Occupied,2,86.8
TRN-02938,BLK-028835,Track Occupied,1,13.0
TRN-02939,BLK-014673,Track Occupied,3,52.2
TRN-02940,BLK-019226,Track Occupied,3,99.0
TRN-02941,BLK-009891,Track Occupied,3,58.1
TRN-02942,BLK-013874,Track Occupied,3,68.1
TRN-02943,BLK-026543,Track Occupied,3,67.8
TRN-02944,BLK-033222,Track Occupied,2,81.7
TRN-02945,BLK-009956,Track Occupied,3,40.8
TRN-02946,BLK-029363,Track Occupied,2,62.6
TRN-02947,BLK-021853,Track Occupied,3,84.9
TRN-02948,BLK-006178,Track Occupied,2,83.7
TRN-02949,BLK-000481,Track Occupied,3,62.0
TRN-02950,BLK-028720,Track Occupied,1,31.3
TRN-02951,BLK-005597,Track Occupied,2,84.0
TRN-02951,BLK-005598,Track Occupied,2,84.0
TRN-02952,BLK-031626,Track Occupied,1,22.7
TRN-02953,BLK-009882,Track Occupied,3,51.3
TRN-02954,BLK-026727,Track Occupied,2,55.5
TRN-02955,BLK-029405,Track Occupied,2,54.7
TRN-02956,BLK-029032,Track Occupied,3,64.0
TRN-02957,BLK-001838,Track Occupied,2,82.1
TRN-02958,BLK-015376,Track Occupied,3,68.8
TRN-02959,BLK-012478,Track Occupied,2,68.6
TRN-02960,BLK-028474,Track Occupied,3,72.4
TRN-02961,BLK-030800,Track Occupied,1,36.7
TRN-02962,BLK-003040,Track Occupied,2,97.4
TRN-02962,BLK-003041,Track Occupied,2,97.4
TRN-02963,BLK-018988,Track Occupied,3,80.2
TRN-02964,BLK-006424,Track Occupied,2,80.5
TRN-02965,BLK-000987,Track Occupied,2,70.0
TRN-02965,BLK-000988,Track Occupied,2,70.0
TRN-02966,BLK-029600,Track Occupied,2,80.8
TRN-02967,BLK-009185,Track Occupied,1,50.8
TRN-02968,BLK-029785,Track Occupied,3,71.7
TRN-02969,BLK-018674,Track Occupied,1,53.9
TRN-02970,BLK-012812,Track Occupied,2,55.2
TRN-02971,BLK-026637,Track Occupied,3,50.5
TRN-02972,BLK-031280,Track Occupied,1,31.8
TRN-02973,BLK-012434,Track Occupied,3,84.3
TRN-02974,BLK-013490,Track Occupied,2,75.3
TRN-02975,BLK-026049,Track Occupied,2,58.3
TRN-02976,BLK-031773,Track Occupied,2,65.0
TRN-02977,BLK-017206,Track Occupied,1,24.3
TRN-02977,BLK-017207,Track Occupied,1,24.3
TRN-02978,BLK-013060,Track Occupied,2,77.4
TRN-02979,BLK-025746,Track Occupied,3,81.8
TRN-02980,BLK-015410,Track Occupied,3,40.7
TRN-02981,BLK-027059,Track Occupied,2,92.0
TRN-02982,BLK-002706,Track Occupied,2,58.6
TRN-02983,BLK-013093,Track Occupied,2,92.4
TRN-02984,BLK-019110,Track Occupied,2,66.1
TRN-02985,BLK-023625,Track Occupied,2,76.0
TRN-02985,BLK-023626,Track Occupied,2,76.0
TRN-02986,BLK-028276,Track Occupied,3,85.3
TRN-02987,BLK-018217,Track Occupied,3,50.2
TRN-02988,BLK-029876,Track Occupied,3,60.6
TRN-02989,BLK-032937,Track Occupied,2,55.0
TRN-02990,BLK-014912,Track Occupied,2,51.5
TRN-02991,BLK-002855,Track Occupied,3,69.3
TRN-02991,BLK-002856,Track Occupied,3,69.3
TRN-02992,BLK-022580,Track Occupied,1,49.9
TRN-02993,BLK-014249,Track Occupied,1,43.2
TRN-02994,BLK-022553,Track Occupied,3,85.5
TRN-02995,BLK-023913,Track Occupied,3,59.1
TRN-02996,BLK-020425,Track Occupied,3,79.9
TRN-02997,BLK-022222,Track Occupied,2,82.2
TRN-02998,BLK-001865,Track Occupied,2,79.9
TRN-02999,BLK-005823,Track Occupied,2,64.7
TRN-02999,BLK-005824,Track Occupied,2,64.7
TRN-03000,BLK-024017,Track Occupied,1,18.5
TRN-03001,BLK-033120,Track Occupied,3,63.4
TRN-03002,BLK-026434,Track Occupied,3,99.0
TRN-03003,BLK-032844,Track Occupied,2,60.0
TRN-03004,BLK-006958,Track Occupied,3,87.2
TRN-03005,BLK-029103,Track Occupied,2,84.2
TRN-03006,BLK-030172,Track Occupied,3,85.7
TRN-03006,BLK-030173,Track Occupied,3,85.7
TRN-03007,BLK-015996,Track Occupied,3,79.0
TRN-03008,BLK-013547,Track Occupied,3,78.5
TRN-03009,BLK-029893,Track Occupied,3,42.4
TRN-03010,BLK-012669,Track Occupied,3,72.9
TRN-03011,BLK-000761,Track Occupied,2,67.8
TRN-03012,BLK-023420,Track Occupied,2,73.5
TRN-03013,BLK-017442,Track Occupied,2,69.8
TRN-03014,BLK-023037,Track Occupied,2,60.8
TRN-03015,BLK-003413,Track Occupied,3,47.5
TRN-03016,BLK-029332,Track Occupied,3,69.9
TRN-03017,BLK-024886,Track Occupied,2,79.1
TRN-03018,BLK-008966,Track Occupied,1,27.3
TRN-03019,BLK-031641,Track Occupied,3,72.9
TRN-03020,BLK-029232,Track Occupied,3,99.0
TRN-03021,BLK-007369,Track Occupied,2,86.8
TRN-03022,BLK-005255,Track Occupied,2,60.6
TRN-03023,BLK-017913,Track Occupied,3,84.5
TRN-03024,BLK-007070,Track Occupied,2,51.3
TRN-03025,BLK-008312,Track Occupied,2,70.3
TRN-03026,BLK-001602,Track Occupied,2,71.6
TRN-03027,BLK-017044,Track Occupied,2,90.6
TRN-03028,BLK-022592,Track Occupied,3,59.5
TRN-03028,BLK-022593,Track Occupied,3,59.5
TRN-03029,BLK-020162,Track Occupied,3,70.8
TRN-03030,BLK-015201,Track Occupied,3,54.2
TRN-03031,BLK-005284,Track Occupied,3,77.2
TRN-03032,BLK-002442,Track Occupied,3,74.6
TRN-03033,BLK-000567,Track Occupied,2,74.8
TRN-03034,BLK-024269,Track Occupied,1,42.5
TRN-03035,BLK-011722,Track Occupied,2,67.2
TRN-03036,BLK-027661,Track Occupied,2,99.0
TRN-03037,BLK-022352,Track Occupied,2,75.5
TRN-03038,BLK-011389,Track Occupied,2,78.2
TRN-03039,BLK-023255,Track Occupied,2,86.8
TRN-03040,BLK-028445,Track Occupied,3,67.6
TRN-03041,BLK-030346,Track Occupied,2,50.8
TRN-03042,BLK-005968,Track Occupied,2,70.6
TRN-03043,BLK-031571,Track Occupied,1,32.6
TRN-03044,BLK-026227,Track Occupied,3,35.6
TRN-03045,BLK-029963,Track Occupied,3,57.2
TRN-03045,BLK-029964,Track Occupied,3,57.2
TRN-03046,BLK-009675,Track Occupied,2,88.2
TRN-03047,BLK-011550,Track Occupied,3,87.2
TRN-03048,BLK-004546,Track Occupied,1,24.6
TRN-03049,BLK-029169,Track Occupied,2,71.0
TRN-03049,BLK-029170,Track Occupied,2,71.0
TRN-03050,BLK-016340,Track Occupied,2,98.7
TRN-03051,BLK-005757,Track Occupied,3,62.3
TRN-03052,BLK-001130,Track Occupied,2,74.1
TRN-03053,BLK-023857,Track Occupied,3,59.6
TRN-03054,BLK-008420,Track Occupied,3,81.7
TRN-03055,BLK-013574,Track Occupied,3,83.9
TRN-03055,BLK-013575,Track Occupied,3,83.9
TRN-03056,BLK-007398,Track Occupied,3,80.1
TRN-03057,BLK-017759,Track Occupied,3,69.2
TRN-03058,BLK-004986,Track Occupied,2,61.6
TRN-03059,BLK-001544,Track Occupied,1,8.4
TRN-03060,BLK-000522,Track Occupied,2,99.0
TRN-03061,BLK-031187,Track Occupied,3,48.1
TRN-03062,BLK-022653,Track Occupied,1,23.6
TRN-03063,BLK-027829,Track Occupied,3,65.3
TRN-03064,BLK-011261,Track Occupied,2,62.5
TRN-03065,BLK-025681,Track Occupied,3,87.4
TRN-03066,BLK-001178,Track Occupied,2,99.0
TRN-03067,BLK-003940,Track Occupied,2,92.5
TRN-03068,BLK-012843,Track Occupied,2,99.0
TRN-03069,BLK-013234,Track Occupied,3,81.2
TRN-03070,BLK-015019,Track Occupied,1,20.1
TRN-03071,BLK-029075,Track Occupied,3,87.8
TRN-03071,BLK-029076,Track Occupied,3,87.8
TRN-03072,BLK-015253,Track Occupied,2,66.8
TRN-03073,BLK-015171,Track Occupied,2,62.5
TRN-03074,BLK-013777,Track Occupied,1,55.8
TRN-03075,BLK-032108,Track Occupied,1,35.3
TRN-03076,BLK-013760,Track Occupied,2,71.0
TRN-03076,BLK-013761,Track Occupied,2,71.0
TRN-03077,BLK-023874,Track Occupied,3,80.6
TRN-03078,BLK-027546,Track Occupied,1,24.7
TRN-03079,BLK-027393,Track Occupied,3,71.6
TRN-03080,BLK-032360,Track Occupied,3,73.9
TRN-03081,BLK-004543,Track Occupied,3,59.4
TRN-03082,BLK-022192,Track Occupied,2,85.3
TRN-03083,BLK-027357,Track Occupied,1,77.3
TRN-03083,BLK-027358,Track Occupied,1,77.3
TRN-03084,BLK-017841,Track Occupied,2,80.3
TRN-03085,BLK-005260,Track Occupied,2,66.1
TRN-03085,BLK-005261,Track Occupied,2,66.1
TRN-03086,BLK-004788,Track Occupied,1,50.4
TRN-03087,BLK-031539,Track Occupied,1,49.9
TRN-03087,BLK-031540,Track Occupied,1,49.9
TRN-03088,BLK-028971,Track Occupied,2,89.7
TRN-03089,BLK-015084,Track Occupied,2,39.5
TRN-03090,BLK-006036,Track Occupied,1,65.8
TRN-03091,BLK-019160,Track Occupied,2,69.2
TRN-03092,BLK-027309,Track Occupied,1,30.7
TRN-03093,BLK-006711,Track Occupied,1,9.7
TRN-03094,BLK-025564,Track Occupied,2,75.5
TRN-03095,BLK-024158,Track Occupied,2,86.1
TRN-03095,BLK-024159,Track Occupied,2,86.1
TRN-03096,BLK-030320,Track Occupied,2,81.8
TRN-03097,BLK-021808,Track Occupied,3,74.0
TRN-03098,BLK-007284,Track Occupied,1,19.5
TRN-03099,BLK-009355,Track Occupied,1,58.4
TRN-03100,BLK-024062,Track Occupied,3,53.6
TRN-03101,BLK-019144,Track Occupied,2,64.6
TRN-03102,BLK-007472,Track Occupied,3,64.9
TRN-03103,BLK-021476,Track Occupied,3,81.5
TRN-03104,BLK-020712,Track Occupied,1,52.4
TRN-03105,BLK-001854,Track Occupied,1,49.4
TRN-03106,BLK-022869,Track Occupied,1,18.2
TRN-03107,BLK-011164,Track Occupied,3,70.0
TRN-03108,BLK-001737,Track Occupied,3,73.2
TRN-03109,BLK-020730,Track Occupied,1,24.8
TRN-03109,BLK-020731,Track Occupied,1,24.8
TRN-03110,BLK-031440,Track Occupied,3,63.3
TRN-03111,BLK-007426,Track Occupied,3,62.2
TRN-03112,BLK-023112,Track Occupied,3,52.6
TRN-03113,BLK-033486,Track Occupied,2,93.5
TRN-03114,BLK-023214,Track Occupied,2,73.1
TRN-03115,BLK-025930,Track Occupied,3,62.3
TRN-03116,BLK-024469,Track Occupied,3,73.0
TRN-03117,BLK-022393,Track Occupied,3,93.0
TRN-03118,BLK-016969,Track Occupied,2,70.8
TRN-03119,BLK-001334,Track Occupied,1,11.4
TRN-03120,BLK-014240,Track Occupied,3,65.6
TRN-03121,BLK-017937,Track Occupied,3,99.0
TRN-03122,BLK-012474,Track Occupied,1,33.9
TRN-03123,BLK-027904,Track Occupied,2,69.1
TRN-03124,BLK-007300,Track Occupied,2,47.6
TRN-03125,BLK-020070,Track Occupied,3,89.9
TRN-03126,BLK-024483,Track Occupied,2,76.7
TRN-03127,BLK-011491,Track Occupied,3,86.7
TRN-03128,BLK-006743,Track Occupied,2,59.3
TRN-03129,BLK-000009,Track Occupied,1,36.7
TRN-03130,BLK-028437,Track Occupied,2,80.1
TRN-03131,BLK-011021,Track Occupied,3,61.5
TRN-03132,BLK-027533,Track Occupied,3,87.0
TRN-03133,BLK-022693,Track Occupied,2,73.0
TRN-03134,BLK-020503,Track Occupied,3,39.2
TRN-03135,BLK-008599,Track Occupied,3,62.6
TRN-03136,BLK-005176,Track Occupied,2,82.4
TRN-03137,BLK-009361,Track Occupied,3,64.4
TRN-03138,BLK-018774,Track Occupied,1,27.6
TRN-03139,BLK-024961,Track Occupied,1,23.8
TRN-03140,BLK-017410,Track Occupied,2,94.1
TRN-03141,BLK-033375,Track Occupied,2,50.2
TRN-03142,BLK-001186,Track Occupied,3,52.3
TRN-03143,BLK-006597,Track Occupied,2,59.3
TRN-03144,BLK-024673,Track Occupied,3,48.5
TRN-03145,BLK-016549,Track Occupied,3,90.6
TRN-03146,BLK-028151,Track Occupied,3,64.9
TRN-03147,BLK-015149,Track Occupied,2,74.9
TRN-03148,BLK-002187,Track Occupied,3,61.1
TRN-03149,BLK-019662,Track Occupied,2,94.9
TRN-03150,BLK-005612,Track Occupied,3,46.5
TRN-03151,BLK-027880,Track Occupied,3,79.1
TRN-03152,BLK-030159,Track Occupied,3,68.2
TRN-03153,BLK-029346,Track Occupied,1,30.4
TRN-03153,BLK-029347,Track Occupied,1,30.4
TRN-03154,BLK-027482,Track Occupied,3,86.9
TRN-03155,BLK-007681,Track Occupied,3,47.4
TRN-03156,BLK-033514,Track Occupied,1,28.9
TRN-03157,BLK-003766,Track Occupied,2,84.9
TRN-03158,BLK-018676,Track Occupied,3,51.9
TRN-03158,BLK-018677,Track Occupied,3,51.9
TRN-03159,BLK-016908,Track Occupied,2,78.4
TRN-03160,BLK-031767,Track Occupied,3,64.0
TRN-03161,BLK-005808,Track Occupied,1,27.0
TRN-03162,BLK-020901,Track Occupied,3,82.9
TRN-03163,BLK-023931,Track Occupied,1,65.5
TRN-03164,BLK-005459,Track Occupied,1,12.4
TRN-03165,BLK-019378,Track Occupied,2,55.4
TRN-03166,BLK-011223,Track Occupied,2,68.1
TRN-03167,BLK-008946,Track Occupied,3,61.5
TRN-03168,BLK-026969,Track Occupied,2,83.4
TRN-03169,BLK-019857,Track Occupied,3,57.4
TRN-03170,BLK-029253,Track Occupied,2,64.6
TRN-03171,BLK-009086,Track Occupied,3,60.1
TRN-03172,BLK-014016,Track Occupied,3,72.2
TRN-03173,BLK-026704,Track Occupied,2,73.7
TRN-03174,BLK-001407,Track Occupied,2,52.8
TRN-03175,BLK-018611,Track Occupied,3,68.8
TRN-03176,BLK-013743,Track Occupied,3,67.9
TRN-03177,BLK-017079,Track Occupied,2,70.5
TRN-03177,BLK-017080,Track Occupied,2,70.5
TRN-03178,BLK-010415,Track Occupied,1,34.7
TRN-03179,BLK-009382,Track Occupied,3,68.7
TRN-03180,BLK-030944,Track Occupied,3,40.5
TRN-03181,BLK-020195,Track Occupied,3,82.0
TRN-03182,BLK-013572,Track Occupied,2,99.0
TRN-03183,BLK-030014,Track Occupied,1,25.9
TRN-03184,BLK-030267,Track Occupied,2,92.2
TRN-03184,BLK-030268,Track Occupied,2,92.2
TRN-03185,BLK-007384,Track Occupied,2,83.3
TRN-03186,BLK-023844,Track Occupied,2,79.7
TRN-03187,BLK-010045,Track Occupied,2,71.1
TRN-03188,BLK-002413,Track Occupied,2,55.6
TRN-03189,BLK-018248,Track Occupied,3,54.2
TRN-03190,BLK-020528,Track Occupied,1,44.5
TRN-03191,BLK-017751,Track Occupied,3,69.2
TRN-03192,BLK-009586,Track Occupied,3,63.3
TRN-03193,BLK-026678,Track Occupied,3,73.5
TRN-03194,BLK-008467,Track Occupied,2,78.1
TRN-03194,BLK-008468,Track Occupied,2,78.1
TRN-03195,BLK-024750,Track Occupied,2,72.3
TRN-03195,BLK-024751,Track Occupied,2,72.3
TRN-03196,BLK-019450,Track Occupied,3,80.6
TRN-03197,BLK-006494,Track Occupied,3,75.6
TRN-03198,BLK-019224,Track Occupied,2,76.9
TRN-03199,BLK-032227,Track Occupied,2,88.2
TRN-03200,BLK-027527,Track Occupied,3,66.5
TRN-03201,BLK-026238,Track Occupied,2,74.8
TRN-03201,BLK-026239,Track Occupied,2,74.8
TRN-03202,BLK-011656,Track Occupied,3,30.5
TRN-03203,BLK-027580,Track Occupied,2,72.2
TRN-03204,BLK-012122,Track Occupied,1,44.7
TRN-03205,BLK-008082,Track Occupied,3,70.2
TRN-03206,BLK-018334,Track Occupied,3,73.6
TRN-03207,BLK-029257,Track Occupied,2,99.0
TRN-03208,BLK-019482,Track Occupied,2,81.2
TRN-03209,BLK-018947,Track Occupied,2,53.3
TRN-03210,BLK-024057,Track Occupied,3,73.2
TRN-03211,BLK-020971,Track Occupied,3,91.6
TRN-03212,BLK-024183,Track Occupied,2,51.3
TRN-03213,BLK-009114,Track Occupied,3,69.8
TRN-03214,BLK-013353,Track Occupied,2,81.8
TRN-03215,BLK-016760,Track Occupied,2,69.2
TRN-03216,BLK-018427,Track Occupied,1,31.9
TRN-03216,BLK-018428,Track Occupied,1,31.9
TRN-03217,BLK-016861,Track Occupied,2,62.0
TRN-03218,BLK-020229,Track Occupied,1,14.1
TRN-03219,BLK-002570,Track Occupied,2,47.9
TRN-03220,BLK-019134,Track Occupied,3,84.3
TRN-03221,BLK-012650,Track Occupied,2,61.5
TRN-03222,BLK-008419,Track Occupied,3,61.2
TRN-03223,BLK-029850,Track Occupied,1,41.7
TRN-03224,BLK-030524,Track Occupied,3,69.1
TRN-03225,BLK-032257,Track Occupied,2,62.8
TRN-03226,BLK-006804,Track Occupied,2,65.2
TRN-03227,BLK-028523,Track Occupied,1,39.6
TRN-03228,BLK-032251,Track Occupied,1,34.1
TRN-03229,BLK-025055,Track Occupied,3,85.6
TRN-03230,BLK-002352,Track Occupied,2,65.8
TRN-03231,BLK-003784,Track Occupied,1,35.7
TRN-03232,BLK-027313,Track Occupied,3,84.8
TRN-03233,BLK-013762,Track Occupied,3,73.3
TRN-03234,BLK-023061,Track Occupied,2,88.6
TRN-03235,BLK-002124,Track Occupied,2,73.3
TRN-03236,BLK-007286,Track Occupied,3,99.0
TRN-03237,BLK-019535,Track Occupied,1,25.5
TRN-03238,BLK-004108,Track Occupied,3,83.2
TRN-03239,BLK-019250,Track Occupied,3,68.1
TRN-03240,BLK-006984,Track Occupied,2,68.6
TRN-03241,BLK-026141,Track Occupied,1,17.0
TRN-03242,BLK-028626,Track Occupied,2,61.1
TRN-03243,BLK-010833,Track Occupied,2,63.0
TRN-03244,BLK-013516,Track Occupied,2,51.0
TRN-03245,BLK-014461,Track Occupied,3,60.6
TRN-03246,BLK-007499,Track Occupied,2,58.8
TRN-03247,BLK-006160,Track Occupied,1,29.1
TRN-03248,BLK-014212,Track Occupied,3,59.0
TRN-03249,BLK-008336,Track Occupied,3,58.9
TRN-03250,BLK-028801,Track Occupied,3,99.0
TRN-03251,BLK-019722,Track Occupied,2,82.4
TRN-03252,BLK-008672,Track Occupied,3,67.1
TRN-03253,BLK-026012,Track Occupied,1,28.2
TRN-03254,BLK-018348,Track Occupied,3,60.9
TRN-03255,BLK-023879,Track Occupied,2,69.1
TRN-03256,BLK-014539,Track Occupied,3,73.2
TRN-03257,BLK-033205,Track Occupied,1,35.7
TRN-03258,BLK-029489,Track Occupied,3,91.0
TRN-03258,BLK-029490,Track Occupied,3,91.0
TRN-03259,BLK-032941,Track Occupied,2,86.5
TRN-03259,BLK-032942,Track Occupied,2,86.5
TRN-03260,BLK-001611,Track Occupied,2,70.3
TRN-03261,BLK-012558,Track Occupied,2,44.2
TRN-03262,BLK-031921,Track Occupied,3,59.5
TRN-03263,BLK-025667,Track Occupied,2,84.7
TRN-03264,BLK-013773,Track Occupied,2,50.2
TRN-03265,BLK-012187,Track Occupied,2,60.2
TRN-03266,BLK-007520,Track Occupied,2,64.3
TRN-03267,BLK-025726,Track Occupied,3,80.1
TRN-03268,BLK-028244,Track Occupied,3,43.6
TRN-03269,BLK-027048,Track Occupied,3,79.8
TRN-03270,BLK-017315,Track Occupied,3,83.4
TRN-03271,BLK-021319,Track Occupied,2,41.4
TRN-03272,BLK-017525,Track Occupied,3,64.6
TRN-03273,BLK-027627,Track Occupied,3,76.5
TRN-03274,BLK-010804,Track Occupied,2,99.0
TRN-03275,BLK-007775,Track Occupied,2,60.6
TRN-03276,BLK-027931,Track Occupied,1,34.2
TRN-03277,BLK-016699,Track Occupied,2,70.1
TRN-03278,BLK-009210,Track Occupied,3,72.0
TRN-03279,BLK-030341,Track Occupied,2,64.4
TRN-03280,BLK-001744,Track Occupied,2,79.0
TRN-03281,BLK-025949,Track Occupied,3,53.8
TRN-03281,BLK-025950,Track Occupied,3,53.8
TRN-03282,BLK-017616,Track Occupied,2,87.4
TRN-03283,BLK-025500,Track Occupied,1,36.4
TRN-03284,BLK-010108,Track Occupied,2,75.7
TRN-03285,BLK-007092,Track Occupied,3,61.3
TRN-03286,BLK-027726,Track Occupied,3,66.9
TRN-03287,BLK-032342,Track Occupied,1,23.8
TRN-03288,BLK-003596,Track Occupied,3,71.4
TRN-03289,BLK-009946,Track Occupied,2,54.3
TRN-03290,BLK-026176,Track Occupied,3,63.6
TRN-03291,BLK-008803,Track Occupied,3,66.4
TRN-03292,BLK-032680,Track Occupied,3,47.2
TRN-03293,BLK-000660,Track Occupied,2,60.8
TRN-03294,BLK-031176,Track Occupied,3,60.6
TRN-03295,BLK-032564,Track Occupied,2,77.8
TRN-03296,BLK-001973,Track Occupied,3,81.9
TRN-03296,BLK-001974,Track Occupied,3,81.9
TRN-03297,BLK-000234,Track Occupied,3,90.6
TRN-03298,BLK-006800,Track Occupied,2,37.6
TRN-03299,BLK-033512,Track Occupied,2,49.0
TRN-03300,BLK-006291,Track Occupied,2,86.7
TRN-03301,BLK-027314,Track Occupied,3,97.4
TRN-03301,BLK-027315,Track Occupied,3,97.4
TRN-03302,BLK-017090,Track Occupied,2,82.6
TRN-03303,BLK-009650,Track Occupied,3,65.6
TRN-03304,BLK-013347,Track Occupied,1,38.0
TRN-03305,BLK-010253,Track Occupied,3,99.0
TRN-03306,BLK-023434,Track Occupied,3,60.9
TRN-03306,BLK-023435,Track Occupied,3,60.9
TRN-03307,BLK-023513,Track Occupied,2,74.7
TRN-03308,BLK-008791,Track Occupied,3,79.8
TRN-03309,BLK-023020,Track Occupied,2,70.3
TRN-03309,BLK-023021,Track Occupied,2,70.3
TRN-03310,BLK-024584,Track Occupied,1,19.7
TRN-03311,BLK-028730,Track Occupied,1,5.0
TRN-03312,BLK-008091,Track Occupied,2,84.2
TRN-03313,BLK-021268,Track Occupied,2,86.1
TRN-03314,BLK-011556,Track Occupied,1,32.6
TRN-03315,BLK-018079,Track Occupied,3,76.3
TRN-03316,BLK-026916,Track Occupied,2,65.9
TRN-03317,BLK-028719,Track Occupied,3,53.7
TRN-03318,BLK-028777,Track Occupied,2,51.0
TRN-03319,BLK-010248,Track Occupied,3,66.9
TRN-03320,BLK-004920,Track Occupied,2,34.4
TRN-03321,BLK-030964,Track Occupied,1,28.8
TRN-03322,BLK-007347,Track Occupied,1,47.6
TRN-03323,BLK-014991,Track Occupied,1,43.4
TRN-03324,BLK-018802,Track Occupied,2,82.0
TRN-03325,BLK-012372,Track Occupied,3,95.8
TRN-03326,BLK-000305,Track Occupied,3,70.4
TRN-03327,BLK-002756,Track Occupied,2,82.3
TRN-03328,BLK-011319,Track Occupied,3,82.1
TRN-03329,BLK-004078,Track Occupied,3,44.5
TRN-03329,BLK-004079,Track Occupied,3,44.5
TRN-03330,BLK-005186,Track Occupied,1,21.8
TRN-03331,BLK-031208,Track Occupied,3,78.1
TRN-03332,BLK-028809,Track Occupied,1,53.8
TRN-03332,BLK-028810,Track Occupied,1,53.8
TRN-03333,BLK-023849,Track Occupied,3,99.0
TRN-03334,BLK-029184,Track Occupied,1,68.3
TRN-03335,BLK-004775,Track Occupied,2,99.0
TRN-03336,BLK-030643,Track Occupied,3,54.2
TRN-03337,BLK-005586,Track Occupied,3,76.8
TRN-03338,BLK-023309,Track Occupied,2,79.1
TRN-03339,BLK-026517,Track Occupied,2,80.0
TRN-03340,BLK-028659,Track Occupied,3,91.3
TRN-03341,BLK-033024,Track Occupied,2,72.2
TRN-03342,BLK-028748,Track Occupied,1,77.9
TRN-03343,BLK-029976,Track Occupied,3,72.0
TRN-03344,BLK-029996,Track Occupied,3,86.5
TRN-03345,BLK-010509,Track Occupied,3,43.5
TRN-03346,BLK-017078,Track Occupied,3,74.1
TRN-03347,BLK-013634,Track Occupied,3,49.9
TRN-03348,BLK-016143,Track Occupied,3,78.4
TRN-03348,BLK-016144,Track Occupied,3,78.4
TRN-03349,BLK-005923,Track Occupied,1,33.3
TRN-03350,BLK-025805,Track Occupied,1,48.5
TRN-03351,BLK-022859,Track Occupied,2,69.0
TRN-03352,BLK-027022,Track Occupied,3,94.6
TRN-03353,BLK-026260,Track Occupied,3,59.1
TRN-03354,BLK-002018,Track Occupied,3,70.1
TRN-03355,BLK-017546,Track Occupied,1,40.9
TRN-03356,BLK-028513,Track Occupied,3,79.2
TRN-03357,BLK-018333,Track Occupied,2,72.1
TRN-03358,BLK-016944,Track Occupied,2,76.0
TRN-03359,BLK-010597,Track Occupied,1,19.9
TRN-03360,BLK-032503,Track Occupied,2,47.1
TRN-03360,BLK-032504,Track Occupied,2,47.1
TRN-03361,BLK-016873,Track Occupied,1,31.1
TRN-03362,BLK-002566,Track Occupied,3,72.5
TRN-03363,BLK-009839,Track Occupied,3,59.1
TRN-03364,BLK-029519,Track Occupied,2,48.9
TRN-03365,BLK-007244,Track Occupied,3,47.1
TRN-03366,BLK-032783,Track Occupied,3,68.6
TRN-03367,BLK-014506,Track Occupied,3,82.1
TRN-03368,BLK-005047,Track Occupied,3,69.8
TRN-03369,BLK-024992,Track Occupied,3,77.2
TRN-03370,BLK-018427,Track Occupied,3,46.3
TRN-03371,BLK-010292,Track Occupied,2,49.5
TRN-03372,BLK-032416,Track Occupied,1,39.5
TRN-03373,BLK-020558,Track Occupied,2,62.2
TRN-03374,BLK-012832,Track Occupied,1,32.9
TRN-03375,BLK-013553,Track Occupied,1,34.8
TRN-03376,BLK-017127,Track Occupied,1,55.4
TRN-03377,BLK-017932,Track Occupied,2,80.2
TRN-03378,BLK-023601,Track Occupied,3,57.0
TRN-03379,BLK-016229,Track Occupied,3,54.2
TRN-03380,BLK-030262,Track Occupied,2,86.7
TRN-03381,BLK-021396,Track Occupied,2,68.7
TRN-03382,BLK-031859,Track Occupied,1,36.3
TRN-03383,BLK-010268,Track Occupied,2,93.1
TRN-03384,BLK-008402,Track Occupied,2,75.3
TRN-03385,BLK-030791,Track Occupied,2,60.5
TRN-03386,BLK-006078,Track Occupied,2,97.8
TRN-03387,BLK-006038,Track Occupied,1,32.8
TRN-03388,BLK-026924,Track Occupied,2,45.1
TRN-03389,BLK-026183,Track Occupied,3,82.3
TRN-03389,BLK-026184,Track Occupied,3,82.3
TRN-03390,BLK-011449,Track Occupied,2,79.4
TRN-03391,BLK-032762,Track Occupied,2,88.2
TRN-03392,BLK-007932,Track Occupied,3,90.1
TRN-03393,BLK-028133,Track Occupied,3,73.9
TRN-03394,BLK-002472,Track Occupied,3,51.6
TRN-03395,BLK-006041,Track Occupied,2,77.0
TRN-03396,BLK-033557,Track Occupied,3,68.9
TRN-03397,BLK-009918,Track Occupied,2,74.0
TRN-03398,BLK-009735,Track Occupied,2,76.0
TRN-03399,BLK-013498,Track Occupied,2,72.1
TRN-03400,BLK-026761,Track Occupied,3,96.9
TRN-03401,BLK-023590,Track Occupied,3,49.4
TRN-03402,BLK-031790,Track Occupied,2,53.9
TRN-03403,BLK-003151,Track Occupied,2,59.7
TRN-03404,BLK-032076,Track Occupied,1,47.6
TRN-03405,BLK-001003,Track Occupied,2,63.3
TRN-03406,BLK-011848,Track Occupied,2,74.0
TRN-03407,BLK-012486,Track Occupied,3,81.0
TRN-03408,BLK-021778,Track Occupied,3,56.4
TRN-03409,BLK-032251,Track Occupied,2,85.0
TRN-03410,BLK-016589,Track Occupied,2,72.2
TRN-03411,BLK-006132,Track Occupied,2,57.3
TRN-03412,BLK-028535,Track Occupied,1,49.3
TRN-03413,BLK-016153,Track Occupied,3,56.4
TRN-03414,BLK-022251,Track Occupied,3,73.7
TRN-03414,BLK-022252,Track Occupied,3,73.7
TRN-03415,BLK-033083,Track Occupied,2,74.4
TRN-03416,BLK-027204,Track Occupied,2,86.7
TRN-03417,BLK-016436,Track Occupied,3,75.3
TRN-03417,BLK-016437,Track Occupied,3,75.3
TRN-03418,BLK-002734,Track Occupied,3,91.9
TRN-03419,BLK-013416,Track Occupied,3,59.4
TRN-03420,BLK-026604,Track Occupied,2,83.6
TRN-03421,BLK-003489,Track Occupied,3,88.6
TRN-03422,BLK-012241,Track Occupied,3,88.6
TRN-03423,BLK-020051,Track Occupied,3,42.2
TRN-03424,BLK-011362,Track Occupied,2,57.6
TRN-03425,BLK-019563,Track Occupied,3,68.0
TRN-03426,BLK-030356,Track Occupied,3,89.8
TRN-03427,BLK-032461,Track Occupied,3,41.5
TRN-03428,BLK-004775,Track Occupied,2,25.0
TRN-03429,BLK-013863,Track Occupied,2,60.0
TRN-03430,BLK-008149,Track Occupied,2,76.2
TRN-03431,BLK-005878,Track Occupied,3,93.8
TRN-03432,BLK-002098,Track Occupied,2,79.6
TRN-03432,BLK-002099,Track Occupied,2,79.6
TRN-03433,BLK-013183,Track Occupied,1,10.2
TRN-03433,BLK-013184,Track Occupied,1,10.2
TRN-03434,BLK-024219,Track Occupied,3,77.3
TRN-03435,BLK-025280,Track Occupied,2,70.1
TRN-03436,BLK-024540,Track Occupied,2,61.3
TRN-03437,BLK-021104,Track Occupied,1,46.4
TRN-03438,BLK-015496,Track Occupied,1,34.8
TRN-03439,BLK-032611,Track Occupied,3,82.1
TRN-03440,BLK-002394,Track Occupied,2,99.0
TRN-03441,BLK-025383,Track Occupied,2,35.0
TRN-03442,BLK-013262,Track Occupied,1,36.8
TRN-03443,BLK-018941,Track Occupied,1,32.1
TRN-03444,BLK-019745,Track Occupied,3,29.6
TRN-03445,BLK-029465,Track Occupied,3,79.0
TRN-03446,BLK-009711,Track Occupied,3,79.9
TRN-03447,BLK-008352,Track Occupied,3,54.4
TRN-03448,BLK-029145,Track Occupied,3,78.4
TRN-03449,BLK-031309,Track Occupied,3,57.6
TRN-03450,BLK-030824,Track Occupied,2,25.0
TRN-03451,BLK-006934,Track Occupied,2,82.5
TRN-03452,BLK-020339,Track Occupied,2,60.9
TRN-03453,BLK-021670,Track Occupied,3,74.0
TRN-03454,BLK-007594,Track Occupied,2,56.0
TRN-03455,BLK-024432,Track Occupied,2,61.2
TRN-03456,BLK-021614,Track Occupied,3,48.8
TRN-03457,BLK-008079,Track Occupied,2,77.9
TRN-03458,BLK-032524,Track Occupied,3,85.2
TRN-03459,BLK-004042,Track Occupied,1,49.3
TRN-03460,BLK-033186,Track Occupied,2,58.8
TRN-03461,BLK-018978,Track Occupied,2,83.7
TRN-03462,BLK-003036,Track Occupied,1,11.0
TRN-03463,BLK-028017,Track Occupied,2,62.9
TRN-03464,BLK-009959,Track Occupied,2,81.6
TRN-03465,BLK-016948,Track Occupied,3,52.4
TRN-03466,BLK-000383,Track Occupied,2,99.0
TRN-03467,BLK-029933,Track Occupied,2,75.9
TRN-03468,BLK-000912,Track Occupied,2,62.6
TRN-03469,BLK-024119,Track Occupied,3,63.3
TRN-03470,BLK-005365,Track Occupied,3,99.0
TRN-03471,BLK-015574,Track Occupied,2,74.1
TRN-03472,BLK-011022,Track Occupied,2,48.2
TRN-03472,BLK-011023,Track Occupied,2,48.2
TRN-03473,BLK-003706,Track Occupied,2,54.8
TRN-03474,BLK-024768,Track Occupied,2,93.0
TRN-03475,BLK-024887,Track Occupied,3,64.7
TRN-03476,BLK-011938,Track Occupied,3,89.8
TRN-03477,BLK-018978,Track Occupied,3,95.1
TRN-03478,BLK-018849,Track Occupied,3,67.7
TRN-03479,BLK-024353,Track Occupied,3,74.0
TRN-03480,BLK-027732,Track Occupied,2,43.4
TRN-03481,BLK-025510,Track Occupied,3,64.8
TRN-03482,BLK-029267,Track Occupied,1,30.3
TRN-03483,BLK-014690,Track Occupied,2,88.6
TRN-03483,BLK-014691,Track Occupied,2,88.6
TRN-03484,BLK-021174,Track Occupied,3,67.3
TRN-03485,BLK-011623,Track Occupied,3,90.2
TRN-03486,BLK-009282,Track Occupied,2,52.8
TRN-03487,BLK-004837,Track Occupied,1,23.8
TRN-03488,BLK-025544,Track Occupied,2,81.8
TRN-03489,BLK-010733,Track Occupied,2,50.6
TRN-03489,BLK-010734,Track Occupied,2,50.6
TRN-03490,BLK-031995,Track Occupied,1,60.2
TRN-03491,BLK-010449,Track Occupied,3,99.0
TRN-03492,BLK-030024,Track Occupied,2,81.2
TRN-03493,BLK-021958,Track Occupied,2,83.9
TRN-03494,BLK-006506,Track Occupied,1,41.0
TRN-03495,BLK-019240,Track Occupied,2,80.5
TRN-03496,BLK-028652,Track Occupied,3,81.3
TRN-03496,BLK-028653,Track Occupied,3,81.3
TRN-03497,BLK-000616,Track Occupied,2,46.3
TRN-03498,BLK-007689,Track Occupied,3,83.9
TRN-03499,BLK-031774,Track Occupied,1,38.7
TRN-03500,BLK-025171,Track Occupied,2,57.8
TRN-03501,BLK-029041,Track Occupied,1,36.7
TRN-03502,BLK-012916,Track Occupied,3,43.5
TRN-03503,BLK-006343,Track Occupied,3,86.7
TRN-03504,BLK-011240,Track Occupied,3,63.8
TRN-03505,BLK-024645,Track Occupied,2,86.8
TRN-03506,BLK-014113,Track Occupied,2,82.5
TRN-03507,BLK-012896,Track Occupied,2,72.6
TRN-03508,BLK-017883,Track Occupied,1,25.0
TRN-03509,BLK-014521,Track Occupied,3,63.0
TRN-03510,BLK-018496,Track Occupied,2,87.4
TRN-03511,BLK-006913,Track Occupied,3,65.4
TRN-03512,BLK-018164,Track Occupied,2,97.6
TRN-03513,BLK-015031,Track Occupied,2,87.4
TRN-03514,BLK-012827,Track Occupied,3,72.1
TRN-03515,BLK-005019,Track Occupied,3,70.7
TRN-03516,BLK-003758,Track Occupied,3,67.2
TRN-03517,BLK-033219,Track Occupied,1,34.9
TRN-03518,BLK-024677,Track Occupied,1,38.3
TRN-03519,BLK-032583,Track Occupied,2,87.2
TRN-03520,BLK-022066,Track Occupied,2,64.3
TRN-03520,BLK-022067,Track Occupied,2,64.3
TRN-03521,BLK-017592,Track Occupied,3,74.9
TRN-03522,BLK-026146,Track Occupied,3,67.9
TRN-03523,BLK-031370,Track Occupied,1,39.0
TRN-03524,BLK-032681,Track Occupied,2,93.7
TRN-03525,BLK-016800,Track Occupied,2,87.0
TRN-03526,BLK-020567,Track Occupied,3,54.5
TRN-03527,BLK-004467,Track Occupied,2,96.4
TRN-03528,BLK-021673,Track Occupied,2,56.9
TRN-03529,BLK-031811,Track Occupied,2,56.7
TRN-03530,BLK-007273,Track Occupied,2,60.8
TRN-03531,BLK-022235,Track Occupied,3,66.8
TRN-03532,BLK-024392,Track Occupied,2,81.0
TRN-03533,BLK-016373,Track Occupied,3,79.9
TRN-03534,BLK-028907,Track Occupied,3,71.8
TRN-03535,BLK-022233,Track Occupied,3,76.0
TRN-03536,BLK-025894,Track Occupied,1,31.3
TRN-03537,BLK-014501,Track Occupied,3,80.1
TRN-03538,BLK-023391,Track Occupied,2,62.8
TRN-03538,BLK-023392,Track Occupied,2,62.8
TRN-03539,BLK-018208,Track Occupied,3,73.1
TRN-03540,BLK-028513,Track Occupied,1,33.6
TRN-03541,BLK-019688,Track Occupied,3,64.4
TRN-03542,BLK-010694,Track Occupied,3,99.0
TRN-03543,BLK-023406,Track Occupied,2,61.0
TRN-03544,BLK-006953,Track Occupied,3,78.5
TRN-03545,BLK-019724,Track Occupied,1,33.8
TRN-03546,BLK-022805,Track Occupied,3,60.9
TRN-03547,BLK-005833,Track Occupied,2,93.9
TRN-03548,BLK-027934,Track Occupied,2,82.7
TRN-03549,BLK-022389,Track Occupied,2,57.5
TRN-03550,BLK-023490,Track Occupied,3,70.9
TRN-03551,BLK-029538,Track Occupied,2,74.8
TRN-03552,BLK-017527,Track Occupied,2,74.3
TRN-03553,BLK-009996,Track Occupied,2,90.4
TRN-03554,BLK-023654,Track Occupied,3,96.3
TRN-03555,BLK-026725,Track Occupied,2,99.0
TRN-03556,BLK-013309,Track Occupied,3,81.8
TRN-03557,BLK-004451,Track Occupied,1,7.1
TRN-03558,BLK-021055,Track Occupied,2,88.9
TRN-03559,BLK-031293,Track Occupied,2,70.5
TRN-03560,BLK-017886,Track Occupied,3,71.9
TRN-03561,BLK-012900,Track Occupied,3,99.0
TRN-03562,BLK-018514,Track Occupied,1,44.2
TRN-03563,BLK-010581,Track Occupied,3,76.1
TRN-03564,BLK-014738,Track Occupied,2,79.4
TRN-03565,BLK-019452,Track Occupied,3,90.0
TRN-03566,BLK-004714,Track Occupied,2,48.8
TRN-03567,BLK-016658,Track Occupied,3,44.7
TRN-03568,BLK-014094,Track Occupied,3,69.2
TRN-03569,BLK-009180,Track Occupied,3,88.1
TRN-03570,BLK-022151,Track Occupied,2,71.1
TRN-03571,BLK-005692,Track Occupied,1,60.8
TRN-03572,BLK-003877,Track Occupied,2,51.2
TRN-03573,BLK-028948,Track Occupied,3,70.3
TRN-03574,BLK-024633,Track Occupied,2,90.1
TRN-03575,BLK-009801,Track Occupied,2,73.2
TRN-03576,BLK-009575,Track Occupied,1,55.9
TRN-03577,BLK-032960,Track Occupied,1,41.5
TRN-03578,BLK-025528,Track Occupied,3,51.9
TRN-03579,BLK-020768,Track Occupied,3,80.0
TRN-03580,BLK-018623,Track Occupied,2,53.0
TRN-03581,BLK-008087,Track Occupied,1,11.6
TRN-03582,BLK-014092,Track Occupied,2,66.7
TRN-03583,BLK-026009,Track Occupied,2,71.8
TRN-03584,BLK-001574,Track Occupied,3,82.4
TRN-03585,BLK-027910,Track Occupied,3,62.0
TRN-03586,BLK-001916,Track Occupied,2,47.4
TRN-03587,BLK-011465,Track Occupied,3,84.7
TRN-03588,BLK-017955,Track Occupied,2,55.7
TRN-03589,BLK-029747,Track Occupied,2,74.3
TRN-03590,BLK-003856,Track Occupied,1,35.4
TRN-03590,BLK-003857,Track Occupied,1,35.4
TRN-03591,BLK-000905,Track Occupied,1,49.5
TRN-03592,BLK-021717,Track Occupied,2,84.8
TRN-03593,BLK-000905,Track Occupied,3,82.3
TRN-03594,BLK-019432,Track Occupied,3,31.4
TRN-03595,BLK-013081,Track Occupied,2,63.7
TRN-03596,BLK-028109,Track Occupied,1,38.4
TRN-03597,BLK-001394,Track Occupied,1,55.7
TRN-03598,BLK-017094,Track Occupied,3,48.3
TRN-03599,BLK-011108,Track Occupied,2,41.6
TRN-03600,BLK-001233,Track Occupied,2,53.5
TRN-03601,BLK-029653,Track Occupied,3,86.1
TRN-03601,BLK-029654,Track Occupied,3,86.1
TRN-03602,BLK-007476,Track Occupied,2,58.3
TRN-03603,BLK-015808,Track Occupied,2,88.7
TRN-03604,BLK-003317,Track Occupied,3,85.0
TRN-03605,BLK-013228,Track Occupied,2,65.9
TRN-03606,BLK-018404,Track Occupied,2,77.7
TRN-03607,BLK-014052,Track Occupied,2,72.1
TRN-03608,BLK-031243,Track Occupied,3,74.2
TRN-03609,BLK-024544,Track Occupied,3,32.8
TRN-03610,BLK-020218,Track Occupied,1,35.1
TRN-03611,BLK-032051,Track Occupied,1,52.4
TRN-03612,BLK-000168,Track Occupied,2,82.4
TRN-03613,BLK-024882,Track Occupied,3,51.1
TRN-03614,BLK-000079,Track Occupied,2,65.7
TRN-03615,BLK-007230,Track Occupied,3,54.6
TRN-03616,BLK-007300,Track Occupied,1,32.4
TRN-03617,BLK-012470,Track Occupied,3,46.5
TRN-03618,BLK-004985,Track Occupied,3,46.0
TRN-03619,BLK-001961,Track Occupied,3,86.2
TRN-03620,BLK-001609,Track Occupied,2,66.8
TRN-03621,BLK-006619,Track Occupied,3,48.2
TRN-03622,BLK-005790,Track Occupied,2,67.3
TRN-03623,BLK-002265,Track Occupied,3,77.3
TRN-03624,BLK-011334,Track Occupied,2,86.1
TRN-03625,BLK-029025,Track Occupied,3,47.6
TRN-03626,BLK-000102,Track Occupied,2,85.0
TRN-03627,BLK-021659,Track Occupied,2,69.4
TRN-03628,BLK-001074,Track Occupied,1,40.0
TRN-03629,BLK-025543,Track Occupied,2,81.0
TRN-03630,BLK-031888,Track Occupied,1,65.8
TRN-03631,BLK-027610,Track Occupied,2,79.5
TRN-03631,BLK-027611,Track Occupied,2,79.5
TRN-03632,BLK-009944,Track Occupied,2,77.2
TRN-03633,BLK-025035,Track Occupied,3,60.4
TRN-03634,BLK-014202,Track Occupied,2,70.2
TRN-03635,BLK-021505,Track Occupied,2,74.9
TRN-03636,BLK-031733,Track Occupied,1,38.4
TRN-03637,BLK-026551,Track Occupied,3,63.5
TRN-03638,BLK-015950,Track Occupied,1,64.0
TRN-03639,BLK-012896,Track Occupied,3,81.7
TRN-03640,BLK-011346,Track Occupied,1,48.2
TRN-03641,BLK-030166,Track Occupied,3,74.0
TRN-03642,BLK-005057,Track Occupied,3,44.5
TRN-03643,BLK-024474,Track Occupied,2,96.5
TRN-03644,BLK-015118,Track Occupied,1,54.2
TRN-03645,BLK-000311,Track Occupied,2,94.2
TRN-03646,BLK-032063,Track Occupied,1,26.9
TRN-03646,BLK-032064,Track Occupied,1,26.9
TRN-03647,BLK-005805,Track Occupied,1,33.0
TRN-03648,BLK-010844,Track Occupied,3,66.4
TRN-03649,BLK-027344,Track Occupied,3,81.9
TRN-03650,BLK-026321,Track Occupied,2,48.6
TRN-03651,BLK-016507,Track Occupied,3,72.8
TRN-03652,BLK-024545,Track Occupied,2,89.1
TRN-03653,BLK-030056,Track Occupied,2,54.3
TRN-03654,BLK-010973,Track Occupied,3,68.5
TRN-03655,BLK-000176,Track Occupied,2,58.3
TRN-03656,BLK-017796,Track Occupied,2,76.1
TRN-03657,BLK-016767,Track Occupied,3,78.5
TRN-03658,BLK-025963,Track Occupied,3,80.8
TRN-03659,BLK-014970,Track Occupied,1,48.3
TRN-03659,BLK-014971,Track Occupied,1,48.3
TRN-03660,BLK-021332,Track Occupied,3,66.6
TRN-03661,BLK-029373,Track Occupied,3,46.7
TRN-03662,BLK-011534,Track Occupied,2,85.4
TRN-03663,BLK-004460,Track Occupied,1,33.3
TRN-03664,BLK-021621,Track Occupied,2,89.5
TRN-03665,BLK-025066,Track Occupied,2,62.6
TRN-03666,BLK-006399,Track Occupied,1,45.7
TRN-03667,BLK-018761,Track Occupied,1,16.8
TRN-03667,BLK-018762,Track Occupied,1,16.8
TRN-03668,BLK-005375,Track Occupied,2,83.0
TRN-03669,BLK-007972,Track Occupied,2,60.4
TRN-03670,BLK-008559,Track Occupied,3,67.3
TRN-03671,BLK-019552,Track Occupied,1,48.0
TRN-03672,BLK-000718,Track Occupied,2,75.0
TRN-03673,BLK-014778,Track Occupied,3,48.6
TRN-03674,BLK-011576,Track Occupied,3,64.0
TRN-03675,BLK-016461,Track Occupied,2,81.1
TRN-03675,BLK-016462,Track Occupied,2,81.1
TRN-03676,BLK-009322,Track Occupied,2,60.7
TRN-03677,BLK-014840,Track Occupied,2,49.2
TRN-03678,BLK-025605,Track Occupied,3,68.0
TRN-03679,BLK-010669,Track Occupied,2,70.1
TRN-03680,BLK-030270,Track Occupied,2,83.0
TRN-03681,BLK-022109,Track Occupied,2,60.4
TRN-03682,BLK-011083,Track Occupied,2,91.0
TRN-03683,BLK-022317,Track Occupied,1,31.5
TRN-03684,BLK-015701,Track Occupied,3,66.1
TRN-03685,BLK-003952,Track Occupied,2,62.9
TRN-03686,BLK-021886,Track Occupied,3,62.5
TRN-03687,BLK-013652,Track Occupied,3,72.4
TRN-03688,BLK-004343,Track Occupied,2,70.4
TRN-03689,BLK-000696,Track Occupied,2,75.0
TRN-03690,BLK-007454,Track Occupied,2,81.8
TRN-03691,BLK-016874,Track Occupied,2,64.7
TRN-03691,BLK-016875,Track Occupied,2,64.7
TRN-03692,BLK-009728,Track Occupied,2,69.3
TRN-03692,BLK-009729,Track Occupied,2,69.3
TRN-03693,BLK-020710,Track Occupied,1,36.7
TRN-03694,BLK-006775,Track Occupied,3,68.2
TRN-03695,BLK-022506,Track Occupied,3,65.3
TRN-03696,BLK-011452,Track Occupied,3,90.4
TRN-03697,BLK-032126,Track Occupied,3,59.4
TRN-03698,BLK-030448,Track Occupied,2,86.8
TRN-03699,BLK-030565,Track Occupied,3,66.3
TRN-03700,BLK-006569,Track Occupied,3,43.7
TRN-03701,BLK-006612,Track Occupied,3,68.4
TRN-03702,BLK-015930,Track Occupied,1,61.0
TRN-03702,BLK-015931,Track Occupied,1,61.0
TRN-03703,BLK-017767,Track Occupied,3,84.4
TRN-03704,BLK-005092,Track Occupied,3,58.1
TRN-03705,BLK-031617,Track Occupied,3,94.4
TRN-03706,BLK-016897,Track Occupied,2,71.8
TRN-03706,BLK-016898,Track Occupied,2,71.8
TRN-03707,BLK-010791,Track Occupied,2,70.2
TRN-03708,BLK-020017,Track Occupied,3,64.5
TRN-03709,BLK-009116,Track Occupied,3,97.7
TRN-03710,BLK-031377,Track Occupied,3,71.6
TRN-03711,BLK-027878,Track Occupied,1,34.7
TRN-03712,BLK-031876,Track Occupied,3,64.8
TRN-03712,BLK-031877,Track Occupied,3,64.8
TRN-03713,BLK-006506,Track Occupied,1,13.4
TRN-03714,BLK-012326,Track Occupied,1,40.5
TRN-03715,BLK-011236,Track Occupied,2,78.3
TRN-03715,BLK-011237,Track Occupied,2,78.3
TRN-03716,BLK-013326,Track Occupied,2,88.8
TRN-03717,BLK-003244,Track Occupied,1,34.2
TRN-03718,BLK-018836,Track Occupied,2,61.2
TRN-03719,BLK-010273,Track Occupied,2,83.6
TRN-03720,BLK-009523,Track Occupied,2,80.2
TRN-03721,BLK-027130,Track Occupied,3,99.0
TRN-03722,BLK-029854,Track Occupied,2,57.7
TRN-03723,BLK-029438,Track Occupied,3,73.5
TRN-03724,BLK-016356,Track Occupied,2,71.2
TRN-03725,BLK-029089,Track Occupied,2,66.9
TRN-03726,BLK-028633,Track Occupied,1,31.2
TRN-03727,BLK-014043,Track Occupied,3,70.0
TRN-03728,BLK-031072,Track Occupied,3,80.6
TRN-03729,BLK-016050,Track Occupied,2,95.2
TRN-03730,BLK-014877,Track Occupied,1,18.1
TRN-03731,BLK-018599,Track Occupied,2,53.5
TRN-03732,BLK-006082,Track Occupied,2,67.5
TRN-03733,BLK-013896,Track Occupied,1,35.0
TRN-03734,BLK-000743,Track Occupied,3,67.8
TRN-03735,BLK-030034,Track Occupied,3,99.0
TRN-03736,BLK-005654,Track Occupied,2,65.1
TRN-03737,BLK-024790,Track Occupied,2,55.8
TRN-03738,BLK-030068,Track Occupied,1,32.7
TRN-03739,BLK-017196,Track Occupied,2,78.9
TRN-03740,BLK-016951,Track Occupied,3,63.4
TRN-03741,BLK-006929,Track Occupied,1,40.5
TRN-03742,BLK-011617,Track Occupied,3,74.9
TRN-03742,BLK-011618,Track Occupied,3,74.9
TRN-03743,BLK-027595,Track Occupied,3,71.7
TRN-03744,BLK-019051,Track Occupied,2,80.7
TRN-03745,BLK-028976,Track Occupied,1,18.7
TRN-03746,BLK-003073,Track Occupied,2,64.2
TRN-03747,BLK-015923,Track Occupied,1,45.9
TRN-03748,BLK-033106,Track Occupied,3,45.5
TRN-03749,BLK-027076,Track Occupied,2,48.9
TRN-03750,BLK-025058,Track Occupied,3,76.0
TRN-03751,BLK-023558,Track Occupied,1,38.6
TRN-03752,BLK-000239,Track Occupied,1,21.3
TRN-03753,BLK-020713,Track Occupied,3,68.8
TRN-03754,BLK-014901,Track Occupied,1,15.0
TRN-03755,BLK-010133,Track Occupied,3,92.9
TRN-03756,BLK-029503,Track Occupied,3,25.0
TRN-03757,BLK-004675,Track Occupied,1,67.8
TRN-03758,BLK-000927,Track Occupied,2,75.0
TRN-03759,BLK-009579,Track Occupied,2,83.0
TRN-03760,BLK-008518,Track Occupied,1,54.6
TRN-03761,BLK-010487,Track Occupied,2,87.0
TRN-03762,BLK-033152,Track Occupied,1,40.0
TRN-03763,BLK-006265,Track Occupied,3,96.0
TRN-03764,BLK-015189,Track Occupied,3,76.5
TRN-03764,BLK-015190,Track Occupied,3,76.5
TRN-03765,BLK-010810,Track Occupied,2,57.2
TRN-03766,BLK-011570,Track Occupied,2,77.4
TRN-03767,BLK-030684,Track Occupied,2,96.9
TRN-03768,BLK-025169,Track Occupied,2,62.5
TRN-03769,BLK-017840,Track Occupied,1,37.3
TRN-03769,BLK-017841,Track Occupied,1,37.3
TRN-03770,BLK-021606,Track Occupied,3,54.7
TRN-03771,BLK-007144,Track Occupied,2,96.6
TRN-03772,BLK-013848,Track Occupied,3,91.1
TRN-03773,BLK-030464,Track Occupied,3,86.7
TRN-03774,BLK-024215,Track Occupied,1,31.1
TRN-03775,BLK-005662,Track Occupied,1,32.5
TRN-03776,BLK-001627,Track Occupied,3,53.6
TRN-03776,BLK-001628,Track Occupied,3,53.6
TRN-03777,BLK-027712,Track Occupied,3,68.9
TRN-03778,BLK-019613,Track Occupied,1,25.3
TRN-03779,BLK-018415,Track Occupied,1,39.6
TRN-03780,BLK-015877,Track Occupied,3,99.0
TRN-03781,BLK-007194,Track Occupied,2,78.6
TRN-03782,BLK-016739,Track Occupied,3,66.2
TRN-03783,BLK-006148,Track Occupied,2,57.4
TRN-03784,BLK-022595,Track Occupied,1,5.0
TRN-03785,BLK-004661,Track Occupied,2,61.9
TRN-03786,BLK-020263,Track Occupied,1,49.6
TRN-03787,BLK-030161,Track Occupied,2,69.3
TRN-03788,BLK-010108,Track Occupied,2,73.3
TRN-03789,BLK-000819,Track Occupied,2,80.9
TRN-03790,BLK-009294,Track Occupied,3,68.8
TRN-03791,BLK-013810,Track Occupied,2,87.4
TRN-03792,BLK-031474,Track Occupied,2,82.7
TRN-03793,BLK-004746,Track Occupied,2,86.6
TRN-03794,BLK-010119,Track Occupied,1,25.6
TRN-03795,BLK-002769,Track Occupied,2,80.0
TRN-03796,BLK-001212,Track Occupied,2,70.2
TRN-03797,BLK-011230,Track Occupied,2,61.8
TRN-03798,BLK-011227,Track Occupied,2,65.7
TRN-03799,BLK-006335,Track Occupied,2,85.2
TRN-03800,BLK-031578,Track Occupied,1,33.8
TRN-03801,BLK-015706,Track Occupied,3,57.7
TRN-03802,BLK-019158,Track Occupied,3,62.1
TRN-03803,BLK-016651,Track Occupied,3,56.4
TRN-03804,BLK-007342,Track Occupied,3,72.0
TRN-03805,BLK-023758,Track Occupied,3,64.3
TRN-03806,BLK-024963,Track Occupied,3,69.1
TRN-03806,BLK-024964,Track Occupied,3,69.1
TRN-03807,BLK-022048,Track Occupied,3,60.1
TRN-03807,BLK-022049,Track Occupied,3,60.1
TRN-03808,BLK-009236,Track Occupied,1,62.6
TRN-03809,BLK-023083,Track Occupied,1,31.2
TRN-03809,BLK-023084,Track Occupied,1,31.2
TRN-03810,BLK-011513,Track Occupied,2,80.6
TRN-03811,BLK-006641,Track Occupied,2,99.0
TRN-03812,BLK-022514,Track Occupied,1,46.4
TRN-03813,BLK-030981,Track Occupied,3,59.7
TRN-03814,BLK-014022,Track Occupied,2,56.0
TRN-03815,BLK-006477,Track Occupied,2,65.7
TRN-03816,BLK-024868,Track Occupied,2,74.0
TRN-03817,BLK-021136,Track Occupied,3,60.0
TRN-03818,BLK-026696,Track Occupied,3,68.7
TRN-03819,BLK-007256,Track Occupied,2,81.6
TRN-03820,BLK-014281,Track Occupied,1,31.1
TRN-03821,BLK-022203,Track Occupied,1,30.0
TRN-03822,BLK-004468,Track Occupied,2,74.0
TRN-03823,BLK-019469,Track Occupied,1,24.1
TRN-03824,BLK-000646,Track Occupied,2,70.8
TRN-03825,BLK-022238,Track Occupied,3,88.7
TRN-03826,BLK-009522,Track Occupied,3,48.2
TRN-03827,BLK-028469,Track Occupied,1,6.4
TRN-03828,BLK-021341,Track Occupied,2,61.2
TRN-03829,BLK-022992,Track Occupied,3,70.5
TRN-03830,BLK-016855,Track Occupied,2,25.0
TRN-03831,BLK-015975,Track Occupied,2,72.1
TRN-03832,BLK-000164,Track Occupied,2,54.2
TRN-03833,BLK-029811,Track Occupied,2,60.0
TRN-03834,BLK-011331,Track Occupied,3,51.0
TRN-03835,BLK-010875,Track Occupied,2,62.4
TRN-03836,BLK-004917,Track Occupied,2,41.3
TRN-03837,BLK-018038,Track Occupied,2,57.2
TRN-03838,BLK-017503,Track Occupied,3,72.8
TRN-03839,BLK-006324,Track Occupied,2,63.1
TRN-03840,BLK-019633,Track Occupied,3,89.3
TRN-03841,BLK-023058,Track Occupied,3,48.6
TRN-03842,BLK-012292,Track Occupied,2,60.0
TRN-03843,BLK-006207,Track Occupied,1,53.3
TRN-03844,BLK-025244,Track Occupied,3,76.6
TRN-03845,BLK-000680,Track Occupied,2,89.9
TRN-03846,BLK-022603,Track Occupied,2,99.0
TRN-03847,BLK-000380,Track Occupied,3,53.3
TRN-03848,BLK-004555,Track Occupied,2,86.1
TRN-03849,BLK-023512,Track Occupied,1,16.8
TRN-03850,BLK-016829,Track Occupied,1,5.0
TRN-03850,BLK-016830,Track Occupied,1,5.0
TRN-03851,BLK-019520,Track Occupied,3,86.9
TRN-03852,BLK-013904,Track Occupied,3,63.5
TRN-03853,BLK-002602,Track Occupied,1,25.7
TRN-03854,BLK-021570,Track Occupied,2,58.5
TRN-03855,BLK-004140,Track Occupied,2,64.5
TRN-03856,BLK-022828,Track Occupied,3,57.2
TRN-03857,BLK-011787,Track Occupied,1,27.8
TRN-03858,BLK-012600,Track Occupied,1,36.4
TRN-03859,BLK-011193,Track Occupied,3,90.9
TRN-03859,BLK-011194,Track Occupied,3,90.9
TRN-03860,BLK-006725,Track Occupied,1,35.3
TRN-03861,BLK-020460,Track Occupied,2,74.0
TRN-03862,BLK-018758,Track Occupied,2,79.1
TRN-03863,BLK-022164,Track Occupied,2,93.9
TRN-03864,BLK-028834,Track Occupied,1,39.4
TRN-03864,BLK-028835,Track Occupied,1,39.4
TRN-03865,BLK-018874,Track Occupied,3,86.7
TRN-03866,BLK-004962,Track Occupied,2,75.5
TRN-03867,BLK-008907,Track Occupied,2,69.5
TRN-03868,BLK-006985,Track Occupied,2,90.7
TRN-03869,BLK-012354,Track Occupied,2,69.6
TRN-03870,BLK-032582,Track Occupied,2,54.5
TRN-03871,BLK-024460,Track Occupied,1,37.0
TRN-03872,BLK-016638,Track Occupied,3,94.7
TRN-03873,BLK-006409,Track Occupied,3,50.9
TRN-03874,BLK-025418,Track Occupied,2,80.0
TRN-03875,BLK-013566,Track Occupied,3,67.6
TRN-03876,BLK-000304,Track Occupied,3,65.4
TRN-03877,BLK-011195,Track Occupied,3,69.9
TRN-03878,BLK-018355,Track Occupied,2,64.0
TRN-03879,BLK-016186,Track Occupied,2,90.9
TRN-03880,BLK-003605,Track Occupied,3,74.7
TRN-03881,BLK-022527,Track Occupied,3,70.1
TRN-03882,BLK-033407,Track Occupied,2,82.6
TRN-03883,BLK-025269,Track Occupied,2,64.2
TRN-03884,BLK-010256,Track Occupied,3,76.0
TRN-03884,BLK-010257,Track Occupied,3,76.0
TRN-03885,BLK-014077,Track Occupied,3,54.5
TRN-03886,BLK-013157,Track Occupied,2,99.0
TRN-03886,BLK-013158,Track Occupied,2,99.0
TRN-03887,BLK-012744,Track Occupied,1,19.8
TRN-03888,BLK-031103,Track Occupied,3,43.4
TRN-03889,BLK-026833,Track Occupied,3,99.0
TRN-03890,BLK-029797,Track Occupied,2,80.6
TRN-03891,BLK-033064,Track Occupied,2,68.3
TRN-03892,BLK-008854,Track Occupied,3,63.5
TRN-03893,BLK-001890,Track Occupied,3,79.9
TRN-03894,BLK-018608,Track Occupied,2,62.1
TRN-03895,BLK-002830,Track Occupied,1,5.0
TRN-03896,BLK-015814,Track Occupied,2,58.9
TRN-03897,BLK-023131,Track Occupied,3,85.2
TRN-03898,BLK-033279,Track Occupied,3,46.1
TRN-03899,BLK-005103,Track Occupied,3,50.9
TRN-03900,BLK-022001,Track Occupied,2,85.4
TRN-03901,BLK-032883,Track Occupied,2,75.4
TRN-03902,BLK-026679,Track Occupied,3,89.3
TRN-03903,BLK-004699,Track Occupied,2,81.9
TRN-03904,BLK-014834,Track Occupied,3,46.1
TRN-03905,BLK-009492,Track Occupied,1,54.1
TRN-03906,BLK-003098,Track Occupied,2,99.0
TRN-03907,BLK-010532,Track Occupied,2,82.8
TRN-03908,BLK-031576,Track Occupied,2,72.4
TRN-03909,BLK-023694,Track Occupied,1,25.1
TRN-03910,BLK-021525,Track Occupied,2,74.9
TRN-03911,BLK-026665,Track Occupied,3,67.4
TRN-03912,BLK-032781,Track Occupied,1,37.7
TRN-03913,BLK-007905,Track Occupied,1,42.7
TRN-03914,BLK-007220,Track Occupied,1,27.1
TRN-03915,BLK-007405,Track Occupied,3,69.8
TRN-03916,BLK-022146,Track Occupied,2,73.9
TRN-03917,BLK-019536,Track Occupied,2,70.6
TRN-03918,BLK-002087,Track Occupied,3,99.0
TRN-03919,BLK-026505,Track Occupied,3,78.5
TRN-03920,BLK-011130,Track Occupied,1,33.1
TRN-03921,BLK-028171,Track Occupied,1,52.4
TRN-03922,BLK-030922,Track Occupied,2,72.4
TRN-03923,BLK-025050,Track Occupied,2,75.7
TRN-03924,BLK-008101,Track Occupied,3,85.5
TRN-03924,BLK-008102,Track Occupied,3,85.5
TRN-03925,BLK-031738,Track Occupied,2,72.1
TRN-03926,BLK-000866,Track Occupied,3,59.5
TRN-03927,BLK-023021,Track Occupied,2,58.7
TRN-03928,BLK-011177,Track Occupied,3,89.0
TRN-03929,BLK-017451,Track Occupied,3,64.8
TRN-03930,BLK-003049,Track Occupied,3,72.5
TRN-03931,BLK-023470,Track Occupied,1,7.3
TRN-03932,BLK-021545,Track Occupied,2,78.0
TRN-03933,BLK-023178,Track Occupied,2,70.6
TRN-03934,BLK-001721,Track Occupied,3,96.4
TRN-03935,BLK-025591,Track Occupied,2,82.8
TRN-03936,BLK-029669,Track Occupied,3,83.2
TRN-03937,BLK-029609,Track Occupied,3,81.6
TRN-03938,BLK-012170,Track Occupied,2,89.7
TRN-03939,BLK-003390,Track Occupied,1,41.9
TRN-03940,BLK-028768,Track Occupied,3,94.4
TRN-03941,BLK-019504,Track Occupied,1,35.0
TRN-03942,BLK-002629,Track Occupied,1,39.0
TRN-03943,BLK-004448,Track Occupied,1,13.1
TRN-03944,BLK-028514,Track Occupied,3,79.0
TRN-03945,BLK-006132,Track Occupied,3,64.2
TRN-03946,BLK-022562,Track Occupied,3,86.2
TRN-03947,BLK-007442,Track Occupied,1,42.1
TRN-03948,BLK-007775,Track Occupied,2,99.0
TRN-03949,BLK-009217,Track Occupied,3,95.8
TRN-03950,BLK-030557,Track Occupied,2,58.7
TRN-03950,BLK-030558,Track Occupied,2,58.7
TRN-03951,BLK-015195,Track Occupied,2,50.8
TRN-03952,BLK-007700,Track Occupied,2,75.7
TRN-03953,BLK-010451,Track Occupied,3,55.6
TRN-03954,BLK-005291,Track Occupied,1,18.2
TRN-03955,BLK-007060,Track Occupied,1,52.6
TRN-03956,BLK-030399,Track Occupied,2,83.5
TRN-03957,BLK-015215,Track Occupied,1,33.6
TRN-03958,BLK-020190,Track Occupied,2,94.9
TRN-03959,BLK-014132,Track Occupied,2,73.5
TRN-03959,BLK-014133,Track Occupied,2,73.5
TRN-03960,BLK-015246,Track Occupied,2,64.9
TRN-03961,BLK-018876,Track Occupied,2,81.9
TRN-03962,BLK-027745,Track Occupied,2,74.2
TRN-03963,BLK-007011,Track Occupied,2,61.6
TRN-03964,BLK-007274,Track Occupied,2,55.9
TRN-03965,BLK-013163,Track Occupied,3,76.5
TRN-03966,BLK-013188,Track Occupied,3,89.5
TRN-03967,BLK-010909,Track Occupied,2,57.5
TRN-03968,BLK-003068,Track Occupied,3,72.8
TRN-03969,BLK-005451,Track Occupied,3,45.3
TRN-03970,BLK-026982,Track Occupied,3,78.4
TRN-03971,BLK-029233,Track Occupied,3,57.8
TRN-03972,BLK-030903,Track Occupied,2,66.0
TRN-03973,BLK-028085,Track Occupied,3,75.3
TRN-03974,BLK-014909,Track Occupied,2,70.2
TRN-03975,BLK-010520,Track Occupied,3,90.3
TRN-03976,BLK-000491,Track Occupied,2,65.0
TRN-03977,BLK-010807,Track Occupied,2,63.2
TRN-03978,BLK-011711,Track Occupied,2,78.6
TRN-03978,BLK-011712,Track Occupied,2,78.6
TRN-03979,BLK-025306,Track Occupied,3,99.0
TRN-03980,BLK-025120,Track Occupied,3,99.0
TRN-03981,BLK-022537,Track Occupied,2,79.2
TRN-03982,BLK-003485,Track Occupied,3,75.5
TRN-03983,BLK-009105,Track Occupied,2,99.0
TRN-03984,BLK-007051,Track Occupied,1,13.1
TRN-03985,BLK-011345,Track Occupied,3,54.8
TRN-03986,BLK-006619,Track Occupied,2,61.2
TRN-03987,BLK-028940,Track Occupied,2,81.7
TRN-03988,BLK-030451,Track Occupied,3,78.1
TRN-03989,BLK-020002,Track Occupied,2,75.8
TRN-03990,BLK-013567,Track Occupied,2,68.9
TRN-03991,BLK-013319,Track Occupied,2,57.2
TRN-03992,BLK-030278,Track Occupied,2,73.4
TRN-03993,BLK-003316,Track Occupied,2,63.6
TRN-03994,BLK-025971,Track Occupied,3,74.8
TRN-03995,BLK-024095,Track Occupied,2,77.4
TRN-03996,BLK-022986,Track Occupied,2,71.1
TRN-03997,BLK-002911,Track Occupied,2,73.9
TRN-03998,BLK-003906,Track Occupied,1,57.4
TRN-03999,BLK-000035,Track Occupied,2,50.6
TRN-04000,BLK-032603,Track Occupied,3,59.5
TRN-04001,BLK-024062,Track Occupied,2,70.0
TRN-04002,BLK-008236,Track Occupied,2,66.6
TRN-04003,BLK-016591,Track Occupied,3,50.6
TRN-04004,BLK-018951,Track Occupied,3,65.2
TRN-04005,BLK-017813,Track Occupied,3,55.5
TRN-04006,BLK-010473,Track Occupied,3,68.2
TRN-04007,BLK-033035,Track Occupied,2,84.5
TRN-04007,BLK-033036,Track Occupied,2,84.5
TRN-04008,BLK-031838,Track Occupied,3,73.0
TRN-04009,BLK-005821,Track Occupied,3,73.9
TRN-04009,BLK-005822,Track Occupied,3,73.9
TRN-04010,BLK-012578,Track Occupied,2,56.4
TRN-04011,BLK-003164,Track Occupied,3,90.4
TRN-04012,BLK-011461,Track Occupied,3,82.6
TRN-04013,BLK-014855,Track Occupied,3,86.6
TRN-04014,BLK-022538,Track Occupied,1,16.5
TRN-04015,BLK-020114,Track Occupied,3,53.1
TRN-04016,BLK-010513,Track Occupied,3,80.6
TRN-04016,BLK-010514,Track Occupied,3,80.6
TRN-04017,BLK-005376,Track Occupied,3,61.4
TRN-04018,BLK-014563,Track Occupied,2,51.6
TRN-04019,BLK-010687,Track Occupied,1,41.4
TRN-04020,BLK-026408,Track Occupied,3,53.2
TRN-04021,BLK-026838,Track Occupied,3,66.3
TRN-04022,BLK-007497,Track Occupied,2,72.0
TRN-04023,BLK-013091,Track Occupied,2,89.2
TRN-04024,BLK-029815,Track Occupied,1,72.8
TRN-04025,BLK-031830,Track Occupied,3,96.5
TRN-04026,BLK-000562,Track Occupied,1,23.8
TRN-04026,BLK-000563,Track Occupied,1,23.8
TRN-04027,BLK-013316,Track Occupied,3,84.7
TRN-04028,BLK-025352,Track Occupied,1,26.3
TRN-04029,BLK-004633,Track Occupied,3,62.0
TRN-04030,BLK-026596,Track Occupied,2,67.8
TRN-04031,BLK-010684,Track Occupied,3,81.7
TRN-04032,BLK-031484,Track Occupied,1,28.8
TRN-04033,BLK-017257,Track Occupied,3,65.6
TRN-04034,BLK-010927,Track Occupied,3,78.7
TRN-04035,BLK-027706,Track Occupied,2,64.0
TRN-04036,BLK-032645,Track Occupied,2,75.0
TRN-04036,BLK-032646,Track Occupied,2,75.0
TRN-04037,BLK-019370,Track Occupied,1,12.9
TRN-04038,BLK-024808,Track Occupied,1,40.6
TRN-04039,BLK-031419,Track Occupied,3,75.0
TRN-04039,BLK-031420,Track Occupied,3,75.0
TRN-04040,BLK-020840,Track Occupied,1,17.7
TRN-04041,BLK-012227,Track Occupied,2,91.3
TRN-04042,BLK-019217,Track Occupied,3,72.8
TRN-04043,BLK-009272,Track Occupied,2,62.2
TRN-04044,BLK-012032,Track Occupied,1,34.4
TRN-04045,BLK-020326,Track Occupied,1,49.0
TRN-04046,BLK-013984,Track Occupied,1,38.5
TRN-04047,BLK-023291,Track Occupied,3,77.4
TRN-04048,BLK-005995,Track Occupied,2,55.4
TRN-04048,BLK-005996,Track Occupied,2,55.4
TRN-04049,BLK-020910,Track Occupied,2,56.4
TRN-04050,BLK-022701,Track Occupied,1,8.9
TRN-04051,BLK-009732,Track Occupied,2,61.3
TRN-04052,BLK-010696,Track Occupied,3,64.1
TRN-04053,BLK-031151,Track Occupied,3,99.0
TRN-04054,BLK-008476,Track Occupied,1,30.1
TRN-04055,BLK-022498,Track Occupied,2,64.5
TRN-04056,BLK-026115,Track Occupied,2,81.1
TRN-04057,BLK-028148,Track Occupied,2,84.8
TRN-04058,BLK-005642,Track Occupied,2,82.1
TRN-04059,BLK-030104,Track Occupied,3,74.8
TRN-04060,BLK-000819,Track Occupied,1,43.7
TRN-04060,BLK-000820,Track Occupied,1,43.7
TRN-04061,BLK-031533,Track Occupied,3,69.1
TRN-04062,BLK-000071,Track Occupied,2,77.4
TRN-04063,BLK-020493,Track Occupied,2,81.9
TRN-04064,BLK-026430,Track Occupied,3,65.4
TRN-04065,BLK-010380,Track Occupied,2,69.8
TRN-04066,BLK-030858,Track Occupied,2,74.8
TRN-04067,BLK-009613,Track Occupied,1,62.8
TRN-04068,BLK-003356,Track Occupied,3,53.1
TRN-04069,BLK-020200,Track Occupied,2,41.5
TRN-04070,BLK-004835,Track Occupied,3,68.1
TRN-04071,BLK-002209,Track Occupied,3,68.6
TRN-04072,BLK-020987,Track Occupied,3,31.8
TRN-04073,BLK-026466,Track Occupied,1,37.1
TRN-04074,BLK-005342,Track Occupied,2,58.6
TRN-04074,BLK-005343,Track Occupied,2,58.6
TRN-04075,BLK-027903,Track Occupied,3,53.5
TRN-04076,BLK-001014,Track Occupied,3,66.8
TRN-04077,BLK-030792,Track Occupied,3,72.4
TRN-04078,BLK-006501,Track Occupied,3,61.0
TRN-04079,BLK-015910,Track Occupied,1,17.7
TRN-04080,BLK-026628,Track Occupied,3,72.9
TRN-04081,BLK-023759,Track Occupied,3,99.0
TRN-04082,BLK-006747,Track Occupied,3,77.5
TRN-04083,BLK-019677,Track Occupied,3,63.8
TRN-04084,BLK-031187,Track Occupied,3,74.2
TRN-04085,BLK-017945,Track Occupied,3,76.5
TRN-04086,BLK-022382,Track Occupied,3,82.2
TRN-04087,BLK-005629,Track Occupied,2,83.8
TRN-04088,BLK-008005,Track Occupied,3,80.0
TRN-04089,BLK-030764,Track Occupied,3,57.8
TRN-04090,BLK-005046,Track Occupied,3,54.0
TRN-04091,BLK-030234,Track Occupied,2,77.8
TRN-04092,BLK-004380,Track Occupied,1,39.6
TRN-04093,BLK-029076,Track Occupied,2,63.7
TRN-04094,BLK-025654,Track Occupied,2,80.2
TRN-04095,BLK-003004,Track Occupied,3,99.0
TRN-04096,BLK-013369,Track Occupied,3,74.8
TRN-04097,BLK-029178,Track Occupied,2,73.4
TRN-04098,BLK-002155,Track Occupied,3,43.5
TRN-04099,BLK-004058,Track Occupied,3,66.1
TRN-04100,BLK-001928,Track Occupied,2,91.3
TRN-04100,BLK-001929,Track Occupied,2,91.3
TRN-04101,BLK-000677,Track Occupied,1,42.9
TRN-04102,BLK-016696,Track Occupied,2,61.5
TRN-04103,BLK-006494,Track Occupied,2,71.8
TRN-04104,BLK-013461,Track Occupied,2,99.0
TRN-04105,BLK-004049,Track Occupied,3,54.1
TRN-04105,BLK-004050,Track Occupied,3,54.1
TRN-04106,BLK-025125,Track Occupied,2,74.9
TRN-04107,BLK-009411,Track Occupied,1,18.9
TRN-04108,BLK-003798,Track Occupied,3,80.4
TRN-04109,BLK-013368,Track Occupied,3,74.6
TRN-04110,BLK-027622,Track Occupied,3,88.1
TRN-04111,BLK-005337,Track Occupied,1,14.0
TRN-04112,BLK-029082,Track Occupied,1,34.6
TRN-04113,BLK-001879,Track Occupied,2,98.5
TRN-04114,BLK-000544,Track Occupied,2,98.6
TRN-04115,BLK-019773,Track Occupied,3,85.9
TRN-04116,BLK-011781,Track Occupied,1,26.9
TRN-04117,BLK-016768,Track Occupied,2,65.2
TRN-04118,BLK-026657,Track Occupied,2,71.8
TRN-04119,BLK-019188,Track Occupied,2,81.9
TRN-04120,BLK-010626,Track Occupied,1,5.0
TRN-04121,BLK-004173,Track Occupied,3,48.1
TRN-04122,BLK-027956,Track Occupied,2,93.3
TRN-04123,BLK-002514,Track Occupied,3,97.8
TRN-04124,BLK-030365,Track Occupied,3,89.9
TRN-04125,BLK-008695,Track Occupied,2,46.2
TRN-04126,BLK-006362,Track Occupied,2,80.8
TRN-04127,BLK-001092,Track Occupied,2,72.8
TRN-04128,BLK-031289,Track Occupied,2,71.9
TRN-04129,BLK-005089,Track Occupied,1,42.3
TRN-04129,BLK-005090,Track Occupied,1,42.3
TRN-04130,BLK-027759,Track Occupied,1,44.3
TRN-04131,BLK-029106,Track Occupied,1,50.3
TRN-04132,BLK-001031,Track Occupied,1,44.7
TRN-04133,BLK-025141,Track Occupied,3,64.2
TRN-04133,BLK-025142,Track Occupied,3,64.2
TRN-04134,BLK-018913,Track Occupied,1,30.0
TRN-04135,BLK-028763,Track Occupied,3,51.7
TRN-04136,BLK-007893,Track Occupied,2,84.6
TRN-04137,BLK-016273,Track Occupied,1,7.2
TRN-04138,BLK-007990,Track Occupied,3,78.6
TRN-04139,BLK-013037,Track Occupied,3,70.3
TRN-04140,BLK-000216,Track Occupied,2,60.2
TRN-04141,BLK-001591,Track Occupied,1,40.9
TRN-04142,BLK-014870,Track Occupied,3,67.3
TRN-04143,BLK-026167,Track Occupied,3,59.5
TRN-04144,BLK-027700,Track Occupied,3,78.8
TRN-04144,BLK-027701,Track Occupied,3,78.8
TRN-04145,BLK-019968,Track Occupied,2,58.4
TRN-04146,BLK-012036,Track Occupied,1,57.0
TRN-04147,BLK-002323,Track Occupied,3,68.5
TRN-04148,BLK-000592,Track Occupied,3,91.1
TRN-04149,BLK-021916,Track Occupied,3,59.5
TRN-04150,BLK-026615,Track Occupied,2,54.0
TRN-04150,BLK-026616,Track Occupied,2,54.0
TRN-04151,BLK-032914,Track Occupied,1,13.3
TRN-04152,BLK-016154,Track Occupied,2,99.0
TRN-04153,BLK-008556,Track Occupied,2,71.3
TRN-04154,BLK-004020,Track Occupied,2,83.6
TRN-04155,BLK-009543,Track Occupied,3,45.0
TRN-04156,BLK-007956,Track Occupied,3,67.4
TRN-04157,BLK-012343,Track Occupied,3,70.2
TRN-04158,BLK-021985,Track Occupied,2,39.1
TRN-04159,BLK-005201,Track Occupied,2,78.9
TRN-04160,BLK-003656,Track Occupied,2,94.4
TRN-04161,BLK-022084,Track Occupied,3,73.0
TRN-04162,BLK-023430,Track Occupied,2,63.7
TRN-04163,BLK-020569,Track Occupied,3,87.2
TRN-04164,BLK-014257,Track Occupied,3,60.5
TRN-04165,BLK-003806,Track Occupied,3,84.7
TRN-04166,BLK-020826,Track Occupied,3,66.0
TRN-04167,BLK-002810,Track Occupied,2,73.7
TRN-04168,BLK-002792,Track Occupied,1,53.2
TRN-04169,BLK-020644,Track Occupied,3,57.0
TRN-04170,BLK-000923,Track Occupied,3,65.5
TRN-04171,BLK-032824,Track Occupied,1,31.1
TRN-04172,BLK-001222,Track Occupied,1,34.9
TRN-04173,BLK-028373,Track Occupied,2,46.7
TRN-04174,BLK-002991,Track Occupied,1,64.1
TRN-04175,BLK-009621,Track Occupied,3,89.3
TRN-04176,BLK-000710,Track Occupied,1,26.4
TRN-04177,BLK-026519,Track Occupied,3,67.4
TRN-04177,BLK-026520,Track Occupied,3,67.4
TRN-04178,BLK-022743,Track Occupied,1,20.3
TRN-04179,BLK-007108,Track Occupied,3,64.8
TRN-04180,BLK-011462,Track Occupied,2,71.2
TRN-04181,BLK-003134,Track Occupied,3,56.5
TRN-04182,BLK-012291,Track Occupied,3,99.0
TRN-04183,BLK-019808,Track Occupied,2,69.4
TRN-04184,BLK-031960,Track Occupied,3,88.2
TRN-04184,BLK-031961,Track Occupied,3,88.2
TRN-04185,BLK-023549,Track Occupied,3,52.2
TRN-04186,BLK-031920,Track Occupied,3,88.1
TRN-04187,BLK-024511,Track Occupied,3,96.9
TRN-04188,BLK-017375,Track Occupied,2,84.3
TRN-04189,BLK-027395,Track Occupied,3,99.0
TRN-04190,BLK-009565,Track Occupied,3,43.7
TRN-04191,BLK-014879,Track Occupied,3,89.7
TRN-04191,BLK-014880,Track Occupied,3,89.7
TRN-04192,BLK-010972,Track Occupied,2,85.7
TRN-04192,BLK-010973,Track Occupied,2,85.7
TRN-04193,BLK-016430,Track Occupied,3,70.5
TRN-04194,BLK-018562,Track Occupied,3,59.0
TRN-04195,BLK-030516,Track Occupied,1,5.5
TRN-04196,BLK-018334,Track Occupied,3,67.1
TRN-04197,BLK-000689,Track Occupied,1,37.0
TRN-04197,BLK-000690,Track Occupied,1,37.0
TRN-04198,BLK-027677,Track Occupied,1,39.7
TRN-04199,BLK-003972,Track Occupied,3,99.0
TRN-04200,BLK-021394,Track Occupied,3,92.9
TRN-04201,BLK-013327,Track Occupied,1,46.7
TRN-04202,BLK-011247,Track Occupied,2,96.6
TRN-04203,BLK-020056,Track Occupied,2,79.1
TRN-04204,BLK-020138,Track Occupied,2,83.5
TRN-04205,BLK-027311,Track Occupied,3,89.6
TRN-04206,BLK-031244,Track Occupied,3,91.4
TRN-04207,BLK-011331,Track Occupied,1,14.0
TRN-04208,BLK-003883,Track Occupied,2,99.0
TRN-04209,BLK-027667,Track Occupied,2,82.5
TRN-04210,BLK-023642,Track Occupied,2,59.5
TRN-04211,BLK-007216,Track Occupied,3,57.2
TRN-04212,BLK-020360,Track Occupied,1,45.1
TRN-04213,BLK-024933,Track Occupied,2,79.2
TRN-04214,BLK-030116,Track Occupied,2,42.3
TRN-04215,BLK-014786,Track Occupied,3,78.2
TRN-04216,BLK-023673,Track Occupied,1,53.4
TRN-04217,BLK-009305,Track Occupied,3,81.7
TRN-04218,BLK-009441,Track Occupied,3,50.4
TRN-04219,BLK-031414,Track Occupied,2,53.2
TRN-04220,BLK-024419,Track Occupied,3,69.1
TRN-04220,BLK-024420,Track Occupied,3,69.1
TRN-04221,BLK-010774,Track Occupied,2,63.7
TRN-04222,BLK-026676,Track Occupied,2,94.4
TRN-04223,BLK-028118,Track Occupied,1,63.2
TRN-04224,BLK-009161,Track Occupied,3,65.2
TRN-04225,BLK-023096,Track Occupied,1,34.3
TRN-04226,BLK-001009,Track Occupied,1,19.5
TRN-04226,BLK-001010,Track Occupied,1,19.5
TRN-04227,BLK-005042,Track Occupied,2,56.5
TRN-04228,BLK-021574,Track Occupied,2,63.3
TRN-04229,BLK-016258,Track Occupied,2,72.5
TRN-04230,BLK-030869,Track Occupied,3,81.3
TRN-04231,BLK-005607,Track Occupied,3,79.4
TRN-04232,BLK-018367,Track Occupied,2,88.7
TRN-04233,BLK-002714,Track Occupied,2,63.3
TRN-04233,BLK-002715,Track Occupied,2,63.3
TRN-04234,BLK-017493,Track Occupied,2,75.0
TRN-04235,BLK-018425,Track Occupied,2,74.9
TRN-04236,BLK-005035,Track Occupied,2,54.7
TRN-04237,BLK-003906,Track Occupied,2,50.6
TRN-04238,BLK-033525,Track Occupied,2,93.5
TRN-04239,BLK-020796,Track Occupied,2,68.6
TRN-04240,BLK-025516,Track Occupied,2,81.9
TRN-04241,BLK-025658,Track Occupied,2,75.7
TRN-04242,BLK-024544,Track Occupied,2,56.8
TRN-04242,BLK-024545,Track Occupied,2,56.8
TRN-04243,BLK-014163,Track Occupied,3,50.5
TRN-04244,BLK-018392,Track Occupied,3,69.3
TRN-04245,BLK-006719,Track Occupied,3,73.5
TRN-04246,BLK-025042,Track Occupied,3,66.6
TRN-04247,BLK-001127,Track Occupied,3,99.0
TRN-04248,BLK-021325,Track Occupied,2,78.4
TRN-04249,BLK-008445,Track Occupied,3,28.6
TRN-04250,BLK-012355,Track Occupied,2,69.5
TRN-04251,BLK-027288,Track Occupied,2,83.9
TRN-04252,BLK-002039,Track Occupied,1,31.4
TRN-04253,BLK-002269,Track Occupied,3,78.1
TRN-04254,BLK-013803,Track Occupied,2,73.7
TRN-04255,BLK-032714,Track Occupied,2,57.6
TRN-04256,BLK-033222,Track Occupied,2,93.0
TRN-04257,BLK-005145,Track Occupied,3,71.9
TRN-04257,BLK-005146,Track Occupied,3,71.9
TRN-04258,BLK-006418,Track Occupied,1,46.5
TRN-04259,BLK-013482,Track Occupied,2,65.9
TRN-04260,BLK-027271,Track Occupied,1,26.0
TRN-04261,BLK-013099,Track Occupied,3,71.4
TRN-04262,BLK-027314,Track Occupied,2,66.1
TRN-04262,BLK-027315,Track Occupied,2,66.1
TRN-04263,BLK-031214,Track Occupied,2,56.2
TRN-04264,BLK-001539,Track Occupied,2,58.9
TRN-04265,BLK-004813,Track Occupied,3,89.6
TRN-04266,BLK-015495,Track Occupied,2,56.0
TRN-04267,BLK-006626,Track Occupied,3,66.5
TRN-04268,BLK-015078,Track Occupied,2,92.3
TRN-04269,BLK-011177,Track Occupied,3,84.8
TRN-04270,BLK-028144,Track Occupied,2,68.0
TRN-04271,BLK-004365,Track Occupied,1,28.3
TRN-04272,BLK-024504,Track Occupied,2,60.6
TRN-04273,BLK-013086,Track Occupied,2,98.7
TRN-04274,BLK-000852,Track Occupied,3,75.7
TRN-04275,BLK-023761,Track Occupied,2,77.4
TRN-04276,BLK-010808,Track Occupied,2,55.6
TRN-04276,BLK-010809,Track Occupied,2,55.6
TRN-04277,BLK-027659,Track Occupied,3,61.5
TRN-04278,BLK-014330,Track Occupied,2,66.7
TRN-04279,BLK-033450,Track Occupied,3,74.9
TRN-04279,BLK-033451,Track Occupied,3,74.9
TRN-04280,BLK-003230,Track Occupied,3,79.9
TRN-04281,BLK-000216,Track Occupied,2,55.7
TRN-04282,BLK-022186,Track Occupied,2,74.9
TRN-04283,BLK-012994,Track Occupied,2,70.2
TRN-04284,BLK-021582,Track Occupied,2,76.4
TRN-04285,BLK-032796,Track Occupied,2,53.3
TRN-04286,BLK-023810,Track Occupied,3,80.8
TRN-04287,BLK-027401,Track Occupied,3,79.2
TRN-04288,BLK-014128,Track Occupied,3,64.0
TRN-04289,BLK-018849,Track Occupied,3,48.3
TRN-04290,BLK-029970,Track Occupied,3,69.9
TRN-04291,BLK-024412,Track Occupied,2,59.3
TRN-04292,BLK-032887,Track Occupied,3,46.7
TRN-04293,BLK-009288,Track Occupied,3,66.0
TRN-04294,BLK-026578,Track Occupied,2,57.1
TRN-04295,BLK-002735,Track Occupied,2,53.2
TRN-04296,BLK-010272,Track Occupied,2,82.8
TRN-04297,BLK-009689,Track Occupied,2,64.2
TRN-04298,BLK-016753,Track Occupied,3,72.7
TRN-04299,BLK-005984,Track Occupied,2,61.6
TRN-04300,BLK-003911,Track Occupied,3,65.9
TRN-04301,BLK-024716,Track Occupied,2,74.6
TRN-04302,BLK-009344,Track Occupied,1,47.5
TRN-04303,BLK-025688,Track Occupied,3,34.3
TRN-04304,BLK-011237,Track Occupied,2,77.9
TRN-04305,BLK-007447,Track Occupied,3,66.0
TRN-04306,BLK-013081,Track Occupied,2,99.0
TRN-04307,BLK-027603,Track Occupied,3,61.9
TRN-04308,BLK-013223,Track Occupied,3,59.7
TRN-04309,BLK-014307,Track Occupied,2,71.7
TRN-04310,BLK-000816,Track Occupied,2,87.2
TRN-04311,BLK-027637,Track Occupied,3,68.4
TRN-04312,BLK-030430,Track Occupied,2,99.0
TRN-04313,BLK-002037,Track Occupied,3,82.5
TRN-04314,BLK-005936,Track Occupied,3,88.7
TRN-04315,BLK-004837,Track Occupied,3,77.9
TRN-04316,BLK-002380,Track Occupied,3,91.9
TRN-04317,BLK-022114,Track Occupied,3,67.7
TRN-04318,BLK-023728,Track Occupied,3,77.2
TRN-04319,BLK-011964,Track Occupied,2,57.6
TRN-04320,BLK-031712,Track Occupied,3,68.6
TRN-04321,BLK-017211,Track Occupied,2,85.0
TRN-04322,BLK-025068,Track Occupied,3,94.1
TRN-04323,BLK-009240,Track Occupied,3,59.2
TRN-04324,BLK-007470,Track Occupied,2,51.5
TRN-04325,BLK-019870,Track Occupied,2,74.8
TRN-04326,BLK-018631,Track Occupied,2,80.3
TRN-04327,BLK-033200,Track Occupied,2,72.2
TRN-04328,BLK-001622,Track Occupied,2,63.3
TRN-04329,BLK-017189,Track Occupied,2,70.9
TRN-04330,BLK-011854,Track Occupied,1,8.2
TRN-04331,BLK-006915,Track Occupied,2,63.7
TRN-04332,BLK-026443,Track Occupied,3,89.5
TRN-04333,BLK-021243,Track Occupied,2,78.1
TRN-04334,BLK-018422,Track Occupied,3,45.7
TRN-04335,BLK-003408,Track Occupied,2,77.6
TRN-04336,BLK-018329,Track Occupied,1,50.5
TRN-04337,BLK-022379,Track Occupied,3,63.3
TRN-04337,BLK-022380,Track Occupied,3,63.3
TRN-04338,BLK-033497,Track Occupied,3,43.6
TRN-04339,BLK-008610,Track Occupied,2,73.8
TRN-04340,BLK-006949,Track Occupied,2,50.9
TRN-04341,BLK-017624,Track Occupied,1,41.5
TRN-04342,BLK-028969,Track Occupied,2,73.4
TRN-04342,BLK-028970,Track Occupied,2,73.4
TRN-04343,BLK-033585,Track Occupied,2,72.9
TRN-04344,BLK-014077,Track Occupied,3,69.9
TRN-04345,BLK-008568,Track Occupied,2,74.6
TRN-04346,BLK-033441,Track Occupied,2,67.9
TRN-04347,BLK-014645,Track Occupied,2,84.5
TRN-04348,BLK-006468,Track Occupied,1,59.2
TRN-04349,BLK-022158,Track Occupied,2,99.0
TRN-04350,BLK-015211,Track Occupied,2,77.1
TRN-04351,BLK-006490,Track Occupied,3,66.5
TRN-04352,BLK-001517,Track Occupied,3,68.6
TRN-04353,BLK-031943,Track Occupied,2,97.1
TRN-04354,BLK-016119,Track Occupied,3,94.3
TRN-04355,BLK-027499,Track Occupied,3,89.1
TRN-04356,BLK-026243,Track Occupied,3,48.8
TRN-04357,BLK-015290,Track Occupied,3,49.9
TRN-04358,BLK-000063,Track Occupied,2,98.5
TRN-04359,BLK-007239,Track Occupied,2,53.7
TRN-04360,BLK-018362,Track Occupied,3,65.9
TRN-04361,BLK-008689,Track Occupied,1,36.9
TRN-04362,BLK-016815,Track Occupied,1,6.2
TRN-04363,BLK-008058,Track Occupied,1,17.2
TRN-04364,BLK-001554,Track Occupied,1,14.5
TRN-04365,BLK-007183,Track Occupied,2,99.0
TRN-04366,BLK-029316,Track Occupied,2,90.2
TRN-04367,BLK-025789,Track Occupied,1,30.8
TRN-04368,BLK-012013,Track Occupied,3,53.0
TRN-04369,BLK-033120,Track Occupied,2,66.3
TRN-04370,BLK-032397,Track Occupied,3,73.7
TRN-04371,BLK-008063,Track Occupied,3,66.0
TRN-04372,BLK-028577,Track Occupied,2,99.0
TRN-04373,BLK-008959,Track Occupied,3,69.4
TRN-04374,BLK-032671,Track Occupied,2,56.7
TRN-04375,BLK-012661,Track Occupied,3,52.0
TRN-04376,BLK-001710,Track Occupied,3,52.8
TRN-04377,BLK-025541,Track Occupied,2,99.0
TRN-04378,BLK-014890,Track Occupied,3,68.0
TRN-04379,BLK-032831,Track Occupied,1,29.6
TRN-04379,BLK-032832,Track Occupied,1,29.6
TRN-04380,BLK-029162,Track Occupied,3,62.6
TRN-04381,BLK-011558,Track Occupied,2,96.2
TRN-04382,BLK-021435,Track Occupied,2,83.1
TRN-04383,BLK-007702,Track Occupied,3,92.9
TRN-04384,BLK-008914,Track Occupied,2,65.1
TRN-04385,BLK-009931,Track Occupied,2,81.7
TRN-04386,BLK-008144,Track Occupied,2,55.9
TRN-04387,BLK-007989,Track Occupied,1,41.1
TRN-04388,BLK-020405,Track Occupied,2,61.6
TRN-04389,BLK-026192,Track Occupied,1,43.8
TRN-04390,BLK-021440,Track Occupied,3,94.6
TRN-04390,BLK-021441,Track Occupied,3,94.6
TRN-04391,BLK-016956,Track Occupied,3,85.9
TRN-04392,BLK-001848,Track Occupied,2,69.1
TRN-04393,BLK-024631,Track Occupied,1,5.0
TRN-04394,BLK-010796,Track Occupied,2,64.5
TRN-04395,BLK-023642,Track Occupied,2,88.3
TRN-04396,BLK-002532,Track Occupied,2,65.4
TRN-04397,BLK-018334,Track Occupied,2,65.1
TRN-04398,BLK-032175,Track Occupied,3,53.1
TRN-04399,BLK-026646,Track Occupied,1,24.4
TRN-04400,BLK-003857,Track Occupied,3,72.1
TRN-04401,BLK-019989,Track Occupied,2,99.0
TRN-04402,BLK-012013,Track Occupied,2,42.5
TRN-04403,BLK-003386,Track Occupied,1,35.1
TRN-04404,BLK-017858,Track Occupied,3,73.0
TRN-04404,BLK-017859,Track Occupied,3,73.0
TRN-04405,BLK-002153,Track Occupied,2,54.3
TRN-04405,BLK-002154,Track Occupied,2,54.3
TRN-04406,BLK-010473,Track Occupied,3,73.0
TRN-04407,BLK-018111,Track Occupied,2,60.1
TRN-04408,BLK-011086,Track Occupied,3,75.8
TRN-04409,BLK-010302,Track Occupied,2,77.6
TRN-04410,BLK-006235,Track Occupied,3,70.6
TRN-04411,BLK-005380,Track Occupied,2,67.1
TRN-04412,BLK-018930,Track Occupied,1,22.9
TRN-04413,BLK-010892,Track Occupied,2,99.0
TRN-04414,BLK-016918,Track Occupied,1,14.8
TRN-04415,BLK-025881,Track Occupied,2,75.4
TRN-04416,BLK-000332,Track Occupied,2,86.5
TRN-04417,BLK-004803,Track Occupied,3,76.6
TRN-04418,BLK-008953,Track Occupied,2,46.1
TRN-04419,BLK-019370,Track Occupied,2,53.1
TRN-04420,BLK-003930,Track Occupied,1,46.8
TRN-04421,BLK-026251,Track Occupied,2,88.9
TRN-04422,BLK-011964,Track Occupied,2,71.5
TRN-04423,BLK-027417,Track Occupied,3,60.8
TRN-04424,BLK-007835,Track Occupied,1,40.4
TRN-04425,BLK-017540,Track Occupied,1,6.0
TRN-04426,BLK-020599,Track Occupied,2,89.9
TRN-04427,BLK-023138,Track Occupied,1,29.4
TRN-04428,BLK-005220,Track Occupied,1,44.0
TRN-04429,BLK-032920,Track Occupied,3,86.6
TRN-04430,BLK-019956,Track Occupied,1,5.6
TRN-04431,BLK-008752,Track Occupied,2,83.5
TRN-04432,BLK-018761,Track Occupied,3,85.8
TRN-04432,BLK-018762,Track Occupied,3,85.8
TRN-04433,BLK-017849,Track Occupied,2,79.3
TRN-04434,BLK-024398,Track Occupied,2,50.9
TRN-04435,BLK-015517,Track Occupied,1,15.4
TRN-04436,BLK-016775,Track Occupied,2,35.9
TRN-04437,BLK-015227,Track Occupied,3,68.2
TRN-04437,BLK-015228,Track Occupied,3,68.2
TRN-04438,BLK-000614,Track Occupied,3,49.2
TRN-04439,BLK-029333,Track Occupied,3,68.9
TRN-04440,BLK-004355,Track Occupied,1,32.9
TRN-04441,BLK-033341,Track Occupied,3,61.5
TRN-04442,BLK-007215,Track Occupied,2,50.9
TRN-04443,BLK-012582,Track Occupied,3,54.9
TRN-04444,BLK-009944,Track Occupied,2,86.1
TRN-04445,BLK-008886,Track Occupied,2,59.4
TRN-04446,BLK-031363,Track Occupied,1,9.6
TRN-04447,BLK-000270,Track Occupied,2,48.2
TRN-04448,BLK-027260,Track Occupied,3,49.1
TRN-04448,BLK-027261,Track Occupied,3,49.1
TRN-04449,BLK-022818,Track Occupied,3,72.0
TRN-04450,BLK-031490,Track Occupied,2,66.9
TRN-04451,BLK-029647,Track Occupied,3,63.3
TRN-04452,BLK-027138,Track Occupied,1,44.7
TRN-04453,BLK-017161,Track Occupied,2,84.8
TRN-04454,BLK-016807,Track Occupied,3,53.2
TRN-04455,BLK-019143,Track Occupied,3,99.0
TRN-04456,BLK-016093,Track Occupied,3,68.7
TRN-04457,BLK-013306,Track Occupied,2,71.9
TRN-04458,BLK-007973,Track Occupied,3,47.6
TRN-04459,BLK-005334,Track Occupied,2,75.6
TRN-04460,BLK-014234,Track Occupied,1,57.3
TRN-04461,BLK-017675,Track Occupied,2,79.9
TRN-04462,BLK-033072,Track Occupied,2,55.3
TRN-04463,BLK-001787,Track Occupied,3,49.7
TRN-04464,BLK-010353,Track Occupied,3,55.1
TRN-04465,BLK-021824,Track Occupied,3,68.8
TRN-04466,BLK-009754,Track Occupied,1,26.2
TRN-04467,BLK-009905,Track Occupied,2,76.6
TRN-04468,BLK-024336,Track Occupied,2,68.5
TRN-04469,BLK-029788,Track Occupied,1,34.0
TRN-04470,BLK-011873,Track Occupied,3,99.0
TRN-04471,BLK-007492,Track Occupied,3,62.4
TRN-04472,BLK-025524,Track Occupied,1,54.2
TRN-04473,BLK-017344,Track Occupied,3,78.0
TRN-04474,BLK-020950,Track Occupied,3,75.2
TRN-04475,BLK-009500,Track Occupied,3,81.6
TRN-04476,BLK-002225,Track Occupied,3,77.8
TRN-04477,BLK-015233,Track Occupied,2,67.3
TRN-04478,BLK-015265,Track Occupied,1,22.2
TRN-04479,BLK-029483,Track Occupied,3,52.7
TRN-04480,BLK-026963,Track Occupied,2,50.0
TRN-04480,BLK-026964,Track Occupied,2,50.0
TRN-04481,BLK-000701,Track Occupied,2,53.5
TRN-04482,BLK-002094,Track Occupied,3,83.4
TRN-04483,BLK-016334,Track Occupied,2,74.1
TRN-04484,BLK-015983,Track Occupied,1,28.5
TRN-04485,BLK-024568,Track Occupied,2,63.0
TRN-04486,BLK-021223,Track Occupied,3,66.4
TRN-04487,BLK-031964,Track Occupied,2,93.2
TRN-04488,BLK-004168,Track Occupied,1,24.1
TRN-04489,BLK-025648,Track Occupied,2,88.3
TRN-04490,BLK-013776,Track Occupied,3,54.5
TRN-04491,BLK-011247,Track Occupied,1,7.4
TRN-04492,BLK-000445,Track Occupied,2,87.9
TRN-04493,BLK-027758,Track Occupied,2,79.5
TRN-04494,BLK-015751,Track Occupied,2,44.6
TRN-04495,BLK-002942,Track Occupied,2,82.0
TRN-04496,BLK-031997,Track Occupied,3,83.5
TRN-04497,BLK-025622,Track Occupied,3,54.2
TRN-04498,BLK-029716,Track Occupied,2,51.0
TRN-04499,BLK-029579,Track Occupied,3,87.4
TRN-04500,BLK-027044,Track Occupied,3,54.0
TRN-04501,BLK-019646,Track Occupied,3,92.9
TRN-04502,BLK-001679,Track Occupied,3,77.1
TRN-04503,BLK-007757,Track Occupied,2,80.1
TRN-04504,BLK-017837,Track Occupied,2,77.5
TRN-04505,BLK-013222,Track Occupied,3,51.4
TRN-04506,BLK-017308,Track Occupied,3,60.2
TRN-04507,BLK-013247,Track Occupied,3,71.2
TRN-04507,BLK-013248,Track Occupied,3,71.2
TRN-04508,BLK-001215,Track Occupied,1,43.1
TRN-04509,BLK-000528,Track Occupied,2,70.7
TRN-04510,BLK-008622,Track Occupied,1,59.3
TRN-04511,BLK-002935,Track Occupied,1,16.4
TRN-04512,BLK-008771,Track Occupied,2,73.1
TRN-04513,BLK-025470,Track Occupied,3,63.4
TRN-04514,BLK-027024,Track Occupied,2,65.2
TRN-04515,BLK-029835,Track Occupied,1,18.8
TRN-04516,BLK-001745,Track Occupied,1,23.3
TRN-04517,BLK-017387,Track Occupied,3,82.5
TRN-04518,BLK-021128,Track Occupied,3,54.5
TRN-04519,BLK-003643,Track Occupied,2,90.4
TRN-04520,BLK-004798,Track Occupied,2,48.8
TRN-04521,BLK-033151,Track Occupied,3,99.0
TRN-04522,BLK-008123,Track Occupied,1,18.8
TRN-04523,BLK-022589,Track Occupied,2,89.7
TRN-04524,BLK-026746,Track Occupied,3,72.6
TRN-04525,BLK-026962,Track Occupied,3,59.4
TRN-04526,BLK-019641,Track Occupied,2,60.1
TRN-04526,BLK-019642,Track Occupied,2,60.1
TRN-04527,BLK-015891,Track Occupied,3,79.2
TRN-04528,BLK-009446,Track Occupied,2,25.0
TRN-04529,BLK-021320,Track Occupied,3,83.9
TRN-04530,BLK-028797,Track Occupied,2,64.8
TRN-04531,BLK-018448,Track Occupied,2,65.8
TRN-04532,BLK-015737,Track Occupied,3,65.3
TRN-04533,BLK-021154,Track Occupied,3,66.0
TRN-04534,BLK-001742,Track Occupied,1,34.3
TRN-04535,BLK-027037,Track Occupied,3,64.9
TRN-04536,BLK-000687,Track Occupied,3,70.9
TRN-04537,BLK-016625,Track Occupied,1,36.4
TRN-04538,BLK-003860,Track Occupied,2,54.2
TRN-04539,BLK-017129,Track Occupied,2,83.8
TRN-04540,BLK-027472,Track Occupied,3,99.0
TRN-04541,BLK-019525,Track Occupied,3,65.4
TRN-04542,BLK-003623,Track Occupied,3,62.4
TRN-04543,BLK-001581,Track Occupied,3,70.1
TRN-04544,BLK-019815,Track Occupied,3,80.7
TRN-04545,BLK-014537,Track Occupied,2,64.8
TRN-04545,BLK-014538,Track Occupied,2,64.8
TRN-04546,BLK-013491,Track Occupied,1,41.6
TRN-04547,BLK-012221,Track Occupied,3,94.0
TRN-04548,BLK-002898,Track Occupied,3,80.9
TRN-04549,BLK-017129,Track Occupied,3,25.0
TRN-04550,BLK-011596,Track Occupied,1,24.4
TRN-04551,BLK-007987,Track Occupied,1,18.0
TRN-04552,BLK-007510,Track Occupied,3,77.6
TRN-04553,BLK-008936,Track Occupied,1,73.8
TRN-04554,BLK-004253,Track Occupied,2,54.0
TRN-04555,BLK-009292,Track Occupied,3,74.7
TRN-04556,BLK-024791,Track Occupied,3,73.9
TRN-04557,BLK-018605,Track Occupied,3,60.5
TRN-04557,BLK-018606,Track Occupied,3,60.5
TRN-04558,BLK-017174,Track Occupied,1,44.5
TRN-04559,BLK-030702,Track Occupied,2,77.7
TRN-04560,BLK-015470,Track Occupied,1,34.9
TRN-04561,BLK-031415,Track Occupied,2,48.0
TRN-04561,BLK-031416,Track Occupied,2,48.0
TRN-04562,BLK-014683,Track Occupied,2,99.0
TRN-04563,BLK-008486,Track Occupied,2,58.9
TRN-04564,BLK-019746,Track Occupied,1,20.5
TRN-04565,BLK-001646,Track Occupied,3,78.6
TRN-04566,BLK-025684,Track Occupied,2,72.7
TRN-04567,BLK-032303,Track Occupied,1,35.7
TRN-04568,BLK-007745,Track Occupied,1,52.5
TRN-04569,BLK-019962,Track Occupied,3,76.0
TRN-04570,BLK-032013,Track Occupied,3,54.9
TRN-04571,BLK-023115,Track Occupied,3,52.3
TRN-04572,BLK-026427,Track Occupied,3,41.1
TRN-04573,BLK-006694,Track Occupied,3,77.9
TRN-04574,BLK-014729,Track Occupied,3,64.3
TRN-04575,BLK-018019,Track Occupied,3,73.5
TRN-04576,BLK-004004,Track Occupied,3,92.9
TRN-04577,BLK-010181,Track Occupied,3,72.8
TRN-04578,BLK-009044,Track Occupied,2,99.0
TRN-04579,BLK-013464,Track Occupied,1,23.6
TRN-04580,BLK-014560,Track Occupied,1,40.9
TRN-04581,BLK-024591,Track Occupied,2,59.8
TRN-04582,BLK-002467,Track Occupied,2,66.4
TRN-04583,BLK-027714,Track Occupied,2,39.9
TRN-04584,BLK-027462,Track Occupied,2,67.6
TRN-04585,BLK-012485,Track Occupied,1,15.9
TRN-04586,BLK-009980,Track Occupied,3,67.7
TRN-04587,BLK-028712,Track Occupied,2,73.3
TRN-04588,BLK-009367,Track Occupied,1,26.8
TRN-04589,BLK-024272,Track Occupied,2,76.1
TRN-04590,BLK-031078,Track Occupied,1,21.1
TRN-04590,BLK-031079,Track Occupied,1,21.1
TRN-04591,BLK-017450,Track Occupied,2,43.8
TRN-04592,BLK-004297,Track Occupied,3,93.4
TRN-04592,BLK-004298,Track Occupied,3,93.4
TRN-04593,BLK-013076,Track Occupied,3,67.0
TRN-04594,BLK-008755,Track Occupied,2,84.4
TRN-04595,BLK-000785,Track Occupied,2,87.3
TRN-04596,BLK-027333,Track Occupied,3,97.3
TRN-04597,BLK-025994,Track Occupied,3,49.9
TRN-04598,BLK-006989,Track Occupied,3,82.7
TRN-04599,BLK-014838,Track Occupied,3,61.9
TRN-04600,BLK-004438,Track Occupied,3,72.4
TRN-04600,BLK-004439,Track Occupied,3,72.4
TRN-04601,BLK-020030,Track Occupied,2,52.0
TRN-04602,BLK-031041,Track Occupied,3,69.2
TRN-04603,BLK-007382,Track Occupied,3,64.2
TRN-04604,BLK-001496,Track Occupied,3,79.5
TRN-04605,BLK-004763,Track Occupied,2,61.9
TRN-04606,BLK-012071,Track Occupied,2,90.2
TRN-04606,BLK-012072,Track Occupied,2,90.2
TRN-04607,BLK-010394,Track Occupied,2,99.0
TRN-04608,BLK-014258,Track Occupied,3,68.4
TRN-04609,BLK-012038,Track Occupied,3,52.7
TRN-04610,BLK-029139,Track Occupied,3,72.2
TRN-04611,BLK-027472,Track Occupied,2,52.6
TRN-04612,BLK-033533,Track Occupied,2,87.4
TRN-04613,BLK-007419,Track Occupied,2,67.7
TRN-04614,BLK-001592,Track Occupied,3,73.1
TRN-04615,BLK-002311,Track Occupied,1,36.4
TRN-04616,BLK-001714,Track Occupied,2,71.6
TRN-04617,BLK-015466,Track Occupied,2,99.0
TRN-04618,BLK-027276,Track Occupied,1,33.1
TRN-04619,BLK-011496,Track Occupied,3,75.6
TRN-04620,BLK-021356,Track Occupied,1,24.4
TRN-04621,BLK-024791,Track Occupied,1,44.9
TRN-04622,BLK-021989,Track Occupied,3,47.6
TRN-04622,BLK-021990,Track Occupied,3,47.6
TRN-04623,BLK-010381,Track Occupied,2,78.1
TRN-04624,BLK-006249,Track Occupied,3,93.7
TRN-04625,BLK-006050,Track Occupied,2,98.6
TRN-04626,BLK-010048,Track Occupied,3,59.3
TRN-04627,BLK-019642,Track Occupied,1,23.5
TRN-04627,BLK-019643,Track Occupied,1,23.5
TRN-04628,BLK-010622,Track Occupied,2,56.4
TRN-04629,BLK-018023,Track Occupied,3,91.0
TRN-04630,BLK-021835,Track Occupied,1,29.9
TRN-04631,BLK-026892,Track Occupied,2,84.8
TRN-04632,BLK-005598,Track Occupied,2,57.6
TRN-04633,BLK-002984,Track Occupied,1,52.9
TRN-04634,BLK-025692,Track Occupied,3,59.6
TRN-04635,BLK-016375,Track Occupied,2,87.3
TRN-04636,BLK-002862,Track Occupied,3,63.2
TRN-04637,BLK-019179,Track Occupied,3,83.3
TRN-04638,BLK-012805,Track Occupied,2,85.5
TRN-04639,BLK-014277,Track Occupied,1,25.5
TRN-04640,BLK-009942,Track Occupied,1,65.4
TRN-04641,BLK-006775,Track Occupied,3,58.3
TRN-04642,BLK-024264,Track Occupied,2,88.6
TRN-04643,BLK-026262,Track Occupied,3,76.3
TRN-04644,BLK-010898,Track Occupied,1,58.5
TRN-04645,BLK-024995,Track Occupied,2,62.1
TRN-04646,BLK-018636,Track Occupied,2,99.0
TRN-04647,BLK-021123,Track Occupied,3,55.4
TRN-04647,BLK-021124,Track Occupied,3,55.4
TRN-04648,BLK-017925,Track Occupied,3,39.7
TRN-04649,BLK-012406,Track Occupied,2,55.7
TRN-04649,BLK-012407,Track Occupied,2,55.7
TRN-04650,BLK-005584,Track Occupied,2,90.3
TRN-04651,BLK-006411,Track Occupied,1,26.3
TRN-04652,BLK-031799,Track Occupied,3,73.3
TRN-04653,BLK-021289,Track Occupied,2,91.7
TRN-04654,BLK-027578,Track Occupied,2,62.9
TRN-04655,BLK-015601,Track Occupied,2,70.8
TRN-04655,BLK-015602,Track Occupied,2,70.8
TRN-04656,BLK-015643,Track Occupied,1,5.0
TRN-04657,BLK-010965,Track Occupied,2,69.8
TRN-04658,BLK-027481,Track Occupied,3,73.9
TRN-04659,BLK-023615,Track Occupied,2,93.7
TRN-04660,BLK-026774,Track Occupied,1,49.9
TRN-04661,BLK-031677,Track Occupied,1,76.5
TRN-04662,BLK-028822,Track Occupied,3,52.2
TRN-04663,BLK-026341,Track Occupied,3,72.9
TRN-04664,BLK-021724,Track Occupied,1,38.0
TRN-04665,BLK-023900,Track Occupied,2,61.4
TRN-04666,BLK-025642,Track Occupied,1,52.8
TRN-04667,BLK-013862,Track Occupied,3,82.7
TRN-04668,BLK-015054,Track Occupied,3,67.9
TRN-04669,BLK-030105,Track Occupied,3,61.7
TRN-04670,BLK-004098,Track Occupied,1,20.0
TRN-04671,BLK-007392,Track Occupied,3,78.4
TRN-04672,BLK-030112,Track Occupied,2,63.8
TRN-04673,BLK-002348,Track Occupied,2,61.2
TRN-04674,BLK-013696,Track Occupied,1,35.6
TRN-04675,BLK-024621,Track Occupied,3,71.1
TRN-04676,BLK-031741,Track Occupied,3,58.4
TRN-04676,BLK-031742,Track Occupied,3,58.4
TRN-04677,BLK-000926,Track Occupied,3,75.5
TRN-04677,BLK-000927,Track Occupied,3,75.5
TRN-04678,BLK-012138,Track Occupied,3,64.4
TRN-04678,BLK-012139,Track Occupied,3,64.4
TRN-04679,BLK-021739,Track Occupied,2,46.1
TRN-04680,BLK-026163,Track Occupied,2,78.2
TRN-04681,BLK-011813,Track Occupied,2,73.0
TRN-04682,BLK-015957,Track Occupied,1,31.5
TRN-04683,BLK-032831,Track Occupied,3,54.5
TRN-04683,BLK-032832,Track Occupied,3,54.5
TRN-04684,BLK-023930,Track Occupied,1,8.7
TRN-04685,BLK-031866,Track Occupied,3,49.8
TRN-04686,BLK-012053,Track Occupied,2,85.7
TRN-04686,BLK-012054,Track Occupied,2,85.7
TRN-04687,BLK-001112,Track Occupied,2,84.5
TRN-04688,BLK-018835,Track Occupied,3,71.4
TRN-04689,BLK-019767,Track Occupied,1,36.1
TRN-04690,BLK-020013,Track Occupied,2,34.5
TRN-04691,BLK-003500,Track Occupied,2,67.1
TRN-04692,BLK-031822,Track Occupied,3,69.7
TRN-04693,BLK-009374,Track Occupied,2,68.7
TRN-04694,BLK-030901,Track Occupied,2,67.8
TRN-04695,BLK-023559,Track Occupied,2,72.1
TRN-04695,BLK-023560,Track Occupied,2,72.1
TRN-04696,BLK-032400,Track Occupied,3,78.4
TRN-04697,BLK-011203,Track Occupied,3,97.9
TRN-04698,BLK-018574,Track Occupied,3,67.0
TRN-04699,BLK-018302,Track Occupied,1,29.5
TRN-04700,BLK-027818,Track Occupied,2,85.3
TRN-04701,BLK-018001,Track Occupied,2,84.9
TRN-04702,BLK-018474,Track Occupied,2,60.9
TRN-04703,BLK-027746,Track Occupied,2,80.8
TRN-04704,BLK-007516,Track Occupied,2,97.2
TRN-04704,BLK-007517,Track Occupied,2,97.2
TRN-04705,BLK-016075,Track Occupied,2,93.0
TRN-04706,BLK-015108,Track Occupied,1,22.1
TRN-04707,BLK-007570,Track Occupied,3,75.0
TRN-04708,BLK-017080,Track Occupied,1,70.3
TRN-04709,BLK-003675,Track Occupied,3,25.0
TRN-04710,BLK-012552,Track Occupied,2,89.0
TRN-04711,BLK-006744,Track Occupied,3,55.1
TRN-04712,BLK-014091,Track Occupied,3,62.3
TRN-04713,BLK-014725,Track Occupied,2,95.4
TRN-04714,BLK-024491,Track Occupied,1,10.9
TRN-04715,BLK-032688,Track Occupied,3,52.7
TRN-04716,BLK-017271,Track Occupied,2,73.9
TRN-04717,BLK-015082,Track Occupied,2,98.5
TRN-04718,BLK-006075,Track Occupied,2,53.2
TRN-04719,BLK-003386,Track Occupied,2,85.8
TRN-04720,BLK-022364,Track Occupied,3,79.4
TRN-04721,BLK-026467,Track Occupied,3,58.0
TRN-04722,BLK-015821,Track Occupied,3,82.2
TRN-04723,BLK-032420,Track Occupied,3,54.4
TRN-04724,BLK-008991,Track Occupied,3,96.0
TRN-04725,BLK-004859,Track Occupied,2,96.0
TRN-04726,BLK-003614,Track Occupied,1,41.5
TRN-04726,BLK-003615,Track Occupied,1,41.5
TRN-04727,BLK-029035,Track Occupied,3,53.9
TRN-04728,BLK-021113,Track Occupied,1,25.6
TRN-04729,BLK-028893,Track Occupied,3,53.5
TRN-04730,BLK-002238,Track Occupied,3,68.3
TRN-04731,BLK-015596,Track Occupied,3,99.0
TRN-04732,BLK-024149,Track Occupied,2,78.0
TRN-04733,BLK-027427,Track Occupied,2,86.4
TRN-04734,BLK-009974,Track Occupied,3,61.7
TRN-04735,BLK-017772,Track Occupied,3,70.9
TRN-04736,BLK-017859,Track Occupied,2,84.3
TRN-04737,BLK-024838,Track Occupied,2,47.0
TRN-04738,BLK-013482,Track Occupied,3,79.1
TRN-04739,BLK-013018,Track Occupied,3,38.7
TRN-04739,BLK-013019,Track Occupied,3,38.7
TRN-04740,BLK-004387,Track Occupied,2,99.0
TRN-04741,BLK-031299,Track Occupied,3,73.0
TRN-04742,BLK-001156,Track Occupied,3,75.7
TRN-04743,BLK-030621,Track Occupied,2,62.3
TRN-04744,BLK-029961,Track Occupied,3,56.7
TRN-04744,BLK-029962,Track Occupied,3,56.7
TRN-04745,BLK-009751,Track Occupied,2,98.4
TRN-04746,BLK-001559,Track Occupied,3,57.8
TRN-04746,BLK-001560,Track Occupied,3,57.8
TRN-04747,BLK-017206,Track Occupied,3,81.1
TRN-04748,BLK-018682,Track Occupied,3,97.7
TRN-04749,BLK-033563,Track Occupied,3,84.8
TRN-04749,BLK-033564,Track Occupied,3,84.8
TRN-04750,BLK-020599,Track Occupied,1,34.9
TRN-04751,BLK-014047,Track Occupied,3,71.5
TRN-04752,BLK-000823,Track Occupied,3,66.2
TRN-04753,BLK-004553,Track Occupied,2,59.1
TRN-04754,BLK-009939,Track Occupied,3,69.5
TRN-04755,BLK-009301,Track Occupied,2,83.5
TRN-04756,BLK-022766,Track Occupied,2,60.8
TRN-04757,BLK-014257,Track Occupied,3,76.9
TRN-04758,BLK-022534,Track Occupied,1,31.3
TRN-04759,BLK-002452,Track Occupied,2,61.0
TRN-04760,BLK-008347,Track Occupied,2,53.2
TRN-04761,BLK-010695,Track Occupied,3,70.7
TRN-04762,BLK-006838,Track Occupied,2,85.0
TRN-04763,BLK-007055,Track Occupied,3,77.4
TRN-04764,BLK-027504,Track Occupied,1,35.3
TRN-04765,BLK-024343,Track Occupied,1,5.0
TRN-04766,BLK-018179,Track Occupied,2,52.0
TRN-04767,BLK-018001,Track Occupied,3,52.8
TRN-04768,BLK-011860,Track Occupied,3,76.7
TRN-04769,BLK-016150,Track Occupied,3,67.8
TRN-04770,BLK-025010,Track Occupied,3,64.4
TRN-04771,BLK-023840,Track Occupied,2,71.3
TRN-04772,BLK-018498,Track Occupied,3,49.6
TRN-04773,BLK-007951,Track Occupied,1,5.0
TRN-04774,BLK-017209,Track Occupied,3,51.3
TRN-04775,BLK-012049,Track Occupied,3,69.3
TRN-04776,BLK-033490,Track Occupied,2,63.0
TRN-04777,BLK-016332,Track Occupied,2,61.1
TRN-04778,BLK-018944,Track Occupied,2,82.2
TRN-04779,BLK-002843,Track Occupied,3,56.0
TRN-04780,BLK-025526,Track Occupied,1,42.8
TRN-04781,BLK-010804,Track Occupied,2,55.4
TRN-04782,BLK-018593,Track Occupied,2,82.7
TRN-04783,BLK-027718,Track Occupied,2,73.3
TRN-04784,BLK-004223,Track Occupied,3,89.6
TRN-04784,BLK-004224,Track Occupied,3,89.6
TRN-04785,BLK-015143,Track Occupied,3,47.8
TRN-04786,BLK-028833,Track Occupied,2,85.6
TRN-04787,BLK-028274,Track Occupied,2,56.0
TRN-04788,BLK-000355,Track Occupied,1,70.6
TRN-04789,BLK-009721,Track Occupied,1,23.5
TRN-04790,BLK-031271,Track Occupied,3,50.7
TRN-04791,BLK-006873,Track Occupied,3,98.7
TRN-04792,BLK-011657,Track Occupied,2,51.6
TRN-04793,BLK-009333,Track Occupied,2,87.3
TRN-04793,BLK-009334,Track Occupied,2,87.3
TRN-04794,BLK-000097,Track Occupied,3,39.6
TRN-04795,BLK-030805,Track Occupied,1,19.1
TRN-04796,BLK-019634,Track Occupied,2,94.5
TRN-04797,BLK-032315,Track Occupied,1,18.8
TRN-04798,BLK-032459,Track Occupied,2,99.0
TRN-04799,BLK-033527,Track Occupied,3,86.3
TRN-04800,BLK-016516,Track Occupied,2,73.3
TRN-04801,BLK-008632,Track Occupied,2,63.5
TRN-04802,BLK-009694,Track Occupied,3,91.3
TRN-04803,BLK-029019,Track Occupied,3,64.2
TRN-04804,BLK-026611,Track Occupied,2,64.6
TRN-04805,BLK-029190,Track Occupied,2,78.1
TRN-04806,BLK-012551,Track Occupied,2,62.4
TRN-04806,BLK-012552,Track Occupied,2,62.4
TRN-04807,BLK-019942,Track Occupied,2,68.1
TRN-04808,BLK-016412,Track Occupied,3,74.7
TRN-04809,BLK-011169,Track Occupied,3,73.4
TRN-04810,BLK-025415,Track Occupied,3,27.0
TRN-04811,BLK-017127,Track Occupied,1,16.8
TRN-04812,BLK-017503,Track Occupied,3,88.1
TRN-04813,BLK-021889,Track Occupied,2,71.1
TRN-04814,BLK-025594,Track Occupied,3,99.0
TRN-04815,BLK-025659,Track Occupied,2,68.0
TRN-04816,BLK-010443,Track Occupied,2,83.4
TRN-04817,BLK-032609,Track Occupied,2,77.7
TRN-04818,BLK-012410,Track Occupied,1,43.2
TRN-04819,BLK-005308,Track Occupied,2,57.7
TRN-04820,BLK-029450,Track Occupied,1,50.7
TRN-04821,BLK-002568,Track Occupied,3,99.0
TRN-04822,BLK-008392,Track Occupied,3,34.7
TRN-04823,BLK-004207,Track Occupied,3,69.7
TRN-04824,BLK-025712,Track Occupied,3,53.5
TRN-04825,BLK-019565,Track Occupied,1,30.5
TRN-04826,BLK-010428,Track Occupied,1,9.8
TRN-04827,BLK-020114,Track Occupied,2,99.0
TRN-04828,BLK-030978,Track Occupied,3,93.7
TRN-04829,BLK-030530,Track Occupied,2,63.1
TRN-04830,BLK-028840,Track Occupied,1,33.8
TRN-04831,BLK-027220,Track Occupied,1,51.1
TRN-04832,BLK-018916,Track Occupied,1,46.2
TRN-04832,BLK-018917,Track Occupied,1,46.2
TRN-04833,BLK-019075,Track Occupied,2,58.9
TRN-04834,BLK-003177,Track Occupied,3,56.5
TRN-04834,BLK-003178,Track Occupied,3,56.5
TRN-04835,BLK-014123,Track Occupied,2,94.8
TRN-04836,BLK-024011,Track Occupied,2,58.9
TRN-04837,BLK-027934,Track Occupied,3,69.9
TRN-04838,BLK-003130,Track Occupied,3,49.2
TRN-04839,BLK-022193,Track Occupied,2,88.4
TRN-04840,BLK-033051,Track Occupied,3,70.8
TRN-04841,BLK-001831,Track Occupied,2,70.6
TRN-04842,BLK-018228,Track Occupied,1,58.9
TRN-04843,BLK-020327,Track Occupied,2,63.2
TRN-04844,BLK-029830,Track Occupied,2,84.2
TRN-04845,BLK-011102,Track Occupied,2,86.2
TRN-04846,BLK-021624,Track Occupied,1,25.8
TRN-04847,BLK-006225,Track Occupied,2,87.4
TRN-04848,BLK-004252,Track Occupied,1,49.8
TRN-04849,BLK-005021,Track Occupied,3,65.2
TRN-04850,BLK-002767,Track Occupied,1,50.9
TRN-04851,BLK-027054,Track Occupied,1,26.8
TRN-04852,BLK-027290,Track Occupied,2,64.0
TRN-04853,BLK-017219,Track Occupied,2,86.7
TRN-04854,BLK-025440,Track Occupied,3,56.5
TRN-04855,BLK-004621,Track Occupied,3,59.8
TRN-04856,BLK-024179,Track Occupied,3,36.4
TRN-04857,BLK-009500,Track Occupied,2,50.1
TRN-04858,BLK-027075,Track Occupied,2,80.9
TRN-04859,BLK-014396,Track Occupied,2,87.7
TRN-04860,BLK-018398,Track Occupied,3,92.5
TRN-04861,BLK-025714,Track Occupied,3,57.2
TRN-04862,BLK-015150,Track Occupied,3,82.3
TRN-04862,BLK-015151,Track Occupied,3,82.3
TRN-04863,BLK-000286,Track Occupied,3,54.3
TRN-04864,BLK-010530,Track Occupied,1,34.6
TRN-04865,BLK-016528,Track Occupied,2,79.2
TRN-04866,BLK-025181,Track Occupied,1,41.2
TRN-04867,BLK-011937,Track Occupied,2,99.0
TRN-04868,BLK-007423,Track Occupied,3,68.4
TRN-04869,BLK-029259,Track Occupied,3,71.8
TRN-04870,BLK-005145,Track Occupied,3,72.6
TRN-04871,BLK-031338,Track Occupied,2,96.4
TRN-04872,BLK-028751,Track Occupied,2,99.0
TRN-04873,BLK-012919,Track Occupied,3,44.3
TRN-04874,BLK-008324,Track Occupied,3,58.0
TRN-04875,BLK-020433,Track Occupied,1,42.1
TRN-04876,BLK-002822,Track Occupied,3,99.0
TRN-04877,BLK-013707,Track Occupied,2,59.6
TRN-04878,BLK-004317,Track Occupied,3,61.2
TRN-04879,BLK-002017,Track Occupied,3,93.2
TRN-04880,BLK-023761,Track Occupied,3,65.8
TRN-04880,BLK-023762,Track Occupied,3,65.8
TRN-04881,BLK-017338,Track Occupied,2,54.8
TRN-04882,BLK-020063,Track Occupied,3,55.2
TRN-04883,BLK-032713,Track Occupied,3,90.1
TRN-04884,BLK-013585,Track Occupied,2,60.1
TRN-04885,BLK-018945,Track Occupied,2,52.4
TRN-04886,BLK-003458,Track Occupied,2,87.1
TRN-04887,BLK-003859,Track Occupied,1,82.0
TRN-04888,BLK-011021,Track Occupied,3,95.4
TRN-04889,BLK-016819,Track Occupied,2,70.5
TRN-04890,BLK-027050,Track Occupied,2,71.3
TRN-04891,BLK-022992,Track Occupied,3,89.0
TRN-04892,BLK-008296,Track Occupied,3,56.3
TRN-04893,BLK-028321,Track Occupied,1,30.9
TRN-04894,BLK-017450,Track Occupied,3,87.9
TRN-04895,BLK-008879,Track Occupied,2,62.1
TRN-04896,BLK-030936,Track Occupied,2,95.3
TRN-04897,BLK-009444,Track Occupied,1,36.2
TRN-04898,BLK-027183,Track Occupied,3,81.3
TRN-04899,BLK-022540,Track Occupied,1,61.6
TRN-04900,BLK-026231,Track Occupied,1,5.0
TRN-04901,BLK-000210,Track Occupied,3,57.5
TRN-04901,BLK-000211,Track Occupied,3,57.5
TRN-04902,BLK-020346,Track Occupied,2,51.7
TRN-04903,BLK-008491,Track Occupied,2,91.9
TRN-04904,BLK-000070,Track Occupied,3,74.9
TRN-04905,BLK-007137,Track Occupied,3,87.9
TRN-04906,BLK-014143,Track Occupied,1,37.9
TRN-04906,BLK-014144,Track Occupied,1,37.9
TRN-04907,BLK-029067,Track Occupied,3,80.5
TRN-04908,BLK-026051,Track Occupied,2,63.0
TRN-04909,BLK-008290,Track Occupied,3,88.2
TRN-04910,BLK-015007,Track Occupied,2,74.9
TRN-04911,BLK-017292,Track Occupied,2,94.6
TRN-04912,BLK-031728,Track Occupied,2,70.2
TRN-04913,BLK-000447,Track Occupied,2,69.1
TRN-04914,BLK-007630,Track Occupied,2,64.1
TRN-04915,BLK-004573,Track Occupied,3,70.5
TRN-04916,BLK-005336,Track Occupied,2,66.7
TRN-04917,BLK-016279,Track Occupied,2,52.5
TRN-04918,BLK-003699,Track Occupied,1,42.9
TRN-04919,BLK-023313,Track Occupied,3,63.1
TRN-04920,BLK-028863,Track Occupied,2,72.6
TRN-04921,BLK-004119,Track Occupied,2,86.9
TRN-04922,BLK-004890,Track Occupied,2,87.4
TRN-04923,BLK-007677,Track Occupied,2,60.0
TRN-04923,BLK-007678,Track Occupied,2,60.0
TRN-04924,BLK-010170,Track Occupied,2,57.8
TRN-04925,BLK-021235,Track Occupied,2,68.0
TRN-04925,BLK-021236,Track Occupied,2,68.0
TRN-04926,BLK-010032,Track Occupied,3,83.2
TRN-04927,BLK-007228,Track Occupied,2,96.8
TRN-04928,BLK-010776,Track Occupied,1,45.2
TRN-04929,BLK-004476,Track Occupied,3,98.3
TRN-04930,BLK-019666,Track Occupied,2,68.4
TRN-04931,BLK-029025,Track Occupied,3,76.2
TRN-04932,BLK-013406,Track Occupied,3,86.3
TRN-04932,BLK-013407,Track Occupied,3,86.3
TRN-04933,BLK-021858,Track Occupied,3,82.3
TRN-04934,BLK-029907,Track Occupied,2,57.0
TRN-04935,BLK-016595,Track Occupied,3,76.0
TRN-04936,BLK-024685,Track Occupied,2,56.6
TRN-04937,BLK-022539,Track Occupied,1,74.0
TRN-04938,BLK-032986,Track Occupied,3,99.0
TRN-04939,BLK-024414,Track Occupied,3,84.8
TRN-04939,BLK-024415,Track Occupied,3,84.8
TRN-04940,BLK-010560,Track Occupied,2,61.2
TRN-04941,BLK-028307,Track Occupied,2,56.2
TRN-04942,BLK-016362,Track Occupied,3,47.6
TRN-04943,BLK-028359,Track Occupied,3,73.8
TRN-04944,BLK-000031,Track Occupied,3,51.9
TRN-04945,BLK-001667,Track Occupied,2,83.9
TRN-04946,BLK-001579,Track Occupied,3,75.3
TRN-04946,BLK-001580,Track Occupied,3,75.3
TRN-04947,BLK-023978,Track Occupied,3,69.4
TRN-04948,BLK-013426,Track Occupied,3,84.5
TRN-04949,BLK-011758,Track Occupied,1,12.0
TRN-04950,BLK-028796,Track Occupied,1,22.1
TRN-04950,BLK-028797,Track Occupied,1,22.1
TRN-04951,BLK-015845,Track Occupied,2,78.9
TRN-04952,BLK-029891,Track Occupied,2,79.7
TRN-04953,BLK-015020,Track Occupied,3,81.3
TRN-04954,BLK-000664,Track Occupied,2,70.6
TRN-04955,BLK-025773,Track Occupied,2,70.2
TRN-04955,BLK-025774,Track Occupied,2,70.2
TRN-04956,BLK-029061,Track Occupied,3,74.3
TRN-04957,BLK-019107,Track Occupied,1,30.4
TRN-04958,BLK-020644,Track Occupied,2,67.1
TRN-04959,BLK-026232,Track Occupied,3,80.1
TRN-04960,BLK-029698,Track Occupied,1,33.9
TRN-04961,BLK-026224,Track Occupied,1,55.7
TRN-04962,BLK-007621,Track Occupied,2,65.5
TRN-04963,BLK-009345,Track Occupied,1,34.6
TRN-04964,BLK-020580,Track Occupied,2,52.4
TRN-04965,BLK-033525,Track Occupied,1,45.4
TRN-04966,BLK-028315,Track Occupied,3,51.5
TRN-04967,BLK-027622,Track Occupied,3,86.2
TRN-04968,BLK-004042,Track Occupied,2,59.2
TRN-04969,BLK-013506,Track Occupied,3,54.4
TRN-04970,BLK-001529,Track Occupied,2,81.3
TRN-04971,BLK-004877,Track Occupied,1,6.0
TRN-04972,BLK-002585,Track Occupied,2,99.0
TRN-04972,BLK-002586,Track Occupied,2,99.0
TRN-04973,BLK-002527,Track Occupied,3,79.9
TRN-04974,BLK-021353,Track Occupied,1,33.1
TRN-04975,BLK-019327,Track Occupied,1,25.1
TRN-04976,BLK-007590,Track Occupied,1,5.0
TRN-04977,BLK-032424,Track Occupied,3,87.6
TRN-04978,BLK-009353,Track Occupied,2,78.5
TRN-04978,BLK-009354,Track Occupied,2,78.5
TRN-04979,BLK-030703,Track Occupied,2,43.1
TRN-04980,BLK-029431,Track Occupied,3,62.6
TRN-04981,BLK-028401,Track Occupied,2,54.9
TRN-04982,BLK-013126,Track Occupied,2,64.1
TRN-04983,BLK-027223,Track Occupied,2,99.0
TRN-04984,BLK-022937,Track Occupied,3,96.3
TRN-04985,BLK-003973,Track Occupied,3,72.4
TRN-04986,BLK-012867,Track Occupied,2,78.6
TRN-04987,BLK-008104,Track Occupied,2,88.0
TRN-04987,BLK-008105,Track Occupied,2,88.0
TRN-04988,BLK-018719,Track Occupied,3,99.0
TRN-04988,BLK-018720,Track Occupied,3,99.0
TRN-04989,BLK-003144,Track Occupied,1,27.9
TRN-04990,BLK-010068,Track Occupied,2,54.1
TRN-04991,BLK-012367,Track Occupied,3,69.2
TRN-04992,BLK-021294,Track Occupied,2,64.8
TRN-04993,BLK-009734,Track Occupied,3,60.0
TRN-04993,BLK-009735,Track Occupied,3,60.0
TRN-04994,BLK-018128,Track Occupied,1,20.3
TRN-04994,BLK-018129,Track Occupied,1,20.3
TRN-04995,BLK-007697,Track Occupied,2,60.0
TRN-04996,BLK-031812,Track Occupied,2,64.6
TRN-04997,BLK-003262,Track Occupied,2,90.4
TRN-04998,BLK-023680,Track Occupied,3,92.4
TRN-04999,BLK-010745,Track Occupied,3,68.2
TRN-04999,BLK-010746,Track Occupied,3,68.2
TRN-05000,BLK-007297,Track Occupied,2,79.3
TRN-05001,BLK-006205,Track Occupied,2,83.2
TRN-05002,BLK-009824,Track Occupied,1,25.7
TRN-05003,BLK-019170,Track Occupied,1,36.2
TRN-05004,BLK-026796,Track Occupied,2,65.1
TRN-05005,BLK-014048,Track Occupied,2,58.2
TRN-05006,BLK-020413,Track Occupied,1,41.3
TRN-05007,BLK-001079,Track Occupied,3,63.1
TRN-05008,BLK-029489,Track Occupied,3,74.0
TRN-05008,BLK-029490,Track Occupied,3,74.0
TRN-05009,BLK-011849,Track Occupied,1,32.5
TRN-05010,BLK-005955,Track Occupied,3,67.5
TRN-05011,BLK-017691,Track Occupied,3,77.6
TRN-05012,BLK-018248,Track Occupied,2,54.3
TRN-05013,BLK-033559,Track Occupied,2,87.2
TRN-05014,BLK-004423,Track Occupied,3,71.3
TRN-05015,BLK-026185,Track Occupied,2,71.0
TRN-05015,BLK-026186,Track Occupied,2,71.0
TRN-05016,BLK-009626,Track Occupied,3,99.0
TRN-05017,BLK-011198,Track Occupied,3,86.9
TRN-05018,BLK-004520,Track Occupied,3,70.9
TRN-05019,BLK-024845,Track Occupied,2,64.8
TRN-05020,BLK-024824,Track Occupied,3,54.6
TRN-05021,BLK-029522,Track Occupied,3,89.5
TRN-05022,BLK-032908,Track Occupied,3,99.0
TRN-05023,BLK-023280,Track Occupied,2,93.9
TRN-05024,BLK-032089,Track Occupied,2,68.6
TRN-05025,BLK-018614,Track Occupied,3,56.9
TRN-05026,BLK-017018,Track Occupied,1,27.9
TRN-05027,BLK-012979,Track Occupied,3,64.9
TRN-05028,BLK-026479,Track Occupied,3,70.6
TRN-05029,BLK-019769,Track Occupied,1,22.5
TRN-05030,BLK-012280,Track Occupied,2,94.9
TRN-05031,BLK-002551,Track Occupied,2,56.3
TRN-05032,BLK-027728,Track Occupied,2,32.4
TRN-05033,BLK-032627,Track Occupied,1,44.5
TRN-05034,BLK-007852,Track Occupied,2,76.3
TRN-05035,BLK-028361,Track Occupied,3,69.3
TRN-05036,BLK-029889,Track Occupied,1,18.1
TRN-05037,BLK-015218,Track Occupied,2,60.5
TRN-05038,BLK-015496,Track Occupied,1,39.1
TRN-05039,BLK-028259,Track Occupied,3,51.0
TRN-05040,BLK-001767,Track Occupied,1,5.0
TRN-05041,BLK-007889,Track Occupied,3,99.0
TRN-05042,BLK-012206,Track Occupied,1,35.6
TRN-05043,BLK-016002,Track Occupied,1,23.2
TRN-05044,BLK-018555,Track Occupied,3,69.2
TRN-05044,BLK-018556,Track Occupied,3,69.2
TRN-05045,BLK-032406,Track Occupied,3,59.6
TRN-05046,BLK-014057,Track Occupied,2,55.0
TRN-05047,BLK-029923,Track Occupied,2,99.0
TRN-05048,BLK-002890,Track Occupied,2,56.6
TRN-05048,BLK-002891,Track Occupied,2,56.6
TRN-05049,BLK-012810,Track Occupied,3,80.9
TRN-05050,BLK-010264,Track Occupied,3,73.2
TRN-05051,BLK-001528,Track Occupied,1,37.4
TRN-05052,BLK-030545,Track Occupied,2,84.3
TRN-05053,BLK-021512,Track Occupied,3,88.9
TRN-05054,BLK-015279,Track Occupied,1,59.8
TRN-05055,BLK-024647,Track Occupied,1,23.0
TRN-05056,BLK-015066,Track Occupied,2,84.7
TRN-05057,BLK-006818,Track Occupied,2,74.9
TRN-05058,BLK-004521,Track Occupied,2,92.9
TRN-05059,BLK-004863,Track Occupied,3,99.0
TRN-05060,BLK-016518,Track Occupied,2,55.1
TRN-05061,BLK-000058,Track Occupied,1,26.1
TRN-05062,BLK-023282,Track Occupied,2,84.7
TRN-05063,BLK-024348,Track Occupied,3,92.3
TRN-05064,BLK-020678,Track Occupied,2,77.6
TRN-05065,BLK-011543,Track Occupied,2,90.3
TRN-05066,BLK-020658,Track Occupied,1,55.1
TRN-05067,BLK-022477,Track Occupied,1,52.2
TRN-05068,BLK-014968,Track Occupied,3,63.3
TRN-05069,BLK-004889,Track Occupied,3,72.9
TRN-05070,BLK-029708,Track Occupied,2,76.9
TRN-05071,BLK-018648,Track Occupied,3,75.1
TRN-05072,BLK-019005,Track Occupied,1,16.3
TRN-05073,BLK-022218,Track Occupied,2,66.5
TRN-05074,BLK-002642,Track Occupied,3,99.0
TRN-05075,BLK-025065,Track Occupied,2,64.4
TRN-05076,BLK-019993,Track Occupied,2,99.0
TRN-05077,BLK-020705,Track Occupied,3,88.5
TRN-05078,BLK-032820,Track Occupied,2,73.9
TRN-05079,BLK-021752,Track Occupied,1,32.7
TRN-05080,BLK-002603,Track Occupied,2,65.2
TRN-05081,BLK-032253,Track Occupied,3,48.7
TRN-05082,BLK-002340,Track Occupied,3,59.4
TRN-05083,BLK-005356,Track Occupied,3,76.9
TRN-05084,BLK-012284,Track Occupied,2,69.2
TRN-05085,BLK-002758,Track Occupied,3,45.4
TRN-05086,BLK-021383,Track Occupied,2,44.8
TRN-05087,BLK-029668,Track Occupied,2,73.0
TRN-05088,BLK-017529,Track Occupied,1,21.7
TRN-05089,BLK-016256,Track Occupied,2,98.5
TRN-05090,BLK-029768,Track Occupied,2,97.0
TRN-05091,BLK-018317,Track Occupied,2,72.7
TRN-05092,BLK-016864,Track Occupied,1,25.8
TRN-05093,BLK-008726,Track Occupied,2,65.5
TRN-05094,BLK-010828,Track Occupied,3,70.3
TRN-05094,BLK-010829,Track Occupied,3,70.3
TRN-05095,BLK-022139,Track Occupied,2,56.9
TRN-05096,BLK-013831,Track Occupied,1,26.4
TRN-05097,BLK-026175,Track Occupied,1,40.1
TRN-05098,BLK-032205,Track Occupied,3,72.6
TRN-05099,BLK-017457,Track Occupied,3,60.1
TRN-05100,BLK-014266,Track Occupied,3,76.0
TRN-05101,BLK-020680,Track Occupied,2,85.3
TRN-05102,BLK-033400,Track Occupied,3,89.4
TRN-05103,BLK-029033,Track Occupied,1,38.2
TRN-05104,BLK-003509,Track Occupied,1,26.3
TRN-05105,BLK-029392,Track Occupied,2,62.9
TRN-05106,BLK-017150,Track Occupied,3,49.0
TRN-05107,BLK-017557,Track Occupied,1,44.2
TRN-05108,BLK-008227,Track Occupied,1,22.0
TRN-05109,BLK-020912,Track Occupied,1,37.1
TRN-05110,BLK-023287,Track Occupied,3,73.7
TRN-05111,BLK-030366,Track Occupied,3,53.7
TRN-05112,BLK-006229,Track Occupied,2,51.9
TRN-05113,BLK-000270,Track Occupied,3,93.3
TRN-05113,BLK-000271,Track Occupied,3,93.3
TRN-05114,BLK-031737,Track Occupied,3,99.0
TRN-05115,BLK-015498,Track Occupied,2,87.7
TRN-05116,BLK-003284,Track Occupied,2,83.7
TRN-05116,BLK-003285,Track Occupied,2,83.7
TRN-05117,BLK-026783,Track Occupied,1,46.7
TRN-05118,BLK-002302,Track Occupied,3,67.5
TRN-05119,BLK-004389,Track Occupied,3,52.1
TRN-05120,BLK-017545,Track Occupied,3,75.3
TRN-05120,BLK-017546,Track Occupied,3,75.3
TRN-05121,BLK-007914,Track Occupied,3,47.6
TRN-05121,BLK-007915,Track Occupied,3,47.6
TRN-05122,BLK-008326,Track Occupied,2,87.1
TRN-05123,BLK-020721,Track Occupied,2,88.7
TRN-05124,BLK-023058,Track Occupied,3,63.2
TRN-05125,BLK-025575,Track Occupied,2,67.3
TRN-05126,BLK-025158,Track Occupied,2,82.3
TRN-05127,BLK-032400,Track Occupied,1,63.5
TRN-05128,BLK-011376,Track Occupied,3,71.2
TRN-05129,BLK-022467,Track Occupied,3,79.1
TRN-05130,BLK-023400,Track Occupied,2,99.0
TRN-05131,BLK-025984,Track Occupied,2,99.0
TRN-05132,BLK-026632,Track Occupied,1,34.7
TRN-05133,BLK-019220,Track Occupied,2,68.0
TRN-05134,BLK-017641,Track Occupied,1,55.1
TRN-05135,BLK-001545,Track Occupied,3,63.8
TRN-05136,BLK-011275,Track Occupied,3,45.2
TRN-05137,BLK-006137,Track Occupied,1,23.7
TRN-05137,BLK-006138,Track Occupied,1,23.7
TRN-05138,BLK-006837,Track Occupied,2,84.0
TRN-05139,BLK-023043,Track Occupied,2,45.8
TRN-05139,BLK-023044,Track Occupied,2,45.8
TRN-05140,BLK-007364,Track Occupied,1,14.7
TRN-05140,BLK-007365,Track Occupied,1,14.7
TRN-05141,BLK-028606,Track Occupied,3,56.0
TRN-05142,BLK-027791,Track Occupied,2,71.0
TRN-05143,BLK-003774,Track Occupied,2,73.2
TRN-05144,BLK-000383,Track Occupied,2,33.1
TRN-05145,BLK-005073,Track Occupied,3,79.0
TRN-05146,BLK-005200,Track Occupied,3,99.0
TRN-05147,BLK-018423,Track Occupied,3,54.5
TRN-05148,BLK-022969,Track Occupied,2,79.6
TRN-05149,BLK-024750,Track Occupied,1,53.8
TRN-05150,BLK-033088,Track Occupied,1,15.0
TRN-05151,BLK-005966,Track Occupied,2,73.0
TRN-05152,BLK-019216,Track Occupied,3,93.4
TRN-05153,BLK-003072,Track Occupied,3,91.5
TRN-05154,BLK-020912,Track Occupied,3,83.8
TRN-05155,BLK-032735,Track Occupied,2,91.8
TRN-05156,BLK-032695,Track Occupied,1,10.4
TRN-05157,BLK-017618,Track Occupied,2,80.8
TRN-05157,BLK-017619,Track Occupied,2,80.8
TRN-05158,BLK-000271,Track Occupied,3,71.2
TRN-05159,BLK-019334,Track Occupied,3,77.0
TRN-05160,BLK-023435,Track Occupied,2,69.6
TRN-05161,BLK-018293,Track Occupied,2,93.3
TRN-05162,BLK-006099,Track Occupied,2,77.8
TRN-05163,BLK-018228,Track Occupied,2,41.5
TRN-05164,BLK-003589,Track Occupied,1,57.5
TRN-05164,BLK-003590,Track Occupied,1,57.5
TRN-05165,BLK-004197,Track Occupied,1,26.6
TRN-05166,BLK-019778,Track Occupied,3,92.2
TRN-05167,BLK-012394,Track Occupied,3,44.7
TRN-05168,BLK-015698,Track Occupied,2,52.2
TRN-05169,BLK-009566,Track Occupied,3,58.5
TRN-05170,BLK-001109,Track Occupied,2,64.1
TRN-05171,BLK-003742,Track Occupied,1,33.7
TRN-05172,BLK-031954,Track Occupied,1,44.3
TRN-05173,BLK-031406,Track Occupied,1,33.0
TRN-05174,BLK-002159,Track Occupied,3,79.4
TRN-05174,BLK-002160,Track Occupied,3,79.4
TRN-05175,BLK-016770,Track Occupied,3,72.8
TRN-05176,BLK-007985,Track Occupied,2,73.8
TRN-05177,BLK-016606,Track Occupied,3,81.7
TRN-05178,BLK-028151,Track Occupied,2,76.7
TRN-05179,BLK-008584,Track Occupied,3,70.2
TRN-05180,BLK-007498,Track Occupied,1,28.1
TRN-05181,BLK-026178,Track Occupied,2,65.1
TRN-05182,BLK-012099,Track Occupied,2,78.8
TRN-05183,BLK-007184,Track Occupied,3,74.3
TRN-05184,BLK-003296,Track Occupied,3,56.2
TRN-05185,BLK-000848,Track Occupied,3,64.1
TRN-05186,BLK-010933,Track Occupied,2,49.1
TRN-05187,BLK-020732,Track Occupied,3,76.3
TRN-05188,BLK-018382,Track Occupied,1,40.2
TRN-05189,BLK-015123,Track Occupied,2,76.8
TRN-05190,BLK-029996,Track Occupied,3,84.7
TRN-05191,BLK-008089,Track Occupied,2,78.3
TRN-05192,BLK-016656,Track Occupied,3,81.0
TRN-05193,BLK-018196,Track Occupied,3,68.4
TRN-05194,BLK-005720,Track Occupied,3,79.4
TRN-05195,BLK-008996,Track Occupied,3,79.9
TRN-05196,BLK-004944,Track Occupied,3,36.4
TRN-05197,BLK-020011,Track Occupied,3,63.3
TRN-05198,BLK-016401,Track Occupied,3,81.1
TRN-05198,BLK-016402,Track Occupied,3,81.1
TRN-05199,BLK-011204,Track Occupied,2,81.3
TRN-05200,BLK-003824,Track Occupied,1,23.6
TRN-05201,BLK-012090,Track Occupied,1,5.0
TRN-05202,BLK-021040,Track Occupied,3,50.6
TRN-05203,BLK-008614,Track Occupied,2,54.6
TRN-05204,BLK-028593,Track Occupied,2,73.7
TRN-05205,BLK-017913,Track Occupied,3,62.0
TRN-05206,BLK-007359,Track Occupied,1,10.5
TRN-05207,BLK-032038,Track Occupied,2,81.8
TRN-05208,BLK-029685,Track Occupied,3,98.6
TRN-05209,BLK-013665,Track Occupied,1,5.0
TRN-05210,BLK-008079,Track Occupied,3,87.8
TRN-05211,BLK-029917,Track Occupied,3,82.1
TRN-05212,BLK-027822,Track Occupied,3,69.9
TRN-05213,BLK-033044,Track Occupied,2,81.5
TRN-05214,BLK-003263,Track Occupied,3,86.4
TRN-05214,BLK-003264,Track Occupied,3,86.4
TRN-05215,BLK-003032,Track Occupied,3,88.6
TRN-05216,BLK-024058,Track Occupied,2,57.0
TRN-05217,BLK-012391,Track Occupied,3,56.8
TRN-05218,BLK-003752,Track Occupied,3,96.7
TRN-05219,BLK-027199,Track Occupied,1,43.5
TRN-05220,BLK-028854,Track Occupied,2,90.5
TRN-05221,BLK-020027,Track Occupied,1,37.5
TRN-05222,BLK-031442,Track Occupied,1,40.2
TRN-05223,BLK-028481,Track Occupied,3,51.2
TRN-05224,BLK-023434,Track Occupied,3,99.0
TRN-05225,BLK-022605,Track Occupied,2,66.7
TRN-05226,BLK-018732,Track Occupied,2,81.1
TRN-05227,BLK-009058,Track Occupied,1,43.3
TRN-05228,BLK-003815,Track Occupied,3,71.5
TRN-05229,BLK-032384,Track Occupied,2,55.0
TRN-05230,BLK-019582,Track Occupied,2,69.1
TRN-05231,BLK-009883,Track Occupied,2,81.4
TRN-05232,BLK-017268,Track Occupied,3,62.7
TRN-05233,BLK-011818,Track Occupied,3,78.3
TRN-05234,BLK-017912,Track Occupied,3,77.4
TRN-05235,BLK-001891,Track Occupied,3,45.7
TRN-05236,BLK-028872,Track Occupied,2,92.1
TRN-05237,BLK-013391,Track Occupied,2,65.8
TRN-05237,BLK-013392,Track Occupied,2,65.8
TRN-05238,BLK-011794,Track Occupied,2,87.2
TRN-05239,BLK-019000,Track Occupied,3,42.9
TRN-05240,BLK-017863,Track Occupied,2,76.4
TRN-05241,BLK-007108,Track Occupied,2,75.1
TRN-05241,BLK-007109,Track Occupied,2,75.1
TRN-05242,BLK-005479,Track Occupied,2,68.7
TRN-05243,BLK-000070,Track Occupied,1,43.9
TRN-05244,BLK-032173,Track Occupied,3,44.3
TRN-05245,BLK-011790,Track Occupied,2,75.3
TRN-05246,BLK-030007,Track Occupied,1,23.6
TRN-05247,BLK-022684,Track Occupied,2,52.8
TRN-05248,BLK-002353,Track Occupied,3,79.5
TRN-05249,BLK-012536,Track Occupied,2,70.1
TRN-05250,BLK-018561,Track Occupied,2,75.8
TRN-05251,BLK-003444,Track Occupied,3,72.0
TRN-05252,BLK-028661,Track Occupied,2,65.1
TRN-05253,BLK-006871,Track Occupied,2,42.5
TRN-05254,BLK-024116,Track Occupied,3,70.7
TRN-05255,BLK-020206,Track Occupied,2,51.8
TRN-05256,BLK-019207,Track Occupied,2,52.1
TRN-05257,BLK-017533,Track Occupied,3,65.3
TRN-05258,BLK-032505,Track Occupied,3,43.3
TRN-05259,BLK-017691,Track Occupied,3,97.9
TRN-05260,BLK-006392,Track Occupied,3,78.7
TRN-05260,BLK-006393,Track Occupied,3,78.7
TRN-05261,BLK-001505,Track Occupied,3,59.6
TRN-05262,BLK-011624,Track Occupied,3,82.4
TRN-05263,BLK-021979,Track Occupied,2,78.8
TRN-05264,BLK-019613,Track Occupied,2,37.5
TRN-05265,BLK-009643,Track Occupied,2,79.8
TRN-05266,BLK-009146,Track Occupied,2,85.0
TRN-05267,BLK-006727,Track Occupied,3,91.6
TRN-05268,BLK-029713,Track Occupied,1,19.8
TRN-05269,BLK-017528,Track Occupied,2,80.7
TRN-05270,BLK-002450,Track Occupied,3,64.6
TRN-05271,BLK-033147,Track Occupied,2,66.3
TRN-05272,BLK-033243,Track Occupied,2,78.0
TRN-05273,BLK-023519,Track Occupied,3,74.4
TRN-05273,BLK-023520,Track Occupied,3,74.4
TRN-05274,BLK-014677,Track Occupied,3,33.9
TRN-05275,BLK-032854,Track Occupied,2,80.2
TRN-05276,BLK-006892,Track Occupied,2,62.2
TRN-05277,BLK-003480,Track Occupied,3,53.5
TRN-05278,BLK-022416,Track Occupied,1,11.7
TRN-05279,BLK-023977,Track Occupied,3,69.6
TRN-05280,BLK-000314,Track Occupied,2,80.2
TRN-05281,BLK-009602,Track Occupied,3,54.6
TRN-05282,BLK-014945,Track Occupied,3,87.1
TRN-05283,BLK-000208,Track Occupied,3,80.2
TRN-05284,BLK-000646,Track Occupied,2,66.2
TRN-05285,BLK-032492,Track Occupied,2,45.1
TRN-05286,BLK-020889,Track Occupied,1,48.9
TRN-05287,BLK-021724,Track Occupied,2,80.0
TRN-05288,BLK-031738,Track Occupied,3,76.0
TRN-05289,BLK-009945,Track Occupied,2,63.8
TRN-05290,BLK-004872,Track Occupied,1,30.9
TRN-05291,BLK-009290,Track Occupied,3,72.5
TRN-05292,BLK-015247,Track Occupied,2,90.5
TRN-05293,BLK-012900,Track Occupied,1,39.0
TRN-05294,BLK-031248,Track Occupied,3,91.0
TRN-05295,BLK-020355,Track Occupied,2,79.4
TRN-05296,BLK-019555,Track Occupied,3,91.4
TRN-05296,BLK-019556,Track Occupied,3,91.4
TRN-05297,BLK-024993,Track Occupied,2,85.4
TRN-05298,BLK-000178,Track Occupied,3,52.4
TRN-05299,BLK-032129,Track Occupied,1,28.8
TRN-05300,BLK-016681,Track Occupied,2,59.4
TRN-05301,BLK-001117,Track Occupied,2,89.9
TRN-05302,BLK-008070,Track Occupied,3,63.2
TRN-05303,BLK-003329,Track Occupied,3,79.6
TRN-05304,BLK-030716,Track Occupied,1,34.2
TRN-05305,BLK-002836,Track Occupied,2,87.6
TRN-05306,BLK-016974,Track Occupied,2,63.0
TRN-05307,BLK-018036,Track Occupied,2,51.7
TRN-05308,BLK-030458,Track Occupied,2,70.9
TRN-05309,BLK-001861,Track Occupied,3,50.1
TRN-05310,BLK-002574,Track Occupied,3,83.8
TRN-05311,BLK-007566,Track Occupied,3,75.1
TRN-05312,BLK-029211,Track Occupied,3,83.4
TRN-05313,BLK-016359,Track Occupied,3,91.2
TRN-05314,BLK-026439,Track Occupied,2,75.3
TRN-05315,BLK-019840,Track Occupied,2,58.3
TRN-05316,BLK-013777,Track Occupied,3,84.5
TRN-05317,BLK-025611,Track Occupied,2,58.6
TRN-05318,BLK-023524,Track Occupied,1,29.1
TRN-05319,BLK-033289,Track Occupied,3,94.1
TRN-05320,BLK-031097,Track Occupied,3,76.1
TRN-05321,BLK-023666,Track Occupied,3,79.3
TRN-05322,BLK-003456,Track Occupied,3,71.4
TRN-05323,BLK-017736,Track Occupied,3,55.0
TRN-05324,BLK-013192,Track Occupied,1,29.3
TRN-05325,BLK-002826,Track Occupied,2,48.6
TRN-05326,BLK-010400,Track Occupied,3,66.1
TRN-05327,BLK-005259,Track Occupied,3,73.9
TRN-05328,BLK-021193,Track Occupied,1,30.5
TRN-05329,BLK-004538,Track Occupied,3,74.2
TRN-05330,BLK-016165,Track Occupied,3,60.8
TRN-05331,BLK-017089,Track Occupied,3,54.7
TRN-05332,BLK-008962,Track Occupied,3,75.9
TRN-05333,BLK-033508,Track Occupied,3,71.5
TRN-05334,BLK-008722,Track Occupied,1,29.5
TRN-05335,BLK-032548,Track Occupied,3,68.4
TRN-05336,BLK-004396,Track Occupied,2,87.2
TRN-05337,BLK-032349,Track Occupied,2,82.5
TRN-05338,BLK-025469,Track Occupied,3,44.0
TRN-05339,BLK-010365,Track Occupied,3,57.8
TRN-05339,BLK-010366,Track Occupied,3,57.8
TRN-05340,BLK-010134,Track Occupied,2,64.1
TRN-05341,BLK-000660,Track Occupied,3,54.2
TRN-05342,BLK-017563,Track Occupied,2,76.6
TRN-05343,BLK-032477,Track Occupied,3,72.5
TRN-05344,BLK-001569,Track Occupied,3,25.0
TRN-05345,BLK-029468,Track Occupied,1,30.1
TRN-05346,BLK-017958,Track Occupied,3,55.2
TRN-05347,BLK-004392,Track Occupied,2,60.9
TRN-05348,BLK-026808,Track Occupied,1,45.4
TRN-05349,BLK-008809,Track Occupied,3,88.3
TRN-05350,BLK-022771,Track Occupied,2,49.1
TRN-05351,BLK-016453,Track Occupied,3,57.3
TRN-05352,BLK-025774,Track Occupied,2,51.4
TRN-05353,BLK-007038,Track Occupied,3,73.8
TRN-05353,BLK-007039,Track Occupied,3,73.8
TRN-05354,BLK-025436,Track Occupied,3,74.1
TRN-05354,BLK-025437,Track Occupied,3,74.1
TRN-05355,BLK-003431,Track Occupied,2,74.2
TRN-05356,BLK-029076,Track Occupied,2,50.5
TRN-05357,BLK-032307,Track Occupied,3,88.2
TRN-05358,BLK-024956,Track Occupied,2,85.7
TRN-05359,BLK-018160,Track Occupied,2,66.0
TRN-05360,BLK-012990,Track Occupied,2,79.9
TRN-05361,BLK-024595,Track Occupied,2,65.4
TRN-05362,BLK-011889,Track Occupied,2,69.2
TRN-05363,BLK-003554,Track Occupied,1,40.6
TRN-05364,BLK-009685,Track Occupied,3,77.5
TRN-05365,BLK-002274,Track Occupied,2,67.2
TRN-05366,BLK-033137,Track Occupied,3,62.5
TRN-05367,BLK-029655,Track Occupied,3,67.9
TRN-05368,BLK-005561,Track Occupied,3,64.1
TRN-05369,BLK-000006,Track Occupied,3,59.1
TRN-05370,BLK-002547,Track Occupied,2,80.7
TRN-05371,BLK-005592,Track Occupied,2,57.8
TRN-05372,BLK-009011,Track Occupied,2,75.5
TRN-05373,BLK-029004,Track Occupied,3,54.0
TRN-05374,BLK-033117,Track Occupied,3,66.3
TRN-05375,BLK-026787,Track Occupied,1,53.8
TRN-05376,BLK-028508,Track Occupied,2,84.7
TRN-05377,BLK-000480,Track Occupied,2,65.1
TRN-05378,BLK-017825,Track Occupied,1,17.1
TRN-05378,BLK-017826,Track Occupied,1,17.1
TRN-05379,BLK-002845,Track Occupied,3,48.4
TRN-05380,BLK-018281,Track Occupied,2,64.6
TRN-05381,BLK-030507,Track Occupied,2,90.1
TRN-05382,BLK-030260,Track Occupied,1,8.5
TRN-05383,BLK-026635,Track Occupied,2,81.9
TRN-05384,BLK-026564,Track Occupied,2,54.2
TRN-05385,BLK-018965,Track Occupied,2,91.7
TRN-05386,BLK-025637,Track Occupied,1,35.4
TRN-05387,BLK-001991,Track Occupied,2,70.9
TRN-05388,BLK-022038,Track Occupied,3,72.7
TRN-05389,BLK-003098,Track Occupied,2,71.1
TRN-05390,BLK-012222,Track Occupied,1,21.5
TRN-05391,BLK-028373,Track Occupied,3,70.8
TRN-05392,BLK-020814,Track Occupied,2,87.0
TRN-05393,BLK-009762,Track Occupied,3,71.5
TRN-05394,BLK-024225,Track Occupied,1,65.4
TRN-05394,BLK-024226,Track Occupied,1,65.4
TRN-05395,BLK-029488,Track Occupied,1,42.3
TRN-05396,BLK-015210,Track Occupied,3,64.5
TRN-05397,BLK-021256,Track Occupied,3,73.1
TRN-05398,BLK-023560,Track Occupied,2,73.0
TRN-05399,BLK-018220,Track Occupied,3,64.8
TRN-05400,BLK-030698,Track Occupied,3,61.7
TRN-05401,BLK-004171,Track Occupied,3,28.7
TRN-05402,BLK-018086,Track Occupied,2,74.1
TRN-05403,BLK-017243,Track Occupied,2,71.1
TRN-05403,BLK-017244,Track Occupied,2,71.1
TRN-05404,BLK-003051,Track Occupied,1,54.9
TRN-05405,BLK-017871,Track Occupied,2,76.7
TRN-05406,BLK-008366,Track Occupied,3,46.1
TRN-05407,BLK-029470,Track Occupied,3,73.3
TRN-05408,BLK-001213,Track Occupied,3,75.2
TRN-05409,BLK-003198,Track Occupied,1,17.4
TRN-05409,BLK-003199,Track Occupied,1,17.4
TRN-05410,BLK-022697,Track Occupied,3,83.4
TRN-05411,BLK-001403,Track Occupied,3,69.0
TRN-05412,BLK-001502,Track Occupied,3,40.7
TRN-05413,BLK-003236,Track Occupied,3,99.0
TRN-05414,BLK-022784,Track Occupied,1,44.8
TRN-05415,BLK-008120,Track Occupied,2,56.1
TRN-05416,BLK-027848,Track Occupied,2,56.5
TRN-05417,BLK-003856,Track Occupied,3,56.9
TRN-05418,BLK-000141,Track Occupied,3,79.5
TRN-05419,BLK-002809,Track Occupied,1,21.1
TRN-05420,BLK-026587,Track Occupied,3,99.0
TRN-05421,BLK-017884,Track Occupied,3,72.7
TRN-05422,BLK-004702,Track Occupied,3,89.4
TRN-05423,BLK-026190,Track Occupied,2,99.0
TRN-05424,BLK-025011,Track Occupied,3,68.6
TRN-05425,BLK-023390,Track Occupied,2,70.7
TRN-05426,BLK-015502,Track Occupied,2,76.6
TRN-05427,BLK-000589,Track Occupied,3,99.0
TRN-05428,BLK-009209,Track Occupied,2,67.0
TRN-05429,BLK-001317,Track Occupied,2,64.5
TRN-05430,BLK-015061,Track Occupied,3,75.8
TRN-05431,BLK-023524,Track Occupied,3,75.8
TRN-05432,BLK-001595,Track Occupied,3,65.5
TRN-05433,BLK-008385,Track Occupied,3,93.0
TRN-05434,BLK-029863,Track Occupied,2,89.1
TRN-05434,BLK-029864,Track Occupied,2,89.1
TRN-05435,BLK-008138,Track Occupied,2,65.3
TRN-05436,BLK-019475,Track Occupied,2,74.5
TRN-05437,BLK-025601,Track Occupied,2,92.8
TRN-05438,BLK-016874,Track Occupied,2,77.0
TRN-05439,BLK-028762,Track Occupied,2,74.8
TRN-05440,BLK-007088,Track Occupied,2,37.5
TRN-05440,BLK-007089,Track Occupied,2,37.5
TRN-05441,BLK-003216,Track Occupied,3,64.9
TRN-05442,BLK-006723,Track Occupied,1,26.6
TRN-05443,BLK-022075,Track Occupied,3,75.3
TRN-05444,BLK-004173,Track Occupied,3,45.8
TRN-05445,BLK-015333,Track Occupied,3,82.1
TRN-05446,BLK-025697,Track Occupied,2,58.1
TRN-05447,BLK-007999,Track Occupied,1,24.2
TRN-05448,BLK-028161,Track Occupied,2,59.9
TRN-05449,BLK-005784,Track Occupied,2,52.1
TRN-05450,BLK-004114,Track Occupied,3,55.5
TRN-05451,BLK-032516,Track Occupied,2,49.0
TRN-05452,BLK-013569,Track Occupied,2,36.5
TRN-05453,BLK-024215,Track Occupied,2,99.0
TRN-05454,BLK-008626,Track Occupied,3,50.9
TRN-05455,BLK-020927,Track Occupied,3,44.0
TRN-05456,BLK-013168,Track Occupied,2,56.3
TRN-05457,BLK-028224,Track Occupied,3,67.6
TRN-05458,BLK-009693,Track Occupied,2,50.9
TRN-05459,BLK-016787,Track Occupied,3,80.7
TRN-05460,BLK-010732,Track Occupied,3,68.2
TRN-05461,BLK-022330,Track Occupied,1,24.3
TRN-05462,BLK-032567,Track Occupied,3,54.6
TRN-05463,BLK-007388,Track Occupied,2,71.2
TRN-05463,BLK-007389,Track Occupied,2,71.2
TRN-05464,BLK-026821,Track Occupied,2,80.1
TRN-05465,BLK-021313,Track Occupied,3,44.2
TRN-05466,BLK-011897,Track Occupied,3,44.5
TRN-05467,BLK-006502,Track Occupied,3,79.5
TRN-05468,BLK-005424,Track Occupied,3,50.7
TRN-05469,BLK-031703,Track Occupied,2,75.1
TRN-05470,BLK-000056,Track Occupied,2,65.3
TRN-05471,BLK-021898,Track Occupied,3,59.1
TRN-05472,BLK-028948,Track Occupied,2,54.9
TRN-05473,BLK-022851,Track Occupied,2,60.1
TRN-05474,BLK-020950,Track Occupied,3,79.8
TRN-05475,BLK-031636,Track Occupied,1,39.9
TRN-05476,BLK-025612,Track Occupied,1,32.7
TRN-05477,BLK-007539,Track Occupied,1,46.4
TRN-05478,BLK-005881,Track Occupied,2,77.8
TRN-05479,BLK-021962,Track Occupied,2,50.6
TRN-05480,BLK-010021,Track Occupied,3,75.9
TRN-05481,BLK-014825,Track Occupied,2,85.7
TRN-05482,BLK-028857,Track Occupied,3,68.9
TRN-05483,BLK-027354,Track Occupied,2,76.3
TRN-05484,BLK-015175,Track Occupied,2,68.6
TRN-05485,BLK-007992,Track Occupied,2,82.5
TRN-05486,BLK-005005,Track Occupied,2,67.7
TRN-05487,BLK-000937,Track Occupied,2,60.9
TRN-05487,BLK-000938,Track Occupied,2,60.9
TRN-05488,BLK-020585,Track Occupied,2,80.4
TRN-05489,BLK-010261,Track Occupied,2,78.2
TRN-05490,BLK-030947,Track Occupied,2,80.2
TRN-05490,BLK-030948,Track Occupied,2,80.2
TRN-05491,BLK-014951,Track Occupied,3,59.2
TRN-05492,BLK-016249,Track Occupied,2,77.7
TRN-05493,BLK-026690,Track Occupied,1,41.9
TRN-05494,BLK-026848,Track Occupied,3,73.5
TRN-05494,BLK-026849,Track Occupied,3,73.5
TRN-05495,BLK-025593,Track Occupied,2,58.3
TRN-05496,BLK-000342,Track Occupied,3,85.5
TRN-05497,BLK-024507,Track Occupied,1,34.9
TRN-05498,BLK-023803,Track Occupied,2,93.9
TRN-05499,BLK-016654,Track Occupied,2,78.2
TRN-05499,BLK-016655,Track Occupied,2,78.2
TRN-05500,BLK-002980,Track Occupied,2,79.6
TRN-05501,BLK-029775,Track Occupied,2,62.1
TRN-05502,BLK-025088,Track Occupied,2,41.6
TRN-05503,BLK-009882,Track Occupied,3,66.0
TRN-05503,BLK-009883,Track Occupied,3,66.0
TRN-05504,BLK-020732,Track Occupied,3,75.0
TRN-05505,BLK-031557,Track Occupied,2,81.5
TRN-05506,BLK-008679,Track Occupied,3,91.3
TRN-05507,BLK-031098,Track Occupied,3,70.6
TRN-05508,BLK-005428,Track Occupied,2,86.2
TRN-05508,BLK-005429,Track Occupied,2,86.2
TRN-05509,BLK-014287,Track Occupied,3,99.0
TRN-05510,BLK-029008,Track Occupied,3,43.2
TRN-05511,BLK-006830,Track Occupied,2,42.0
TRN-05512,BLK-016733,Track Occupied,3,78.5
TRN-05513,BLK-015288,Track Occupied,2,76.2
TRN-05514,BLK-001053,Track Occupied,2,59.0
TRN-05515,BLK-019678,Track Occupied,2,71.6
TRN-05516,BLK-002173,Track Occupied,3,95.3
TRN-05517,BLK-032965,Track Occupied,1,24.9
TRN-05518,BLK-011307,Track Occupied,1,38.3
TRN-05519,BLK-012052,Track Occupied,1,27.2
TRN-05520,BLK-001323,Track Occupied,2,54.6
TRN-05521,BLK-013546,Track Occupied,3,53.2
TRN-05522,BLK-015517,Track Occupied,2,76.4
TRN-05523,BLK-001450,Track Occupied,1,45.2
TRN-05524,BLK-024243,Track Occupied,3,78.2
TRN-05525,BLK-012853,Track Occupied,2,71.6
TRN-05526,BLK-029698,Track Occupied,3,76.5
TRN-05527,BLK-029834,Track Occupied,2,69.3
TRN-05528,BLK-003632,Track Occupied,2,74.7
TRN-05529,BLK-008649,Track Occupied,2,81.3
TRN-05530,BLK-025822,Track Occupied,3,69.5
TRN-05530,BLK-025823,Track Occupied,3,69.5
TRN-05531,BLK-004955,Track Occupied,2,51.4
TRN-05532,BLK-027553,Track Occupied,1,28.6
TRN-05533,BLK-004455,Track Occupied,2,88.9
TRN-05534,BLK-018201,Track Occupied,1,48.8
TRN-05534,BLK-018202,Track Occupied,1,48.8
TRN-05535,BLK-011468,Track Occupied,2,72.4
TRN-05536,BLK-018197,Track Occupied,2,74.8
TRN-05537,BLK-012865,Track Occupied,2,83.4
TRN-05538,BLK-014319,Track Occupied,1,32.5
TRN-05539,BLK-010299,Track Occupied,1,34.1
TRN-05539,BLK-010300,Track Occupied,1,34.1
TRN-05540,BLK-022883,Track Occupied,2,84.5
TRN-05541,BLK-009953,Track Occupied,2,96.2
TRN-05542,BLK-004373,Track Occupied,2,88.9
TRN-05543,BLK-006792,Track Occupied,2,70.3
TRN-05544,BLK-029878,Track Occupied,1,21.7
TRN-05545,BLK-004220,Track Occupied,3,45.7
TRN-05546,BLK-027786,Track Occupied,1,41.8
TRN-05547,BLK-032125,Track Occupied,3,83.3
TRN-05548,BLK-014804,Track Occupied,1,54.0
TRN-05549,BLK-003465,Track Occupied,3,47.0
TRN-05550,BLK-014047,Track Occupied,2,66.5
TRN-05551,BLK-026440,Track Occupied,3,89.8
TRN-05552,BLK-020741,Track Occupied,2,85.6
TRN-05553,BLK-030178,Track Occupied,1,33.6
TRN-05554,BLK-009641,Track Occupied,3,52.0
TRN-05555,BLK-006252,Track Occupied,2,59.8
TRN-05556,BLK-015147,Track Occupied,2,61.3
TRN-05557,BLK-003504,Track Occupied,2,87.6
TRN-05558,BLK-026621,Track Occupied,1,51.9
TRN-05559,BLK-002070,Track Occupied,3,59.2
TRN-05560,BLK-026358,Track Occupied,3,52.8
TRN-05561,BLK-003657,Track Occupied,3,93.4
TRN-05562,BLK-031060,Track Occupied,2,53.1
TRN-05563,BLK-025808,Track Occupied,3,69.9
TRN-05564,BLK-027630,Track Occupied,3,99.0
TRN-05565,BLK-002503,Track Occupied,2,48.5
TRN-05566,BLK-019398,Track Occupied,2,94.4
TRN-05567,BLK-017937,Track Occupied,3,43.6
TRN-05568,BLK-000064,Track Occupied,2,76.8
TRN-05569,BLK-017722,Track Occupied,3,52.6
TRN-05570,BLK-005340,Track Occupied,2,99.0
TRN-05571,BLK-004981,Track Occupied,1,22.6
TRN-05572,BLK-017946,Track Occupied,3,83.6
TRN-05573,BLK-019021,Track Occupied,2,86.1
TRN-05574,BLK-016106,Track Occupied,2,46.9
TRN-05575,BLK-030629,Track Occupied,3,99.0
TRN-05576,BLK-003333,Track Occupied,3,50.1
TRN-05577,BLK-031796,Track Occupied,2,78.7
TRN-05578,BLK-011503,Track Occupied,3,99.0
TRN-05579,BLK-008565,Track Occupied,2,74.2
TRN-05580,BLK-013949,Track Occupied,3,72.1
TRN-05581,BLK-028043,Track Occupied,2,63.2
TRN-05582,BLK-026503,Track Occupied,1,52.6
TRN-05583,BLK-000630,Track Occupied,3,59.9
TRN-05584,BLK-020479,Track Occupied,2,86.5
TRN-05585,BLK-010072,Track Occupied,1,38.9
TRN-05586,BLK-027704,Track Occupied,2,79.1
TRN-05587,BLK-016766,Track Occupied,3,84.5
TRN-05588,BLK-017961,Track Occupied,2,85.6
TRN-05588,BLK-017962,Track Occupied,2,85.6
TRN-05589,BLK-014189,Track Occupied,3,96.9
TRN-05590,BLK-032440,Track Occupied,2,89.8
TRN-05591,BLK-008167,Track Occupied,2,65.8
TRN-05592,BLK-025992,Track Occupied,1,15.6
TRN-05593,BLK-031999,Track Occupied,1,5.0
TRN-05594,BLK-000506,Track Occupied,3,52.2
TRN-05595,BLK-004884,Track Occupied,2,95.7
TRN-05596,BLK-024631,Track Occupied,2,83.6
TRN-05597,BLK-010195,Track Occupied,3,52.5
TRN-05598,BLK-020298,Track Occupied,2,72.0
TRN-05599,BLK-022590,Track Occupied,1,21.3
TRN-05600,BLK-028198,Track Occupied,2,33.1
TRN-05601,BLK-002224,Track Occupied,1,35.3
TRN-05602,BLK-026785,Track Occupied,2,96.0
TRN-05603,BLK-022184,Track Occupied,1,59.8
TRN-05604,BLK-032262,Track Occupied,3,56.8
TRN-05605,BLK-016147,Track Occupied,3,63.6
TRN-05606,BLK-011076,Track Occupied,3,93.2
TRN-05607,BLK-025096,Track Occupied,2,83.3
TRN-05608,BLK-012292,Track Occupied,3,72.9
TRN-05609,BLK-031022,Track Occupied,3,69.0
TRN-05610,BLK-005194,Track Occupied,1,26.4
TRN-05610,BLK-005195,Track Occupied,1,26.4
TRN-05611,BLK-020183,Track Occupied,2,69.8
TRN-05612,BLK-003046,Track Occupied,2,90.0
TRN-05613,BLK-032456,Track Occupied,1,14.5
TRN-05614,BLK-025535,Track Occupied,2,69.2
TRN-05615,BLK-011889,Track Occupied,3,76.8
TRN-05616,BLK-019673,Track Occupied,2,93.2
TRN-05617,BLK-023752,Track Occupied,1,25.8
TRN-05618,BLK-025172,Track Occupied,3,63.3
TRN-05619,BLK-019154,Track Occupied,3,61.4
TRN-05620,BLK-016902,Track Occupied,1,27.7
TRN-05620,BLK-016903,Track Occupied,1,27.7
TRN-05621,BLK-022527,Track Occupied,1,15.4
TRN-05622,BLK-024480,Track Occupied,2,53.5
TRN-05623,BLK-007268,Track Occupied,2,53.1
TRN-05624,BLK-018101,Track Occupied,2,78.7
TRN-05625,BLK-028393,Track Occupied,3,67.9
TRN-05626,BLK-001253,Track Occupied,3,59.1
TRN-05627,BLK-028552,Track Occupied,2,97.9
TRN-05628,BLK-031528,Track Occupied,3,69.5
TRN-05629,BLK-013227,Track Occupied,2,40.9
TRN-05630,BLK-025151,Track Occupied,1,5.0
TRN-05631,BLK-020620,Track Occupied,1,41.0
TRN-05632,BLK-023114,Track Occupied,3,56.1
TRN-05633,BLK-014884,Track Occupied,3,55.9
TRN-05634,BLK-022665,Track Occupied,3,51.5
TRN-05635,BLK-014844,Track Occupied,1,38.2
TRN-05636,BLK-029215,Track Occupied,3,44.6
TRN-05637,BLK-032665,Track Occupied,2,78.8
TRN-05638,BLK-012590,Track Occupied,3,71.4
TRN-05639,BLK-011921,Track Occupied,1,22.1
TRN-05640,BLK-023527,Track Occupied,1,16.6
TRN-05641,BLK-004942,Track Occupied,3,58.0
TRN-05642,BLK-028817,Track Occupied,1,35.9
TRN-05643,BLK-031343,Track Occupied,1,56.1
TRN-05644,BLK-029275,Track Occupied,3,83.3
TRN-05645,BLK-029711,Track Occupied,1,28.6
TRN-05645,BLK-029712,Track Occupied,1,28.6
TRN-05646,BLK-025311,Track Occupied,3,47.5
TRN-05647,BLK-029628,Track Occupied,2,71.4
TRN-05648,BLK-011195,Track Occupied,3,84.8
TRN-05649,BLK-027662,Track Occupied,2,52.2
TRN-05650,BLK-012667,Track Occupied,3,72.3
TRN-05651,BLK-021240,Track Occupied,2,99.0
TRN-05652,BLK-006666,Track Occupied,2,99.0
TRN-05653,BLK-026159,Track Occupied,2,50.8
TRN-05654,BLK-000646,Track Occupied,3,65.4
TRN-05655,BLK-022021,Track Occupied,2,66.8
TRN-05656,BLK-000074,Track Occupied,2,71.3
TRN-05657,BLK-019663,Track Occupied,2,67.1
TRN-05658,BLK-000499,Track Occupied,2,77.6
TRN-05659,BLK-008753,Track Occupied,3,89.9
TRN-05660,BLK-008067,Track Occupied,1,19.1
TRN-05661,BLK-010008,Track Occupied,2,99.0
TRN-05662,BLK-025405,Track Occupied,2,67.8
TRN-05662,BLK-025406,Track Occupied,2,67.8
TRN-05663,BLK-031856,Track Occupied,3,82.3
TRN-05664,BLK-010328,Track Occupied,2,75.3
TRN-05665,BLK-002746,Track Occupied,2,87.0
TRN-05666,BLK-011683,Track Occupied,2,68.1
TRN-05666,BLK-011684,Track Occupied,2,68.1
TRN-05667,BLK-008093,Track Occupied,2,70.9
TRN-05668,BLK-008580,Track Occupied,3,72.6
TRN-05669,BLK-017863,Track Occupied,2,52.6
TRN-05669,BLK-017864,Track Occupied,2,52.6
TRN-05670,BLK-005733,Track Occupied,3,48.9
TRN-05671,BLK-028981,Track Occupied,3,58.5
TRN-05672,BLK-004711,Track Occupied,1,21.6
TRN-05673,BLK-009877,Track Occupied,3,75.1
TRN-05674,BLK-013752,Track Occupied,2,46.2
TRN-05675,BLK-005732,Track Occupied,2,66.8
TRN-05676,BLK-024295,Track Occupied,3,61.7
TRN-05676,BLK-024296,Track Occupied,3,61.7
TRN-05677,BLK-003345,Track Occupied,3,73.6
TRN-05678,BLK-032599,Track Occupied,2,69.0
TRN-05679,BLK-029308,Track Occupied,3,99.0
TRN-05680,BLK-020275,Track Occupied,3,83.9
TRN-05681,BLK-031617,Track Occupied,2,75.7
TRN-05682,BLK-018326,Track Occupied,2,69.1
TRN-05683,BLK-007919,Track Occupied,2,60.8
TRN-05684,BLK-002010,Track Occupied,2,74.0
TRN-05685,BLK-030391,Track Occupied,3,81.1
TRN-05686,BLK-029874,Track Occupied,2,95.6
TRN-05687,BLK-002442,Track Occupied,3,69.3
TRN-05687,BLK-002443,Track Occupied,3,69.3
TRN-05688,BLK-009592,Track Occupied,3,73.6
TRN-05689,BLK-028317,Track Occupied,2,69.8
TRN-05690,BLK-032520,Track Occupied,3,45.7
TRN-05691,BLK-018522,Track Occupied,3,58.6
TRN-05692,BLK-031066,Track Occupied,3,41.2
TRN-05693,BLK-005870,Track Occupied,2,75.2
TRN-05694,BLK-007201,Track Occupied,3,77.8
TRN-05695,BLK-011072,Track Occupied,1,11.8
TRN-05695,BLK-011073,Track Occupied,1,11.8
TRN-05696,BLK-015218,Track Occupied,2,83.1
TRN-05697,BLK-024087,Track Occupied,3,64.1
TRN-05698,BLK-033132,Track Occupied,2,74.3
TRN-05699,BLK-031526,Track Occupied,3,58.7
TRN-05700,BLK-019958,Track Occupied,3,51.1
TRN-05701,BLK-027501,Track Occupied,3,86.3
TRN-05702,BLK-010087,Track Occupied,3,83.2
TRN-05703,BLK-006642,Track Occupied,3,75.3
TRN-05704,BLK-020631,Track Occupied,2,54.0
TRN-05705,BLK-013653,Track Occupied,3,79.3
TRN-05706,BLK-006940,Track Occupied,2,73.0
TRN-05707,BLK-014204,Track Occupied,3,81.5
TRN-05708,BLK-007320,Track Occupied,3,66.3
TRN-05709,BLK-021818,Track Occupied,2,98.1
TRN-05710,BLK-023553,Track Occupied,2,75.7
TRN-05711,BLK-010163,Track Occupied,3,61.6
TRN-05712,BLK-020032,Track Occupied,3,73.9
TRN-05713,BLK-024020,Track Occupied,3,85.2
TRN-05713,BLK-024021,Track Occupied,3,85.2
TRN-05714,BLK-031196,Track Occupied,3,88.2
TRN-05715,BLK-015158,Track Occupied,3,58.3
TRN-05716,BLK-016119,Track Occupied,2,76.0
TRN-05717,BLK-001251,Track Occupied,2,66.0
TRN-05718,BLK-025312,Track Occupied,3,80.7
TRN-05719,BLK-006662,Track Occupied,3,70.4
TRN-05720,BLK-023952,Track Occupied,2,66.3
TRN-05721,BLK-019383,Track Occupied,2,64.6
TRN-05722,BLK-032147,Track Occupied,2,64.4
TRN-05723,BLK-029103,Track Occupied,1,34.7
TRN-05724,BLK-010971,Track Occupied,3,53.2
TRN-05725,BLK-028430,Track Occupied,2,66.5
TRN-05726,BLK-011460,Track Occupied,3,79.5
TRN-05727,BLK-024678,Track Occupied,1,7.0
TRN-05728,BLK-031112,Track Occupied,3,81.9
TRN-05729,BLK-029368,Track Occupied,3,80.7
TRN-05730,BLK-017806,Track Occupied,2,57.9
TRN-05730,BLK-017807,Track Occupied,2,57.9
TRN-05731,BLK-022572,Track Occupied,3,70.4
TRN-05732,BLK-007423,Track Occupied,2,59.3
TRN-05733,BLK-016593,Track Occupied,2,59.1
TRN-05734,BLK-014763,Track Occupied,2,83.5
TRN-05735,BLK-001131,Track Occupied,3,91.9
TRN-05736,BLK-017132,Track Occupied,1,6.3
TRN-05737,BLK-028172,Track Occupied,2,76.8
TRN-05738,BLK-016839,Track Occupied,1,24.8
TRN-05739,BLK-005020,Track Occupied,3,84.0
TRN-05740,BLK-011328,Track Occupied,1,64.9
TRN-05741,BLK-010452,Track Occupied,2,85.5
TRN-05742,BLK-002481,Track Occupied,2,55.6
TRN-05742,BLK-002482,Track Occupied,2,55.6
TRN-05743,BLK-007487,Track Occupied,1,54.9
TRN-05744,BLK-003605,Track Occupied,1,37.4
TRN-05745,BLK-006056,Track Occupied,1,39.1
TRN-05746,BLK-028019,Track Occupied,2,98.6
TRN-05747,BLK-003698,Track Occupied,3,53.8
TRN-05748,BLK-008488,Track Occupied,2,62.6
TRN-05749,BLK-005709,Track Occupied,1,47.0
TRN-05750,BLK-001920,Track Occupied,2,41.2
TRN-05751,BLK-019370,Track Occupied,3,54.5
TRN-05752,BLK-010562,Track Occupied,2,70.9
TRN-05753,BLK-011027,Track Occupied,3,92.1
TRN-05754,BLK-006121,Track Occupied,2,65.3
TRN-05755,BLK-025125,Track Occupied,1,36.4
TRN-05756,BLK-023256,Track Occupied,2,66.7
TRN-05757,BLK-018758,Track Occupied,1,42.2
TRN-05757,BLK-018759,Track Occupied,1,42.2
TRN-05758,BLK-009832,Track Occupied,3,65.1
TRN-05759,BLK-012095,Track Occupied,1,26.1
TRN-05760,BLK-018009,Track Occupied,3,88.4
TRN-05761,BLK-019247,Track Occupied,2,54.4
TRN-05762,BLK-005607,Track Occupied,1,9.5
TRN-05762,BLK-005608,Track Occupied,1,9.5
TRN-05763,BLK-013576,Track Occupied,2,56.1
TRN-05764,BLK-031643,Track Occupied,1,37.8
TRN-05765,BLK-029214,Track Occupied,2,44.7
TRN-05766,BLK-031793,Track Occupied,2,83.8
TRN-05767,BLK-023075,Track Occupied,3,77.9
TRN-05768,BLK-021087,Track Occupied,2,50.4
TRN-05768,BLK-021088,Track Occupied,2,50.4
TRN-05769,BLK-028154,Track Occupied,3,60.7
TRN-05770,BLK-016773,Track Occupied,1,17.1
TRN-05771,BLK-027253,Track Occupied,1,8.1
TRN-05772,BLK-013971,Track Occupied,2,62.9
TRN-05772,BLK-013972,Track Occupied,2,62.9
TRN-05773,BLK-031114,Track Occupied,3,80.5
TRN-05774,BLK-012200,Track Occupied,3,85.3
TRN-05775,BLK-022631,Track Occupied,2,81.3
TRN-05776,BLK-002485,Track Occupied,3,76.1
TRN-05777,BLK-006673,Track Occupied,3,41.1
TRN-05778,BLK-027702,Track Occupied,2,73.5
TRN-05779,BLK-007225,Track Occupied,1,15.2
TRN-05780,BLK-020790,Track Occupied,1,35.1
TRN-05781,BLK-007616,Track Occupied,3,77.6
TRN-05782,BLK-009348,Track Occupied,2,56.8
TRN-05783,BLK-028107,Track Occupied,2,94.7
TRN-05784,BLK-015923,Track Occupied,3,55.9
TRN-05785,BLK-016746,Track Occupied,3,65.7
TRN-05786,BLK-005574,Track Occupied,3,79.5
TRN-05787,BLK-012115,Track Occupied,1,31.4
TRN-05788,BLK-003255,Track Occupied,1,33.7
TRN-05789,BLK-031735,Track Occupied,3,86.6
TRN-05790,BLK-025160,Track Occupied,3,59.8
TRN-05791,BLK-032328,Track Occupied,3,62.3
TRN-05792,BLK-021719,Track Occupied,2,80.5
TRN-05793,BLK-001391,Track Occupied,2,55.7
TRN-05794,BLK-006321,Track Occupied,2,70.8
TRN-05795,BLK-007786,Track Occupied,3,85.6
TRN-05796,BLK-010942,Track Occupied,2,76.7
TRN-05797,BLK-023530,Track Occupied,3,57.8
TRN-05798,BLK-005118,Track Occupied,2,86.9
TRN-05799,BLK-006189,Track Occupied,2,64.2
TRN-05800,BLK-027094,Track Occupied,2,83.3
TRN-05801,BLK-028641,Track Occupied,3,42.9
TRN-05802,BLK-003541,Track Occupied,1,48.3
TRN-05803,BLK-017203,Track Occupied,2,54.7
TRN-05804,BLK-000872,Track Occupied,2,85.4
TRN-05805,BLK-003018,Track Occupied,3,57.0
TRN-05806,BLK-007346,Track Occupied,1,37.0
TRN-05807,BLK-022330,Track Occupied,2,25.0
TRN-05808,BLK-025873,Track Occupied,3,44.6
TRN-05809,BLK-011019,Track Occupied,3,66.2
TRN-05810,BLK-017489,Track Occupied,2,78.1
TRN-05810,BLK-017490,Track Occupied,2,78.1
TRN-05811,BLK-017635,Track Occupied,3,67.6
TRN-05812,BLK-022613,Track Occupied,2,73.6
TRN-05813,BLK-007105,Track Occupied,3,80.3
TRN-05814,BLK-021480,Track Occupied,2,75.9
TRN-05815,BLK-030370,Track Occupied,2,45.1
TRN-05816,BLK-012389,Track Occupied,3,70.5
TRN-05817,BLK-019135,Track Occupied,1,68.9
TRN-05818,BLK-000423,Track Occupied,3,52.0
TRN-05819,BLK-032157,Track Occupied,2,77.7
TRN-05820,BLK-014625,Track Occupied,1,47.6
TRN-05821,BLK-021092,Track Occupied,1,24.7
TRN-05822,BLK-008337,Track Occupied,2,94.9
TRN-05823,BLK-020191,Track Occupied,1,42.7
TRN-05824,BLK-022991,Track Occupied,2,62.9
TRN-05825,BLK-025958,Track Occupied,1,41.5
TRN-05826,BLK-026511,Track Occupied,3,68.5
TRN-05827,BLK-012923,Track Occupied,3,60.4
TRN-05828,BLK-016718,Track Occupied,3,85.7
TRN-05829,BLK-032096,Track Occupied,1,42.9
TRN-05829,BLK-032097,Track Occupied,1,42.9
TRN-05830,BLK-009315,Track Occupied,3,69.2
TRN-05831,BLK-020736,Track Occupied,2,78.3
TRN-05832,BLK-003873,Track Occupied,2,41.7
TRN-05833,BLK-032708,Track Occupied,1,65.5
TRN-05834,BLK-031928,Track Occupied,2,99.0
TRN-05835,BLK-020083,Track Occupied,1,27.9
TRN-05836,BLK-000574,Track Occupied,1,43.1
TRN-05837,BLK-005459,Track Occupied,2,81.9
TRN-05838,BLK-008532,Track Occupied,2,59.7
TRN-05839,BLK-020682,Track Occupied,2,53.3
TRN-05840,BLK-011185,Track Occupied,2,83.0
TRN-05841,BLK-004037,Track Occupied,2,45.5
TRN-05842,BLK-011070,Track Occupied,2,65.2
TRN-05843,BLK-020124,Track Occupied,2,57.0
TRN-05844,BLK-016540,Track Occupied,3,46.8
TRN-05845,BLK-003530,Track Occupied,3,69.5
TRN-05846,BLK-031386,Track Occupied,3,83.1
TRN-05847,BLK-021878,Track Occupied,3,62.3
TRN-05848,BLK-029904,Track Occupied,2,60.1
TRN-05849,BLK-021397,Track Occupied,3,73.8
TRN-05850,BLK-016178,Track Occupied,3,35.1
TRN-05851,BLK-009722,Track Occupied,3,44.4
TRN-05852,BLK-026284,Track Occupied,1,29.8
TRN-05853,BLK-004436,Track Occupied,1,20.1
TRN-05853,BLK-004437,Track Occupied,1,20.1
TRN-05854,BLK-022640,Track Occupied,2,63.2
TRN-05855,BLK-002090,Track Occupied,3,43.2
TRN-05856,BLK-033236,Track Occupied,1,29.4
TRN-05857,BLK-022028,Track Occupied,3,62.2
TRN-05858,BLK-028209,Track Occupied,2,72.7
TRN-05859,BLK-015136,Track Occupied,3,91.3
TRN-05860,BLK-006907,Track Occupied,2,70.4
TRN-05861,BLK-026434,Track Occupied,1,27.3
TRN-05862,BLK-033018,Track Occupied,1,30.5
TRN-05863,BLK-001767,Track Occupied,1,45.7
TRN-05864,BLK-024622,Track Occupied,1,16.5
TRN-05864,BLK-024623,Track Occupied,1,16.5
TRN-05865,BLK-005233,Track Occupied,3,39.2
TRN-05866,BLK-005999,Track Occupied,2,75.0
TRN-05867,BLK-028602,Track Occupied,3,70.2
TRN-05868,BLK-025044,Track Occupied,2,91.5
TRN-05869,BLK-019728,Track Occupied,3,73.4
TRN-05870,BLK-005001,Track Occupied,3,55.6
TRN-05871,BLK-016032,Track Occupied,3,60.5
TRN-05872,BLK-022897,Track Occupied,1,20.4
TRN-05873,BLK-015203,Track Occupied,2,71.9
TRN-05873,BLK-015204,Track Occupied,2,71.9
TRN-05874,BLK-009858,Track Occupied,1,20.2
TRN-05874,BLK-009859,Track Occupied,1,20.2
TRN-05875,BLK-015455,Track Occupied,3,84.1
TRN-05876,BLK-018887,Track Occupied,2,91.3
TRN-05877,BLK-031339,Track Occupied,3,73.2
TRN-05878,BLK-010789,Track Occupied,1,35.2
TRN-05878,BLK-010790,Track Occupied,1,35.2
TRN-05879,BLK-008813,Track Occupied,2,59.0
TRN-05880,BLK-027203,Track Occupied,3,59.3
TRN-05881,BLK-030997,Track Occupied,2,74.7
TRN-05882,BLK-002123,Track Occupied,3,68.4
TRN-05882,BLK-002124,Track Occupied,3,68.4
TRN-05883,BLK-009517,Track Occupied,2,80.9
TRN-05884,BLK-001472,Track Occupied,3,89.5
TRN-05885,BLK-028349,Track Occupied,1,16.5
TRN-05886,BLK-020075,Track Occupied,3,58.7
TRN-05887,BLK-007531,Track Occupied,2,51.9
TRN-05888,BLK-025961,Track Occupied,2,50.5
TRN-05889,BLK-003168,Track Occupied,3,65.3
TRN-05890,BLK-016335,Track Occupied,2,53.1
TRN-05891,BLK-030689,Track Occupied,2,64.9
TRN-05892,BLK-024495,Track Occupied,2,33.6
TRN-05893,BLK-005593,Track Occupied,1,37.0
TRN-05894,BLK-009695,Track Occupied,2,72.4
TRN-05895,BLK-032001,Track Occupied,2,56.7
TRN-05896,BLK-011279,Track Occupied,2,29.6
TRN-05897,BLK-033401,Track Occupied,3,79.6
TRN-05898,BLK-023529,Track Occupied,2,73.7
TRN-05899,BLK-012708,Track Occupied,2,90.4
TRN-05900,BLK-024543,Track Occupied,3,73.4
TRN-05901,BLK-024378,Track Occupied,3,61.1
TRN-05902,BLK-023701,Track Occupied,2,67.8
TRN-05903,BLK-009303,Track Occupied,2,88.6
TRN-05904,BLK-000942,Track Occupied,3,99.0
TRN-05905,BLK-012912,Track Occupied,2,42.1
TRN-05906,BLK-030792,Track Occupied,3,67.0
TRN-05907,BLK-032929,Track Occupied,3,80.4
TRN-05907,BLK-032930,Track Occupied,3,80.4
TRN-05908,BLK-029556,Track Occupied,2,25.0
TRN-05909,BLK-002532,Track Occupied,3,69.8
TRN-05910,BLK-015695,Track Occupied,2,99.0
TRN-05911,BLK-020301,Track Occupied,3,64.9
TRN-05912,BLK-019646,Track Occupied,2,89.2
TRN-05913,BLK-026063,Track Occupied,1,43.1
TRN-05914,BLK-000320,Track Occupied,2,68.4
TRN-05915,BLK-012169,Track Occupied,2,64.7
TRN-05915,BLK-012170,Track Occupied,2,64.7
TRN-05916,BLK-003083,Track Occupied,2,87.1
TRN-05917,BLK-001937,Track Occupied,2,78.3
TRN-05917,BLK-001938,Track Occupied,2,78.3
TRN-05918,BLK-004390,Track Occupied,2,70.3
TRN-05919,BLK-007111,Track Occupied,1,47.1
TRN-05920,BLK-027193,Track Occupied,3,59.3
TRN-05921,BLK-015834,Track Occupied,3,88.3
TRN-05922,BLK-014746,Track Occupied,2,31.7
TRN-05922,BLK-014747,Track Occupied,2,31.7
TRN-05923,BLK-000297,Track Occupied,2,84.0
TRN-05924,BLK-021389,Track Occupied,2,88.4
TRN-05925,BLK-028891,Track Occupied,3,81.7
TRN-05926,BLK-033079,Track Occupied,2,34.3
TRN-05927,BLK-031342,Track Occupied,1,27.6
TRN-05928,BLK-025170,Track Occupied,1,25.9
TRN-05929,BLK-015897,Track Occupied,2,99.0
TRN-05930,BLK-025745,Track Occupied,2,78.1
TRN-05931,BLK-008936,Track Occupied,3,63.8
TRN-05932,BLK-005998,Track Occupied,1,50.2
TRN-05933,BLK-012626,Track Occupied,2,80.1
TRN-05934,BLK-000634,Track Occupied,3,77.7
TRN-05935,BLK-009806,Track Occupied,3,74.3
TRN-05936,BLK-012990,Track Occupied,3,95.7
TRN-05937,BLK-011121,Track Occupied,2,45.1
TRN-05938,BLK-013147,Track Occupied,3,76.3
TRN-05939,BLK-024104,Track Occupied,3,92.5
TRN-05940,BLK-021654,Track Occupied,3,98.3
TRN-05941,BLK-002557,Track Occupied,2,80.9
TRN-05942,BLK-007727,Track Occupied,2,72.7
TRN-05943,BLK-000249,Track Occupied,3,52.0
TRN-05944,BLK-018434,Track Occupied,2,65.7
TRN-05945,BLK-021094,Track Occupied,2,93.9
TRN-05946,BLK-029478,Track Occupied,2,62.5
TRN-05947,BLK-014598,Track Occupied,2,84.9
TRN-05948,BLK-002890,Track Occupied,2,94.6
TRN-05949,BLK-020099,Track Occupied,3,81.1
TRN-05950,BLK-008290,Track Occupied,3,52.7
TRN-05951,BLK-013596,Track Occupied,3,70.8
TRN-05952,BLK-006217,Track Occupied,1,42.2
TRN-05953,BLK-008374,Track Occupied,1,41.7
TRN-05954,BLK-008619,Track Occupied,3,77.8
TRN-05955,BLK-011640,Track Occupied,3,65.6
TRN-05956,BLK-011775,Track Occupied,2,78.0
TRN-05957,BLK-027908,Track Occupied,2,76.7
TRN-05958,BLK-017002,Track Occupied,3,46.1
TRN-05959,BLK-009647,Track Occupied,2,80.2
TRN-05960,BLK-027713,Track Occupied,3,68.2
TRN-05961,BLK-033232,Track Occupied,2,61.1
TRN-05961,BLK-033233,Track Occupied,2,61.1
TRN-05962,BLK-008707,Track Occupied,2,61.4
TRN-05963,BLK-027486,Track Occupied,1,64.9
TRN-05963,BLK-027487,Track Occupied,1,64.9
TRN-05964,BLK-007877,Track Occupied,2,77.7
TRN-05965,BLK-019792,Track Occupied,2,76.2
TRN-05966,BLK-019897,Track Occupied,2,69.2
TRN-05967,BLK-023566,Track Occupied,1,30.0
TRN-05968,BLK-012266,Track Occupied,3,83.1
TRN-05969,BLK-019652,Track Occupied,3,58.8
TRN-05970,BLK-016007,Track Occupied,2,95.2
TRN-05971,BLK-008902,Track Occupied,1,27.8
TRN-05972,BLK-012934,Track Occupied,2,51.6
TRN-05973,BLK-016202,Track Occupied,2,90.4
TRN-05974,BLK-025927,Track Occupied,2,62.4
TRN-05975,BLK-015164,Track Occupied,1,69.5
TRN-05976,BLK-030848,Track Occupied,3,70.5
TRN-05977,BLK-031739,Track Occupied,2,46.6
TRN-05978,BLK-010600,Track Occupied,1,41.7
TRN-05979,BLK-010628,Track Occupied,1,31.2
TRN-05980,BLK-012094,Track Occupied,1,14.2
TRN-05981,BLK-003593,Track Occupied,2,80.4
TRN-05982,BLK-022594,Track Occupied,3,65.8
TRN-05983,BLK-005125,Track Occupied,2,56.8
TRN-05984,BLK-014364,Track Occupied,3,85.5
TRN-05985,BLK-022037,Track Occupied,3,65.8
TRN-05986,BLK-032283,Track Occupied,2,59.0
TRN-05987,BLK-012707,Track Occupied,2,85.5
TRN-05988,BLK-026211,Track Occupied,2,52.7
TRN-05989,BLK-019093,Track Occupied,2,52.9
TRN-05990,BLK-007267,Track Occupied,3,54.0
TRN-05991,BLK-001790,Track Occupied,2,68.5
TRN-05992,BLK-025797,Track Occupied,3,55.8
TRN-05993,BLK-009558,Track Occupied,1,26.9
TRN-05994,BLK-008881,Track Occupied,3,75.0
TRN-05995,BLK-019807,Track Occupied,1,37.3
TRN-05996,BLK-029398,Track Occupied,2,72.1
TRN-05997,BLK-026495,Track Occupied,3,54.9
TRN-05998,BLK-027963,Track Occupied,3,81.2
TRN-05999,BLK-004565,Track Occupied,3,64.2
TRN-06000,BLK-018628,Track Occupied,1,44.3
TRN-06001,BLK-008795,Track Occupied,2,88.7
TRN-06002,BLK-014033,Track Occupied,3,48.6
TRN-06003,BLK-030111,Track Occupied,2,50.9
TRN-06004,BLK-031708,Track Occupied,2,35.1
TRN-06004,BLK-031709,Track Occupied,2,35.1
TRN-06005,BLK-021242,Track Occupied,3,83.5
TRN-06006,BLK-033186,Track Occupied,1,5.0
TRN-06006,BLK-033187,Track Occupied,1,5.0
TRN-06007,BLK-015339,Track Occupied,3,59.2
TRN-06008,BLK-000814,Track Occupied,2,77.3
TRN-06009,BLK-025568,Track Occupied,3,64.4
TRN-06010,BLK-020360,Track Occupied,1,60.8
TRN-06011,BLK-025252,Track Occupied,3,98.7
TRN-06012,BLK-003077,Track Occupied,3,76.7
TRN-06013,BLK-014141,Track Occupied,1,45.2
TRN-06014,BLK-028454,Track Occupied,2,43.9
TRN-06015,BLK-030054,Track Occupied,2,65.6
TRN-06016,BLK-026726,Track Occupied,2,67.5
TRN-06017,BLK-009222,Track Occupied,3,58.8
TRN-06018,BLK-019593,Track Occupied,3,50.9
TRN-06019,BLK-021354,Track Occupied,2,77.6
TRN-06020,BLK-006543,Track Occupied,2,54.6
TRN-06021,BLK-032725,Track Occupied,3,76.3
TRN-06022,BLK-011905,Track Occupied,3,65.8
TRN-06023,BLK-019775,Track Occupied,2,64.1
TRN-06024,BLK-032804,Track Occupied,2,76.7
TRN-06025,BLK-007930,Track Occupied,3,54.9
TRN-06026,BLK-029575,Track Occupied,1,37.2
TRN-06027,BLK-015314,Track Occupied,2,97.0
TRN-06028,BLK-016609,Track Occupied,2,78.9
TRN-06029,BLK-005426,Track Occupied,2,73.6
TRN-06030,BLK-012409,Track Occupied,2,61.0
TRN-06031,BLK-015184,Track Occupied,2,88.8
TRN-06032,BLK-018112,Track Occupied,3,87.9
TRN-06033,BLK-008968,Track Occupied,1,19.5
TRN-06034,BLK-033371,Track Occupied,2,60.1
TRN-06035,BLK-014266,Track Occupied,3,46.6
TRN-06035,BLK-014267,Track Occupied,3,46.6
TRN-06036,BLK-004295,Track Occupied,2,78.0
TRN-06037,BLK-008711,Track Occupied,3,83.2
TRN-06038,BLK-022669,Track Occupied,2,60.6
TRN-06039,BLK-003293,Track Occupied,3,71.5
TRN-06040,BLK-007490,Track Occupied,3,86.1
TRN-06041,BLK-021610,Track Occupied,2,68.9
TRN-06042,BLK-015446,Track Occupied,3,78.6
TRN-06043,BLK-031945,Track Occupied,2,58.6
TRN-06044,BLK-030092,Track Occupied,3,99.0
TRN-06044,BLK-030093,Track Occupied,3,99.0
TRN-06045,BLK-005379,Track Occupied,3,62.2
TRN-06046,BLK-016884,Track Occupied,1,33.7
TRN-06047,BLK-020206,Track Occupied,3,45.6
TRN-06048,BLK-027335,Track Occupied,3,66.8
TRN-06049,BLK-016222,Track Occupied,3,45.6
TRN-06050,BLK-009935,Track Occupied,1,50.2
TRN-06051,BLK-019742,Track Occupied,1,53.9
TRN-06052,BLK-020302,Track Occupied,2,72.6
TRN-06053,BLK-014309,Track Occupied,2,84.3
TRN-06054,BLK-006030,Track Occupied,2,64.3
TRN-06054,BLK-006031,Track Occupied,2,64.3
TRN-06055,BLK-028679,Track Occupied,2,71.2
TRN-06056,BLK-016181,Track Occupied,1,21.2
TRN-06057,BLK-009575,Track Occupied,2,96.3
TRN-06058,BLK-028168,Track Occupied,3,53.0
TRN-06059,BLK-026545,Track Occupied,3,25.1
TRN-06060,BLK-003407,Track Occupied,2,77.3
TRN-06061,BLK-033075,Track Occupied,2,95.8
TRN-06062,BLK-015208,Track Occupied,2,78.2
TRN-06063,BLK-021159,Track Occupied,3,57.4
TRN-06064,BLK-010120,Track Occupied,3,79.5
TRN-06065,BLK-014199,Track Occupied,3,73.5
TRN-06066,BLK-024624,Track Occupied,2,75.9
TRN-06067,BLK-028154,Track Occupied,3,64.7
TRN-06068,BLK-004710,Track Occupied,2,99.0
TRN-06069,BLK-021817,Track Occupied,2,42.7
TRN-06070,BLK-018949,Track Occupied,2,94.6
TRN-06071,BLK-015962,Track Occupied,2,72.1
TRN-06072,BLK-018376,Track Occupied,2,60.5
TRN-06072,BLK-018377,Track Occupied,2,60.5
TRN-06073,BLK-006193,Track Occupied,3,99.0
TRN-06074,BLK-024364,Track Occupied,3,78.0
TRN-06075,BLK-027481,Track Occupied,1,34.6
TRN-06076,BLK-005960,Track Occupied,2,71.1
TRN-06077,BLK-020874,Track Occupied,3,71.8
TRN-06078,BLK-016078,Track Occupied,3,94.7
TRN-06079,BLK-033025,Track Occupied,3,83.8
TRN-06080,BLK-015580,Track Occupied,2,76.9
TRN-06081,BLK-007048,Track Occupied,3,69.1
TRN-06082,BLK-002870,Track Occupied,2,95.3
TRN-06083,BLK-002352,Track Occupied,3,82.9
TRN-06084,BLK-029592,Track Occupied,3,80.1
TRN-06085,BLK-010905,Track Occupied,1,34.2
TRN-06086,BLK-028500,Track Occupied,2,88.8
TRN-06087,BLK-012503,Track Occupied,3,71.2
TRN-06088,BLK-009952,Track Occupied,3,63.8
TRN-06089,BLK-020032,Track Occupied,2,53.1
TRN-06090,BLK-000050,Track Occupied,1,30.9
TRN-06091,BLK-012084,Track Occupied,3,93.8
TRN-06092,BLK-032675,Track Occupied,1,15.5
TRN-06093,BLK-008644,Track Occupied,3,47.7
TRN-06094,BLK-031711,Track Occupied,3,89.4
TRN-06095,BLK-015791,Track Occupied,3,69.1
TRN-06096,BLK-008797,Track Occupied,1,52.9
TRN-06097,BLK-004482,Track Occupied,3,71.0
TRN-06098,BLK-000011,Track Occupied,1,31.9
TRN-06098,BLK-000012,Track Occupied,1,31.9
TRN-06099,BLK-013186,Track Occupied,1,46.9
TRN-06100,BLK-006927,Track Occupied,1,22.8
TRN-06101,BLK-026453,Track Occupied,2,78.9
TRN-06102,BLK-013542,Track Occupied,3,94.2
TRN-06103,BLK-020585,Track Occupied,2,95.5
TRN-06104,BLK-003658,Track Occupied,3,82.7
TRN-06105,BLK-002412,Track Occupied,3,64.1
TRN-06106,BLK-003059,Track Occupied,1,41.8
TRN-06107,BLK-025042,Track Occupied,3,86.2
TRN-06108,BLK-031599,Track Occupied,3,80.1
TRN-06109,BLK-018484,Track Occupied,1,34.8
TRN-06110,BLK-025225,Track Occupied,3,95.8
TRN-06111,BLK-021244,Track Occupied,3,85.7
TRN-06112,BLK-016201,Track Occupied,3,74.9
TRN-06112,BLK-016202,Track Occupied,3,74.9
TRN-06113,BLK-007331,Track Occupied,2,99.0
TRN-06114,BLK-008903,Track Occupied,2,73.0
TRN-06115,BLK-019854,Track Occupied,2,58.4
TRN-06116,BLK-005857,Track Occupied,3,99.0
TRN-06117,BLK-026789,Track Occupied,3,54.7
TRN-06118,BLK-007346,Track Occupied,2,68.7
TRN-06119,BLK-014799,Track Occupied,1,38.0
TRN-06120,BLK-028859,Track Occupied,2,75.7
TRN-06120,BLK-028860,Track Occupied,2,75.7
TRN-06121,BLK-005272,Track Occupied,2,86.0
TRN-06122,BLK-004677,Track Occupied,2,65.7
TRN-06123,BLK-001567,Track Occupied,1,35.0
TRN-06124,BLK-019348,Track Occupied,2,75.4
TRN-06125,BLK-025593,Track Occupied,2,80.0
TRN-06126,BLK-006754,Track Occupied,2,75.7
TRN-06127,BLK-024035,Track Occupied,1,42.4
TRN-06128,BLK-015851,Track Occupied,1,17.0
TRN-06129,BLK-004045,Track Occupied,2,63.6
TRN-06130,BLK-001818,Track Occupied,2,83.2
TRN-06131,BLK-006184,Track Occupied,3,65.2
TRN-06132,BLK-033042,Track Occupied,3,99.0
TRN-06133,BLK-010702,Track Occupied,2,64.1
TRN-06134,BLK-001459,Track Occupied,2,82.5
TRN-06135,BLK-002854,Track Occupied,2,82.7
TRN-06136,BLK-008474,Track Occupied,2,54.5
TRN-06137,BLK-027328,Track Occupied,2,58.6
TRN-06138,BLK-006812,Track Occupied,2,85.8
TRN-06139,BLK-009664,Track Occupied,2,79.9
TRN-06140,BLK-015898,Track Occupied,3,61.4
TRN-06141,BLK-005888,Track Occupied,2,76.5
TRN-06142,BLK-031293,Track Occupied,3,71.0
TRN-06143,BLK-001840,Track Occupied,2,51.0
TRN-06144,BLK-001400,Track Occupied,3,54.8
TRN-06145,BLK-002925,Track Occupied,2,61.6
TRN-06146,BLK-000617,Track Occupied,2,46.3
TRN-06147,BLK-013039,Track Occupied,2,63.9
TRN-06148,BLK-000983,Track Occupied,3,70.1
TRN-06149,BLK-021096,Track Occupied,3,57.2
TRN-06150,BLK-033332,Track Occupied,2,75.2
TRN-06151,BLK-017106,Track Occupied,2,54.8
TRN-06152,BLK-012896,Track Occupied,3,66.8
TRN-06153,BLK-014283,Track Occupied,2,40.9
TRN-06154,BLK-009107,Track Occupied,2,51.3
TRN-06155,BLK-007777,Track Occupied,1,56.1
TRN-06155,BLK-007778,Track Occupied,1,56.1
TRN-06156,BLK-007302,Track Occupied,3,57.8
TRN-06157,BLK-032139,Track Occupied,2,69.2
TRN-06157,BLK-032140,Track Occupied,2,69.2
TRN-06158,BLK-002441,Track Occupied,2,85.4
TRN-06159,BLK-031220,Track Occupied,2,62.3
TRN-06160,BLK-025067,Track Occupied,2,54.9
TRN-06161,BLK-014405,Track Occupied,3,79.0
TRN-06162,BLK-024160,Track Occupied,2,40.1
TRN-06163,BLK-033502,Track Occupied,2,95.8
TRN-06164,BLK-001370,Track Occupied,2,94.6
TRN-06165,BLK-023965,Track Occupied,3,39.2
TRN-06166,BLK-020742,Track Occupied,2,67.7
TRN-06167,BLK-026176,Track Occupied,2,53.3
TRN-06168,BLK-032742,Track Occupied,3,75.9
TRN-06169,BLK-017532,Track Occupied,3,68.4
TRN-06170,BLK-028227,Track Occupied,3,67.5
TRN-06170,BLK-028228,Track Occupied,3,67.5
TRN-06171,BLK-004043,Track Occupied,3,82.3
TRN-06172,BLK-000649,Track Occupied,1,30.4
TRN-06173,BLK-029304,Track Occupied,2,72.9
TRN-06174,BLK-021068,Track Occupied,2,92.8
TRN-06175,BLK-028228,Track Occupied,3,72.5
TRN-06176,BLK-001680,Track Occupied,3,46.1
TRN-06177,BLK-031780,Track Occupied,3,61.3
TRN-06178,BLK-024727,Track Occupied,1,34.6
TRN-06179,BLK-029006,Track Occupied,2,76.0
TRN-06180,BLK-004194,Track Occupied,2,69.8
TRN-06181,BLK-028054,Track Occupied,2,76.6
TRN-06182,BLK-033350,Track Occupied,3,62.7
TRN-06183,BLK-014644,Track Occupied,2,74.3
TRN-06184,BLK-009451,Track Occupied,3,83.6
TRN-06185,BLK-032223,Track Occupied,3,75.3
TRN-06186,BLK-017583,Track Occupied,1,25.2
TRN-06187,BLK-012786,Track Occupied,1,40.2
TRN-06188,BLK-009854,Track Occupied,3,53.3
TRN-06189,BLK-027730,Track Occupied,2,65.1
TRN-06189,BLK-027731,Track Occupied,2,65.1
TRN-06190,BLK-029701,Track Occupied,2,75.5
TRN-06191,BLK-015486,Track Occupied,1,46.8
TRN-06192,BLK-033211,Track Occupied,1,41.2
TRN-06193,BLK-029239,Track Occupied,1,32.8
TRN-06194,BLK-002667,Track Occupied,3,43.9
TRN-06195,BLK-010433,Track Occupied,2,82.5
TRN-06196,BLK-023527,Track Occupied,3,73.1
TRN-06197,BLK-013921,Track Occupied,3,34.6
TRN-06198,BLK-019665,Track Occupied,2,96.1
TRN-06199,BLK-014534,Track Occupied,3,81.0
TRN-06200,BLK-029070,Track Occupied,2,87.2
TRN-06201,BLK-014504,Track Occupied,3,77.4
TRN-06202,BLK-024690,Track Occupied,3,56.9
TRN-06203,BLK-027581,Track Occupied,1,28.6
TRN-06204,BLK-032888,Track Occupied,2,61.8
TRN-06205,BLK-026746,Track Occupied,3,72.8
TRN-06206,BLK-016017,Track Occupied,3,83.3
TRN-06207,BLK-003101,Track Occupied,2,53.2
TRN-06208,BLK-021990,Track Occupied,3,86.4
TRN-06209,BLK-006765,Track Occupied,2,56.6
TRN-06210,BLK-020396,Track Occupied,3,63.3
TRN-06211,BLK-009992,Track Occupied,2,70.5
TRN-06212,BLK-014984,Track Occupied,3,81.1
TRN-06213,BLK-019057,Track Occupied,3,87.5
TRN-06213,BLK-019058,Track Occupied,3,87.5
TRN-06214,BLK-019075,Track Occupied,2,95.9
TRN-06215,BLK-028481,Track Occupied,1,52.0
TRN-06216,BLK-032036,Track Occupied,1,31.2
TRN-06217,BLK-013397,Track Occupied,3,77.4
TRN-06218,BLK-021134,Track Occupied,3,95.6
TRN-06219,BLK-003046,Track Occupied,3,73.2
TRN-06219,BLK-003047,Track Occupied,3,73.2
TRN-06220,BLK-011157,Track Occupied,2,91.2
TRN-06221,BLK-017724,Track Occupied,1,18.3
TRN-06222,BLK-026621,Track Occupied,3,67.2
TRN-06223,BLK-033317,Track Occupied,1,45.6
TRN-06224,BLK-011363,Track Occupied,1,29.3
TRN-06225,BLK-003758,Track Occupied,3,99.0
TRN-06226,BLK-020093,Track Occupied,2,73.6
TRN-06227,BLK-019465,Track Occupied,2,84.7
TRN-06228,BLK-000685,Track Occupied,2,74.3
TRN-06229,BLK-024348,Track Occupied,1,14.2
TRN-06230,BLK-015497,Track Occupied,1,13.5
TRN-06231,BLK-032549,Track Occupied,3,68.8
TRN-06232,BLK-025191,Track Occupied,3,82.3
TRN-06233,BLK-024128,Track Occupied,3,61.9
TRN-06234,BLK-003726,Track Occupied,3,58.5
TRN-06235,BLK-012872,Track Occupied,3,88.8
TRN-06236,BLK-022726,Track Occupied,3,81.5
TRN-06237,BLK-018561,Track Occupied,3,68.8
TRN-06238,BLK-011903,Track Occupied,2,72.1
TRN-06239,BLK-012542,Track Occupied,3,70.3
TRN-06240,BLK-016943,Track Occupied,1,31.9
TRN-06241,BLK-018924,Track Occupied,3,63.7
TRN-06242,BLK-026313,Track Occupied,2,99.0
TRN-06243,BLK-023083,Track Occupied,2,76.4
TRN-06244,BLK-010127,Track Occupied,3,94.2
TRN-06245,BLK-007210,Track Occupied,3,55.4
TRN-06246,BLK-021203,Track Occupied,2,74.9
TRN-06247,BLK-014053,Track Occupied,1,49.6
TRN-06248,BLK-021615,Track Occupied,1,26.3
TRN-06249,BLK-004073,Track Occupied,2,61.7
TRN-06250,BLK-010278,Track Occupied,3,99.0
TRN-06251,BLK-002829,Track Occupied,3,89.5
TRN-06252,BLK-023079,Track Occupied,2,62.3
TRN-06253,BLK-008591,Track Occupied,1,28.4
TRN-06254,BLK-013771,Track Occupied,2,71.0
TRN-06255,BLK-022776,Track Occupied,2,56.6
TRN-06256,BLK-026912,Track Occupied,2,51.6
TRN-06257,BLK-029126,Track Occupied,3,99.0
TRN-06258,BLK-024074,Track Occupied,1,27.0
TRN-06259,BLK-003208,Track Occupied,2,86.2
TRN-06260,BLK-029504,Track Occupied,2,97.6
TRN-06261,BLK-021778,Track Occupied,1,37.0
TRN-06262,BLK-023870,Track Occupied,2,75.2
TRN-06263,BLK-008357,Track Occupied,2,52.0
TRN-06264,BLK-007830,Track Occupied,1,36.0
TRN-06265,BLK-026208,Track Occupied,2,79.7
TRN-06266,BLK-023148,Track Occupied,3,67.2
TRN-06267,BLK-027996,Track Occupied,3,99.0
TRN-06268,BLK-016665,Track Occupied,3,78.8
TRN-06269,BLK-016299,Track Occupied,3,76.5
TRN-06270,BLK-027612,Track Occupied,2,72.5
TRN-06271,BLK-024548,Track Occupied,3,79.1
TRN-06272,BLK-029414,Track Occupied,3,62.7
TRN-06272,BLK-029415,Track Occupied,3,62.7
TRN-06273,BLK-030559,Track Occupied,1,19.3
TRN-06274,BLK-002229,Track Occupied,1,21.7
TRN-06275,BLK-002346,Track Occupied,3,75.3
TRN-06276,BLK-017886,Track Occupied,1,5.0
TRN-06277,BLK-032566,Track Occupied,2,62.1
TRN-06278,BLK-015160,Track Occupied,2,91.2
TRN-06279,BLK-014265,Track Occupied,3,60.1
TRN-06279,BLK-014266,Track Occupied,3,60.1
TRN-06280,BLK-026724,Track Occupied,3,60.5
TRN-06281,BLK-011871,Track Occupied,2,92.4
TRN-06282,BLK-001675,Track Occupied,2,60.2
TRN-06283,BLK-016709,Track Occupied,3,88.6
TRN-06284,BLK-011175,Track Occupied,3,91.3
TRN-06285,BLK-018474,Track Occupied,3,68.4
TRN-06286,BLK-005497,Track Occupied,2,64.7
TRN-06287,BLK-011535,Track Occupied,2,48.2
TRN-06288,BLK-024134,Track Occupied,3,72.0
TRN-06289,BLK-012159,Track Occupied,3,79.8
TRN-06289,BLK-012160,Track Occupied,3,79.8
TRN-06290,BLK-030226,Track Occupied,2,59.9
TRN-06291,BLK-014728,Track Occupied,3,88.5
TRN-06292,BLK-014137,Track Occupied,1,52.3
TRN-06293,BLK-009931,Track Occupied,2,48.4
TRN-06294,BLK-015931,Track Occupied,1,13.6
TRN-06295,BLK-015606,Track Occupied,3,64.0
TRN-06296,BLK-006612,Track Occupied,2,72.9
TRN-06297,BLK-029809,Track Occupied,3,86.1
TRN-06298,BLK-009522,Track Occupied,2,63.4
TRN-06299,BLK-013055,Track Occupied,2,66.3
TRN-06300,BLK-022173,Track Occupied,2,25.0
TRN-06301,BLK-022819,Track Occupied,3,58.8
TRN-06301,BLK-022820,Track Occupied,3,58.8
TRN-06302,BLK-022421,Track Occupied,2,89.9
TRN-06303,BLK-000828,Track Occupied,1,25.8
TRN-06304,BLK-032211,Track Occupied,3,88.1
TRN-06305,BLK-005131,Track Occupied,2,73.6
TRN-06306,BLK-019138,Track Occupied,2,74.7
TRN-06307,BLK-015530,Track Occupied,2,55.4
TRN-06308,BLK-027992,Track Occupied,3,99.0
TRN-06309,BLK-004138,Track Occupied,3,76.9
TRN-06310,BLK-012061,Track Occupied,3,99.0
TRN-06311,BLK-016928,Track Occupied,3,74.6
TRN-06312,BLK-013130,Track Occupied,2,78.9
TRN-06313,BLK-023305,Track Occupied,3,81.4
TRN-06314,BLK-019856,Track Occupied,2,44.8
TRN-06315,BLK-027171,Track Occupied,3,99.0
TRN-06316,BLK-008755,Track Occupied,3,62.7
TRN-06317,BLK-001714,Track Occupied,1,41.5
TRN-06318,BLK-017733,Track Occupied,1,33.4
TRN-06319,BLK-016137,Track Occupied,1,34.9
TRN-06320,BLK-016091,Track Occupied,2,63.7
TRN-06321,BLK-030536,Track Occupied,1,38.5
TRN-06321,BLK-030537,Track Occupied,1,38.5
TRN-06322,BLK-026156,Track Occupied,1,21.3
TRN-06323,BLK-007051,Track Occupied,3,79.4
TRN-06324,BLK-016005,Track Occupied,1,27.3
TRN-06325,BLK-000906,Track Occupied,2,74.9
TRN-06326,BLK-025639,Track Occupied,3,57.3
TRN-06327,BLK-018999,Track Occupied,3,82.0
TRN-06328,BLK-018738,Track Occupied,2,59.9
TRN-06329,BLK-026893,Track Occupied,3,47.9
TRN-06330,BLK-016819,Track Occupied,3,68.4
TRN-06331,BLK-002334,Track Occupied,2,87.8
TRN-06332,BLK-000158,Track Occupied,2,88.4
TRN-06333,BLK-017905,Track Occupied,2,76.7
TRN-06334,BLK-027345,Track Occupied,1,50.5
TRN-06335,BLK-024817,Track Occupied,3,58.9
TRN-06336,BLK-029202,Track Occupied,2,77.2
TRN-06337,BLK-018610,Track Occupied,1,15.4
TRN-06338,BLK-021078,Track Occupied,2,80.9
TRN-06339,BLK-011237,Track Occupied,2,87.1
TRN-06340,BLK-031883,Track Occupied,3,75.7
TRN-06340,BLK-031884,Track Occupied,3,75.7
TRN-06341,BLK-031935,Track Occupied,3,67.9
TRN-06342,BLK-001023,Track Occupied,3,55.4
TRN-06342,BLK-001024,Track Occupied,3,55.4
TRN-06343,BLK-017272,Track Occupied,3,56.7
TRN-06344,BLK-011475,Track Occupied,2,66.3
TRN-06345,BLK-024580,Track Occupied,3,69.1
TRN-06346,BLK-012421,Track Occupied,2,52.8
TRN-06347,BLK-020416,Track Occupied,1,8.8
TRN-06348,BLK-027924,Track Occupied,2,80.3
TRN-06349,BLK-020861,Track Occupied,1,61.8
TRN-06350,BLK-032700,Track Occupied,2,57.0
TRN-06351,BLK-030683,Track Occupied,3,57.4
TRN-06352,BLK-014317,Track Occupied,2,34.7
TRN-06353,BLK-032557,Track Occupied,3,87.6
TRN-06354,BLK-029979,Track Occupied,1,35.7
TRN-06355,BLK-001469,Track Occupied,3,66.3
TRN-06356,BLK-032467,Track Occupied,2,72.7
TRN-06357,BLK-009145,Track Occupied,2,62.2
TRN-06358,BLK-002143,Track Occupied,2,87.5
TRN-06359,BLK-012168,Track Occupied,2,59.4
TRN-06360,BLK-029639,Track Occupied,3,77.4
TRN-06361,BLK-012801,Track Occupied,3,80.8
TRN-06362,BLK-018483,Track Occupied,3,75.2
TRN-06363,BLK-019705,Track Occupied,2,74.6
TRN-06364,BLK-007134,Track Occupied,3,99.0
TRN-06365,BLK-005896,Track Occupied,1,43.0
TRN-06366,BLK-014973,Track Occupied,3,59.9
TRN-06366,BLK-014974,Track Occupied,3,59.9
TRN-06367,BLK-026068,Track Occupied,3,65.9
TRN-06368,BLK-005269,Track Occupied,3,55.8
TRN-06369,BLK-014323,Track Occupied,3,77.6
TRN-06370,BLK-004350,Track Occupied,1,38.4
TRN-06371,BLK-023877,Track Occupied,3,56.9
TRN-06372,BLK-032823,Track Occupied,2,86.0
TRN-06373,BLK-019057,Track Occupied,3,84.0
TRN-06374,BLK-024393,Track Occupied,3,55.4
TRN-06375,BLK-011662,Track Occupied,3,82.1
TRN-06376,BLK-010644,Track Occupied,2,69.5
TRN-06377,BLK-030481,Track Occupied,2,83.0
TRN-06378,BLK-009741,Track Occupied,2,82.5
TRN-06379,BLK-021380,Track Occupied,2,99.0
TRN-06380,BLK-014811,Track Occupied,3,74.1
TRN-06381,BLK-011039,Track Occupied,2,72.1
TRN-06382,BLK-026932,Track Occupied,2,82.0
TRN-06383,BLK-029226,Track Occupied,3,43.6
TRN-06384,BLK-014540,Track Occupied,2,59.5
TRN-06385,BLK-005378,Track Occupied,2,92.5
TRN-06386,BLK-015951,Track Occupied,2,94.8
TRN-06387,BLK-020965,Track Occupied,1,37.7
TRN-06388,BLK-031455,Track Occupied,2,85.3
TRN-06389,BLK-008171,Track Occupied,1,23.1
TRN-06390,BLK-008481,Track Occupied,3,90.4
TRN-06391,BLK-000136,Track Occupied,2,73.7
TRN-06392,BLK-022094,Track Occupied,3,44.9
TRN-06393,BLK-031185,Track Occupied,3,60.3
TRN-06394,BLK-010165,Track Occupied,3,73.1
TRN-06395,BLK-025545,Track Occupied,2,68.6
TRN-06396,BLK-000627,Track Occupied,1,60.7
TRN-06396,BLK-000628,Track Occupied,1,60.7
TRN-06397,BLK-001036,Track Occupied,3,64.9
TRN-06398,BLK-002439,Track Occupied,2,74.5
TRN-06398,BLK-002440,Track Occupied,2,74.5
TRN-06399,BLK-012844,Track Occupied,2,71.7
TRN-06399,BLK-012845,Track Occupied,2,71.7
TRN-06400,BLK-004635,Track Occupied,2,80.5
TRN-06401,BLK-030824,Track Occupied,2,51.1
TRN-06401,BLK-030825,Track Occupied,2,51.1
TRN-06402,BLK-025808,Track Occupied,2,59.6
TRN-06403,BLK-024955,Track Occupied,3,93.9
TRN-06404,BLK-016593,Track Occupied,1,46.4
TRN-06405,BLK-011523,Track Occupied,3,78.9
TRN-06406,BLK-019458,Track Occupied,2,58.9
TRN-06407,BLK-002701,Track Occupied,2,66.1
TRN-06408,BLK-033208,Track Occupied,2,73.5
TRN-06409,BLK-015252,Track Occupied,2,60.6
TRN-06410,BLK-007704,Track Occupied,1,50.6
TRN-06411,BLK-028844,Track Occupied,3,70.9
TRN-06412,BLK-012405,Track Occupied,2,87.1
TRN-06413,BLK-011171,Track Occupied,2,63.7
TRN-06414,BLK-015643,Track Occupied,3,95.2
TRN-06415,BLK-016823,Track Occupied,2,66.4
TRN-06416,BLK-024034,Track Occupied,1,31.0
TRN-06417,BLK-019404,Track Occupied,2,61.3
TRN-06418,BLK-013989,Track Occupied,2,61.5
TRN-06419,BLK-000561,Track Occupied,2,68.2
TRN-06420,BLK-006688,Track Occupied,3,70.8
TRN-06421,BLK-006812,Track Occupied,2,93.8
TRN-06422,BLK-016293,Track Occupied,2,99.0
TRN-06423,BLK-009521,Track Occupied,2,82.6
TRN-06424,BLK-006990,Track Occupied,2,84.8
TRN-06425,BLK-007112,Track Occupied,2,77.7
TRN-06426,BLK-031361,Track Occupied,2,62.4
TRN-06427,BLK-033566,Track Occupied,2,75.9
TRN-06428,BLK-011285,Track Occupied,2,84.7
TRN-06429,BLK-018228,Track Occupied,2,80.7
TRN-06430,BLK-017774,Track Occupied,2,62.6
TRN-06431,BLK-018665,Track Occupied,3,89.0
TRN-06432,BLK-028896,Track Occupied,2,87.0
TRN-06433,BLK-009490,Track Occupied,2,89.7
TRN-06434,BLK-026328,Track Occupied,2,99.0
TRN-06435,BLK-001530,Track Occupied,2,48.7
TRN-06436,BLK-019633,Track Occupied,3,98.6
TRN-06437,BLK-009949,Track Occupied,3,67.6
TRN-06438,BLK-013023,Track Occupied,2,64.6
TRN-06439,BLK-002982,Track Occupied,1,35.6
TRN-06440,BLK-002325,Track Occupied,2,66.7
TRN-06441,BLK-004161,Track Occupied,3,44.0
TRN-06442,BLK-022488,Track Occupied,2,63.8
TRN-06443,BLK-025853,Track Occupied,3,99.0
TRN-06444,BLK-016693,Track Occupied,2,51.2
TRN-06444,BLK-016694,Track Occupied,2,51.2
TRN-06445,BLK-013916,Track Occupied,3,60.0
TRN-06446,BLK-004989,Track Occupied,3,52.1
TRN-06447,BLK-004132,Track Occupied,3,59.4
TRN-06448,BLK-006375,Track Occupied,3,45.3
TRN-06449,BLK-014648,Track Occupied,3,99.0
TRN-06449,BLK-014649,Track Occupied,3,99.0
TRN-06450,BLK-023698,Track Occupied,1,47.9
TRN-06451,BLK-014100,Track Occupied,2,59.9
TRN-06452,BLK-031702,Track Occupied,3,76.5
TRN-06453,BLK-033349,Track Occupied,2,73.9
TRN-06454,BLK-003435,Track Occupied,3,65.6
TRN-06455,BLK-019859,Track Occupied,1,44.3
TRN-06456,BLK-018436,Track Occupied,2,76.6
TRN-06457,BLK-023935,Track Occupied,2,80.5
TRN-06458,BLK-022438,Track Occupied,3,81.2
TRN-06459,BLK-027067,Track Occupied,2,74.3
TRN-06460,BLK-015728,Track Occupied,3,68.9
TRN-06461,BLK-004725,Track Occupied,1,46.7
TRN-06462,BLK-025117,Track Occupied,1,14.0
TRN-06463,BLK-026589,Track Occupied,2,56.8
TRN-06464,BLK-019050,Track Occupied,2,77.5
TRN-06465,BLK-022663,Track Occupied,2,63.6
TRN-06466,BLK-015316,Track Occupied,2,75.6
TRN-06467,BLK-030687,Track Occupied,3,81.5
TRN-06468,BLK-032852,Track Occupied,1,34.4
TRN-06469,BLK-001896,Track Occupied,3,39.0
TRN-06470,BLK-015209,Track Occupied,2,64.3
TRN-06471,BLK-009982,Track Occupied,2,39.5
TRN-06472,BLK-006352,Track Occupied,3,77.9
TRN-06473,BLK-006991,Track Occupied,3,83.0
TRN-06473,BLK-006992,Track Occupied,3,83.0
TRN-06474,BLK-025524,Track Occupied,3,68.8
TRN-06475,BLK-010053,Track Occupied,2,84.6
TRN-06476,BLK-013245,Track Occupied,2,59.0
TRN-06477,BLK-012944,Track Occupied,2,52.4
TRN-06478,BLK-022342,Track Occupied,1,49.2
TRN-06479,BLK-030238,Track Occupied,2,86.1
TRN-06480,BLK-028901,Track Occupied,3,56.9
TRN-06481,BLK-018486,Track Occupied,1,36.6
TRN-06481,BLK-018487,Track Occupied,1,36.6
TRN-06482,BLK-022026,Track Occupied,2,79.4
TRN-06483,BLK-022360,Track Occupied,2,95.6
TRN-06484,BLK-004545,Track Occupied,3,77.4
TRN-06484,BLK-004546,Track Occupied,3,77.4
TRN-06485,BLK-011205,Track Occupied,3,81.2
TRN-06486,BLK-007157,Track Occupied,3,76.8
TRN-06487,BLK-017236,Track Occupied,1,16.2
TRN-06487,BLK-017237,Track Occupied,1,16.2
TRN-06488,BLK-004431,Track Occupied,1,12.7
TRN-06489,BLK-020879,Track Occupied,2,61.9
TRN-06490,BLK-020039,Track Occupied,2,89.3
TRN-06491,BLK-017916,Track Occupied,2,96.0
TRN-06492,BLK-001254,Track Occupied,3,68.7
TRN-06493,BLK-002647,Track Occupied,2,87.0
TRN-06494,BLK-020614,Track Occupied,1,12.4
TRN-06495,BLK-004234,Track Occupied,3,99.0
TRN-06495,BLK-004235,Track Occupied,3,99.0
TRN-06496,BLK-031153,Track Occupied,1,21.8
TRN-06497,BLK-014491,Track Occupied,2,73.5
TRN-06498,BLK-009461,Track Occupied,2,88.3
TRN-06499,BLK-012588,Track Occupied,3,48.1
TRN-06500,BLK-003895,Track Occupied,3,72.8
TRN-06501,BLK-003534,Track Occupied,2,47.6
TRN-06502,BLK-012836,Track Occupied,3,76.5
TRN-06503,BLK-013475,Track Occupied,3,85.2
TRN-06504,BLK-019684,Track Occupied,2,82.6
TRN-06505,BLK-017971,Track Occupied,2,86.7
TRN-06506,BLK-032248,Track Occupied,2,88.7
TRN-06507,BLK-002127,Track Occupied,2,97.8
TRN-06508,BLK-017754,Track Occupied,2,99.0
TRN-06509,BLK-017384,Track Occupied,3,95.7
TRN-06510,BLK-004418,Track Occupied,2,67.8
TRN-06511,BLK-023494,Track Occupied,2,72.4
TRN-06512,BLK-022871,Track Occupied,3,63.0
TRN-06513,BLK-030805,Track Occupied,1,49.7
TRN-06514,BLK-020995,Track Occupied,2,43.6
TRN-06515,BLK-008467,Track Occupied,3,74.7
TRN-06516,BLK-007041,Track Occupied,3,88.7
TRN-06517,BLK-016441,Track Occupied,1,18.4
TRN-06518,BLK-015689,Track Occupied,1,26.6
TRN-06519,BLK-029307,Track Occupied,2,76.4
TRN-06519,BLK-029308,Track Occupied,2,76.4
TRN-06520,BLK-018446,Track Occupied,3,55.0
TRN-06521,BLK-017266,Track Occupied,3,69.4
TRN-06522,BLK-018855,Track Occupied,2,73.6
TRN-06523,BLK-010540,Track Occupied,2,45.6
TRN-06524,BLK-011068,Track Occupied,2,80.2
TRN-06525,BLK-012102,Track Occupied,1,27.6
TRN-06526,BLK-012122,Track Occupied,1,31.0
TRN-06527,BLK-022564,Track Occupied,2,66.6
TRN-06527,BLK-022565,Track Occupied,2,66.6
TRN-06528,BLK-018826,Track Occupied,2,60.8
TRN-06529,BLK-018356,Track Occupied,3,95.2
TRN-06530,BLK-006086,Track Occupied,3,84.0
TRN-06531,BLK-027311,Track Occupied,2,69.4
TRN-06532,BLK-029680,Track Occupied,2,67.7
TRN-06533,BLK-010847,Track Occupied,1,25.2
TRN-06534,BLK-006768,Track Occupied,3,94.7
TRN-06535,BLK-019838,Track Occupied,1,62.7
TRN-06536,BLK-027743,Track Occupied,3,72.2
TRN-06537,BLK-031357,Track Occupied,3,54.8
TRN-06538,BLK-006500,Track Occupied,3,73.5
TRN-06539,BLK-002559,Track Occupied,2,48.2
TRN-06540,BLK-007016,Track Occupied,2,62.4
TRN-06541,BLK-014225,Track Occupied,3,72.2
TRN-06542,BLK-032122,Track Occupied,3,93.9
TRN-06543,BLK-031653,Track Occupied,2,54.1
TRN-06544,BLK-022712,Track Occupied,2,79.0
TRN-06545,BLK-025170,Track Occupied,2,69.3
TRN-06546,BLK-029976,Track Occupied,2,73.0
TRN-06547,BLK-021579,Track Occupied,3,50.6
TRN-06548,BLK-001743,Track Occupied,2,81.8
TRN-06549,BLK-026385,Track Occupied,3,64.2
TRN-06550,BLK-029078,Track Occupied,3,99.0
TRN-06551,BLK-011230,Track Occupied,3,86.1
TRN-06552,BLK-008913,Track Occupied,2,75.5
TRN-06553,BLK-008596,Track Occupied,2,53.6
TRN-06554,BLK-008556,Track Occupied,2,80.8
TRN-06555,BLK-026259,Track Occupied,1,32.5
TRN-06556,BLK-024742,Track Occupied,3,85.4
TRN-06557,BLK-031703,Track Occupied,1,27.8
TRN-06558,BLK-015017,Track Occupied,2,53.9
TRN-06559,BLK-007404,Track Occupied,2,71.7
TRN-06560,BLK-024210,Track Occupied,3,60.9
TRN-06561,BLK-019517,Track Occupied,3,63.2
TRN-06562,BLK-011605,Track Occupied,3,79.9
TRN-06562,BLK-011606,Track Occupied,3,79.9
TRN-06563,BLK-025787,Track Occupied,3,56.6
TRN-06563,BLK-025788,Track Occupied,3,56.6
TRN-06564,BLK-027613,Track Occupied,3,68.8
TRN-06565,BLK-005818,Track Occupied,1,31.2
TRN-06566,BLK-020842,Track Occupied,2,87.8
TRN-06566,BLK-020843,Track Occupied,2,87.8
TRN-06567,BLK-009315,Track Occupied,1,25.2
TRN-06568,BLK-027610,Track Occupied,2,52.2
TRN-06569,BLK-013900,Track Occupied,1,12.1
TRN-06570,BLK-028914,Track Occupied,2,72.4
TRN-06571,BLK-009379,Track Occupied,2,62.7
TRN-06572,BLK-007378,Track Occupied,3,43.5
TRN-06573,BLK-018095,Track Occupied,3,64.4
TRN-06574,BLK-029146,Track Occupied,3,52.4
TRN-06575,BLK-026646,Track Occupied,3,51.7
TRN-06576,BLK-004106,Track Occupied,3,68.8
TRN-06577,BLK-011319,Track Occupied,3,66.7
TRN-06578,BLK-013668,Track Occupied,2,99.0
TRN-06579,BLK-014369,Track Occupied,2,54.2
TRN-06580,BLK-032061,Track Occupied,1,46.6
TRN-06581,BLK-019516,Track Occupied,2,75.0
TRN-06582,BLK-023122,Track Occupied,3,68.6
TRN-06583,BLK-026396,Track Occupied,2,69.7
TRN-06584,BLK-009141,Track Occupied,3,77.1
TRN-06584,BLK-009142,Track Occupied,3,77.1
TRN-06585,BLK-000213,Track Occupied,2,50.4
TRN-06586,BLK-014691,Track Occupied,2,68.5
TRN-06587,BLK-000835,Track Occupied,2,55.0
TRN-06588,BLK-021723,Track Occupied,2,56.7
TRN-06589,BLK-004233,Track Occupied,2,95.1
TRN-06590,BLK-032828,Track Occupied,2,69.2
TRN-06591,BLK-018903,Track Occupied,1,16.7
TRN-06592,BLK-019792,Track Occupied,1,19.2
TRN-06593,BLK-032683,Track Occupied,3,99.0
TRN-06594,BLK-032263,Track Occupied,1,49.1
TRN-06595,BLK-025167,Track Occupied,3,62.8
TRN-06596,BLK-013619,Track Occupied,3,77.8
TRN-06597,BLK-004704,Track Occupied,3,71.2
TRN-06598,BLK-030899,Track Occupied,1,36.0
TRN-06599,BLK-003085,Track Occupied,3,61.1
TRN-06600,BLK-003577,Track Occupied,3,85.2
TRN-06601,BLK-013698,Track Occupied,2,56.4
TRN-06602,BLK-014794,Track Occupied,3,83.5
TRN-06603,BLK-020074,Track Occupied,2,76.9
TRN-06604,BLK-013342,Track Occupied,2,76.5
TRN-06604,BLK-013343,Track Occupied,2,76.5
TRN-06605,BLK-028895,Track Occupied,1,51.1
TRN-06605,BLK-028896,Track Occupied,1,51.1
TRN-06606,BLK-005480,Track Occupied,3,85.5
TRN-06607,BLK-000525,Track Occupied,3,46.0
TRN-06608,BLK-024517,Track Occupied,2,80.8
TRN-06608,BLK-024518,Track Occupied,2,80.8
TRN-06609,BLK-033044,Track Occupied,1,33.9
TRN-06610,BLK-014177,Track Occupied,2,68.7
TRN-06611,BLK-030499,Track Occupied,3,45.9
TRN-06612,BLK-013777,Track Occupied,3,97.5
TRN-06613,BLK-029074,Track Occupied,2,99.0
TRN-06614,BLK-007079,Track Occupied,2,78.4
TRN-06615,BLK-006434,Track Occupied,2,93.4
TRN-06616,BLK-027634,Track Occupied,1,44.6
TRN-06617,BLK-024163,Track Occupied,2,73.2
TRN-06618,BLK-001012,Track Occupied,2,60.7
TRN-06619,BLK-024821,Track Occupied,3,78.5
TRN-06619,BLK-024822,Track Occupied,3,78.5
TRN-06620,BLK-025870,Track Occupied,1,42.7
TRN-06621,BLK-006222,Track Occupied,3,90.8
TRN-06621,BLK-006223,Track Occupied,3,90.8
TRN-06622,BLK-008926,Track Occupied,1,32.6
TRN-06623,BLK-001028,Track Occupied,3,99.0
TRN-06624,BLK-026119,Track Occupied,3,55.7
TRN-06625,BLK-006144,Track Occupied,3,63.3
TRN-06626,BLK-016733,Track Occupied,1,38.7
TRN-06627,BLK-024412,Track Occupied,2,61.9
TRN-06628,BLK-031360,Track Occupied,2,47.0
TRN-06629,BLK-030788,Track Occupied,3,89.5
TRN-06630,BLK-029014,Track Occupied,1,58.7
TRN-06630,BLK-029015,Track Occupied,1,58.7
TRN-06631,BLK-018258,Track Occupied,2,69.3
TRN-06632,BLK-021821,Track Occupied,3,78.5
TRN-06633,BLK-020240,Track Occupied,2,78.4
TRN-06633,BLK-020241,Track Occupied,2,78.4
TRN-06634,BLK-029417,Track Occupied,3,75.6
TRN-06635,BLK-007321,Track Occupied,3,60.3
TRN-06636,BLK-025401,Track Occupied,1,16.4
TRN-06637,BLK-019833,Track Occupied,3,69.5
TRN-06638,BLK-001562,Track Occupied,2,65.3
TRN-06639,BLK-021634,Track Occupied,3,58.7
TRN-06640,BLK-024933,Track Occupied,2,66.2
TRN-06641,BLK-023748,Track Occupied,1,30.2
TRN-06642,BLK-022487,Track Occupied,3,62.4
TRN-06643,BLK-014605,Track Occupied,3,99.0
TRN-06644,BLK-000604,Track Occupied,3,31.7
TRN-06645,BLK-017588,Track Occupied,3,69.9
TRN-06646,BLK-013425,Track Occupied,2,36.4
TRN-06647,BLK-006881,Track Occupied,3,90.7
TRN-06648,BLK-011213,Track Occupied,3,57.2
TRN-06649,BLK-025893,Track Occupied,2,99.0
TRN-06649,BLK-025894,Track Occupied,2,99.0
TRN-06650,BLK-011003,Track Occupied,1,28.3
TRN-06651,BLK-027881,Track Occupied,3,80.9
TRN-06652,BLK-001701,Track Occupied,3,70.7
TRN-06653,BLK-007866,Track Occupied,2,83.1
TRN-06654,BLK-015745,Track Occupied,3,69.0
TRN-06655,BLK-022347,Track Occupied,3,64.4
TRN-06656,BLK-031106,Track Occupied,3,40.6
TRN-06657,BLK-009150,Track Occupied,3,80.7
TRN-06658,BLK-019584,Track Occupied,3,55.1
TRN-06659,BLK-012485,Track Occupied,1,36.2
TRN-06660,BLK-027014,Track Occupied,3,96.3
TRN-06661,BLK-020876,Track Occupied,2,59.6
TRN-06662,BLK-029447,Track Occupied,2,65.5
TRN-06663,BLK-008364,Track Occupied,3,61.3
TRN-06664,BLK-012813,Track Occupied,2,66.9
TRN-06665,BLK-023793,Track Occupied,1,7.6
TRN-06666,BLK-002161,Track Occupied,3,79.7
TRN-06667,BLK-025168,Track Occupied,3,79.8
TRN-06668,BLK-016621,Track Occupied,3,99.0
TRN-06669,BLK-018958,Track Occupied,3,55.8
TRN-06670,BLK-022279,Track Occupied,2,69.5
TRN-06671,BLK-011807,Track Occupied,2,65.7
TRN-06672,BLK-015466,Track Occupied,3,57.4
TRN-06673,BLK-025399,Track Occupied,3,72.0
TRN-06674,BLK-004628,Track Occupied,2,59.2
TRN-06675,BLK-020452,Track Occupied,3,72.5
TRN-06676,BLK-019851,Track Occupied,2,63.2
TRN-06676,BLK-019852,Track Occupied,2,63.2
TRN-06677,BLK-014813,Track Occupied,1,32.5
TRN-06678,BLK-015298,Track Occupied,3,66.8
TRN-06679,BLK-013372,Track Occupied,2,73.2
TRN-06680,BLK-019650,Track Occupied,3,41.6
TRN-06681,BLK-024145,Track Occupied,3,77.8
TRN-06681,BLK-024146,Track Occupied,3,77.8
TRN-06682,BLK-003070,Track Occupied,2,94.8
TRN-06683,BLK-019486,Track Occupied,2,39.8
TRN-06684,BLK-009511,Track Occupied,2,82.5
TRN-06685,BLK-016752,Track Occupied,3,53.4
TRN-06686,BLK-024734,Track Occupied,1,34.7
TRN-06687,BLK-028752,Track Occupied,3,87.7
TRN-06688,BLK-025413,Track Occupied,2,67.1
TRN-06689,BLK-000737,Track Occupied,2,69.3
TRN-06690,BLK-015467,Track Occupied,1,26.9
TRN-06691,BLK-014148,Track Occupied,2,99.0
TRN-06692,BLK-027990,Track Occupied,3,90.3
TRN-06693,BLK-020099,Track Occupied,2,91.3
TRN-06694,BLK-021182,Track Occupied,1,32.8
TRN-06695,BLK-000051,Track Occupied,3,83.6
TRN-06696,BLK-012621,Track Occupied,2,53.3
TRN-06697,BLK-016236,Track Occupied,3,78.6
TRN-06698,BLK-011667,Track Occupied,2,60.7
TRN-06699,BLK-026900,Track Occupied,1,51.9
TRN-06700,BLK-019200,Track Occupied,3,56.8
TRN-06701,BLK-015107,Track Occupied,3,65.2
TRN-06702,BLK-020063,Track Occupied,2,58.7
TRN-06703,BLK-008946,Track Occupied,3,66.4
TRN-06704,BLK-005455,Track Occupied,3,59.9
TRN-06704,BLK-005456,Track Occupied,3,59.9
TRN-06705,BLK-026580,Track Occupied,1,30.1
TRN-06706,BLK-027374,Track Occupied,1,69.4
TRN-06706,BLK-027375,Track Occupied,1,69.4
TRN-06707,BLK-003520,Track Occupied,3,71.7
TRN-06708,BLK-002773,Track Occupied,1,46.2
TRN-06709,BLK-026669,Track Occupied,2,71.2
TRN-06710,BLK-025644,Track Occupied,1,63.2
TRN-06711,BLK-010630,Track Occupied,3,84.1
TRN-06712,BLK-000795,Track Occupied,2,64.2
TRN-06713,BLK-017511,Track Occupied,2,83.9
TRN-06714,BLK-008224,Track Occupied,3,32.5
TRN-06715,BLK-022580,Track Occupied,2,78.7
TRN-06716,BLK-026833,Track Occupied,2,94.6
TRN-06717,BLK-028311,Track Occupied,1,44.2
TRN-06718,BLK-004719,Track Occupied,3,49.0
TRN-06719,BLK-021373,Track Occupied,1,23.6
TRN-06720,BLK-022837,Track Occupied,2,82.5
TRN-06721,BLK-018599,Track Occupied,3,74.6
TRN-06722,BLK-021158,Track Occupied,3,53.3
TRN-06723,BLK-027374,Track Occupied,3,93.4
TRN-06724,BLK-013744,Track Occupied,1,20.7
TRN-06725,BLK-033398,Track Occupied,3,70.6
TRN-06726,BLK-005062,Track Occupied,1,15.9
TRN-06727,BLK-005627,Track Occupied,2,88.3
TRN-06728,BLK-007707,Track Occupied,2,90.6
TRN-06729,BLK-031671,Track Occupied,2,51.1
TRN-06730,BLK-019631,Track Occupied,2,63.5
TRN-06731,BLK-015792,Track Occupied,2,61.6
TRN-06732,BLK-003193,Track Occupied,3,71.9
TRN-06733,BLK-033193,Track Occupied,2,80.5
TRN-06734,BLK-003853,Track Occupied,1,34.5
TRN-06735,BLK-013358,Track Occupied,3,53.9
TRN-06736,BLK-001313,Track Occupied,2,69.9
TRN-06736,BLK-001314,Track Occupied,2,69.9
TRN-06737,BLK-023770,Track Occupied,3,79.4
TRN-06738,BLK-003268,Track Occupied,3,60.8
TRN-06739,BLK-005921,Track Occupied,2,72.8
TRN-06740,BLK-000697,Track Occupied,3,66.7
TRN-06741,BLK-011530,Track Occupied,3,76.9
TRN-06742,BLK-024293,Track Occupied,2,97.8
TRN-06743,BLK-006625,Track Occupied,2,75.0
TRN-06744,BLK-002986,Track Occupied,2,62.6
TRN-06745,BLK-030041,Track Occupied,3,59.0
TRN-06746,BLK-006511,Track Occupied,3,68.9
TRN-06747,BLK-011794,Track Occupied,3,55.3
TRN-06748,BLK-000545,Track Occupied,3,77.6
TRN-06749,BLK-016196,Track Occupied,2,77.7
TRN-06750,BLK-005446,Track Occupied,1,36.8
TRN-06751,BLK-022269,Track Occupied,3,99.0
TRN-06752,BLK-030374,Track Occupied,3,46.4
TRN-06753,BLK-023992,Track Occupied,3,77.6
TRN-06754,BLK-018336,Track Occupied,2,60.5
TRN-06755,BLK-003974,Track Occupied,1,27.1
TRN-06756,BLK-012598,Track Occupied,2,51.8
TRN-06756,BLK-012599,Track Occupied,2,51.8
TRN-06757,BLK-013660,Track Occupied,3,69.3
TRN-06758,BLK-005588,Track Occupied,2,89.3
TRN-06759,BLK-022832,Track Occupied,3,67.3
TRN-06760,BLK-032748,Track Occupied,3,70.6
TRN-06761,BLK-031550,Track Occupied,3,67.9
TRN-06761,BLK-031551,Track Occupied,3,67.9
TRN-06762,BLK-023598,Track Occupied,2,73.2
TRN-06763,BLK-008132,Track Occupied,2,52.0
TRN-06764,BLK-020913,Track Occupied,1,26.3
TRN-06765,BLK-011519,Track Occupied,2,61.5
TRN-06766,BLK-021031,Track Occupied,1,22.1
TRN-06766,BLK-021032,Track Occupied,1,22.1
TRN-06767,BLK-033531,Track Occupied,1,43.9
TRN-06768,BLK-013026,Track Occupied,2,72.5
TRN-06769,BLK-013658,Track Occupied,2,92.6
TRN-06770,BLK-014103,Track Occupied,1,44.5
TRN-06771,BLK-019233,Track Occupied,2,52.6
TRN-06772,BLK-008025,Track Occupied,3,86.8
TRN-06773,BLK-008741,Track Occupied,2,58.9
TRN-06773,BLK-008742,Track Occupied,2,58.9
TRN-06774,BLK-016025,Track Occupied,1,49.8
TRN-06775,BLK-019839,Track Occupied,1,14.1
TRN-06776,BLK-016840,Track Occupied,2,57.0
TRN-06777,BLK-011566,Track Occupied,3,84.9
TRN-06778,BLK-020981,Track Occupied,2,81.6
TRN-06779,BLK-006911,Track Occupied,1,14.0
TRN-06779,BLK-006912,Track Occupied,1,14.0
TRN-06780,BLK-010099,Track Occupied,3,50.4
TRN-06781,BLK-018996,Track Occupied,2,97.2
TRN-06782,BLK-032353,Track Occupied,3,67.8
TRN-06783,BLK-018712,Track Occupied,2,64.2
TRN-06784,BLK-013615,Track Occupied,2,95.3
TRN-06785,BLK-011221,Track Occupied,2,67.6
TRN-06786,BLK-004764,Track Occupied,3,74.0
TRN-06787,BLK-021001,Track Occupied,1,48.0
TRN-06788,BLK-007394,Track Occupied,3,55.2
TRN-06789,BLK-014603,Track Occupied,1,77.8
TRN-06790,BLK-014832,Track Occupied,1,5.0
TRN-06791,BLK-021574,Track Occupied,3,85.8
TRN-06792,BLK-031111,Track Occupied,2,68.7
TRN-06792,BLK-031112,Track Occupied,2,68.7
TRN-06793,BLK-004935,Track Occupied,3,60.0
TRN-06794,BLK-016177,Track Occupied,2,46.1
TRN-06795,BLK-006451,Track Occupied,1,26.8
TRN-06796,BLK-006425,Track Occupied,3,64.1
TRN-06796,BLK-006426,Track Occupied,3,64.1
TRN-06797,BLK-014158,Track Occupied,2,79.5
TRN-06798,BLK-028805,Track Occupied,2,56.7
TRN-06799,BLK-022194,Track Occupied,2,64.9
TRN-06800,BLK-013964,Track Occupied,2,61.8
TRN-06801,BLK-024527,Track Occupied,3,64.3
TRN-06802,BLK-004684,Track Occupied,2,67.1
TRN-06803,BLK-015429,Track Occupied,1,10.7
TRN-06803,BLK-015430,Track Occupied,1,10.7
TRN-06804,BLK-006612,Track Occupied,1,56.1
TRN-06805,BLK-014194,Track Occupied,3,62.9
TRN-06805,BLK-014195,Track Occupied,3,62.9
TRN-06806,BLK-033046,Track Occupied,2,52.1
TRN-06807,BLK-010819,Track Occupied,3,76.9
TRN-06808,BLK-029289,Track Occupied,1,26.3
TRN-06808,BLK-029290,Track Occupied,1,26.3
TRN-06809,BLK-001423,Track Occupied,2,49.8
TRN-06810,BLK-009927,Track Occupied,3,69.1
TRN-06811,BLK-023374,Track Occupied,2,81.5
TRN-06812,BLK-031760,Track Occupied,3,99.0
TRN-06813,BLK-000450,Track Occupied,1,32.2
TRN-06814,BLK-025454,Track Occupied,2,91.2
TRN-06815,BLK-020394,Track Occupied,1,58.6
TRN-06816,BLK-001507,Track Occupied,2,79.2
TRN-06817,BLK-025372,Track Occupied,2,84.7
TRN-06818,BLK-006538,Track Occupied,2,77.4
TRN-06819,BLK-010265,Track Occupied,3,79.8
TRN-06820,BLK-021565,Track Occupied,2,53.4
TRN-06821,BLK-027293,Track Occupied,3,81.3
TRN-06822,BLK-012386,Track Occupied,1,61.6
TRN-06823,BLK-010026,Track Occupied,2,76.1
TRN-06824,BLK-021496,Track Occupied,1,12.8
TRN-06824,BLK-021497,Track Occupied,1,12.8
TRN-06825,BLK-010390,Track Occupied,2,76.4
TRN-06826,BLK-017246,Track Occupied,3,64.4
TRN-06827,BLK-016335,Track Occupied,2,70.7
TRN-06828,BLK-017259,Track Occupied,3,62.7
TRN-06829,BLK-033323,Track Occupied,2,65.7
TRN-06830,BLK-033315,Track Occupied,1,35.0
TRN-06831,BLK-002102,Track Occupied,3,58.7
TRN-06831,BLK-002103,Track Occupied,3,58.7
TRN-06832,BLK-012257,Track Occupied,2,73.7
TRN-06833,BLK-005448,Track Occupied,3,72.9
TRN-06834,BLK-031996,Track Occupied,3,70.7
TRN-06835,BLK-026152,Track Occupied,1,23.8
TRN-06835,BLK-026153,Track Occupied,1,23.8
TRN-06836,BLK-017981,Track Occupied,1,20.5
TRN-06837,BLK-015829,Track Occupied,3,79.5
TRN-06838,BLK-012201,Track Occupied,2,70.5
TRN-06839,BLK-004816,Track Occupied,3,79.2
TRN-06840,BLK-001698,Track Occupied,3,70.7
TRN-06841,BLK-031095,Track Occupied,3,99.0
TRN-06842,BLK-026019,Track Occupied,2,43.9
TRN-06843,BLK-031833,Track Occupied,3,76.2
TRN-06844,BLK-020795,Track Occupied,2,79.6
TRN-06844,BLK-020796,Track Occupied,2,79.6
TRN-06845,BLK-005450,Track Occupied,2,98.5
TRN-06846,BLK-026704,Track Occupied,1,27.9
TRN-06847,BLK-008780,Track Occupied,2,92.9
TRN-06847,BLK-008781,Track Occupied,2,92.9
TRN-06848,BLK-020361,Track Occupied,2,67.9
TRN-06849,BLK-003112,Track Occupied,1,60.5
TRN-06850,BLK-017315,Track Occupied,3,77.3
TRN-06851,BLK-005113,Track Occupied,3,85.8
TRN-06852,BLK-004940,Track Occupied,3,78.9
TRN-06853,BLK-004993,Track Occupied,3,84.3
TRN-06854,BLK-020682,Track Occupied,1,17.1
TRN-06855,BLK-009617,Track Occupied,3,43.4
TRN-06856,BLK-001764,Track Occupied,1,29.3
TRN-06857,BLK-007162,Track Occupied,2,54.6
TRN-06858,BLK-008232,Track Occupied,3,60.8
TRN-06859,BLK-015736,Track Occupied,1,21.0
TRN-06860,BLK-029258,Track Occupied,1,30.2
TRN-06861,BLK-002415,Track Occupied,3,93.1
TRN-06862,BLK-030334,Track Occupied,2,53.1
TRN-06863,BLK-017299,Track Occupied,3,80.4
TRN-06864,BLK-010189,Track Occupied,3,53.6
TRN-06864,BLK-010190,Track Occupied,3,53.6
TRN-06865,BLK-030806,Track Occupied,2,63.6
TRN-06866,BLK-020462,Track Occupied,2,51.4
TRN-06867,BLK-017739,Track Occupied,3,79.6
TRN-06867,BLK-017740,Track Occupied,3,79.6
TRN-06868,BLK-011837,Track Occupied,3,50.1
TRN-06869,BLK-021641,Track Occupied,3,99.0
TRN-06870,BLK-012219,Track Occupied,3,76.1
TRN-06870,BLK-012220,Track Occupied,3,76.1
TRN-06871,BLK-006611,Track Occupied,2,73.6
TRN-06872,BLK-017211,Track Occupied,1,40.2
TRN-06873,BLK-029147,Track Occupied,3,79.3
TRN-06874,BLK-016104,Track Occupied,3,69.7
TRN-06875,BLK-027120,Track Occupied,2,51.2
TRN-06876,BLK-015250,Track Occupied,2,75.7
TRN-06877,BLK-012368,Track Occupied,2,73.2
TRN-06878,BLK-007741,Track Occupied,2,69.7
TRN-06879,BLK-032233,Track Occupied,1,17.7
TRN-06880,BLK-017388,Track Occupied,2,68.6
TRN-06881,BLK-032824,Track Occupied,1,60.1
TRN-06882,BLK-023680,Track Occupied,1,15.1
TRN-06883,BLK-025302,Track Occupied,3,71.6
TRN-06884,BLK-025601,Track Occupied,3,73.5
TRN-06885,BLK-028895,Track Occupied,1,5.0
TRN-06885,BLK-028896,Track Occupied,1,5.0
TRN-06886,BLK-012325,Track Occupied,2,42.1
TRN-06887,BLK-014141,Track Occupied,3,68.3
TRN-06888,BLK-029108,Track Occupied,2,88.0
TRN-06889,BLK-033344,Track Occupied,1,19.8
TRN-06890,BLK-010714,Track Occupied,3,90.6
TRN-06890,BLK-010715,Track Occupied,3,90.6
TRN-06891,BLK-025822,Track Occupied,3,89.1
TRN-06892,BLK-015739,Track Occupied,2,48.4
TRN-06893,BLK-022276,Track Occupied,2,49.9
TRN-06894,BLK-028391,Track Occupied,3,99.0
TRN-06895,BLK-005165,Track Occupied,2,68.1
TRN-06896,BLK-027253,Track Occupied,3,53.2
TRN-06897,BLK-025069,Track Occupied,1,46.9
TRN-06898,BLK-030413,Track Occupied,2,77.0
TRN-06899,BLK-016137,Track Occupied,3,82.4
TRN-06900,BLK-022596,Track Occupied,2,57.7
TRN-06901,BLK-003554,Track Occupied,3,58.3
TRN-06902,BLK-019867,Track Occupied,1,37.9
TRN-06903,BLK-024792,Track Occupied,2,59.6
TRN-06904,BLK-023617,Track Occupied,2,96.2
TRN-06905,BLK-017454,Track Occupied,3,66.5
TRN-06906,BLK-014491,Track Occupied,2,99.0
TRN-06907,BLK-028827,Track Occupied,3,83.0
TRN-06908,BLK-015227,Track Occupied,2,85.9
TRN-06909,BLK-025446,Track Occupied,2,99.0
TRN-06910,BLK-000963,Track Occupied,3,85.8
TRN-06911,BLK-028910,Track Occupied,2,73.9
TRN-06912,BLK-019126,Track Occupied,3,81.3
TRN-06913,BLK-015179,Track Occupied,2,70.3
TRN-06914,BLK-006020,Track Occupied,3,58.4
TRN-06915,BLK-001991,Track Occupied,3,82.0
TRN-06916,BLK-002609,Track Occupied,3,92.2
TRN-06917,BLK-020853,Track Occupied,3,99.0
TRN-06917,BLK-020854,Track Occupied,3,99.0
TRN-06918,BLK-024371,Track Occupied,3,67.8
TRN-06919,BLK-026617,Track Occupied,3,62.9
TRN-06920,BLK-011195,Track Occupied,3,25.0
TRN-06921,BLK-000157,Track Occupied,3,66.3
TRN-06922,BLK-004519,Track Occupied,3,69.0
TRN-06923,BLK-030350,Track Occupied,3,76.3
TRN-06924,BLK-008000,Track Occupied,1,19.3
TRN-06925,BLK-007385,Track Occupied,3,75.5
TRN-06926,BLK-005261,Track Occupied,2,64.6
TRN-06927,BLK-011236,Track Occupied,3,84.8
TRN-06927,BLK-011237,Track Occupied,3,84.8
TRN-06928,BLK-001639,Track Occupied,3,64.6
TRN-06929,BLK-028303,Track Occupied,2,25.0
TRN-06930,BLK-033133,Track Occupied,1,72.5
TRN-06931,BLK-017492,Track Occupied,3,79.5
TRN-06931,BLK-017493,Track Occupied,3,79.5
TRN-06932,BLK-020862,Track Occupied,2,86.8
TRN-06933,BLK-015705,Track Occupied,2,82.8
TRN-06934,BLK-003599,Track Occupied,2,60.1
TRN-06935,BLK-026231,Track Occupied,2,67.0
TRN-06936,BLK-010186,Track Occupied,1,35.5
TRN-06937,BLK-016696,Track Occupied,1,27.8
TRN-06938,BLK-000123,Track Occupied,2,56.2
TRN-06938,BLK-000124,Track Occupied,2,56.2
TRN-06939,BLK-023376,Track Occupied,1,55.5
TRN-06940,BLK-005034,Track Occupied,2,69.5
TRN-06941,BLK-007258,Track Occupied,1,24.3
TRN-06942,BLK-022978,Track Occupied,1,39.3
TRN-06943,BLK-007624,Track Occupied,1,18.9
TRN-06944,BLK-028282,Track Occupied,2,80.6
TRN-06945,BLK-024040,Track Occupied,1,51.8
TRN-06946,BLK-013512,Track Occupied,2,92.8
TRN-06947,BLK-014733,Track Occupied,2,96.1
TRN-06948,BLK-018480,Track Occupied,2,72.9
TRN-06949,BLK-001657,Track Occupied,3,53.8
TRN-06950,BLK-025335,Track Occupied,2,73.5
TRN-06950,BLK-025336,Track Occupied,2,73.5
TRN-06951,BLK-006425,Track Occupied,2,38.8
TRN-06952,BLK-004322,Track Occupied,2,63.4
TRN-06953,BLK-018574,Track Occupied,3,79.8
TRN-06954,BLK-021558,Track Occupied,3,78.5
TRN-06955,BLK-010188,Track Occupied,1,29.7
TRN-06956,BLK-030656,Track Occupied,2,67.1
TRN-06957,BLK-024220,Track Occupied,3,54.7
TRN-06958,BLK-023834,Track Occupied,3,52.7
TRN-06959,BLK-023263,Track Occupied,2,84.2
TRN-06960,BLK-019452,Track Occupied,2,57.8
TRN-06961,BLK-026744,Track Occupied,1,48.2
TRN-06962,BLK-005095,Track Occupied,2,72.2
TRN-06963,BLK-014371,Track Occupied,2,75.0
TRN-06964,BLK-012977,Track Occupied,2,79.8
TRN-06965,BLK-030411,Track Occupied,2,61.0
TRN-06966,BLK-007086,Track Occupied,3,86.2
TRN-06967,BLK-020408,Track Occupied,2,61.9
TRN-06968,BLK-004715,Track Occupied,3,75.9
TRN-06969,BLK-015132,Track Occupied,2,55.2
TRN-06970,BLK-010937,Track Occupied,1,29.7
TRN-06971,BLK-027735,Track Occupied,2,60.8
TRN-06971,BLK-027736,Track Occupied,2,60.8
TRN-06972,BLK-007399,Track Occupied,3,97.2
TRN-06973,BLK-016769,Track Occupied,3,46.6
TRN-06974,BLK-010227,Track Occupied,3,58.9
TRN-06975,BLK-008350,Track Occupied,1,31.0
TRN-06976,BLK-019204,Track Occupied,2,36.4
TRN-06977,BLK-009246,Track Occupied,2,84.4
TRN-06978,BLK-031115,Track Occupied,3,51.3
TRN-06979,BLK-018030,Track Occupied,3,62.9
TRN-06980,BLK-008217,Track Occupied,3,75.8
TRN-06981,BLK-024959,Track Occupied,2,82.4
TRN-06982,BLK-032533,Track Occupied,1,19.0
TRN-06983,BLK-016355,Track Occupied,2,71.6
TRN-06984,BLK-008535,Track Occupied,3,51.1
TRN-06985,BLK-000590,Track Occupied,2,78.4
TRN-06986,BLK-017761,Track Occupied,2,69.2
TRN-06987,BLK-013292,Track Occupied,2,69.3
TRN-06988,BLK-017978,Track Occupied,3,99.0
TRN-06989,BLK-020965,Track Occupied,3,99.0
TRN-06990,BLK-011880,Track Occupied,1,39.5
TRN-06991,BLK-010021,Track Occupied,1,45.9
TRN-06992,BLK-020260,Track Occupied,2,53.6
TRN-06993,BLK-003654,Track Occupied,3,41.2
TRN-06994,BLK-025845,Track Occupied,2,81.4
TRN-06994,BLK-025846,Track Occupied,2,81.4
TRN-06995,BLK-023611,Track Occupied,2,91.1
TRN-06996,BLK-020298,Track Occupied,2,78.1
TRN-06997,BLK-022971,Track Occupied,3,99.0
TRN-06998,BLK-033483,Track Occupied,2,66.5
TRN-06999,BLK-029130,Track Occupied,3,72.4
TRN-07000,BLK-016896,Track Occupied,3,59.5
TRN-07001,BLK-004217,Track Occupied,2,53.9
TRN-07001,BLK-004218,Track Occupied,2,53.9
TRN-07002,BLK-005762,Track Occupied,3,79.5
TRN-07003,BLK-013644,Track Occupied,2,90.0
TRN-07004,BLK-016272,Track Occupied,3,80.6
TRN-07005,BLK-015895,Track Occupied,1,7.6
TRN-07006,BLK-001770,Track Occupied,2,84.9
TRN-07007,BLK-021264,Track Occupied,3,68.2
TRN-07008,BLK-006714,Track Occupied,2,92.3
TRN-07009,BLK-008704,Track Occupied,2,59.4
TRN-07010,BLK-013299,Track Occupied,1,49.1
TRN-07011,BLK-002078,Track Occupied,3,53.0
TRN-07012,BLK-007076,Track Occupied,3,64.8
TRN-07013,BLK-019549,Track Occupied,2,71.1
TRN-07014,BLK-027550,Track Occupied,2,80.5
TRN-07015,BLK-020676,Track Occupied,2,72.8
TRN-07016,BLK-008228,Track Occupied,2,74.5
TRN-07017,BLK-000621,Track Occupied,1,21.1
TRN-07018,BLK-003266,Track Occupied,2,74.0
TRN-07019,BLK-003630,Track Occupied,3,72.7
TRN-07020,BLK-009251,Track Occupied,2,99.0
TRN-07020,BLK-009252,Track Occupied,2,99.0
TRN-07021,BLK-004610,Track Occupied,2,89.5
TRN-07022,BLK-023523,Track Occupied,1,28.4
TRN-07023,BLK-012738,Track Occupied,1,30.8
TRN-07024,BLK-006137,Track Occupied,1,34.3
TRN-07024,BLK-006138,Track Occupied,1,34.3
TRN-07025,BLK-024963,Track Occupied,2,89.9
TRN-07025,BLK-024964,Track Occupied,2,89.9
TRN-07026,BLK-004278,Track Occupied,3,61.0
TRN-07027,BLK-022639,Track Occupied,2,58.8
TRN-07028,BLK-008395,Track Occupied,1,30.0
TRN-07028,BLK-008396,Track Occupied,1,30.0
TRN-07029,BLK-016229,Track Occupied,2,90.3
TRN-07030,BLK-020249,Track Occupied,3,78.5
TRN-07031,BLK-003379,Track Occupied,3,86.8
TRN-07032,BLK-010281,Track Occupied,2,82.8
TRN-07032,BLK-010282,Track Occupied,2,82.8
TRN-07033,BLK-010954,Track Occupied,2,41.7
TRN-07033,BLK-010955,Track Occupied,2,41.7
TRN-07034,BLK-030459,Track Occupied,1,40.1
TRN-07035,BLK-007245,Track Occupied,2,80.1
TRN-07035,BLK-007246,Track Occupied,2,80.1
TRN-07036,BLK-032428,Track Occupied,3,64.7
TRN-07037,BLK-003365,Track Occupied,2,76.5
TRN-07038,BLK-011426,Track Occupied,2,52.1
TRN-07039,BLK-028114,Track Occupied,3,38.2
TRN-07040,BLK-024571,Track Occupied,3,67.3
TRN-07041,BLK-003529,Track Occupied,1,23.4
TRN-07042,BLK-023507,Track Occupied,1,29.5
TRN-07043,BLK-016066,Track Occupied,2,99.0
TRN-07044,BLK-001988,Track Occupied,3,75.9
TRN-07045,BLK-028666,Track Occupied,1,14.7
TRN-07046,BLK-025113,Track Occupied,1,38.2
TRN-07047,BLK-002464,Track Occupied,3,52.3
TRN-07048,BLK-003688,Track Occupied,3,85.0
TRN-07049,BLK-010896,Track Occupied,2,78.7
TRN-07050,BLK-031327,Track Occupied,3,51.9
TRN-07051,BLK-006147,Track Occupied,3,89.6
TRN-07052,BLK-018952,Track Occupied,2,63.3
TRN-07053,BLK-005994,Track Occupied,3,67.2
TRN-07054,BLK-031004,Track Occupied,3,78.8
TRN-07055,BLK-020805,Track Occupied,1,38.1
TRN-07056,BLK-012328,Track Occupied,3,71.1
TRN-07057,BLK-018720,Track Occupied,2,65.3
TRN-07058,BLK-029222,Track Occupied,2,89.1
TRN-07059,BLK-026673,Track Occupied,1,72.0
TRN-07060,BLK-007718,Track Occupied,2,44.9
TRN-07060,BLK-007719,Track Occupied,2,44.9
TRN-07061,BLK-008101,Track Occupied,3,89.5
TRN-07062,BLK-018433,Track Occupied,2,70.8
TRN-07062,BLK-018434,Track Occupied,2,70.8
TRN-07063,BLK-013987,Track Occupied,2,73.4
TRN-07064,BLK-010361,Track Occupied,2,74.9
TRN-07065,BLK-008633,Track Occupied,3,77.3
TRN-07066,BLK-005852,Track Occupied,2,56.0
TRN-07067,BLK-013570,Track Occupied,1,37.8
TRN-07067,BLK-013571,Track Occupied,1,37.8
TRN-07068,BLK-014340,Track Occupied,3,59.4
TRN-07069,BLK-017191,Track Occupied,2,99.0
TRN-07070,BLK-005962,Track Occupied,3,90.4
TRN-07071,BLK-022585,Track Occupied,2,46.6
TRN-07072,BLK-013044,Track Occupied,1,14.1
TRN-07073,BLK-008757,Track Occupied,2,76.4
TRN-07074,BLK-032627,Track Occupied,2,49.0
TRN-07074,BLK-032628,Track Occupied,2,49.0
TRN-07075,BLK-010069,Track Occupied,3,73.0
TRN-07076,BLK-028230,Track Occupied,1,37.0
TRN-07077,BLK-026712,Track Occupied,3,73.7
TRN-07078,BLK-004977,Track Occupied,2,54.9
TRN-07079,BLK-008593,Track Occupied,2,67.5
TRN-07080,BLK-000290,Track Occupied,1,23.7
TRN-07081,BLK-029103,Track Occupied,3,78.9
TRN-07082,BLK-016866,Track Occupied,2,79.2
TRN-07083,BLK-001640,Track Occupied,2,83.7
TRN-07084,BLK-025448,Track Occupied,3,69.9
TRN-07085,BLK-011521,Track Occupied,2,81.4
TRN-07086,BLK-018349,Track Occupied,2,84.0
TRN-07087,BLK-030097,Track Occupied,2,71.2
TRN-07087,BLK-030098,Track Occupied,2,71.2
TRN-07088,BLK-003082,Track Occupied,2,75.7
TRN-07089,BLK-026793,Track Occupied,2,47.4
TRN-07090,BLK-019497,Track Occupied,2,64.5
TRN-07091,BLK-028157,Track Occupied,3,72.8
TRN-07092,BLK-030053,Track Occupied,1,39.9
TRN-07093,BLK-026842,Track Occupied,3,65.1
TRN-07094,BLK-027076,Track Occupied,3,91.8
TRN-07095,BLK-000175,Track Occupied,2,79.2
TRN-07096,BLK-029883,Track Occupied,3,72.8
TRN-07096,BLK-029884,Track Occupied,3,72.8
TRN-07097,BLK-029637,Track Occupied,1,28.0
TRN-07098,BLK-021814,Track Occupied,3,61.1
TRN-07099,BLK-006046,Track Occupied,3,89.7
TRN-07100,BLK-018359,Track Occupied,3,79.3
TRN-07101,BLK-005537,Track Occupied,3,86.3
TRN-07101,BLK-005538,Track Occupied,3,86.3
TRN-07102,BLK-032997,Track Occupied,1,37.5
TRN-07103,BLK-027955,Track Occupied,3,65.8
TRN-07104,BLK-017224,Track Occupied,3,91.0
TRN-07105,BLK-002221,Track Occupied,3,85.4
TRN-07106,BLK-031247,Track Occupied,3,39.0
TRN-07107,BLK-028650,Track Occupied,3,65.8
TRN-07107,BLK-028651,Track Occupied,3,65.8
TRN-07108,BLK-019219,Track Occupied,2,71.1
TRN-07109,BLK-014643,Track Occupied,3,74.4
TRN-07110,BLK-032310,Track Occupied,3,84.2
TRN-07111,BLK-019285,Track Occupied,2,52.0
TRN-07112,BLK-002679,Track Occupied,3,82.7
TRN-07113,BLK-007894,Track Occupied,2,85.5
TRN-07114,BLK-012638,Track Occupied,2,71.0
TRN-07115,BLK-003671,Track Occupied,2,64.6
TRN-07116,BLK-004541,Track Occupied,2,90.8
TRN-07117,BLK-002234,Track Occupied,2,52.4
TRN-07118,BLK-008961,Track Occupied,3,72.8
TRN-07119,BLK-030071,Track Occupied,2,64.6
TRN-07120,BLK-025208,Track Occupied,2,81.9
TRN-07121,BLK-020812,Track Occupied,2,68.5
TRN-07122,BLK-029750,Track Occupied,2,67.0
TRN-07123,BLK-026766,Track Occupied,3,59.4
TRN-07124,BLK-024554,Track Occupied,2,61.4
TRN-07125,BLK-016105,Track Occupied,3,47.2
TRN-07126,BLK-028008,Track Occupied,2,95.6
TRN-07127,BLK-021229,Track Occupied,2,82.8
TRN-07128,BLK-031903,Track Occupied,3,87.4
TRN-07129,BLK-009929,Track Occupied,2,85.0
TRN-07130,BLK-020080,Track Occupied,3,99.0
TRN-07130,BLK-020081,Track Occupied,3,99.0
TRN-07131,BLK-001577,Track Occupied,3,89.2
TRN-07132,BLK-014318,Track Occupied,1,31.0
TRN-07133,BLK-006514,Track Occupied,2,69.8
TRN-07134,BLK-002205,Track Occupied,3,99.0
TRN-07135,BLK-008057,Track Occupied,2,66.9
TRN-07136,BLK-020752,Track Occupied,1,58.8
TRN-07137,BLK-025183,Track Occupied,1,40.8
TRN-07138,BLK-005550,Track Occupied,2,73.6
TRN-07139,BLK-022852,Track Occupied,2,72.0
TRN-07140,BLK-004511,Track Occupied,3,86.2
TRN-07141,BLK-012212,Track Occupied,1,18.2
TRN-07142,BLK-028584,Track Occupied,1,39.2
TRN-07143,BLK-022474,Track Occupied,3,47.7
TRN-07144,BLK-032627,Track Occupied,1,10.3
TRN-07145,BLK-012394,Track Occupied,2,99.0
TRN-07146,BLK-016766,Track Occupied,3,74.2
TRN-07147,BLK-018454,Track Occupied,1,30.9
TRN-07148,BLK-001190,Track Occupied,3,96.4
TRN-07149,BLK-005324,Track Occupied,2,73.5
TRN-07150,BLK-014149,Track Occupied,2,60.7
TRN-07150,BLK-014150,Track Occupied,2,60.7
TRN-07151,BLK-001724,Track Occupied,3,99.0
TRN-07152,BLK-027741,Track Occupied,3,66.5
TRN-07153,BLK-030496,Track Occupied,2,78.6
TRN-07154,BLK-022520,Track Occupied,2,55.2
TRN-07155,BLK-020477,Track Occupied,2,73.2
TRN-07155,BLK-020478,Track Occupied,2,73.2
TRN-07156,BLK-026011,Track Occupied,3,72.8
TRN-07157,BLK-007923,Track Occupied,3,67.4
TRN-07158,BLK-004856,Track Occupied,2,60.6
TRN-07159,BLK-016082,Track Occupied,3,68.2
TRN-07160,BLK-033487,Track Occupied,1,42.2
TRN-07161,BLK-006880,Track Occupied,3,55.6
TRN-07162,BLK-028460,Track Occupied,2,65.0
TRN-07163,BLK-032336,Track Occupied,2,79.6
TRN-07164,BLK-005371,Track Occupied,3,68.1
TRN-07165,BLK-032964,Track Occupied,2,95.8
TRN-07166,BLK-020770,Track Occupied,2,69.0
TRN-07167,BLK-022902,Track Occupied,2,72.2
TRN-07168,BLK-031404,Track Occupied,3,89.4
TRN-07169,BLK-031184,Track Occupied,3,41.7
TRN-07170,BLK-025818,Track Occupied,3,79.4
TRN-07171,BLK-013552,Track Occupied,2,84.4
TRN-07172,BLK-004494,Track Occupied,1,20.4
TRN-07173,BLK-025832,Track Occupied,1,43.8
TRN-07174,BLK-022440,Track Occupied,2,63.1
TRN-07175,BLK-032714,Track Occupied,2,90.2
TRN-07175,BLK-032715,Track Occupied,2,90.2
TRN-07176,BLK-005823,Track Occupied,3,67.9
TRN-07177,BLK-026992,Track Occupied,3,86.2
TRN-07178,BLK-001106,Track Occupied,3,71.5
TRN-07179,BLK-021027,Track Occupied,1,63.8
TRN-07180,BLK-015138,Track Occupied,2,73.5
TRN-07181,BLK-006299,Track Occupied,3,99.0
TRN-07182,BLK-013466,Track Occupied,2,56.8
TRN-07183,BLK-032602,Track Occupied,2,79.7
TRN-07184,BLK-029631,Track Occupied,3,48.7
TRN-07185,BLK-018700,Track Occupied,2,88.3
TRN-07186,BLK-032265,Track Occupied,3,88.7
TRN-07186,BLK-032266,Track Occupied,3,88.7
TRN-07187,BLK-025910,Track Occupied,2,72.4
TRN-07188,BLK-014375,Track Occupied,3,69.5
TRN-07189,BLK-003162,Track Occupied,2,69.2
TRN-07190,BLK-018967,Track Occupied,2,72.5
TRN-07191,BLK-029034,Track Occupied,3,66.2
TRN-07191,BLK-029035,Track Occupied,3,66.2
TRN-07192,BLK-017020,Track Occupied,3,69.2
TRN-07193,BLK-032587,Track Occupied,3,82.6
TRN-07194,BLK-021146,Track Occupied,2,64.2
TRN-07195,BLK-024448,Track Occupied,2,42.0
TRN-07195,BLK-024449,Track Occupied,2,42.0
TRN-07196,BLK-016483,Track Occupied,1,77.0
TRN-07197,BLK-005474,Track Occupied,2,99.0
TRN-07198,BLK-032885,Track Occupied,2,81.7
TRN-07198,BLK-032886,Track Occupied,2,81.7
TRN-07199,BLK-013747,Track Occupied,2,91.0
TRN-07200,BLK-029392,Track Occupied,3,95.6
TRN-07201,BLK-007671,Track Occupied,3,45.6
TRN-07202,BLK-019055,Track Occupied,2,98.6
TRN-07202,BLK-019056,Track Occupied,2,98.6
TRN-07203,BLK-027737,Track Occupied,3,55.3
TRN-07204,BLK-029246,Track Occupied,2,80.7
TRN-07205,BLK-002371,Track Occupied,2,81.8
TRN-07206,BLK-021766,Track Occupied,3,64.8
TRN-07207,BLK-033109,Track Occupied,1,18.0
TRN-07208,BLK-003552,Track Occupied,2,34.0
TRN-07209,BLK-008741,Track Occupied,3,76.1
TRN-07210,BLK-003123,Track Occupied,2,55.2
TRN-07210,BLK-003124,Track Occupied,2,55.2
TRN-07211,BLK-029057,Track Occupied,3,86.1
TRN-07212,BLK-006522,Track Occupied,2,53.5
TRN-07213,BLK-002273,Track Occupied,2,50.1
TRN-07214,BLK-020375,Track Occupied,3,74.0
TRN-07215,BLK-019221,Track Occupied,2,87.8
TRN-07216,BLK-013833,Track Occupied,2,65.7
TRN-07217,BLK-016284,Track Occupied,3,63.3
TRN-07218,BLK-007939,Track Occupied,3,67.8
TRN-07218,BLK-007940,Track Occupied,3,67.8
TRN-07219,BLK-032799,Track Occupied,2,57.1
TRN-07220,BLK-010949,Track Occupied,2,54.6
TRN-07221,BLK-003889,Track Occupied,3,80.5
TRN-07222,BLK-024838,Track Occupied,3,87.9
TRN-07223,BLK-025698,Track Occupied,2,82.3
TRN-07223,BLK-025699,Track Occupied,2,82.3
TRN-07224,BLK-019978,Track Occupied,1,5.6
TRN-07225,BLK-030669,Track Occupied,3,58.8
TRN-07226,BLK-032866,Track Occupied,2,85.2
TRN-07227,BLK-006858,Track Occupied,1,29.7
TRN-07228,BLK-014470,Track Occupied,1,47.8
TRN-07229,BLK-031958,Track Occupied,2,99.0
TRN-07230,BLK-010556,Track Occupied,2,70.2
TRN-07231,BLK-011514,Track Occupied,2,46.8
TRN-07232,BLK-029484,Track Occupied,1,47.8
TRN-07233,BLK-030657,Track Occupied,2,73.9
TRN-07234,BLK-026776,Track Occupied,3,65.8
TRN-07235,BLK-021926,Track Occupied,3,73.4
TRN-07236,BLK-003136,Track Occupied,2,77.0
TRN-07237,BLK-005146,Track Occupied,2,80.9
TRN-07238,BLK-000135,Track Occupied,2,35.1
TRN-07239,BLK-009746,Track Occupied,3,57.6
TRN-07240,BLK-023323,Track Occupied,2,94.6
TRN-07240,BLK-023324,Track Occupied,2,94.6
TRN-07241,BLK-023476,Track Occupied,2,40.6
TRN-07242,BLK-031793,Track Occupied,2,82.7
TRN-07243,BLK-004382,Track Occupied,2,80.6
TRN-07244,BLK-028051,Track Occupied,2,84.5
TRN-07245,BLK-017150,Track Occupied,3,79.7
TRN-07246,BLK-000147,Track Occupied,3,52.2
TRN-07247,BLK-028989,Track Occupied,2,90.3
TRN-07248,BLK-003572,Track Occupied,3,53.8
TRN-07249,BLK-024508,Track Occupied,2,73.1
TRN-07249,BLK-024509,Track Occupied,2,73.1
TRN-07250,BLK-014598,Track Occupied,2,93.0
TRN-07251,BLK-014718,Track Occupied,3,87.7
TRN-07252,BLK-009939,Track Occupied,2,62.9
TRN-07253,BLK-025949,Track Occupied,3,61.9
TRN-07254,BLK-007092,Track Occupied,3,70.8
TRN-07255,BLK-014953,Track Occupied,2,57.4
TRN-07256,BLK-004521,Track Occupied,3,59.8
TRN-07257,BLK-024751,Track Occupied,2,67.8
TRN-07258,BLK-010987,Track Occupied,2,83.0
TRN-07259,BLK-001709,Track Occupied,3,69.8
TRN-07260,BLK-006376,Track Occupied,3,72.5
TRN-07261,BLK-023366,Track Occupied,3,65.7
TRN-07262,BLK-031745,Track Occupied,2,66.3
TRN-07263,BLK-030603,Track Occupied,2,79.2
TRN-07264,BLK-003873,Track Occupied,2,98.5
TRN-07265,BLK-006087,Track Occupied,2,61.5
TRN-07266,BLK-022425,Track Occupied,1,39.9
TRN-07267,BLK-033472,Track Occupied,3,73.0
TRN-07268,BLK-033590,Track Occupied,1,32.9
TRN-07269,BLK-031391,Track Occupied,2,76.1
TRN-07270,BLK-023585,Track Occupied,2,99.0
TRN-07271,BLK-012853,Track Occupied,3,60.0
TRN-07272,BLK-024387,Track Occupied,2,66.9
TRN-07273,BLK-013388,Track Occupied,2,68.1
TRN-07274,BLK-011930,Track Occupied,1,38.3
TRN-07275,BLK-016156,Track Occupied,3,75.1
TRN-07275,BLK-016157,Track Occupied,3,75.1
TRN-07276,BLK-012920,Track Occupied,1,41.4
TRN-07277,BLK-033246,Track Occupied,2,83.8
TRN-07278,BLK-008715,Track Occupied,3,74.8
TRN-07279,BLK-022964,Track Occupied,3,57.6
TRN-07280,BLK-030177,Track Occupied,3,54.4
TRN-07281,BLK-025544,Track Occupied,2,57.2
TRN-07282,BLK-011509,Track Occupied,3,66.9
TRN-07283,BLK-029807,Track Occupied,3,36.6
TRN-07284,BLK-019607,Track Occupied,2,52.7
TRN-07285,BLK-016365,Track Occupied,3,85.5
TRN-07286,BLK-006927,Track Occupied,2,81.1
TRN-07287,BLK-003989,Track Occupied,2,68.0
TRN-07287,BLK-003990,Track Occupied,2,68.0
TRN-07288,BLK-023568,Track Occupied,3,84.1
TRN-07289,BLK-007365,Track Occupied,2,81.5
TRN-07290,BLK-011216,Track Occupied,1,11.6
TRN-07291,BLK-011718,Track Occupied,3,98.3
TRN-07292,BLK-024321,Track Occupied,1,25.4
TRN-07293,BLK-001948,Track Occupied,2,80.0
TRN-07294,BLK-010528,Track Occupied,2,87.5
TRN-07295,BLK-022803,Track Occupied,3,55.7
TRN-07296,BLK-025147,Track Occupied,2,74.9
TRN-07297,BLK-000687,Track Occupied,2,58.0
TRN-07297,BLK-000688,Track Occupied,2,58.0
TRN-07298,BLK-031248,Track Occupied,1,33.2
TRN-07299,BLK-009128,Track Occupied,3,64.5
TRN-07300,BLK-030085,Track Occupied,1,23.3
TRN-07301,BLK-005902,Track Occupied,3,73.9
TRN-07302,BLK-000665,Track Occupied,1,57.8
TRN-07303,BLK-029082,Track Occupied,3,74.7
TRN-07304,BLK-004132,Track Occupied,3,62.6
TRN-07304,BLK-004133,Track Occupied,3,62.6
TRN-07305,BLK-023743,Track Occupied,2,85.0
TRN-07306,BLK-013003,Track Occupied,2,66.4
TRN-07307,BLK-016035,Track Occupied,1,32.9
TRN-07308,BLK-010459,Track Occupied,3,61.0
TRN-07309,BLK-011413,Track Occupied,3,72.2
TRN-07310,BLK-012905,Track Occupied,3,54.9
TRN-07311,BLK-012615,Track Occupied,3,55.1
TRN-07312,BLK-015454,Track Occupied,3,64.2
TRN-07313,BLK-008777,Track Occupied,2,66.0
TRN-07314,BLK-016110,Track Occupied,3,72.7
TRN-07315,BLK-020056,Track Occupied,2,93.6
TRN-07315,BLK-020057,Track Occupied,2,93.6
TRN-07316,BLK-030425,Track Occupied,2,81.4
TRN-07317,BLK-029026,Track Occupied,3,77.8
TRN-07318,BLK-013129,Track Occupied,1,46.1
TRN-07319,BLK-023881,Track Occupied,2,60.9
TRN-07320,BLK-031083,Track Occupied,1,45.8
TRN-07320,BLK-031084,Track Occupied,1,45.8
TRN-07321,BLK-004264,Track Occupied,3,93.3
TRN-07322,BLK-003993,Track Occupied,3,76.1
TRN-07323,BLK-027911,Track Occupied,2,50.6
TRN-07323,BLK-027912,Track Occupied,2,50.6
TRN-07324,BLK-013467,Track Occupied,3,65.3
TRN-07325,BLK-002466,Track Occupied,2,50.4
TRN-07326,BLK-003396,Track Occupied,1,44.0
TRN-07327,BLK-014378,Track Occupied,2,88.7
TRN-07328,BLK-029839,Track Occupied,3,99.0
TRN-07329,BLK-008511,Track Occupied,1,28.4
TRN-07330,BLK-000746,Track Occupied,3,72.5
TRN-07331,BLK-022350,Track Occupied,1,54.6
TRN-07332,BLK-012715,Track Occupied,2,56.3
TRN-07333,BLK-002866,Track Occupied,3,75.9
TRN-07333,BLK-002867,Track Occupied,3,75.9
TRN-07334,BLK-010950,Track Occupied,3,82.6
TRN-07335,BLK-023657,Track Occupied,3,59.8
TRN-07336,BLK-025149,Track Occupied,2,90.2
TRN-07337,BLK-018768,Track Occupied,2,66.9
TRN-07338,BLK-005590,Track Occupied,1,19.0
TRN-07339,BLK-006226,Track Occupied,3,96.4
TRN-07339,BLK-006227,Track Occupied,3,96.4
TRN-07340,BLK-009902,Track Occupied,2,85.4
TRN-07341,BLK-022954,Track Occupied,1,36.8
TRN-07342,BLK-024861,Track Occupied,3,69.3
TRN-07343,BLK-018544,Track Occupied,3,66.0
TRN-07344,BLK-009344,Track Occupied,3,81.8
TRN-07345,BLK-023536,Track Occupied,2,64.0
TRN-07346,BLK-001039,Track Occupied,3,30.5
TRN-07347,BLK-008267,Track Occupied,3,51.9
TRN-07348,BLK-013129,Track Occupied,3,63.5
TRN-07349,BLK-032699,Track Occupied,2,86.9
TRN-07350,BLK-026713,Track Occupied,2,60.6
TRN-07351,BLK-027808,Track Occupied,2,25.0
TRN-07352,BLK-020247,Track Occupied,3,79.5
TRN-07353,BLK-033518,Track Occupied,3,41.5
TRN-07354,BLK-010799,Track Occupied,3,56.5
TRN-07355,BLK-028590,Track Occupied,3,59.6
TRN-07356,BLK-028891,Track Occupied,2,90.7
TRN-07357,BLK-012765,Track Occupied,2,78.1
TRN-07358,BLK-015680,Track Occupied,2,84.7
TRN-07359,BLK-022310,Track Occupied,2,76.1
TRN-07360,BLK-001183,Track Occupied,1,40.2
TRN-07361,BLK-002485,Track Occupied,2,79.9
TRN-07362,BLK-003005,Track Occupied,3,41.3
TRN-07363,BLK-033544,Track Occupied,2,48.9
TRN-07364,BLK-021075,Track Occupied,3,92.1
TRN-07365,BLK-023230,Track Occupied,3,82.9
TRN-07366,BLK-030817,Track Occupied,3,52.9
TRN-07367,BLK-007597,Track Occupied,3,62.9
TRN-07368,BLK-018830,Track Occupied,2,66.3
TRN-07369,BLK-020478,Track Occupied,1,38.0
TRN-07370,BLK-002291,Track Occupied,2,60.0
TRN-07371,BLK-007059,Track Occupied,2,80.7
TRN-07372,BLK-018916,Track Occupied,1,28.5
TRN-07373,BLK-007955,Track Occupied,2,67.2
TRN-07374,BLK-014267,Track Occupied,2,71.6
TRN-07375,BLK-019079,Track Occupied,3,88.7
TRN-07376,BLK-025240,Track Occupied,3,90.5
TRN-07377,BLK-013745,Track Occupied,2,99.0
TRN-07378,BLK-020143,Track Occupied,2,66.8
TRN-07379,BLK-017133,Track Occupied,3,77.9
TRN-07380,BLK-003500,Track Occupied,2,88.7
TRN-07381,BLK-008579,Track Occupied,3,75.8
TRN-07382,BLK-033074,Track Occupied,1,31.1
TRN-07383,BLK-006142,Track Occupied,1,37.8
TRN-07384,BLK-009167,Track Occupied,3,64.0
TRN-07385,BLK-015099,Track Occupied,2,77.9
TRN-07386,BLK-018505,Track Occupied,2,59.9
TRN-07387,BLK-011322,Track Occupied,1,5.0
TRN-07388,BLK-007596,Track Occupied,2,82.2
TRN-07389,BLK-029124,Track Occupied,3,69.9
TRN-07390,BLK-004467,Track Occupied,1,36.2
TRN-07391,BLK-018937,Track Occupied,1,43.2
TRN-07392,BLK-004132,Track Occupied,2,71.3
TRN-07393,BLK-029797,Track Occupied,2,75.9
TRN-07394,BLK-011158,Track Occupied,3,56.4
TRN-07395,BLK-030584,Track Occupied,2,74.2
TRN-07396,BLK-018980,Track Occupied,3,73.4
TRN-07397,BLK-024259,Track Occupied,2,70.2
TRN-07398,BLK-018980,Track Occupied,1,11.9
TRN-07399,BLK-026759,Track Occupied,3,82.6
TRN-07400,BLK-004791,Track Occupied,2,78.2
TRN-07401,BLK-027680,Track Occupied,2,70.6
TRN-07402,BLK-022404,Track Occupied,2,78.3
TRN-07403,BLK-002930,Track Occupied,3,95.7
TRN-07404,BLK-010513,Track Occupied,3,80.9
TRN-07405,BLK-007910,Track Occupied,2,65.2
TRN-07406,BLK-018092,Track Occupied,3,68.2
TRN-07407,BLK-031397,Track Occupied,2,83.6
TRN-07408,BLK-025589,Track Occupied,1,45.2
TRN-07409,BLK-022626,Track Occupied,3,53.8
TRN-07410,BLK-020015,Track Occupied,3,75.5
TRN-07411,BLK-015331,Track Occupied,3,52.3
TRN-07412,BLK-022124,Track Occupied,1,38.9
TRN-07413,BLK-008550,Track Occupied,2,53.8
TRN-07414,BLK-009321,Track Occupied,2,62.8
TRN-07415,BLK-017363,Track Occupied,2,99.0
TRN-07416,BLK-003700,Track Occupied,2,72.6
TRN-07417,BLK-019755,Track Occupied,3,77.7
TRN-07418,BLK-007517,Track Occupied,3,65.8
TRN-07419,BLK-019697,Track Occupied,1,5.0
TRN-07420,BLK-000708,Track Occupied,2,88.3
TRN-07421,BLK-010479,Track Occupied,2,96.8
TRN-07422,BLK-014043,Track Occupied,3,68.2
TRN-07423,BLK-032360,Track Occupied,2,99.0
TRN-07424,BLK-023881,Track Occupied,2,75.8
TRN-07425,BLK-012552,Track Occupied,2,60.5
TRN-07426,BLK-017389,Track Occupied,2,77.2
TRN-07427,BLK-025428,Track Occupied,2,52.1
TRN-07428,BLK-011277,Track Occupied,2,68.2
TRN-07429,BLK-004805,Track Occupied,1,26.5
TRN-07430,BLK-012919,Track Occupied,2,71.6
TRN-07431,BLK-003896,Track Occupied,2,77.1
TRN-07432,BLK-014671,Track Occupied,1,20.9
TRN-07433,BLK-030059,Track Occupied,3,74.1
TRN-07434,BLK-028622,Track Occupied,3,70.6
TRN-07435,BLK-017488,Track Occupied,3,77.5
TRN-07436,BLK-007887,Track Occupied,1,32.4
TRN-07437,BLK-027042,Track Occupied,3,39.1
TRN-07438,BLK-011843,Track Occupied,3,70.4
TRN-07439,BLK-000248,Track Occupied,3,99.0
TRN-07440,BLK-025043,Track Occupied,2,94.3
TRN-07441,BLK-011612,Track Occupied,2,57.1
TRN-07442,BLK-025982,Track Occupied,2,88.7
TRN-07443,BLK-016234,Track Occupied,1,22.0
TRN-07444,BLK-003098,Track Occupied,3,81.4
TRN-07445,BLK-023883,Track Occupied,2,79.7
TRN-07445,BLK-023884,Track Occupied,2,79.7
TRN-07446,BLK-016339,Track Occupied,3,74.0
TRN-07447,BLK-019564,Track Occupied,2,60.0
TRN-07448,BLK-009375,Track Occupied,3,70.5
TRN-07449,BLK-019413,Track Occupied,2,48.7
TRN-07450,BLK-023499,Track Occupied,2,51.5
TRN-07451,BLK-024875,Track Occupied,3,79.4
TRN-07452,BLK-001968,Track Occupied,3,62.5
TRN-07453,BLK-028174,Track Occupied,1,85.0
TRN-07454,BLK-032781,Track Occupied,3,83.1
TRN-07455,BLK-011915,Track Occupied,3,46.4
TRN-07456,BLK-023772,Track Occupied,3,73.1
TRN-07457,BLK-012703,Track Occupied,3,55.1
TRN-07458,BLK-013734,Track Occupied,2,91.0
TRN-07459,BLK-029101,Track Occupied,2,51.3
TRN-07460,BLK-001741,Track Occupied,3,70.1
TRN-07461,BLK-009180,Track Occupied,3,79.0
TRN-07462,BLK-025870,Track Occupied,2,56.2
TRN-07463,BLK-027115,Track Occupied,3,54.5
TRN-07464,BLK-023981,Track Occupied,1,9.7
TRN-07465,BLK-001623,Track Occupied,3,96.1
TRN-07466,BLK-002010,Track Occupied,3,90.1
TRN-07467,BLK-013346,Track Occupied,3,57.2
TRN-07468,BLK-003221,Track Occupied,1,30.7
TRN-07469,BLK-028237,Track Occupied,3,66.8
TRN-07470,BLK-009214,Track Occupied,2,99.0
TRN-07471,BLK-003147,Track Occupied,3,59.9
TRN-07472,BLK-028596,Track Occupied,1,44.7
TRN-07473,BLK-023830,Track Occupied,2,65.1
TRN-07474,BLK-015363,Track Occupied,3,99.0
TRN-07475,BLK-023564,Track Occupied,3,67.2
TRN-07476,BLK-020502,Track Occupied,3,79.0
TRN-07477,BLK-020565,Track Occupied,2,55.3
TRN-07478,BLK-030300,Track Occupied,2,91.6
TRN-07479,BLK-022386,Track Occupied,2,73.9
TRN-07480,BLK-016979,Track Occupied,2,87.8
TRN-07481,BLK-019599,Track Occupied,3,42.3
TRN-07482,BLK-019849,Track Occupied,3,66.9
TRN-07483,BLK-020891,Track Occupied,3,99.0
TRN-07484,BLK-003491,Track Occupied,1,34.1
TRN-07485,BLK-018551,Track Occupied,2,62.1
TRN-07486,BLK-020374,Track Occupied,3,40.6
TRN-07486,BLK-020375,Track Occupied,3,40.6
TRN-07487,BLK-011296,Track Occupied,2,71.9
TRN-07488,BLK-028140,Track Occupied,3,69.0
TRN-07489,BLK-022152,Track Occupied,3,64.6
TRN-07490,BLK-033053,Track Occupied,1,29.5
TRN-07491,BLK-006227,Track Occupied,2,75.7
TRN-07492,BLK-031416,Track Occupied,1,25.2
TRN-07493,BLK-029310,Track Occupied,2,49.6
TRN-07494,BLK-024905,Track Occupied,3,91.2
TRN-07495,BLK-010257,Track Occupied,2,86.2
TRN-07496,BLK-021033,Track Occupied,3,57.9
TRN-07497,BLK-023629,Track Occupied,2,90.1
TRN-07498,BLK-020324,Track Occupied,3,52.0
TRN-07499,BLK-027427,Track Occupied,2,71.7
TRN-07499,BLK-027428,Track Occupied,2,71.7
TRN-07500,BLK-012718,Track Occupied,2,99.0
TRN-07501,BLK-013750,Track Occupied,2,77.5
TRN-07502,BLK-016798,Track Occupied,2,51.9
TRN-07503,BLK-008953,Track Occupied,2,83.0
TRN-07504,BLK-002620,Track Occupied,3,71.9
TRN-07504,BLK-002621,Track Occupied,3,71.9
TRN-07505,BLK-031534,Track Occupied,2,67.6
TRN-07506,BLK-024886,Track Occupied,2,74.9
TRN-07507,BLK-020632,Track Occupied,1,64.7
TRN-07508,BLK-004274,Track Occupied,3,61.8
TRN-07509,BLK-032524,Track Occupied,2,99.0
TRN-07510,BLK-014799,Track Occupied,2,99.0
TRN-07511,BLK-029476,Track Occupied,3,69.8
TRN-07512,BLK-017528,Track Occupied,2,98.8
TRN-07513,BLK-026375,Track Occupied,1,40.7
TRN-07514,BLK-009478,Track Occupied,2,77.4
TRN-07514,BLK-009479,Track Occupied,2,77.4
TRN-07515,BLK-004022,Track Occupied,3,64.9
TRN-07516,BLK-012594,Track Occupied,2,56.6
TRN-07516,BLK-012595,Track Occupied,2,56.6
TRN-07517,BLK-003698,Track Occupied,1,63.0
TRN-07517,BLK-003699,Track Occupied,1,63.0
TRN-07518,BLK-002203,Track Occupied,3,69.0
TRN-07519,BLK-009691,Track Occupied,2,53.7
TRN-07520,BLK-020385,Track Occupied,3,84.4
TRN-07521,BLK-021009,Track Occupied,2,59.9
TRN-07522,BLK-005708,Track Occupied,3,53.7
TRN-07523,BLK-029773,Track Occupied,2,45.7
TRN-07524,BLK-026625,Track Occupied,3,55.8
TRN-07524,BLK-026626,Track Occupied,3,55.8
TRN-07525,BLK-009651,Track Occupied,3,87.6
TRN-07525,BLK-009652,Track Occupied,3,87.6
TRN-07526,BLK-024659,Track Occupied,1,36.1
TRN-07527,BLK-031931,Track Occupied,2,54.1
TRN-07528,BLK-013122,Track Occupied,1,43.5
TRN-07529,BLK-004943,Track Occupied,1,36.9
TRN-07530,BLK-012439,Track Occupied,2,78.0
TRN-07531,BLK-026731,Track Occupied,2,41.1
TRN-07532,BLK-028250,Track Occupied,2,57.8
TRN-07533,BLK-020096,Track Occupied,2,83.6
TRN-07534,BLK-004922,Track Occupied,1,65.7
TRN-07535,BLK-024830,Track Occupied,2,99.0
TRN-07536,BLK-002097,Track Occupied,2,51.2
TRN-07537,BLK-004619,Track Occupied,1,60.0
TRN-07538,BLK-018124,Track Occupied,2,78.7
TRN-07539,BLK-000785,Track Occupied,3,74.2
TRN-07539,BLK-000786,Track Occupied,3,74.2
TRN-07540,BLK-031793,Track Occupied,2,49.7
TRN-07541,BLK-017093,Track Occupied,1,35.3
TRN-07542,BLK-017732,Track Occupied,3,91.4
TRN-07543,BLK-012057,Track Occupied,1,30.9
TRN-07544,BLK-010192,Track Occupied,3,76.4
TRN-07545,BLK-003035,Track Occupied,1,54.2
TRN-07546,BLK-019491,Track Occupied,3,77.4
TRN-07547,BLK-031813,Track Occupied,3,59.7
TRN-07548,BLK-010038,Track Occupied,3,72.8
TRN-07549,BLK-026787,Track Occupied,3,68.3
TRN-07550,BLK-006903,Track Occupied,3,99.0
TRN-07551,BLK-017652,Track Occupied,2,89.8
TRN-07552,BLK-027655,Track Occupied,2,87.0
TRN-07553,BLK-025262,Track Occupied,2,84.7
TRN-07554,BLK-009622,Track Occupied,2,56.3
TRN-07555,BLK-015630,Track Occupied,3,60.4
TRN-07556,BLK-027379,Track Occupied,2,61.4
TRN-07557,BLK-000399,Track Occupied,3,69.1
TRN-07558,BLK-024204,Track Occupied,2,62.6
TRN-07559,BLK-016958,Track Occupied,2,44.5
TRN-07560,BLK-019608,Track Occupied,3,59.8
TRN-07561,BLK-023959,Track Occupied,3,88.8
TRN-07562,BLK-007162,Track Occupied,2,67.4
TRN-07563,BLK-009917,Track Occupied,2,38.7
TRN-07564,BLK-013036,Track Occupied,2,58.3
TRN-07565,BLK-009592,Track Occupied,3,84.6
TRN-07566,BLK-010327,Track Occupied,1,18.9
TRN-07567,BLK-016797,Track Occupied,3,43.2
TRN-07568,BLK-013107,Track Occupied,3,94.8
TRN-07569,BLK-008638,Track Occupied,2,55.0
TRN-07570,BLK-030561,Track Occupied,3,80.9
TRN-07571,BLK-004161,Track Occupied,1,52.4
TRN-07572,BLK-014556,Track Occupied,3,77.2
TRN-07573,BLK-001981,Track Occupied,3,94.5
TRN-07574,BLK-005089,Track Occupied,3,77.1
TRN-07575,BLK-017530,Track Occupied,3,93.0
TRN-07576,BLK-020012,Track Occupied,1,58.7
TRN-07577,BLK-007097,Track Occupied,3,45.0
TRN-07578,BLK-010434,Track Occupied,2,62.2
TRN-07579,BLK-021934,Track Occupied,1,31.7
TRN-07580,BLK-014633,Track Occupied,3,99.0
TRN-07581,BLK-029039,Track Occupied,2,68.7
TRN-07582,BLK-023006,Track Occupied,2,51.6
TRN-07583,BLK-019119,Track Occupied,1,55.4
TRN-07584,BLK-011494,Track Occupied,2,66.3
TRN-07585,BLK-015503,Track Occupied,3,86.3
TRN-07586,BLK-000638,Track Occupied,1,41.1
TRN-07587,BLK-002129,Track Occupied,2,71.7
TRN-07588,BLK-004914,Track Occupied,3,81.0
TRN-07589,BLK-028222,Track Occupied,2,70.0
TRN-07590,BLK-024940,Track Occupied,3,99.0
TRN-07591,BLK-026355,Track Occupied,1,21.6
TRN-07591,BLK-026356,Track Occupied,1,21.6
TRN-07592,BLK-024263,Track Occupied,2,41.6
TRN-07593,BLK-020479,Track Occupied,2,73.9
TRN-07594,BLK-014390,Track Occupied,2,59.3
TRN-07595,BLK-027961,Track Occupied,3,51.9
TRN-07596,BLK-003530,Track Occupied,3,90.0
TRN-07597,BLK-003771,Track Occupied,2,65.6
TRN-07598,BLK-033440,Track Occupied,2,57.1
TRN-07599,BLK-020698,Track Occupied,2,99.0
TRN-07600,BLK-030531,Track Occupied,1,5.0
TRN-07601,BLK-008404,Track Occupied,2,89.8
TRN-07602,BLK-003418,Track Occupied,3,54.6
TRN-07603,BLK-017070,Track Occupied,3,80.6
TRN-07604,BLK-032353,Track Occupied,3,46.4
TRN-07605,BLK-006552,Track Occupied,2,84.4
TRN-07606,BLK-011782,Track Occupied,3,73.3
TRN-07607,BLK-029575,Track Occupied,3,65.7
TRN-07608,BLK-032972,Track Occupied,3,61.3
TRN-07609,BLK-026680,Track Occupied,1,40.0
TRN-07610,BLK-004106,Track Occupied,2,84.2
TRN-07611,BLK-032983,Track Occupied,3,69.2
TRN-07612,BLK-029919,Track Occupied,2,42.8
TRN-07613,BLK-015907,Track Occupied,2,68.9
TRN-07614,BLK-002171,Track Occupied,3,58.0
TRN-07615,BLK-000337,Track Occupied,2,57.0
TRN-07616,BLK-014503,Track Occupied,3,88.2
TRN-07617,BLK-011435,Track Occupied,3,48.6
TRN-07618,BLK-002167,Track Occupied,3,60.2
TRN-07619,BLK-001944,Track Occupied,2,69.3
TRN-07620,BLK-013386,Track Occupied,3,73.4
TRN-07621,BLK-024600,Track Occupied,1,66.9
TRN-07622,BLK-003327,Track Occupied,2,54.2
TRN-07623,BLK-002091,Track Occupied,3,57.5
TRN-07623,BLK-002092,Track Occupied,3,57.5
TRN-07624,BLK-032331,Track Occupied,2,42.7
TRN-07625,BLK-024920,Track Occupied,2,70.5
TRN-07626,BLK-000410,Track Occupied,3,73.7
TRN-07627,BLK-017165,Track Occupied,2,99.0
TRN-07628,BLK-001030,Track Occupied,3,88.6
TRN-07629,BLK-031691,Track Occupied,2,60.4
TRN-07630,BLK-031381,Track Occupied,2,80.9
TRN-07631,BLK-003701,Track Occupied,1,30.7
TRN-07632,BLK-033291,Track Occupied,3,60.2
TRN-07633,BLK-014629,Track Occupied,3,96.3
TRN-07634,BLK-012296,Track Occupied,3,82.4
TRN-07635,BLK-030942,Track Occupied,2,65.8
TRN-07635,BLK-030943,Track Occupied,2,65.8
TRN-07636,BLK-001680,Track Occupied,2,69.7
TRN-07637,BLK-009560,Track Occupied,2,87.4
TRN-07638,BLK-025894,Track Occupied,2,50.3
TRN-07639,BLK-013973,Track Occupied,2,84.5
TRN-07640,BLK-011734,Track Occupied,3,65.8
TRN-07641,BLK-010256,Track Occupied,3,87.1
TRN-07642,BLK-014719,Track Occupied,2,49.3
TRN-07643,BLK-006638,Track Occupied,2,53.7
TRN-07644,BLK-028592,Track Occupied,2,88.7
TRN-07645,BLK-002593,Track Occupied,3,74.1
TRN-07646,BLK-001187,Track Occupied,2,82.3
TRN-07647,BLK-015728,Track Occupied,2,79.8
TRN-07648,BLK-029029,Track Occupied,2,83.6
TRN-07649,BLK-025872,Track Occupied,2,54.3
TRN-07650,BLK-018763,Track Occupied,2,74.9
TRN-07651,BLK-032946,Track Occupied,3,49.9
TRN-07652,BLK-001049,Track Occupied,2,76.9
TRN-07653,BLK-030427,Track Occupied,3,82.8
TRN-07653,BLK-030428,Track Occupied,3,82.8
TRN-07654,BLK-024447,Track Occupied,2,75.8
TRN-07655,BLK-007319,Track Occupied,2,79.0
TRN-07656,BLK-008979,Track Occupied,3,51.4
TRN-07657,BLK-007971,Track Occupied,3,90.8
TRN-07658,BLK-014841,Track Occupied,3,84.4
TRN-07659,BLK-023883,Track Occupied,2,54.4
TRN-07660,BLK-007638,Track Occupied,3,80.2
TRN-07661,BLK-003524,Track Occupied,2,88.9
TRN-07662,BLK-004490,Track Occupied,1,5.0
TRN-07663,BLK-008801,Track Occupied,2,57.5
TRN-07664,BLK-031656,Track Occupied,2,33.3
TRN-07665,BLK-000963,Track Occupied,3,56.5
TRN-07666,BLK-010738,Track Occupied,2,90.0
TRN-07667,BLK-033541,Track Occupied,2,70.3
TRN-07667,BLK-033542,Track Occupied,2,70.3
TRN-07668,BLK-000174,Track Occupied,2,50.3
TRN-07669,BLK-018086,Track Occupied,3,73.3
TRN-07670,BLK-015339,Track Occupied,2,76.0
TRN-07671,BLK-025897,Track Occupied,2,53.7
TRN-07672,BLK-022443,Track Occupied,1,18.7
TRN-07673,BLK-015805,Track Occupied,3,58.9
TRN-07674,BLK-033269,Track Occupied,3,70.2
TRN-07675,BLK-023478,Track Occupied,3,82.0
TRN-07676,BLK-015909,Track Occupied,3,76.8
TRN-07677,BLK-007935,Track Occupied,3,70.7
TRN-07678,BLK-012462,Track Occupied,3,65.3
TRN-07679,BLK-027217,Track Occupied,1,14.6
TRN-07680,BLK-019711,Track Occupied,2,51.7
TRN-07681,BLK-002541,Track Occupied,1,48.8
TRN-07682,BLK-015301,Track Occupied,2,50.6
TRN-07682,BLK-015302,Track Occupied,2,50.6
TRN-07683,BLK-007797,Track Occupied,3,54.5
TRN-07684,BLK-024366,Track Occupied,3,78.0
TRN-07685,BLK-014096,Track Occupied,2,73.0
TRN-07686,BLK-025151,Track Occupied,2,71.9
TRN-07687,BLK-004930,Track Occupied,3,80.8
TRN-07688,BLK-010192,Track Occupied,1,18.8
TRN-07689,BLK-012719,Track Occupied,3,72.7
TRN-07690,BLK-020389,Track Occupied,2,80.6
TRN-07691,BLK-027187,Track Occupied,2,68.4
TRN-07691,BLK-027188,Track Occupied,2,68.4
TRN-07692,BLK-026924,Track Occupied,3,62.6
TRN-07693,BLK-002370,Track Occupied,3,57.1
TRN-07694,BLK-013596,Track Occupied,2,48.4
TRN-07695,BLK-024366,Track Occupied,2,45.5
TRN-07696,BLK-018945,Track Occupied,1,48.3
TRN-07697,BLK-030286,Track Occupied,2,46.2
TRN-07698,BLK-010465,Track Occupied,2,58.8
TRN-07699,BLK-001059,Track Occupied,2,73.0
TRN-07700,BLK-001991,Track Occupied,2,63.7
TRN-07701,BLK-025781,Track Occupied,1,40.2
TRN-07702,BLK-005899,Track Occupied,1,8.2
TRN-07703,BLK-021207,Track Occupied,2,52.8
TRN-07704,BLK-032276,Track Occupied,3,71.5
TRN-07705,BLK-003896,Track Occupied,2,79.0
TRN-07706,BLK-023675,Track Occupied,3,56.4
TRN-07707,BLK-010113,Track Occupied,2,84.3
TRN-07708,BLK-010776,Track Occupied,3,99.0
TRN-07709,BLK-032293,Track Occupied,3,69.9
TRN-07710,BLK-002756,Track Occupied,1,11.4
TRN-07711,BLK-003416,Track Occupied,3,80.0
TRN-07711,BLK-003417,Track Occupied,3,80.0
TRN-07712,BLK-018068,Track Occupied,2,72.1
TRN-07713,BLK-024457,Track Occupied,2,75.8
TRN-07714,BLK-008988,Track Occupied,2,47.8
TRN-07715,BLK-030245,Track Occupied,3,65.9
TRN-07716,BLK-022903,Track Occupied,2,83.7
TRN-07717,BLK-030955,Track Occupied,3,84.2
TRN-07717,BLK-030956,Track Occupied,3,84.2
TRN-07718,BLK-021610,Track Occupied,3,64.2
TRN-07719,BLK-028125,Track Occupied,1,15.9
TRN-07720,BLK-017580,Track Occupied,2,84.1
TRN-07721,BLK-005641,Track Occupied,3,88.6
TRN-07722,BLK-028933,Track Occupied,2,70.6
TRN-07723,BLK-032667,Track Occupied,3,63.0
TRN-07724,BLK-018585,Track Occupied,2,57.9
TRN-07724,BLK-018586,Track Occupied,2,57.9
TRN-07725,BLK-016784,Track Occupied,2,59.5
TRN-07726,BLK-030726,Track Occupied,1,23.3
TRN-07727,BLK-004656,Track Occupied,2,74.7
TRN-07728,BLK-011277,Track Occupied,3,64.7
TRN-07729,BLK-017198,Track Occupied,2,86.7
TRN-07730,BLK-022615,Track Occupied,2,68.1
TRN-07731,BLK-001917,Track Occupied,3,62.6
TRN-07732,BLK-003553,Track Occupied,2,96.4
TRN-07733,BLK-006555,Track Occupied,1,27.1
TRN-07734,BLK-024142,Track Occupied,3,60.1
TRN-07735,BLK-017725,Track Occupied,2,84.7
TRN-07736,BLK-005033,Track Occupied,3,77.0
TRN-07737,BLK-014445,Track Occupied,2,91.2
TRN-07738,BLK-029719,Track Occupied,3,87.6
TRN-07739,BLK-031223,Track Occupied,3,94.4
TRN-07740,BLK-014503,Track Occupied,3,66.5
TRN-07741,BLK-029920,Track Occupied,2,73.7
TRN-07742,BLK-027816,Track Occupied,1,20.9
TRN-07743,BLK-012844,Track Occupied,2,87.3
TRN-07744,BLK-018233,Track Occupied,1,46.9
TRN-07745,BLK-018195,Track Occupied,3,75.8
TRN-07746,BLK-008510,Track Occupied,2,62.6
TRN-07747,BLK-023268,Track Occupied,2,68.6
TRN-07748,BLK-008579,Track Occupied,2,69.0
TRN-07749,BLK-026241,Track Occupied,3,50.0
TRN-07750,BLK-010890,Track Occupied,2,65.0
TRN-07751,BLK-007232,Track Occupied,3,97.3
TRN-07752,BLK-022528,Track Occupied,1,22.1
TRN-07753,BLK-012253,Track Occupied,2,59.9
TRN-07754,BLK-014968,Track Occupied,2,87.0
TRN-07755,BLK-029216,Track Occupied,3,61.5
TRN-07756,BLK-001458,Track Occupied,3,99.0
TRN-07757,BLK-014484,Track Occupied,3,76.0
TRN-07758,BLK-002407,Track Occupied,3,69.9
TRN-07759,BLK-020889,Track Occupied,1,12.1
TRN-07760,BLK-006208,Track Occupied,3,64.0
TRN-07761,BLK-006757,Track Occupied,2,57.6
TRN-07762,BLK-021001,Track Occupied,2,78.4
TRN-07763,BLK-013096,Track Occupied,1,23.5
TRN-07764,BLK-009941,Track Occupied,2,76.5
TRN-07765,BLK-023138,Track Occupied,3,53.8
TRN-07766,BLK-018629,Track Occupied,1,31.6
TRN-07767,BLK-007655,Track Occupied,1,30.3
TRN-07768,BLK-013315,Track Occupied,2,62.0
TRN-07769,BLK-005850,Track Occupied,2,83.1
TRN-07770,BLK-032500,Track Occupied,2,64.0
TRN-07771,BLK-007941,Track Occupied,2,64.0
TRN-07772,BLK-001774,Track Occupied,2,57.5
TRN-07773,BLK-013803,Track Occupied,1,34.2
TRN-07774,BLK-024408,Track Occupied,3,78.4
TRN-07775,BLK-031029,Track Occupied,1,59.6
TRN-07776,BLK-021940,Track Occupied,1,43.4
TRN-07777,BLK-017433,Track Occupied,3,76.5
TRN-07778,BLK-027173,Track Occupied,1,44.9
TRN-07779,BLK-000209,Track Occupied,3,92.9
TRN-07780,BLK-027552,Track Occupied,3,86.3
TRN-07781,BLK-001517,Track Occupied,2,51.5
TRN-07782,BLK-030473,Track Occupied,1,29.5
TRN-07783,BLK-020130,Track Occupied,3,94.6
TRN-07784,BLK-000391,Track Occupied,3,99.0
TRN-07785,BLK-025065,Track Occupied,1,37.4
TRN-07786,BLK-009139,Track Occupied,3,83.9
TRN-07787,BLK-011387,Track Occupied,1,50.9
TRN-07788,BLK-005042,Track Occupied,3,69.9
TRN-07789,BLK-003124,Track Occupied,2,92.3
TRN-07790,BLK-004947,Track Occupied,3,62.9
TRN-07791,BLK-014656,Track Occupied,3,87.2
TRN-07792,BLK-005124,Track Occupied,3,47.9
TRN-07793,BLK-015835,Track Occupied,3,75.6
TRN-07794,BLK-017029,Track Occupied,1,37.8
TRN-07795,BLK-010450,Track Occupied,3,76.6
TRN-07796,BLK-009179,Track Occupied,2,61.5
TRN-07796,BLK-009180,Track Occupied,2,61.5
TRN-07797,BLK-016811,Track Occupied,2,76.1
TRN-07798,BLK-014910,Track Occupied,2,98.3
TRN-07799,BLK-007442,Track Occupied,3,60.5
TRN-07800,BLK-012489,Track Occupied,2,57.0
TRN-07801,BLK-007410,Track Occupied,2,86.5
TRN-07802,BLK-005969,Track Occupied,3,93.5
TRN-07803,BLK-015100,Track Occupied,2,60.6
TRN-07804,BLK-027155,Track Occupied,3,68.6
TRN-07805,BLK-014374,Track Occupied,1,42.7
TRN-07806,BLK-006109,Track Occupied,2,55.3
TRN-07807,BLK-021318,Track Occupied,3,78.3
TRN-07808,BLK-025278,Track Occupied,3,90.3
TRN-07809,BLK-014007,Track Occupied,3,64.0
TRN-07810,BLK-000371,Track Occupied,2,50.3
TRN-07811,BLK-005762,Track Occupied,2,63.3
TRN-07812,BLK-009366,Track Occupied,1,19.3
TRN-07813,BLK-025201,Track Occupied,3,51.5
TRN-07814,BLK-030535,Track Occupied,3,49.9
TRN-07815,BLK-031690,Track Occupied,2,35.8
TRN-07816,BLK-004776,Track Occupied,1,32.1
TRN-07817,BLK-003500,Track Occupied,1,30.1
TRN-07817,BLK-003501,Track Occupied,1,30.1
TRN-07818,BLK-001041,Track Occupied,2,64.4
TRN-07819,BLK-018685,Track Occupied,3,64.6
TRN-07820,BLK-004407,Track Occupied,2,76.5
TRN-07821,BLK-002694,Track Occupied,3,65.1
TRN-07822,BLK-007413,Track Occupied,2,65.8
TRN-07823,BLK-001221,Track Occupied,3,54.5
TRN-07824,BLK-017276,Track Occupied,2,63.9
TRN-07825,BLK-010423,Track Occupied,3,80.6
TRN-07826,BLK-019150,Track Occupied,2,77.6
TRN-07827,BLK-009996,Track Occupied,3,91.4
TRN-07828,BLK-016296,Track Occupied,3,73.7
TRN-07829,BLK-001064,Track Occupied,2,70.2
TRN-07830,BLK-021546,Track Occupied,2,56.9
TRN-07831,BLK-000270,Track Occupied,3,70.0
TRN-07832,BLK-005457,Track Occupied,2,74.9
TRN-07833,BLK-002665,Track Occupied,3,64.5
TRN-07834,BLK-010791,Track Occupied,3,46.2
TRN-07835,BLK-033007,Track Occupied,2,53.9
TRN-07835,BLK-033008,Track Occupied,2,53.9
TRN-07836,BLK-006198,Track Occupied,3,73.6
TRN-07837,BLK-008884,Track Occupied,3,99.0
TRN-07838,BLK-018017,Track Occupied,3,55.1
TRN-07839,BLK-015742,Track Occupied,1,36.4
TRN-07840,BLK-027012,Track Occupied,3,73.2
TRN-07841,BLK-005828,Track Occupied,3,68.9
TRN-07842,BLK-015094,Track Occupied,3,93.3
TRN-07843,BLK-005068,Track Occupied,1,45.4
TRN-07844,BLK-014898,Track Occupied,3,72.9
TRN-07845,BLK-021077,Track Occupied,3,46.9
TRN-07846,BLK-012267,Track Occupied,3,72.2
TRN-07847,BLK-014788,Track Occupied,3,75.5
TRN-07848,BLK-020405,Track Occupied,1,29.2
TRN-07849,BLK-019766,Track Occupied,2,64.3
TRN-07850,BLK-011622,Track Occupied,2,94.2
TRN-07851,BLK-029152,Track Occupied,3,73.9
TRN-07852,BLK-026772,Track Occupied,2,91.3
TRN-07853,BLK-009595,Track Occupied,3,58.7
TRN-07854,BLK-018106,Track Occupied,1,31.1
TRN-07855,BLK-016929,Track Occupied,3,96.2
TRN-07856,BLK-029393,Track Occupied,2,99.0
TRN-07857,BLK-032247,Track Occupied,3,88.4
TRN-07857,BLK-032248,Track Occupied,3,88.4
TRN-07858,BLK-027411,Track Occupied,1,18.5
TRN-07859,BLK-004831,Track Occupied,2,92.2
TRN-07860,BLK-032051,Track Occupied,2,68.1
TRN-07861,BLK-015976,Track Occupied,3,86.6
TRN-07862,BLK-027322,Track Occupied,3,80.5
TRN-07863,BLK-019285,Track Occupied,2,54.5
TRN-07864,BLK-019412,Track Occupied,3,63.6
TRN-07865,BLK-010124,Track Occupied,3,47.2
TRN-07866,BLK-005306,Track Occupied,3,89.7
TRN-07867,BLK-025818,Track Occupied,3,80.6
TRN-07868,BLK-017811,Track Occupied,2,84.1
TRN-07869,BLK-011565,Track Occupied,3,32.5
TRN-07870,BLK-007430,Track Occupied,1,43.5
TRN-07871,BLK-009230,Track Occupied,2,63.3
TRN-07872,BLK-023300,Track Occupied,1,43.2
TRN-07873,BLK-002324,Track Occupied,3,72.9
TRN-07874,BLK-033495,Track Occupied,2,87.7
TRN-07875,BLK-011795,Track Occupied,2,84.1
TRN-07876,BLK-029669,Track Occupied,2,48.5
TRN-07877,BLK-007501,Track Occupied,3,75.0
TRN-07878,BLK-024927,Track Occupied,2,58.0
TRN-07879,BLK-002878,Track Occupied,2,40.4
TRN-07879,BLK-002879,Track Occupied,2,40.4
TRN-07880,BLK-022247,Track Occupied,3,70.2
TRN-07881,BLK-028656,Track Occupied,2,68.9
TRN-07882,BLK-005535,Track Occupied,3,63.9
TRN-07883,BLK-021248,Track Occupied,2,98.1
TRN-07883,BLK-021249,Track Occupied,2,98.1
TRN-07884,BLK-017373,Track Occupied,2,66.3
TRN-07884,BLK-017374,Track Occupied,2,66.3
TRN-07885,BLK-026091,Track Occupied,2,65.1
TRN-07886,BLK-006938,Track Occupied,2,91.5
TRN-07886,BLK-006939,Track Occupied,2,91.5
TRN-07887,BLK-029759,Track Occupied,1,59.2
TRN-07888,BLK-010168,Track Occupied,3,79.4
TRN-07889,BLK-026799,Track Occupied,3,68.7
TRN-07890,BLK-006888,Track Occupied,2,77.4
TRN-07891,BLK-020201,Track Occupied,2,76.8
TRN-07892,BLK-031071,Track Occupied,2,88.3
TRN-07893,BLK-002670,Track Occupied,3,95.8
TRN-07894,BLK-018251,Track Occupied,3,76.5
TRN-07895,BLK-030622,Track Occupied,2,81.7
TRN-07896,BLK-025981,Track Occupied,2,45.2
TRN-07897,BLK-007034,Track Occupied,2,54.9
TRN-07898,BLK-026355,Track Occupied,2,62.0
TRN-07899,BLK-018953,Track Occupied,2,84.8
TRN-07900,BLK-027214,Track Occupied,2,50.6
TRN-07900,BLK-027215,Track Occupied,2,50.6
TRN-07901,BLK-005832,Track Occupied,1,27.1
TRN-07902,BLK-020935,Track Occupied,3,84.9
TRN-07903,BLK-008740,Track Occupied,3,62.5
TRN-07904,BLK-023438,Track Occupied,1,37.3
TRN-07905,BLK-006351,Track Occupied,2,90.6
TRN-07906,BLK-031376,Track Occupied,2,51.0
TRN-07907,BLK-014087,Track Occupied,3,84.4
TRN-07908,BLK-014621,Track Occupied,3,55.5
TRN-07909,BLK-006517,Track Occupied,2,68.3
TRN-07910,BLK-022306,Track Occupied,3,79.1
TRN-07910,BLK-022307,Track Occupied,3,79.1
TRN-07911,BLK-027714,Track Occupied,2,65.8
TRN-07912,BLK-014750,Track Occupied,3,63.9
TRN-07913,BLK-025832,Track Occupied,2,76.2
TRN-07914,BLK-011389,Track Occupied,2,79.4
TRN-07915,BLK-004470,Track Occupied,3,81.5
TRN-07916,BLK-029331,Track Occupied,3,33.2
TRN-07917,BLK-019843,Track Occupied,1,40.0
TRN-07918,BLK-000592,Track Occupied,1,5.0
TRN-07918,BLK-000593,Track Occupied,1,5.0
TRN-07919,BLK-027621,Track Occupied,2,85.7
TRN-07920,BLK-019196,Track Occupied,2,65.2
TRN-07921,BLK-030397,Track Occupied,2,91.2
TRN-07922,BLK-003853,Track Occupied,3,57.4
TRN-07923,BLK-007697,Track Occupied,2,57.7
TRN-07924,BLK-013642,Track Occupied,2,75.6
TRN-07925,BLK-018969,Track Occupied,1,22.7
TRN-07926,BLK-023368,Track Occupied,1,50.5
TRN-07927,BLK-008233,Track Occupied,2,90.7
TRN-07928,BLK-033273,Track Occupied,2,66.3
TRN-07929,BLK-017552,Track Occupied,3,86.0
TRN-07930,BLK-017610,Track Occupied,1,48.7
TRN-07930,BLK-017611,Track Occupied,1,48.7
TRN-07931,BLK-025553,Track Occupied,2,84.3
TRN-07932,BLK-000459,Track Occupied,3,99.0
TRN-07933,BLK-018634,Track Occupied,2,65.0
TRN-07934,BLK-005703,Track Occupied,1,56.0
TRN-07935,BLK-016356,Track Occupied,2,86.9
TRN-07936,BLK-022515,Track Occupied,2,47.0
TRN-07937,BLK-014893,Track Occupied,3,91.8
TRN-07938,BLK-009505,Track Occupied,2,98.5
TRN-07939,BLK-001599,Track Occupied,1,45.7
TRN-07940,BLK-015701,Track Occupied,3,48.8
TRN-07940,BLK-015702,Track Occupied,3,48.8
TRN-07941,BLK-020532,Track Occupied,2,68.4
TRN-07942,BLK-029233,Track Occupied,3,83.0
TRN-07943,BLK-010461,Track Occupied,2,68.6
TRN-07944,BLK-017527,Track Occupied,2,48.0
TRN-07945,BLK-008358,Track Occupied,3,60.2
TRN-07946,BLK-002089,Track Occupied,2,54.9
TRN-07947,BLK-029544,Track Occupied,2,51.1
TRN-07948,BLK-000156,Track Occupied,3,58.3
TRN-07949,BLK-001617,Track Occupied,2,58.5
TRN-07950,BLK-010254,Track Occupied,1,18.8
TRN-07951,BLK-007987,Track Occupied,1,26.0
TRN-07951,BLK-007988,Track Occupied,1,26.0
TRN-07952,BLK-012426,Track Occupied,2,78.3
TRN-07953,BLK-023306,Track Occupied,2,99.0
TRN-07954,BLK-001995,Track Occupied,1,45.2
TRN-07955,BLK-019884,Track Occupied,2,51.4
TRN-07956,BLK-007414,Track Occupied,1,26.1
TRN-07956,BLK-007415,Track Occupied,1,26.1
TRN-07957,BLK-017564,Track Occupied,1,9.4
TRN-07957,BLK-017565,Track Occupied,1,9.4
TRN-07958,BLK-006619,Track Occupied,3,51.3
TRN-07958,BLK-006620,Track Occupied,3,51.3
TRN-07959,BLK-000612,Track Occupied,2,73.7
TRN-07960,BLK-004142,Track Occupied,2,84.7
TRN-07961,BLK-032561,Track Occupied,1,15.6
TRN-07962,BLK-023641,Track Occupied,3,56.3
TRN-07963,BLK-001484,Track Occupied,3,62.4
TRN-07964,BLK-001126,Track Occupied,3,59.0
TRN-07965,BLK-028593,Track Occupied,2,95.6
TRN-07966,BLK-006822,Track Occupied,3,81.2
TRN-07967,BLK-022542,Track Occupied,2,58.3
TRN-07968,BLK-016927,Track Occupied,2,68.9
TRN-07969,BLK-022317,Track Occupied,2,48.2
TRN-07970,BLK-008855,Track Occupied,3,57.8
TRN-07971,BLK-016243,Track Occupied,1,27.7
TRN-07972,BLK-025930,Track Occupied,1,50.1
TRN-07973,BLK-028996,Track Occupied,2,56.0
TRN-07973,BLK-028997,Track Occupied,2,56.0
TRN-07974,BLK-020783,Track Occupied,2,99.0
TRN-07975,BLK-022102,Track Occupied,2,99.0
TRN-07975,BLK-022103,Track Occupied,2,99.0
TRN-07976,BLK-021911,Track Occupied,3,75.4
TRN-07977,BLK-006199,Track Occupied,1,30.2
TRN-07978,BLK-016968,Track Occupied,2,63.4
TRN-07979,BLK-005334,Track Occupied,2,93.2
TRN-07980,BLK-027439,Track Occupied,2,66.6
TRN-07981,BLK-008829,Track Occupied,1,27.8
TRN-07982,BLK-022386,Track Occupied,2,67.2
TRN-07983,BLK-029735,Track Occupied,3,25.0
TRN-07984,BLK-031114,Track Occupied,2,80.6
TRN-07985,BLK-020320,Track Occupied,2,61.9
TRN-07986,BLK-011238,Track Occupied,3,59.9
TRN-07987,BLK-018389,Track Occupied,2,56.4
TRN-07988,BLK-020518,Track Occupied,3,68.5
TRN-07989,BLK-031660,Track Occupied,3,69.2
TRN-07990,BLK-026394,Track Occupied,3,49.4
TRN-07991,BLK-021498,Track Occupied,2,74.0
TRN-07992,BLK-016114,Track Occupied,3,74.9
TRN-07993,BLK-025721,Track Occupied,3,63.3
TRN-07994,BLK-019495,Track Occupied,2,50.3
TRN-07995,BLK-005365,Track Occupied,1,47.1
TRN-07996,BLK-025787,Track Occupied,3,70.6
TRN-07997,BLK-022804,Track Occupied,2,75.8
TRN-07998,BLK-001868,Track Occupied,2,70.4
TRN-07999,BLK-018313,Track Occupied,1,24.7
TRN-08000,BLK-023093,Track Occupied,2,90.2
TRN-08001,BLK-029232,Track Occupied,3,67.1
TRN-08002,BLK-003083,Track Occupied,1,42.4
TRN-08003,BLK-014627,Track Occupied,3,77.5
TRN-08004,BLK-028075,Track Occupied,1,28.3
TRN-08005,BLK-000314,Track Occupied,2,52.4
TRN-08006,BLK-004988,Track Occupied,3,93.4
TRN-08007,BLK-002068,Track Occupied,2,81.9
TRN-08007,BLK-002069,Track Occupied,2,81.9
TRN-08008,BLK-028795,Track Occupied,3,72.5
TRN-08009,BLK-032147,Track Occupied,2,54.6
TRN-08010,BLK-016212,Track Occupied,2,77.8
TRN-08011,BLK-003153,Track Occupied,3,83.7
TRN-08012,BLK-024807,Track Occupied,2,66.7
TRN-08013,BLK-031647,Track Occupied,2,53.9
TRN-08014,BLK-000058,Track Occupied,1,7.8
TRN-08015,BLK-017669,Track Occupied,2,61.0
TRN-08016,BLK-009918,Track Occupied,2,71.5
TRN-08017,BLK-009376,Track Occupied,2,91.9
TRN-08018,BLK-012887,Track Occupied,3,95.2
TRN-08019,BLK-022075,Track Occupied,3,99.0
TRN-08020,BLK-011908,Track Occupied,2,73.6
TRN-08021,BLK-030189,Track Occupied,3,43.1
TRN-08021,BLK-030190,Track Occupied,3,43.1
TRN-08022,BLK-025881,Track Occupied,3,48.2
TRN-08023,BLK-022091,Track Occupied,2,66.3
TRN-08024,BLK-001075,Track Occupied,1,61.9
TRN-08025,BLK-018041,Track Occupied,3,99.0
TRN-08026,BLK-025428,Track Occupied,1,43.7
TRN-08027,BLK-030910,Track Occupied,2,90.6
TRN-08028,BLK-022230,Track Occupied,2,75.6
TRN-08029,BLK-024234,Track Occupied,2,45.5
TRN-08030,BLK-032637,Track Occupied,3,58.9
TRN-08031,BLK-008193,Track Occupied,2,67.7
TRN-08032,BLK-024314,Track Occupied,2,99.0
TRN-08033,BLK-003101,Track Occupied,3,75.1
TRN-08034,BLK-014979,Track Occupied,2,60.8
TRN-08035,BLK-006265,Track Occupied,1,31.2
TRN-08036,BLK-003016,Track Occupied,3,63.1
TRN-08037,BLK-029119,Track Occupied,2,90.3
TRN-08038,BLK-006860,Track Occupied,2,70.8
TRN-08038,BLK-006861,Track Occupied,2,70.8
TRN-08039,BLK-003851,Track Occupied,3,65.1
TRN-08040,BLK-007884,Track Occupied,2,82.5
TRN-08041,BLK-024494,Track Occupied,3,60.2
TRN-08042,BLK-022777,Track Occupied,3,61.2
TRN-08043,BLK-019072,Track Occupied,3,58.5
TRN-08043,BLK-019073,Track Occupied,3,58.5
TRN-08044,BLK-016790,Track Occupied,3,83.3
TRN-08045,BLK-015779,Track Occupied,3,73.1
TRN-08046,BLK-009553,Track Occupied,3,99.0
TRN-08047,BLK-006590,Track Occupied,2,60.3
TRN-08048,BLK-018271,Track Occupied,1,54.5
TRN-08048,BLK-018272,Track Occupied,1,54.5
TRN-08049,BLK-017235,Track Occupied,2,99.0
TRN-08050,BLK-000257,Track Occupied,1,17.3
TRN-08051,BLK-010906,Track Occupied,3,85.7
TRN-08052,BLK-030731,Track Occupied,2,78.6
TRN-08053,BLK-025457,Track Occupied,1,28.7
TRN-08054,BLK-014200,Track Occupied,3,77.5
TRN-08055,BLK-015382,Track Occupied,3,77.1
TRN-08056,BLK-003235,Track Occupied,3,50.2
TRN-08057,BLK-020165,Track Occupied,1,45.5
TRN-08058,BLK-013224,Track Occupied,1,25.4
TRN-08059,BLK-000683,Track Occupied,1,31.2
TRN-08060,BLK-014233,Track Occupied,3,58.8
TRN-08061,BLK-002005,Track Occupied,2,58.8
TRN-08061,BLK-002006,Track Occupied,2,58.8
TRN-08062,BLK-020881,Track Occupied,2,83.2
TRN-08063,BLK-028848,Track Occupied,1,45.9
TRN-08064,BLK-020484,Track Occupied,2,67.6
TRN-08065,BLK-002964,Track Occupied,2,70.5
TRN-08066,BLK-013887,Track Occupied,2,73.5
TRN-08067,BLK-012588,Track Occupied,2,67.3
TRN-08068,BLK-012044,Track Occupied,3,86.5
TRN-08069,BLK-019208,Track Occupied,2,62.7
TRN-08070,BLK-023582,Track Occupied,2,81.4
TRN-08071,BLK-006096,Track Occupied,2,54.3
TRN-08072,BLK-018950,Track Occupied,1,46.2
TRN-08072,BLK-018951,Track Occupied,1,46.2
TRN-08073,BLK-031534,Track Occupied,3,73.8
TRN-08074,BLK-008682,Track Occupied,2,60.2
TRN-08075,BLK-030218,Track Occupied,3,49.1
TRN-08076,BLK-017110,Track Occupied,3,57.0
TRN-08076,BLK-017111,Track Occupied,3,57.0
TRN-08077,BLK-026202,Track Occupied,2,67.6
TRN-08078,BLK-008151,Track Occupied,2,65.5
TRN-08079,BLK-013576,Track Occupied,2,63.9
TRN-08080,BLK-017391,Track Occupied,3,62.5
TRN-08080,BLK-017392,Track Occupied,3,62.5
TRN-08081,BLK-002839,Track Occupied,2,68.3
TRN-08082,BLK-024877,Track Occupied,3,76.6
TRN-08083,BLK-001468,Track Occupied,3,52.9
TRN-08084,BLK-020954,Track Occupied,3,65.6
TRN-08085,BLK-015184,Track Occupied,3,52.8
TRN-08086,BLK-020256,Track Occupied,2,69.0
TRN-08087,BLK-024907,Track Occupied,1,38.1
TRN-08088,BLK-030384,Track Occupied,3,91.7
TRN-08089,BLK-004134,Track Occupied,3,83.7
TRN-08089,BLK-004135,Track Occupied,3,83.7
TRN-08090,BLK-023599,Track Occupied,1,76.9
TRN-08091,BLK-000719,Track Occupied,2,39.0
TRN-08092,BLK-027903,Track Occupied,2,75.7
TRN-08093,BLK-003240,Track Occupied,2,80.9
TRN-08094,BLK-000223,Track Occupied,3,59.1
TRN-08095,BLK-030818,Track Occupied,2,69.7
TRN-08095,BLK-030819,Track Occupied,2,69.7
TRN-08096,BLK-026519,Track Occupied,3,68.6
TRN-08097,BLK-032951,Track Occupied,2,64.4
TRN-08098,BLK-005844,Track Occupied,3,76.1
TRN-08099,BLK-000932,Track Occupied,1,64.0
TRN-08099,BLK-000933,Track Occupied,1,64.0
TRN-08100,BLK-005766,Track Occupied,2,80.4
TRN-08101,BLK-015606,Track Occupied,3,66.9
TRN-08101,BLK-015607,Track Occupied,3,66.9
TRN-08102,BLK-004827,Track Occupied,1,21.2
TRN-08103,BLK-026168,Track Occupied,2,66.9
TRN-08104,BLK-022707,Track Occupied,3,76.2
TRN-08105,BLK-000529,Track Occupied,3,99.0
TRN-08106,BLK-031396,Track Occupied,3,75.6
TRN-08107,BLK-014140,Track Occupied,2,96.0
TRN-08108,BLK-028548,Track Occupied,3,55.0
TRN-08109,BLK-027499,Track Occupied,2,82.3
TRN-08110,BLK-002507,Track Occupied,1,42.7
TRN-08111,BLK-010618,Track Occupied,3,71.4
TRN-08112,BLK-018799,Track Occupied,3,95.7
TRN-08113,BLK-028530,Track Occupied,2,61.0
TRN-08114,BLK-022546,Track Occupied,2,92.7
TRN-08115,BLK-011725,Track Occupied,2,57.8
TRN-08116,BLK-026310,Track Occupied,2,67.1
TRN-08117,BLK-024445,Track Occupied,3,67.9
TRN-08118,BLK-005823,Track Occupied,2,82.5
TRN-08119,BLK-032938,Track Occupied,3,97.2
TRN-08120,BLK-033573,Track Occupied,1,47.0
TRN-08120,BLK-033574,Track Occupied,1,47.0
TRN-08121,BLK-030552,Track Occupied,3,64.7
TRN-08122,BLK-029984,Track Occupied,3,57.9
TRN-08123,BLK-002358,Track Occupied,2,68.4
TRN-08124,BLK-009032,Track Occupied,2,77.0
TRN-08125,BLK-020185,Track Occupied,1,32.0
TRN-08126,BLK-012175,Track Occupied,3,54.3
TRN-08127,BLK-023751,Track Occupied,2,74.4
TRN-08128,BLK-013766,Track Occupied,3,55.6
TRN-08129,BLK-005262,Track Occupied,1,21.9
TRN-08130,BLK-015562,Track Occupied,2,70.1
TRN-08131,BLK-007039,Track Occupied,1,19.8
TRN-08132,BLK-014677,Track Occupied,2,99.0
TRN-08133,BLK-011861,Track Occupied,2,92.7
TRN-08134,BLK-029934,Track Occupied,1,29.8
TRN-08135,BLK-023358,Track Occupied,3,79.8
TRN-08136,BLK-025582,Track Occupied,2,62.8
TRN-08137,BLK-011743,Track Occupied,3,83.9
TRN-08138,BLK-010037,Track Occupied,3,77.4
TRN-08139,BLK-008224,Track Occupied,2,72.0
TRN-08140,BLK-008331,Track Occupied,1,46.5
TRN-08141,BLK-000491,Track Occupied,3,46.6
TRN-08142,BLK-026562,Track Occupied,2,84.6
TRN-08143,BLK-008706,Track Occupied,1,10.8
TRN-08144,BLK-011429,Track Occupied,2,77.0
TRN-08145,BLK-016503,Track Occupied,2,66.7
TRN-08146,BLK-031389,Track Occupied,3,87.3
TRN-08147,BLK-012781,Track Occupied,2,91.5
TRN-08147,BLK-012782,Track Occupied,2,91.5
TRN-08148,BLK-022701,Track Occupied,3,68.3
TRN-08149,BLK-023182,Track Occupied,3,65.2
TRN-08149,BLK-023183,Track Occupied,3,65.2
TRN-08150,BLK-022196,Track Occupied,1,42.8
TRN-08151,BLK-009416,Track Occupied,2,80.5
TRN-08152,BLK-003363,Track Occupied,2,59.0
TRN-08153,BLK-018678,Track Occupied,1,40.2
TRN-08154,BLK-029264,Track Occupied,3,92.3
TRN-08155,BLK-007124,Track Occupied,3,85.7
TRN-08155,BLK-007125,Track Occupied,3,85.7
TRN-08156,BLK-026425,Track Occupied,2,77.3
TRN-08157,BLK-026870,Track Occupied,2,79.6
TRN-08158,BLK-009933,Track Occupied,2,85.9
TRN-08159,BLK-018961,Track Occupied,3,67.6
TRN-08160,BLK-003284,Track Occupied,2,79.7
TRN-08161,BLK-000945,Track Occupied,2,71.8
TRN-08162,BLK-009290,Track Occupied,3,62.4
TRN-08163,BLK-024826,Track Occupied,2,51.2
TRN-08164,BLK-012598,Track Occupied,2,76.1
TRN-08165,BLK-000412,Track Occupied,3,53.7
TRN-08166,BLK-001002,Track Occupied,2,96.3
TRN-08167,BLK-026349,Track Occupied,2,67.0
TRN-08168,BLK-005788,Track Occupied,1,43.1
TRN-08169,BLK-009719,Track Occupied,2,64.0
TRN-08170,BLK-023032,Track Occupied,2,99.0
TRN-08171,BLK-004517,Track Occupied,1,28.8
TRN-08172,BLK-001311,Track Occupied,3,78.7
TRN-08173,BLK-009644,Track Occupied,2,92.2
TRN-08174,BLK-027718,Track Occupied,1,26.8
TRN-08175,BLK-033302,Track Occupied,3,70.5
TRN-08176,BLK-003636,Track Occupied,1,32.7
TRN-08177,BLK-025731,Track Occupied,1,32.4
TRN-08178,BLK-010432,Track Occupied,1,28.7
TRN-08179,BLK-024815,Track Occupied,2,73.5
TRN-08180,BLK-019127,Track Occupied,2,76.4
TRN-08181,BLK-020573,Track Occupied,2,80.4
TRN-08182,BLK-015075,Track Occupied,2,96.5
TRN-08183,BLK-027771,Track Occupied,2,65.6
TRN-08184,BLK-005831,Track Occupied,2,60.1
TRN-08185,BLK-002063,Track Occupied,2,60.4
TRN-08185,BLK-002064,Track Occupied,2,60.4
TRN-08186,BLK-001849,Track Occupied,1,34.5
TRN-08187,BLK-030114,Track Occupied,3,58.4
TRN-08188,BLK-015322,Track Occupied,1,58.6
TRN-08189,BLK-026749,Track Occupied,1,30.2
TRN-08190,BLK-004885,Track Occupied,2,68.2
TRN-08191,BLK-008156,Track Occupied,2,86.8
TRN-08192,BLK-032224,Track Occupied,1,36.3
TRN-08193,BLK-026892,Track Occupied,2,71.4
TRN-08194,BLK-026555,Track Occupied,2,80.3
TRN-08195,BLK-032902,Track Occupied,3,51.2
TRN-08196,BLK-011488,Track Occupied,2,44.7
TRN-08197,BLK-026061,Track Occupied,2,68.5
TRN-08198,BLK-029651,Track Occupied,1,18.0
TRN-08199,BLK-003608,Track Occupied,2,84.0
TRN-08199,BLK-003609,Track Occupied,2,84.0
TRN-08200,BLK-026815,Track Occupied,3,67.3
TRN-08201,BLK-017028,Track Occupied,2,69.7
TRN-08202,BLK-033575,Track Occupied,3,82.4
TRN-08203,BLK-008010,Track Occupied,1,33.7
TRN-08204,BLK-033544,Track Occupied,2,72.8
TRN-08205,BLK-012002,Track Occupied,2,99.0
TRN-08206,BLK-033039,Track Occupied,1,50.4
TRN-08207,BLK-001597,Track Occupied,1,34.4
TRN-08208,BLK-027150,Track Occupied,3,68.6
TRN-08209,BLK-013874,Track Occupied,3,27.6
TRN-08210,BLK-022076,Track Occupied,3,55.9
TRN-08211,BLK-024729,Track Occupied,2,75.8
TRN-08212,BLK-005234,Track Occupied,3,59.9
TRN-08213,BLK-028798,Track Occupied,2,59.8
TRN-08214,BLK-031039,Track Occupied,3,96.9
TRN-08215,BLK-007169,Track Occupied,3,73.8
TRN-08216,BLK-021641,Track Occupied,3,99.0
TRN-08217,BLK-016537,Track Occupied,2,62.6
TRN-08218,BLK-014780,Track Occupied,2,65.2
TRN-08219,BLK-015194,Track Occupied,2,55.0
TRN-08220,BLK-012458,Track Occupied,2,58.8
TRN-08220,BLK-012459,Track Occupied,2,58.8
TRN-08221,BLK-028192,Track Occupied,3,75.0
TRN-08221,BLK-028193,Track Occupied,3,75.0
TRN-08222,BLK-000485,Track Occupied,1,51.3
TRN-08223,BLK-021987,Track Occupied,2,77.0
TRN-08224,BLK-010087,Track Occupied,3,98.1
TRN-08225,BLK-000367,Track Occupied,2,63.9
TRN-08226,BLK-031468,Track Occupied,3,59.6
TRN-08227,BLK-002091,Track Occupied,2,62.7
TRN-08228,BLK-004192,Track Occupied,2,29.2
TRN-08229,BLK-016952,Track Occupied,2,89.7
TRN-08230,BLK-002722,Track Occupied,3,60.0
TRN-08231,BLK-033034,Track Occupied,1,32.2
TRN-08232,BLK-000126,Track Occupied,2,70.0
TRN-08233,BLK-004713,Track Occupied,3,99.0
TRN-08234,BLK-018261,Track Occupied,2,64.7
TRN-08235,BLK-010059,Track Occupied,3,71.8
TRN-08236,BLK-017023,Track Occupied,1,31.3
TRN-08236,BLK-017024,Track Occupied,1,31.3
TRN-08237,BLK-025477,Track Occupied,3,62.6
TRN-08238,BLK-010485,Track Occupied,2,62.4
TRN-08239,BLK-020381,Track Occupied,2,59.1
TRN-08240,BLK-014790,Track Occupied,2,50.8
TRN-08241,BLK-014788,Track Occupied,2,81.6
TRN-08242,BLK-029011,Track Occupied,3,67.1
TRN-08243,BLK-004678,Track Occupied,3,55.1
TRN-08244,BLK-022533,Track Occupied,2,68.3
TRN-08245,BLK-003715,Track Occupied,2,80.6
TRN-08246,BLK-030903,Track Occupied,3,74.9
TRN-08246,BLK-030904,Track Occupied,3,74.9
TRN-08247,BLK-020248,Track Occupied,3,64.0
TRN-08248,BLK-001351,Track Occupied,2,61.0
TRN-08248,BLK-001352,Track Occupied,2,61.0
TRN-08249,BLK-021995,Track Occupied,3,75.2
TRN-08250,BLK-001778,Track Occupied,3,73.8
TRN-08251,BLK-015791,Track Occupied,1,39.3
TRN-08252,BLK-027675,Track Occupied,3,69.5
TRN-08252,BLK-027676,Track Occupied,3,69.5
TRN-08253,BLK-028091,Track Occupied,2,69.0
TRN-08254,BLK-000606,Track Occupied,3,67.8
TRN-08255,BLK-016223,Track Occupied,1,25.6
TRN-08256,BLK-017939,Track Occupied,1,60.3
TRN-08257,BLK-013309,Track Occupied,1,38.3
TRN-08258,BLK-016542,Track Occupied,2,82.5
TRN-08259,BLK-006045,Track Occupied,3,57.0
TRN-08260,BLK-031626,Track Occupied,2,64.1
TRN-08260,BLK-031627,Track Occupied,2,64.1
TRN-08261,BLK-023398,Track Occupied,1,40.6
TRN-08262,BLK-006699,Track Occupied,1,50.4
TRN-08263,BLK-012893,Track Occupied,3,63.2
TRN-08264,BLK-023976,Track Occupied,1,13.4
TRN-08265,BLK-015622,Track Occupied,2,71.6
TRN-08266,BLK-033344,Track Occupied,3,69.0
TRN-08267,BLK-008821,Track Occupied,1,21.4
TRN-08268,BLK-023326,Track Occupied,3,87.2
TRN-08269,BLK-010709,Track Occupied,2,44.4
TRN-08269,BLK-010710,Track Occupied,2,44.4
TRN-08270,BLK-024293,Track Occupied,3,77.0
TRN-08271,BLK-021623,Track Occupied,2,56.1
TRN-08272,BLK-015365,Track Occupied,2,74.9
TRN-08273,BLK-014065,Track Occupied,1,26.5
TRN-08274,BLK-003767,Track Occupied,3,58.3
TRN-08275,BLK-021455,Track Occupied,2,69.2
TRN-08276,BLK-011145,Track Occupied,2,78.9
TRN-08277,BLK-014701,Track Occupied,1,37.2
TRN-08278,BLK-014447,Track Occupied,3,74.3
TRN-08278,BLK-014448,Track Occupied,3,74.3
TRN-08279,BLK-024329,Track Occupied,2,48.2
TRN-08280,BLK-029342,Track Occupied,3,72.3
TRN-08281,BLK-017733,Track Occupied,3,77.1
TRN-08282,BLK-002888,Track Occupied,2,64.6
TRN-08283,BLK-033085,Track Occupied,2,63.4
TRN-08284,BLK-006282,Track Occupied,2,57.0
TRN-08285,BLK-023371,Track Occupied,1,45.2
TRN-08286,BLK-006731,Track Occupied,3,60.2
TRN-08287,BLK-023702,Track Occupied,2,83.6
TRN-08288,BLK-020189,Track Occupied,2,78.4
TRN-08288,BLK-020190,Track Occupied,2,78.4
TRN-08289,BLK-007914,Track Occupied,1,18.7
TRN-08290,BLK-023340,Track Occupied,3,84.2
TRN-08291,BLK-002015,Track Occupied,3,65.3
TRN-08292,BLK-002166,Track Occupied,2,82.2
TRN-08293,BLK-020156,Track Occupied,2,43.8
TRN-08294,BLK-001457,Track Occupied,3,91.7
TRN-08295,BLK-028546,Track Occupied,2,51.3
TRN-08296,BLK-000695,Track Occupied,2,72.1
TRN-08297,BLK-033136,Track Occupied,3,94.0
TRN-08298,BLK-016132,Track Occupied,2,95.2
TRN-08299,BLK-013993,Track Occupied,3,72.8
TRN-08300,BLK-014187,Track Occupied,2,48.0
TRN-08301,BLK-003423,Track Occupied,3,52.0
TRN-08302,BLK-012029,Track Occupied,2,46.4
TRN-08303,BLK-025208,Track Occupied,1,37.3
TRN-08304,BLK-027781,Track Occupied,2,78.1
TRN-08304,BLK-027782,Track Occupied,2,78.1
TRN-08305,BLK-002622,Track Occupied,2,56.1
TRN-08306,BLK-004162,Track Occupied,3,47.7
TRN-08307,BLK-008337,Track Occupied,2,64.6
TRN-08308,BLK-010628,Track Occupied,3,60.2
TRN-08309,BLK-007387,Track Occupied,3,59.9
TRN-08310,BLK-013510,Track Occupied,1,49.4
TRN-08311,BLK-003167,Track Occupied,2,53.3
TRN-08312,BLK-009615,Track Occupied,1,47.7
TRN-08313,BLK-021353,Track Occupied,2,72.6
TRN-08314,BLK-029542,Track Occupied,2,86.8
TRN-08315,BLK-004333,Track Occupied,1,50.3
TRN-08316,BLK-010238,Track Occupied,2,65.2
TRN-08317,BLK-022745,Track Occupied,3,49.1
TRN-08318,BLK-031193,Track Occupied,2,90.5
TRN-08319,BLK-022923,Track Occupied,1,36.8
TRN-08320,BLK-002106,Track Occupied,3,85.1
TRN-08321,BLK-018600,Track Occupied,3,62.1
TRN-08322,BLK-011586,Track Occupied,1,50.1
TRN-08323,BLK-029690,Track Occupied,3,59.7
TRN-08324,BLK-012062,Track Occupied,2,92.9
TRN-08325,BLK-015213,Track Occupied,3,88.7
TRN-08326,BLK-016000,Track Occupied,2,79.7
TRN-08327,BLK-016137,Track Occupied,3,66.5
TRN-08327,BLK-016138,Track Occupied,3,66.5
TRN-08328,BLK-020179,Track Occupied,2,72.2
TRN-08329,BLK-025013,Track Occupied,2,88.1
TRN-08330,BLK-005252,Track Occupied,3,78.5
TRN-08331,BLK-028084,Track Occupied,1,47.3
TRN-08332,BLK-019820,Track Occupied,2,78.4
TRN-08333,BLK-024657,Track Occupied,3,58.4
TRN-08334,BLK-023722,Track Occupied,1,9.5
TRN-08335,BLK-031084,Track Occupied,2,69.2
TRN-08336,BLK-026782,Track Occupied,3,85.7
TRN-08337,BLK-004369,Track Occupied,1,34.6
TRN-08338,BLK-032292,Track Occupied,3,90.8
TRN-08339,BLK-002603,Track Occupied,1,30.8
TRN-08340,BLK-024965,Track Occupied,3,79.1
TRN-08341,BLK-005419,Track Occupied,2,90.4
TRN-08342,BLK-033414,Track Occupied,2,79.3
TRN-08343,BLK-002079,Track Occupied,3,43.0
TRN-08344,BLK-009263,Track Occupied,2,81.7
TRN-08345,BLK-013078,Track Occupied,3,64.4
TRN-08346,BLK-019034,Track Occupied,2,91.2
TRN-08347,BLK-013093,Track Occupied,1,17.4
TRN-08348,BLK-026776,Track Occupied,2,61.2
TRN-08349,BLK-030577,Track Occupied,2,59.6
TRN-08350,BLK-009145,Track Occupied,3,60.5
TRN-08350,BLK-009146,Track Occupied,3,60.5
TRN-08351,BLK-031059,Track Occupied,3,76.3
TRN-08352,BLK-032346,Track Occupied,3,85.3
TRN-08353,BLK-007444,Track Occupied,2,44.9
TRN-08354,BLK-021103,Track Occupied,2,64.5
TRN-08355,BLK-013886,Track Occupied,3,73.9
TRN-08356,BLK-025588,Track Occupied,2,77.8
TRN-08357,BLK-025127,Track Occupied,3,61.9
TRN-08358,BLK-000237,Track Occupied,3,29.4
TRN-08359,BLK-013929,Track Occupied,1,14.0
TRN-08360,BLK-028748,Track Occupied,2,64.0
TRN-08361,BLK-017567,Track Occupied,2,62.9
TRN-08362,BLK-016330,Track Occupied,3,54.6
TRN-08363,BLK-019062,Track Occupied,1,35.2
TRN-08364,BLK-017339,Track Occupied,1,34.5
TRN-08365,BLK-023053,Track Occupied,3,71.3
TRN-08366,BLK-020290,Track Occupied,3,80.8
TRN-08367,BLK-029947,Track Occupied,1,56.2
TRN-08368,BLK-026980,Track Occupied,3,73.7
TRN-08369,BLK-030180,Track Occupied,1,17.1
TRN-08370,BLK-020739,Track Occupied,2,74.3
TRN-08371,BLK-025167,Track Occupied,3,85.7
TRN-08372,BLK-004936,Track Occupied,3,71.0
TRN-08373,BLK-027340,Track Occupied,3,96.1
TRN-08374,BLK-022472,Track Occupied,3,60.4
TRN-08375,BLK-019311,Track Occupied,2,80.3
TRN-08376,BLK-008237,Track Occupied,3,82.7
TRN-08377,BLK-009781,Track Occupied,3,67.7
TRN-08378,BLK-001832,Track Occupied,3,83.5
TRN-08379,BLK-019027,Track Occupied,2,78.8
TRN-08380,BLK-027032,Track Occupied,3,83.9
TRN-08380,BLK-027033,Track Occupied,3,83.9
TRN-08381,BLK-005208,Track Occupied,2,87.2
TRN-08382,BLK-002904,Track Occupied,3,99.0
TRN-08383,BLK-023386,Track Occupied,3,37.4
TRN-08384,BLK-000603,Track Occupied,2,60.1
TRN-08385,BLK-015575,Track Occupied,2,80.0
TRN-08386,BLK-025912,Track Occupied,3,50.6
TRN-08387,BLK-011685,Track Occupied,1,16.8
TRN-08388,BLK-018005,Track Occupied,2,79.6
TRN-08389,BLK-030816,Track Occupied,2,94.7
TRN-08390,BLK-004743,Track Occupied,3,65.7
TRN-08391,BLK-007905,Track Occupied,1,69.1
TRN-08392,BLK-028399,Track Occupied,3,42.4
TRN-08393,BLK-006734,Track Occupied,3,64.0
TRN-08394,BLK-022760,Track Occupied,3,98.9
TRN-08395,BLK-017481,Track Occupied,2,76.0
TRN-08396,BLK-027988,Track Occupied,3,81.9
TRN-08397,BLK-017257,Track Occupied,1,51.4
TRN-08398,BLK-023769,Track Occupied,3,43.2
TRN-08399,BLK-002478,Track Occupied,3,63.2
TRN-08400,BLK-007107,Track Occupied,2,68.7
TRN-08401,BLK-016811,Track Occupied,3,46.1
TRN-08402,BLK-020204,Track Occupied,3,58.3
TRN-08403,BLK-000858,Track Occupied,2,88.0
TRN-08404,BLK-028216,Track Occupied,3,52.5
TRN-08404,BLK-028217,Track Occupied,3,52.5
TRN-08405,BLK-006757,Track Occupied,3,68.3
TRN-08406,BLK-001097,Track Occupied,1,28.9
TRN-08407,BLK-009363,Track Occupied,2,67.7
TRN-08407,BLK-009364,Track Occupied,2,67.7
TRN-08408,BLK-020839,Track Occupied,2,72.0
TRN-08409,BLK-019730,Track Occupied,2,60.6
TRN-08410,BLK-018952,Track Occupied,3,93.1
TRN-08411,BLK-022716,Track Occupied,2,61.4
TRN-08412,BLK-032790,Track Occupied,2,63.3
TRN-08413,BLK-029080,Track Occupied,2,63.4
TRN-08414,BLK-028822,Track Occupied,3,83.8
TRN-08415,BLK-007855,Track Occupied,3,59.0
TRN-08416,BLK-029787,Track Occupied,2,86.1
TRN-08417,BLK-022096,Track Occupied,3,99.0
TRN-08418,BLK-014555,Track Occupied,1,43.5
TRN-08419,BLK-027137,Track Occupied,3,83.8
TRN-08420,BLK-015193,Track Occupied,3,73.2
TRN-08421,BLK-015445,Track Occupied,1,23.2
TRN-08422,BLK-006612,Track Occupied,3,72.3
TRN-08423,BLK-012895,Track Occupied,1,49.1
TRN-08424,BLK-004456,Track Occupied,3,99.0
TRN-08424,BLK-004457,Track Occupied,3,99.0
TRN-08425,BLK-018805,Track Occupied,1,62.4
TRN-08426,BLK-003895,Track Occupied,3,71.0
TRN-08427,BLK-004804,Track Occupied,1,29.2
TRN-08428,BLK-024874,Track Occupied,2,59.7
TRN-08429,BLK-009912,Track Occupied,2,99.0
TRN-08430,BLK-032700,Track Occupied,3,65.5
TRN-08431,BLK-001484,Track Occupied,2,52.2
TRN-08432,BLK-020428,Track Occupied,3,95.9
TRN-08432,BLK-020429,Track Occupied,3,95.9
TRN-08433,BLK-033347,Track Occupied,2,74.3
TRN-08433,BLK-033348,Track Occupied,2,74.3
TRN-08434,BLK-027469,Track Occupied,2,70.2
TRN-08435,BLK-028335,Track Occupied,2,37.3
TRN-08436,BLK-019455,Track Occupied,1,28.8
TRN-08437,BLK-001725,Track Occupied,3,79.5
TRN-08438,BLK-033349,Track Occupied,3,73.3
TRN-08439,BLK-024421,Track Occupied,2,45.8
TRN-08439,BLK-024422,Track Occupied,2,45.8
TRN-08440,BLK-032826,Track Occupied,3,72.0
TRN-08441,BLK-029269,Track Occupied,2,87.0
TRN-08442,BLK-013132,Track Occupied,2,41.7
TRN-08443,BLK-031523,Track Occupied,2,99.0
TRN-08444,BLK-013136,Track Occupied,2,80.4
TRN-08445,BLK-001266,Track Occupied,2,54.5
TRN-08446,BLK-006764,Track Occupied,3,58.2
TRN-08447,BLK-008971,Track Occupied,1,34.6
TRN-08448,BLK-025752,Track Occupied,3,66.8
TRN-08449,BLK-004024,Track Occupied,3,99.0
TRN-08450,BLK-004996,Track Occupied,3,52.6
TRN-08451,BLK-007283,Track Occupied,1,33.4
TRN-08452,BLK-019792,Track Occupied,1,23.9
TRN-08453,BLK-004048,Track Occupied,2,64.5
TRN-08454,BLK-012370,Track Occupied,1,39.1
TRN-08455,BLK-017518,Track Occupied,3,79.4
TRN-08455,BLK-017519,Track Occupied,3,79.4
TRN-08456,BLK-011073,Track Occupied,2,95.9
TRN-08457,BLK-012864,Track Occupied,3,98.6
TRN-08458,BLK-018984,Track Occupied,3,83.1
TRN-08459,BLK-027552,Track Occupied,1,19.9
TRN-08460,BLK-024549,Track Occupied,1,46.9
TRN-08461,BLK-006003,Track Occupied,1,32.1
TRN-08462,BLK-002113,Track Occupied,1,40.9
TRN-08463,BLK-032276,Track Occupied,2,96.5
TRN-08464,BLK-019370,Track Occupied,2,85.5
TRN-08465,BLK-024753,Track Occupied,2,60.6
TRN-08466,BLK-000571,Track Occupied,3,83.2
TRN-08467,BLK-023761,Track Occupied,2,78.0
TRN-08468,BLK-000717,Track Occupied,2,74.4
TRN-08469,BLK-023589,Track Occupied,2,45.8
TRN-08470,BLK-004419,Track Occupied,3,85.3
TRN-08471,BLK-005767,Track Occupied,2,60.5
TRN-08472,BLK-007441,Track Occupied,3,82.1
TRN-08473,BLK-012090,Track Occupied,3,85.5
TRN-08474,BLK-027092,Track Occupied,3,55.6
TRN-08475,BLK-008858,Track Occupied,2,71.9
TRN-08476,BLK-016778,Track Occupied,2,66.9
TRN-08477,BLK-017233,Track Occupied,2,60.7
TRN-08478,BLK-008122,Track Occupied,2,66.9
TRN-08479,BLK-030091,Track Occupied,3,61.9
TRN-08480,BLK-001229,Track Occupied,2,82.1
TRN-08481,BLK-026990,Track Occupied,3,65.7
TRN-08482,BLK-007299,Track Occupied,2,82.6
TRN-08483,BLK-033377,Track Occupied,2,47.1
TRN-08484,BLK-017762,Track Occupied,3,76.0
TRN-08485,BLK-017925,Track Occupied,2,57.4
TRN-08486,BLK-020654,Track Occupied,2,72.1
TRN-08487,BLK-002712,Track Occupied,2,67.9
TRN-08488,BLK-001178,Track Occupied,3,67.5
TRN-08489,BLK-006973,Track Occupied,3,81.1
TRN-08490,BLK-033535,Track Occupied,2,78.5
TRN-08491,BLK-003800,Track Occupied,2,72.6
TRN-08492,BLK-005739,Track Occupied,3,59.5
TRN-08493,BLK-025143,Track Occupied,3,61.7
TRN-08493,BLK-025144,Track Occupied,3,61.7
TRN-08494,BLK-030356,Track Occupied,3,83.3
TRN-08495,BLK-011626,Track Occupied,3,40.8
TRN-08496,BLK-010066,Track Occupied,2,98.3
TRN-08497,BLK-016662,Track Occupied,3,93.5
TRN-08498,BLK-032074,Track Occupied,2,55.4
TRN-08499,BLK-006601,Track Occupied,3,75.4
TRN-08500,BLK-027067,Track Occupied,2,80.2
TRN-08501,BLK-029830,Track Occupied,3,88.2
TRN-08502,BLK-009616,Track Occupied,3,77.9
TRN-08502,BLK-009617,Track Occupied,3,77.9
TRN-08503,BLK-017563,Track Occupied,2,57.4
TRN-08504,BLK-006496,Track Occupied,2,99.0
TRN-08505,BLK-008793,Track Occupied,3,49.8
TRN-08506,BLK-026347,Track Occupied,2,57.9
TRN-08507,BLK-023462,Track Occupied,1,16.6
TRN-08508,BLK-030311,Track Occupied,2,60.8
TRN-08509,BLK-015821,Track Occupied,3,56.3
TRN-08510,BLK-025007,Track Occupied,2,67.2
TRN-08510,BLK-025008,Track Occupied,2,67.2
TRN-08511,BLK-031528,Track Occupied,3,78.7
TRN-08512,BLK-008001,Track Occupied,3,60.6
TRN-08513,BLK-014751,Track Occupied,3,89.3
TRN-08514,BLK-031478,Track Occupied,2,70.1
TRN-08515,BLK-006878,Track Occupied,3,69.7
TRN-08516,BLK-024166,Track Occupied,1,16.1
TRN-08517,BLK-001628,Track Occupied,3,56.8
TRN-08518,BLK-032837,Track Occupied,2,81.2
TRN-08519,BLK-006646,Track Occupied,3,71.6
TRN-08520,BLK-002398,Track Occupied,1,24.3
TRN-08521,BLK-000506,Track Occupied,3,99.0
TRN-08522,BLK-020080,Track Occupied,3,32.7
TRN-08523,BLK-012660,Track Occupied,1,43.3
TRN-08524,BLK-000099,Track Occupied,3,56.5
TRN-08525,BLK-030980,Track Occupied,2,51.2
TRN-08526,BLK-025158,Track Occupied,3,97.9
TRN-08527,BLK-024492,Track Occupied,3,80.4
TRN-08528,BLK-013051,Track Occupied,3,62.5
TRN-08529,BLK-007980,Track Occupied,2,77.1
TRN-08530,BLK-029589,Track Occupied,2,66.4
TRN-08531,BLK-014413,Track Occupied,2,90.2
TRN-08532,BLK-015469,Track Occupied,2,70.1
TRN-08533,BLK-012160,Track Occupied,2,45.8
TRN-08534,BLK-014530,Track Occupied,3,55.8
TRN-08535,BLK-018676,Track Occupied,2,83.2
TRN-08536,BLK-004030,Track Occupied,2,99.0
TRN-08537,BLK-011530,Track Occupied,3,67.2
TRN-08538,BLK-031555,Track Occupied,1,21.7
TRN-08539,BLK-002134,Track Occupied,2,50.7
TRN-08540,BLK-030713,Track Occupied,3,74.3
TRN-08541,BLK-033038,Track Occupied,1,34.7
TRN-08542,BLK-005807,Track Occupied,3,73.6
TRN-08543,BLK-017452,Track Occupied,3,68.3
TRN-08544,BLK-002659,Track Occupied,1,52.9
TRN-08545,BLK-008316,Track Occupied,3,99.0
TRN-08546,BLK-008255,Track Occupied,2,51.4
TRN-08547,BLK-002677,Track Occupied,1,9.7
TRN-08548,BLK-002172,Track Occupied,3,80.8
TRN-08549,BLK-009678,Track Occupied,1,26.9
TRN-08550,BLK-005273,Track Occupied,3,57.4
TRN-08551,BLK-004265,Track Occupied,2,62.2
TRN-08552,BLK-011688,Track Occupied,2,70.8
TRN-08553,BLK-019886,Track Occupied,2,53.1
TRN-08554,BLK-006683,Track Occupied,3,54.6
TRN-08555,BLK-001076,Track Occupied,2,70.5
TRN-08556,BLK-013978,Track Occupied,1,26.3
TRN-08557,BLK-027478,Track Occupied,2,98.6
TRN-08558,BLK-020334,Track Occupied,3,67.4
TRN-08559,BLK-032929,Track Occupied,3,65.6
TRN-08560,BLK-007940,Track Occupied,1,34.2
TRN-08561,BLK-003565,Track Occupied,3,68.6
TRN-08562,BLK-006087,Track Occupied,2,67.1
TRN-08563,BLK-013911,Track Occupied,1,38.7
TRN-08564,BLK-030364,Track Occupied,1,17.0
TRN-08565,BLK-008784,Track Occupied,2,95.1
TRN-08566,BLK-004356,Track Occupied,3,78.8
TRN-08567,BLK-009558,Track Occupied,2,56.8
TRN-08568,BLK-012058,Track Occupied,3,40.6
TRN-08569,BLK-026227,Track Occupied,2,68.1
TRN-08570,BLK-013366,Track Occupied,2,41.6
TRN-08571,BLK-033444,Track Occupied,3,93.1
TRN-08572,BLK-019027,Track Occupied,1,19.0
TRN-08573,BLK-009091,Track Occupied,3,81.9
TRN-08574,BLK-008459,Track Occupied,3,91.9
TRN-08575,BLK-019092,Track Occupied,2,83.2
TRN-08576,BLK-015507,Track Occupied,3,65.5
TRN-08577,BLK-012319,Track Occupied,2,59.2
TRN-08577,BLK-012320,Track Occupied,2,59.2
TRN-08578,BLK-021906,Track Occupied,2,96.7
TRN-08579,BLK-026669,Track Occupied,1,45.3
TRN-08580,BLK-006906,Track Occupied,3,64.1
TRN-08581,BLK-023473,Track Occupied,3,75.9
TRN-08582,BLK-009851,Track Occupied,3,95.1
TRN-08583,BLK-009703,Track Occupied,3,63.0
TRN-08584,BLK-000286,Track Occupied,3,58.3
TRN-08585,BLK-006957,Track Occupied,2,91.0
TRN-08586,BLK-030057,Track Occupied,3,74.0
TRN-08587,BLK-013107,Track Occupied,2,80.1
TRN-08588,BLK-004017,Track Occupied,1,46.9
TRN-08589,BLK-024853,Track Occupied,3,66.1
TRN-08590,BLK-015337,Track Occupied,2,62.9
TRN-08591,BLK-009123,Track Occupied,1,41.5
TRN-08592,BLK-030287,Track Occupied,2,58.9
TRN-08593,BLK-028492,Track Occupied,3,44.0
TRN-08594,BLK-017269,Track Occupied,2,77.1
TRN-08595,BLK-007363,Track Occupied,2,64.8
TRN-08596,BLK-011464,Track Occupied,1,40.4
TRN-08597,BLK-004527,Track Occupied,3,72.6
TRN-08598,BLK-019053,Track Occupied,3,68.1
TRN-08599,BLK-020704,Track Occupied,1,39.2
TRN-08600,BLK-007116,Track Occupied,2,50.0
TRN-08601,BLK-004410,Track Occupied,2,43.3
TRN-08602,BLK-032149,Track Occupied,2,82.2
TRN-08603,BLK-005561,Track Occupied,1,44.4
TRN-08604,BLK-032544,Track Occupied,2,75.5
TRN-08605,BLK-018179,Track Occupied,3,80.9
TRN-08605,BLK-018180,Track Occupied,3,80.9
TRN-08606,BLK-006629,Track Occupied,3,80.9
TRN-08607,BLK-026980,Track Occupied,2,76.3
TRN-08608,BLK-011795,Track Occupied,2,57.0
TRN-08609,BLK-006742,Track Occupied,2,45.6
TRN-08610,BLK-007552,Track Occupied,2,73.1
TRN-08611,BLK-005685,Track Occupied,3,64.2
TRN-08612,BLK-003977,Track Occupied,2,52.0
TRN-08613,BLK-028841,Track Occupied,3,36.9
TRN-08614,BLK-013959,Track Occupied,3,38.0
TRN-08615,BLK-000385,Track Occupied,3,45.8
TRN-08616,BLK-026184,Track Occupied,1,25.9
TRN-08617,BLK-032502,Track Occupied,2,63.0
TRN-08618,BLK-009673,Track Occupied,2,77.9
TRN-08619,BLK-016327,Track Occupied,3,93.2
TRN-08620,BLK-025204,Track Occupied,2,58.8
TRN-08621,BLK-016556,Track Occupied,2,62.2
TRN-08622,BLK-003090,Track Occupied,1,49.6
TRN-08623,BLK-017729,Track Occupied,2,44.7
TRN-08624,BLK-012334,Track Occupied,1,11.6
TRN-08625,BLK-001430,Track Occupied,2,27.3
TRN-08626,BLK-022069,Track Occupied,2,81.2
TRN-08627,BLK-014599,Track Occupied,3,64.8
TRN-08628,BLK-014986,Track Occupied,2,46.9
TRN-08629,BLK-020416,Track Occupied,3,74.2
TRN-08630,BLK-025416,Track Occupied,2,49.5
TRN-08631,BLK-021164,Track Occupied,2,62.5
TRN-08632,BLK-019940,Track Occupied,1,63.4
TRN-08633,BLK-000852,Track Occupied,3,80.4
TRN-08634,BLK-025139,Track Occupied,1,21.8
TRN-08635,BLK-033574,Track Occupied,2,60.4
TRN-08636,BLK-030201,Track Occupied,3,75.7
TRN-08637,BLK-020026,Track Occupied,3,82.4
TRN-08638,BLK-015954,Track Occupied,3,60.2
TRN-08639,BLK-003696,Track Occupied,3,67.5
TRN-08640,BLK-004109,Track Occupied,3,69.7
TRN-08641,BLK-026768,Track Occupied,2,51.1
TRN-08642,BLK-023482,Track Occupied,3,55.9
TRN-08643,BLK-009465,Track Occupied,2,70.2
TRN-08644,BLK-010205,Track Occupied,2,88.0
TRN-08645,BLK-009206,Track Occupied,3,99.0
TRN-08646,BLK-018027,Track Occupied,1,64.5
TRN-08646,BLK-018028,Track Occupied,1,64.5
TRN-08647,BLK-000470,Track Occupied,1,61.1
TRN-08648,BLK-004363,Track Occupied,2,57.8
TRN-08649,BLK-007353,Track Occupied,3,71.9
TRN-08650,BLK-024858,Track Occupied,2,99.0
TRN-08651,BLK-026169,Track Occupied,2,77.5
TRN-08652,BLK-017173,Track Occupied,2,81.2
TRN-08653,BLK-011043,Track Occupied,2,45.1
TRN-08654,BLK-005380,Track Occupied,2,49.1
TRN-08655,BLK-017013,Track Occupied,2,61.6
TRN-08656,BLK-024053,Track Occupied,2,96.9
TRN-08657,BLK-020431,Track Occupied,3,75.8
TRN-08658,BLK-021225,Track Occupied,1,49.8
TRN-08659,BLK-025677,Track Occupied,2,65.7
TRN-08660,BLK-003998,Track Occupied,1,37.6
TRN-08661,BLK-026904,Track Occupied,2,93.2
TRN-08662,BLK-028308,Track Occupied,1,47.6
TRN-08663,BLK-018876,Track Occupied,2,48.9
TRN-08664,BLK-014621,Track Occupied,2,78.1
TRN-08665,BLK-021281,Track Occupied,2,59.9
TRN-08666,BLK-016721,Track Occupied,2,64.6
TRN-08667,BLK-032892,Track Occupied,1,43.7
TRN-08668,BLK-008754,Track Occupied,2,99.0
TRN-08669,BLK-004108,Track Occupied,3,50.9
TRN-08670,BLK-029617,Track Occupied,2,65.1
TRN-08670,BLK-029618,Track Occupied,2,65.1
TRN-08671,BLK-002069,Track Occupied,3,50.6
TRN-08672,BLK-001647,Track Occupied,3,57.0
TRN-08673,BLK-029663,Track Occupied,3,73.8
TRN-08674,BLK-009468,Track Occupied,2,48.3
TRN-08675,BLK-009750,Track Occupied,3,65.8
TRN-08676,BLK-014146,Track Occupied,1,44.5
TRN-08677,BLK-009883,Track Occupied,3,88.3
TRN-08678,BLK-002024,Track Occupied,2,55.7
TRN-08679,BLK-022698,Track Occupied,3,89.5
TRN-08680,BLK-011453,Track Occupied,3,99.0
TRN-08681,BLK-027409,Track Occupied,3,58.0
TRN-08682,BLK-016533,Track Occupied,2,80.1
TRN-08683,BLK-006140,Track Occupied,1,51.5
TRN-08684,BLK-033060,Track Occupied,2,58.4
TRN-08685,BLK-019980,Track Occupied,3,70.7
TRN-08686,BLK-031047,Track Occupied,1,46.8
TRN-08687,BLK-015799,Track Occupied,2,77.6
TRN-08688,BLK-032654,Track Occupied,3,54.1
TRN-08689,BLK-024180,Track Occupied,3,70.3
TRN-08690,BLK-033340,Track Occupied,3,35.0
TRN-08691,BLK-006502,Track Occupied,2,83.5
TRN-08692,BLK-010867,Track Occupied,1,25.7
TRN-08693,BLK-009826,Track Occupied,3,83.1
TRN-08694,BLK-033037,Track Occupied,2,75.0
TRN-08695,BLK-012288,Track Occupied,1,21.1
TRN-08696,BLK-028637,Track Occupied,3,91.1
TRN-08697,BLK-003097,Track Occupied,3,95.2
TRN-08698,BLK-032500,Track Occupied,2,50.3
TRN-08699,BLK-030919,Track Occupied,3,68.2
TRN-08700,BLK-016545,Track Occupied,3,65.6
TRN-08701,BLK-015923,Track Occupied,2,90.0
TRN-08702,BLK-031151,Track Occupied,1,39.9
TRN-08703,BLK-017700,Track Occupied,1,47.2
TRN-08704,BLK-011585,Track Occupied,3,51.9
TRN-08705,BLK-032480,Track Occupied,2,75.1
TRN-08706,BLK-000933,Track Occupied,3,81.2
TRN-08707,BLK-011250,Track Occupied,3,91.7
TRN-08708,BLK-004370,Track Occupied,2,87.1
TRN-08709,BLK-033561,Track Occupied,3,94.0
TRN-08710,BLK-030965,Track Occupied,3,75.0
TRN-08711,BLK-002061,Track Occupied,1,37.9
TRN-08712,BLK-018454,Track Occupied,3,48.4
TRN-08713,BLK-001787,Track Occupied,3,70.3
TRN-08714,BLK-002899,Track Occupied,3,99.0
TRN-08715,BLK-033493,Track Occupied,3,55.8
TRN-08716,BLK-022791,Track Occupied,2,81.3
TRN-08717,BLK-005032,Track Occupied,1,21.6
TRN-08718,BLK-009262,Track Occupied,3,74.6
TRN-08719,BLK-006094,Track Occupied,3,63.7
TRN-08720,BLK-028009,Track Occupied,2,64.6
TRN-08721,BLK-021754,Track Occupied,2,85.7
TRN-08721,BLK-021755,Track Occupied,2,85.7
TRN-08722,BLK-008522,Track Occupied,1,20.4
TRN-08723,BLK-015349,Track Occupied,2,54.8
TRN-08724,BLK-027036,Track Occupied,3,47.0
TRN-08725,BLK-029215,Track Occupied,3,99.0
TRN-08726,BLK-030311,Track Occupied,1,27.6
TRN-08727,BLK-033080,Track Occupied,3,41.3
TRN-08727,BLK-033081,Track Occupied,3,41.3
TRN-08728,BLK-004457,Track Occupied,2,58.8
TRN-08729,BLK-018649,Track Occupied,2,74.6
TRN-08730,BLK-029562,Track Occupied,2,53.4
TRN-08731,BLK-006759,Track Occupied,3,49.2
TRN-08732,BLK-019056,Track Occupied,1,29.5
TRN-08733,BLK-026022,Track Occupied,2,76.6
TRN-08733,BLK-026023,Track Occupied,2,76.6
TRN-08734,BLK-013452,Track Occupied,2,58.7
TRN-08735,BLK-029601,Track Occupied,2,74.4
TRN-08736,BLK-002501,Track Occupied,2,71.5
TRN-08737,BLK-027393,Track Occupied,2,69.8
TRN-08738,BLK-027947,Track Occupied,3,99.0
TRN-08738,BLK-027948,Track Occupied,3,99.0
TRN-08739,BLK-002474,Track Occupied,3,41.3
TRN-08740,BLK-025271,Track Occupied,1,37.8
TRN-08741,BLK-021075,Track Occupied,3,81.3
TRN-08742,BLK-006077,Track Occupied,3,94.3
TRN-08743,BLK-002941,Track Occupied,2,69.4
TRN-08744,BLK-003907,Track Occupied,2,45.5
TRN-08745,BLK-008287,Track Occupied,1,20.4
TRN-08746,BLK-020716,Track Occupied,2,78.2
TRN-08747,BLK-017943,Track Occupied,1,61.8
TRN-08748,BLK-030562,Track Occupied,3,66.3
TRN-08749,BLK-022373,Track Occupied,2,61.1
TRN-08750,BLK-024953,Track Occupied,3,72.3
TRN-08751,BLK-019736,Track Occupied,1,70.2
TRN-08752,BLK-027249,Track Occupied,2,99.0
TRN-08753,BLK-024729,Track Occupied,3,60.7
TRN-08754,BLK-006881,Track Occupied,1,32.5
TRN-08755,BLK-010386,Track Occupied,2,88.4
TRN-08756,BLK-023377,Track Occupied,2,68.3
TRN-08757,BLK-033538,Track Occupied,2,73.9
TRN-08758,BLK-031810,Track Occupied,3,65.9
TRN-08759,BLK-007820,Track Occupied,2,88.6
TRN-08760,BLK-000354,Track Occupied,1,17.1
TRN-08760,BLK-000355,Track Occupied,1,17.1
TRN-08761,BLK-027938,Track Occupied,1,58.7
TRN-08762,BLK-017445,Track Occupied,3,89.7
TRN-08763,BLK-027833,Track Occupied,3,59.3
TRN-08764,BLK-002771,Track Occupied,3,70.3
TRN-08765,BLK-010950,Track Occupied,2,84.9
TRN-08766,BLK-009222,Track Occupied,3,92.7
TRN-08767,BLK-026436,Track Occupied,1,40.7
TRN-08768,BLK-032117,Track Occupied,2,62.4
TRN-08769,BLK-012137,Track Occupied,2,93.9
TRN-08770,BLK-025020,Track Occupied,3,49.1
TRN-08771,BLK-007833,Track Occupied,3,58.3
TRN-08772,BLK-018626,Track Occupied,2,62.8
TRN-08773,BLK-024222,Track Occupied,1,34.6
TRN-08774,BLK-015976,Track Occupied,3,89.4
TRN-08775,BLK-005284,Track Occupied,3,82.2
TRN-08776,BLK-015542,Track Occupied,1,54.7
TRN-08777,BLK-010422,Track Occupied,3,99.0
TRN-08778,BLK-024540,Track Occupied,1,19.5
TRN-08779,BLK-021423,Track Occupied,1,24.5
TRN-08780,BLK-021484,Track Occupied,1,36.5
TRN-08781,BLK-010275,Track Occupied,1,26.7
TRN-08782,BLK-009023,Track Occupied,1,25.3
TRN-08782,BLK-009024,Track Occupied,1,25.3
TRN-08783,BLK-007612,Track Occupied,2,59.8
TRN-08784,BLK-009881,Track Occupied,2,86.1
TRN-08785,BLK-011131,Track Occupied,2,76.9
TRN-08786,BLK-013509,Track Occupied,2,72.0
TRN-08787,BLK-027723,Track Occupied,2,63.6
TRN-08788,BLK-022576,Track Occupied,3,85.7
TRN-08789,BLK-013973,Track Occupied,2,90.4
TRN-08790,BLK-007395,Track Occupied,3,69.1
TRN-08791,BLK-031716,Track Occupied,2,42.9
TRN-08792,BLK-005351,Track Occupied,2,76.9
TRN-08792,BLK-005352,Track Occupied,2,76.9
TRN-08793,BLK-024374,Track Occupied,3,44.0
TRN-08794,BLK-019909,Track Occupied,2,67.5
TRN-08795,BLK-020356,Track Occupied,3,99.0
TRN-08796,BLK-012801,Track Occupied,2,87.9
TRN-08797,BLK-033451,Track Occupied,3,85.5
TRN-08798,BLK-009021,Track Occupied,3,78.6
TRN-08799,BLK-020719,Track Occupied,2,81.1
TRN-08800,BLK-000566,Track Occupied,1,30.6
TRN-08801,BLK-027437,Track Occupied,2,55.7
TRN-08802,BLK-030210,Track Occupied,2,62.9
TRN-08802,BLK-030211,Track Occupied,2,62.9
TRN-08803,BLK-023056,Track Occupied,1,18.7
TRN-08804,BLK-029925,Track Occupied,3,48.3
TRN-08805,BLK-018825,Track Occupied,3,89.2
TRN-08806,BLK-003982,Track Occupied,1,44.8
TRN-08806,BLK-003983,Track Occupied,1,44.8
TRN-08807,BLK-012059,Track Occupied,3,86.3
TRN-08808,BLK-001424,Track Occupied,3,99.0
TRN-08809,BLK-018359,Track Occupied,2,80.8
TRN-08809,BLK-018360,Track Occupied,2,80.8
TRN-08810,BLK-004535,Track Occupied,1,28.8
TRN-08811,BLK-021377,Track Occupied,2,73.9
TRN-08812,BLK-021550,Track Occupied,2,99.0
TRN-08813,BLK-015990,Track Occupied,3,99.0
TRN-08814,BLK-024762,Track Occupied,3,99.0
TRN-08815,BLK-019938,Track Occupied,2,66.7
TRN-08816,BLK-031894,Track Occupied,2,70.8
TRN-08817,BLK-004011,Track Occupied,2,56.0
TRN-08818,BLK-002308,Track Occupied,3,32.0
TRN-08819,BLK-021633,Track Occupied,3,72.7
TRN-08820,BLK-003376,Track Occupied,3,89.2
TRN-08821,BLK-031713,Track Occupied,3,48.3
TRN-08822,BLK-008630,Track Occupied,3,58.0
TRN-08823,BLK-020153,Track Occupied,3,75.3
TRN-08824,BLK-004669,Track Occupied,1,37.2
TRN-08824,BLK-004670,Track Occupied,1,37.2
TRN-08825,BLK-010152,Track Occupied,3,50.9
TRN-08826,BLK-025903,Track Occupied,1,40.0
TRN-08827,BLK-025860,Track Occupied,3,81.7
TRN-08828,BLK-013354,Track Occupied,2,89.0
TRN-08829,BLK-029425,Track Occupied,2,72.5
TRN-08830,BLK-011417,Track Occupied,1,42.4
TRN-08831,BLK-001308,Track Occupied,2,99.0
TRN-08832,BLK-025004,Track Occupied,2,59.4
TRN-08833,BLK-020219,Track Occupied,3,97.3
TRN-08833,BLK-020220,Track Occupied,3,97.3
TRN-08834,BLK-022602,Track Occupied,3,92.1
TRN-08835,BLK-001928,Track Occupied,3,49.4
TRN-08836,BLK-001000,Track Occupied,3,67.2
TRN-08837,BLK-016745,Track Occupied,2,48.1
TRN-08838,BLK-000088,Track Occupied,2,45.2
TRN-08839,BLK-009110,Track Occupied,3,86.2
TRN-08840,BLK-019103,Track Occupied,3,60.1
TRN-08841,BLK-000096,Track Occupied,3,66.9
TRN-08842,BLK-019585,Track Occupied,3,76.5
TRN-08843,BLK-010670,Track Occupied,2,73.4
TRN-08844,BLK-021564,Track Occupied,2,84.1
TRN-08845,BLK-007710,Track Occupied,2,67.9
TRN-08846,BLK-016642,Track Occupied,3,73.9
TRN-08847,BLK-016785,Track Occupied,1,39.7
TRN-08848,BLK-002381,Track Occupied,3,82.1
TRN-08849,BLK-014089,Track Occupied,3,62.2
TRN-08850,BLK-032023,Track Occupied,2,61.5
TRN-08851,BLK-011824,Track Occupied,3,78.1
TRN-08852,BLK-000748,Track Occupied,3,66.1
TRN-08852,BLK-000749,Track Occupied,3,66.1
TRN-08853,BLK-032231,Track Occupied,2,93.8
TRN-08854,BLK-011355,Track Occupied,2,82.8
TRN-08855,BLK-003404,Track Occupied,2,88.6
TRN-08856,BLK-024792,Track Occupied,3,82.1
TRN-08857,BLK-005079,Track Occupied,2,82.9
TRN-08858,BLK-006448,Track Occupied,2,85.5
TRN-08859,BLK-025036,Track Occupied,2,99.0
TRN-08859,BLK-025037,Track Occupied,2,99.0
TRN-08860,BLK-011125,Track Occupied,3,59.8
TRN-08861,BLK-001912,Track Occupied,2,91.1
TRN-08862,BLK-019179,Track Occupied,2,82.8
TRN-08863,BLK-019192,Track Occupied,2,77.4
TRN-08864,BLK-006574,Track Occupied,3,83.7
TRN-08865,BLK-019880,Track Occupied,1,28.6
TRN-08866,BLK-020188,Track Occupied,3,73.7
TRN-08867,BLK-024014,Track Occupied,2,73.2
TRN-08868,BLK-021977,Track Occupied,2,72.9
TRN-08869,BLK-027377,Track Occupied,1,47.2
TRN-08870,BLK-020777,Track Occupied,2,53.4
TRN-08871,BLK-020595,Track Occupied,1,54.3
TRN-08872,BLK-016969,Track Occupied,2,83.6
TRN-08873,BLK-003209,Track Occupied,1,30.1
TRN-08874,BLK-004247,Track Occupied,3,73.5
TRN-08875,BLK-007307,Track Occupied,1,29.7
TRN-08876,BLK-026909,Track Occupied,3,86.5
TRN-08877,BLK-005449,Track Occupied,3,58.5
TRN-08878,BLK-000463,Track Occupied,2,69.3
TRN-08879,BLK-009639,Track Occupied,2,55.4
TRN-08880,BLK-030509,Track Occupied,2,75.6
TRN-08881,BLK-023462,Track Occupied,2,93.8
TRN-08882,BLK-000186,Track Occupied,2,62.0
TRN-08883,BLK-027523,Track Occupied,1,42.9
TRN-08884,BLK-022956,Track Occupied,3,83.8
TRN-08885,BLK-004763,Track Occupied,2,82.5
TRN-08886,BLK-032165,Track Occupied,3,67.1
TRN-08887,BLK-030005,Track Occupied,2,99.0
TRN-08888,BLK-018669,Track Occupied,2,99.0
TRN-08889,BLK-024694,Track Occupied,2,84.4
TRN-08890,BLK-015815,Track Occupied,3,53.8
TRN-08891,BLK-024808,Track Occupied,3,55.9
TRN-08892,BLK-017576,Track Occupied,3,76.2
TRN-08893,BLK-012796,Track Occupied,2,99.0
TRN-08894,BLK-010349,Track Occupied,3,70.4
TRN-08895,BLK-004365,Track Occupied,2,75.8
TRN-08895,BLK-004366,Track Occupied,2,75.8
TRN-08896,BLK-016689,Track Occupied,3,54.0
TRN-08896,BLK-016690,Track Occupied,3,54.0
TRN-08897,BLK-021258,Track Occupied,3,70.1
TRN-08898,BLK-005968,Track Occupied,3,73.7
TRN-08899,BLK-000841,Track Occupied,1,44.4
TRN-08900,BLK-021069,Track Occupied,3,97.0
TRN-08901,BLK-026605,Track Occupied,2,99.0
TRN-08902,BLK-023108,Track Occupied,1,50.9
TRN-08903,BLK-007696,Track Occupied,3,78.1
TRN-08904,BLK-014479,Track Occupied,2,80.7
TRN-08905,BLK-001427,Track Occupied,1,37.4
TRN-08905,BLK-001428,Track Occupied,1,37.4
TRN-08906,BLK-007365,Track Occupied,2,83.9
TRN-08907,BLK-028430,Track Occupied,2,66.1
TRN-08908,BLK-008892,Track Occupied,3,63.5
TRN-08909,BLK-011862,Track Occupied,1,33.1
TRN-08910,BLK-018280,Track Occupied,3,86.5
TRN-08911,BLK-032500,Track Occupied,2,55.9
TRN-08912,BLK-010103,Track Occupied,1,27.5
TRN-08913,BLK-012618,Track Occupied,3,53.5
TRN-08914,BLK-018706,Track Occupied,3,65.7
TRN-08915,BLK-012798,Track Occupied,2,64.7
TRN-08916,BLK-032874,Track Occupied,2,71.6
TRN-08917,BLK-030082,Track Occupied,3,71.4
TRN-08918,BLK-031921,Track Occupied,2,90.8
TRN-08919,BLK-011131,Track Occupied,3,71.1
TRN-08920,BLK-013798,Track Occupied,3,96.3
TRN-08921,BLK-022637,Track Occupied,1,25.9
TRN-08922,BLK-025357,Track Occupied,2,98.3
TRN-08923,BLK-018575,Track Occupied,2,99.0
TRN-08924,BLK-023610,Track Occupied,2,45.5
TRN-08925,BLK-000611,Track Occupied,1,51.9
TRN-08926,BLK-015501,Track Occupied,3,66.1
TRN-08927,BLK-025875,Track Occupied,2,69.0
TRN-08928,BLK-004488,Track Occupied,3,71.9
TRN-08929,BLK-023509,Track Occupied,2,71.3
TRN-08929,BLK-023510,Track Occupied,2,71.3
TRN-08930,BLK-015657,Track Occupied,2,57.6
TRN-08931,BLK-016472,Track Occupied,3,85.6
TRN-08932,BLK-017679,Track Occupied,3,66.3
TRN-08933,BLK-026812,Track Occupied,3,43.2
TRN-08934,BLK-023505,Track Occupied,1,47.3
TRN-08935,BLK-030409,Track Occupied,2,57.5
TRN-08936,BLK-015967,Track Occupied,3,89.6
TRN-08937,BLK-025005,Track Occupied,2,73.0
TRN-08938,BLK-007826,Track Occupied,2,55.5
TRN-08939,BLK-011011,Track Occupied,3,83.9
TRN-08940,BLK-001847,Track Occupied,2,94.6
TRN-08941,BLK-003036,Track Occupied,1,28.7
TRN-08942,BLK-026625,Track Occupied,3,81.3
TRN-08943,BLK-026278,Track Occupied,2,55.8
TRN-08944,BLK-011965,Track Occupied,3,34.8
TRN-08945,BLK-006194,Track Occupied,1,27.5
TRN-08946,BLK-006733,Track Occupied,2,51.4
TRN-08947,BLK-006996,Track Occupied,3,64.2
TRN-08948,BLK-019084,Track Occupied,3,70.9
TRN-08949,BLK-030887,Track Occupied,1,29.7
TRN-08950,BLK-015279,Track Occupied,3,77.6
TRN-08950,BLK-015280,Track Occupied,3,77.6
TRN-08951,BLK-026553,Track Occupied,3,76.9
TRN-08952,BLK-022704,Track Occupied,1,16.6
TRN-08953,BLK-002654,Track Occupied,2,70.2
TRN-08954,BLK-000538,Track Occupied,2,83.2
TRN-08955,BLK-023673,Track Occupied,3,45.7
TRN-08956,BLK-027787,Track Occupied,3,69.4
TRN-08957,BLK-012961,Track Occupied,2,58.6
TRN-08958,BLK-009617,Track Occupied,3,99.0
TRN-08959,BLK-027502,Track Occupied,1,55.4
TRN-08960,BLK-008185,Track Occupied,1,52.5
TRN-08960,BLK-008186,Track Occupied,1,52.5
TRN-08961,BLK-014787,Track Occupied,2,82.8
TRN-08962,BLK-028131,Track Occupied,3,63.9
TRN-08963,BLK-004867,Track Occupied,3,69.6
TRN-08964,BLK-006709,Track Occupied,3,56.1
TRN-08965,BLK-028580,Track Occupied,2,93.6
TRN-08966,BLK-025644,Track Occupied,3,48.9
TRN-08967,BLK-017593,Track Occupied,2,45.3
TRN-08968,BLK-016834,Track Occupied,3,77.8
TRN-08968,BLK-016835,Track Occupied,3,77.8
TRN-08969,BLK-009686,Track Occupied,3,49.5
TRN-08969,BLK-009687,Track Occupied,3,49.5
TRN-08970,BLK-023298,Track Occupied,2,59.8
TRN-08971,BLK-021599,Track Occupied,2,84.6
TRN-08971,BLK-021600,Track Occupied,2,84.6
TRN-08972,BLK-001614,Track Occupied,1,34.4
TRN-08972,BLK-001615,Track Occupied,1,34.4
TRN-08973,BLK-012075,Track Occupied,2,40.8
TRN-08974,BLK-018032,Track Occupied,3,72.6
TRN-08975,BLK-031340,Track Occupied,3,49.6
TRN-08976,BLK-027728,Track Occupied,1,20.8
TRN-08977,BLK-013274,Track Occupied,1,58.8
TRN-08978,BLK-017340,Track Occupied,2,72.7
TRN-08979,BLK-028319,Track Occupied,3,76.1
TRN-08980,BLK-022101,Track Occupied,2,65.4
TRN-08980,BLK-022102,Track Occupied,2,65.4
TRN-08981,BLK-029914,Track Occupied,3,65.5
TRN-08982,BLK-001577,Track Occupied,2,92.7
TRN-08983,BLK-001725,Track Occupied,2,63.9
TRN-08984,BLK-003707,Track Occupied,1,46.8
TRN-08985,BLK-028902,Track Occupied,2,88.7
TRN-08986,BLK-020275,Track Occupied,2,95.0
TRN-08987,BLK-029024,Track Occupied,1,16.9
TRN-08988,BLK-018195,Track Occupied,2,85.5
TRN-08989,BLK-013839,Track Occupied,3,64.0
TRN-08990,BLK-007842,Track Occupied,2,45.7
TRN-08991,BLK-015649,Track Occupied,3,74.3
TRN-08991,BLK-015650,Track Occupied,3,74.3
TRN-08992,BLK-019040,Track Occupied,2,77.0
TRN-08993,BLK-033152,Track Occupied,2,86.7
TRN-08994,BLK-002303,Track Occupied,2,41.5
TRN-08995,BLK-002238,Track Occupied,1,38.2
TRN-08996,BLK-029372,Track Occupied,3,87.4
TRN-08997,BLK-028935,Track Occupied,1,40.9
TRN-08998,BLK-007437,Track Occupied,2,66.7
TRN-08999,BLK-005996,Track Occupied,3,99.0
TRN-09000,BLK-019290,Track Occupied,3,58.0
TRN-09001,BLK-011676,Track Occupied,3,72.9
TRN-09002,BLK-013558,Track Occupied,1,46.4
TRN-09003,BLK-028757,Track Occupied,3,68.3
TRN-09004,BLK-004766,Track Occupied,2,98.6
TRN-09005,BLK-003879,Track Occupied,1,44.0
TRN-09006,BLK-027197,Track Occupied,2,80.9
TRN-09007,BLK-032786,Track Occupied,2,73.1
TRN-09008,BLK-002343,Track Occupied,3,27.8
TRN-09009,BLK-011430,Track Occupied,2,53.1
TRN-09010,BLK-010591,Track Occupied,3,64.9
TRN-09011,BLK-030954,Track Occupied,2,66.5
TRN-09012,BLK-013268,Track Occupied,2,77.4
TRN-09013,BLK-013774,Track Occupied,2,62.9
TRN-09014,BLK-014572,Track Occupied,3,70.4
TRN-09015,BLK-006228,Track Occupied,3,94.1
TRN-09016,BLK-004094,Track Occupied,3,97.5
TRN-09017,BLK-017003,Track Occupied,2,69.6
TRN-09018,BLK-005267,Track Occupied,3,49.0
TRN-09019,BLK-011261,Track Occupied,2,61.2
TRN-09020,BLK-025343,Track Occupied,1,40.8
TRN-09021,BLK-000502,Track Occupied,1,44.7
TRN-09022,BLK-008444,Track Occupied,2,68.0
TRN-09023,BLK-023052,Track Occupied,1,25.9
TRN-09024,BLK-016615,Track Occupied,2,97.5
TRN-09025,BLK-019286,Track Occupied,1,56.9
TRN-09025,BLK-019287,Track Occupied,1,56.9
TRN-09026,BLK-014298,Track Occupied,2,99.0
TRN-09027,BLK-022587,Track Occupied,3,76.3
TRN-09028,BLK-014865,Track Occupied,3,54.5
TRN-09029,BLK-003607,Track Occupied,3,86.9
TRN-09030,BLK-014769,Track Occupied,2,95.7
TRN-09031,BLK-027323,Track Occupied,2,92.1
TRN-09032,BLK-015842,Track Occupied,2,94.2
TRN-09033,BLK-011205,Track Occupied,3,99.0
TRN-09033,BLK-011206,Track Occupied,3,99.0
TRN-09034,BLK-016759,Track Occupied,2,67.2
TRN-09035,BLK-019828,Track Occupied,3,66.6
TRN-09036,BLK-001687,Track Occupied,2,71.2
TRN-09037,BLK-011010,Track Occupied,1,36.6
TRN-09037,BLK-011011,Track Occupied,1,36.6
TRN-09038,BLK-019537,Track Occupied,3,62.6
TRN-09039,BLK-017462,Track Occupied,3,60.3
TRN-09040,BLK-033092,Track Occupied,2,67.0
TRN-09041,BLK-025214,Track Occupied,2,67.9
TRN-09042,BLK-028391,Track Occupied,2,80.0
TRN-09043,BLK-028067,Track Occupied,1,34.3
TRN-09043,BLK-028068,Track Occupied,1,34.3
TRN-09044,BLK-002224,Track Occupied,3,99.0
TRN-09045,BLK-025932,Track Occupied,1,32.7
TRN-09046,BLK-003463,Track Occupied,3,58.4
TRN-09047,BLK-032981,Track Occupied,3,60.8
TRN-09048,BLK-028172,Track Occupied,3,90.5
TRN-09049,BLK-000752,Track Occupied,2,97.4
TRN-09050,BLK-008840,Track Occupied,2,98.1
TRN-09051,BLK-006689,Track Occupied,2,90.6
TRN-09052,BLK-031246,Track Occupied,2,79.6
TRN-09053,BLK-015699,Track Occupied,3,78.6
TRN-09054,BLK-020132,Track Occupied,3,51.0
TRN-09055,BLK-020349,Track Occupied,3,81.2
TRN-09056,BLK-015633,Track Occupied,3,67.3
TRN-09057,BLK-032718,Track Occupied,1,53.7
TRN-09058,BLK-028658,Track Occupied,3,84.9
TRN-09059,BLK-016281,Track Occupied,3,79.9
TRN-09060,BLK-018654,Track Occupied,3,81.0
TRN-09061,BLK-001736,Track Occupied,3,75.9
TRN-09062,BLK-026618,Track Occupied,2,99.0
TRN-09063,BLK-017722,Track Occupied,3,71.2
TRN-09064,BLK-029548,Track Occupied,2,69.1
TRN-09065,BLK-027524,Track Occupied,3,66.2
TRN-09065,BLK-027525,Track Occupied,3,66.2
TRN-09066,BLK-006295,Track Occupied,2,83.1
TRN-09067,BLK-026737,Track Occupied,2,74.3
TRN-09068,BLK-029822,Track Occupied,3,86.6
TRN-09069,BLK-027289,Track Occupied,2,99.0
TRN-09070,BLK-020461,Track Occupied,3,99.0
TRN-09071,BLK-032566,Track Occupied,1,47.5
TRN-09072,BLK-028372,Track Occupied,2,90.3
TRN-09073,BLK-022782,Track Occupied,1,39.2
TRN-09073,BLK-022783,Track Occupied,1,39.2
TRN-09074,BLK-014600,Track Occupied,3,65.0
TRN-09075,BLK-010771,Track Occupied,1,13.6
TRN-09076,BLK-000410,Track Occupied,3,46.0
TRN-09077,BLK-002384,Track Occupied,2,48.2
TRN-09078,BLK-032925,Track Occupied,2,78.2
TRN-09079,BLK-004163,Track Occupied,1,23.9
TRN-09080,BLK-033208,Track Occupied,3,57.5
TRN-09081,BLK-003538,Track Occupied,3,83.6
TRN-09082,BLK-006983,Track Occupied,2,66.8
TRN-09083,BLK-002973,Track Occupied,3,66.8
TRN-09084,BLK-010989,Track Occupied,1,32.7
TRN-09085,BLK-010661,Track Occupied,3,79.2
TRN-09085,BLK-010662,Track Occupied,3,79.2
TRN-09086,BLK-024383,Track Occupied,3,62.5
TRN-09087,BLK-020066,Track Occupied,1,31.7
TRN-09088,BLK-011211,Track Occupied,3,40.3
TRN-09089,BLK-020437,Track Occupied,2,84.5
TRN-09090,BLK-001088,Track Occupied,2,44.2
TRN-09091,BLK-017239,Track Occupied,2,68.5
TRN-09092,BLK-023473,Track Occupied,3,79.9
TRN-09093,BLK-003449,Track Occupied,3,89.1
TRN-09094,BLK-004712,Track Occupied,2,53.9
TRN-09095,BLK-001103,Track Occupied,1,18.3
TRN-09096,BLK-020141,Track Occupied,3,53.6
TRN-09097,BLK-000355,Track Occupied,3,70.4
TRN-09098,BLK-028187,Track Occupied,3,99.0
TRN-09099,BLK-017202,Track Occupied,2,69.3
TRN-09100,BLK-033007,Track Occupied,3,65.1
TRN-09101,BLK-008534,Track Occupied,1,26.0
TRN-09101,BLK-008535,Track Occupied,1,26.0
TRN-09102,BLK-005267,Track Occupied,3,81.8
TRN-09103,BLK-029535,Track Occupied,3,62.7
TRN-09104,BLK-008388,Track Occupied,1,33.8
TRN-09105,BLK-007618,Track Occupied,3,76.0
TRN-09106,BLK-013046,Track Occupied,3,75.5
TRN-09107,BLK-015224,Track Occupied,3,86.0
TRN-09108,BLK-032754,Track Occupied,1,17.5
TRN-09108,BLK-032755,Track Occupied,1,17.5
TRN-09109,BLK-023176,Track Occupied,3,58.0
TRN-09110,BLK-007017,Track Occupied,3,86.7
TRN-09111,BLK-013084,Track Occupied,2,69.7
TRN-09112,BLK-024197,Track Occupied,3,72.2
TRN-09113,BLK-029613,Track Occupied,1,33.7
TRN-09113,BLK-029614,Track Occupied,1,33.7
TRN-09114,BLK-022441,Track Occupied,2,81.2
TRN-09115,BLK-009898,Track Occupied,2,55.6
TRN-09116,BLK-033540,Track Occupied,2,85.2
TRN-09117,BLK-029057,Track Occupied,2,62.0
TRN-09118,BLK-002671,Track Occupied,2,42.3
TRN-09119,BLK-024446,Track Occupied,3,70.4
TRN-09120,BLK-028581,Track Occupied,2,99.0
TRN-09121,BLK-021261,Track Occupied,3,99.0
TRN-09122,BLK-010668,Track Occupied,2,52.5
TRN-09123,BLK-031750,Track Occupied,3,77.8
TRN-09124,BLK-005188,Track Occupied,3,72.4
TRN-09124,BLK-005189,Track Occupied,3,72.4
TRN-09125,BLK-013694,Track Occupied,2,62.3
TRN-09126,BLK-004229,Track Occupied,3,57.9
TRN-09127,BLK-024967,Track Occupied,3,90.3
TRN-09128,BLK-008147,Track Occupied,2,63.6
TRN-09129,BLK-012839,Track Occupied,1,38.2
TRN-09130,BLK-029726,Track Occupied,1,44.2
TRN-09131,BLK-018824,Track Occupied,3,25.0
TRN-09132,BLK-012322,Track Occupied,2,55.7
TRN-09133,BLK-028176,Track Occupied,3,43.0
TRN-09134,BLK-018891,Track Occupied,2,61.5
TRN-09135,BLK-029167,Track Occupied,3,72.8
TRN-09136,BLK-008746,Track Occupied,3,87.2
TRN-09137,BLK-001172,Track Occupied,3,92.0
TRN-09138,BLK-028939,Track Occupied,3,88.5
TRN-09139,BLK-005814,Track Occupied,3,80.0
TRN-09140,BLK-018988,Track Occupied,2,84.2
TRN-09141,BLK-024909,Track Occupied,3,57.3
TRN-09142,BLK-000896,Track Occupied,2,78.4
TRN-09143,BLK-023001,Track Occupied,1,38.4
TRN-09144,BLK-016217,Track Occupied,2,74.0
TRN-09145,BLK-005888,Track Occupied,1,53.9
TRN-09146,BLK-032233,Track Occupied,3,86.6
TRN-09147,BLK-028772,Track Occupied,2,68.9
TRN-09148,BLK-016771,Track Occupied,2,48.6
TRN-09149,BLK-008932,Track Occupied,2,58.7
TRN-09150,BLK-011676,Track Occupied,3,49.4
TRN-09151,BLK-032159,Track Occupied,3,42.5
TRN-09152,BLK-021254,Track Occupied,2,74.7
TRN-09153,BLK-006049,Track Occupied,2,89.9
TRN-09154,BLK-028448,Track Occupied,3,69.9
TRN-09154,BLK-028449,Track Occupied,3,69.9
TRN-09155,BLK-022343,Track Occupied,2,91.1
TRN-09155,BLK-022344,Track Occupied,2,91.1
TRN-09156,BLK-018091,Track Occupied,2,72.2
TRN-09157,BLK-017456,Track Occupied,1,7.8
TRN-09158,BLK-000305,Track Occupied,2,41.4
TRN-09159,BLK-005891,Track Occupied,1,14.9
TRN-09160,BLK-011553,Track Occupied,3,67.3
TRN-09161,BLK-027258,Track Occupied,2,64.5
TRN-09162,BLK-017451,Track Occupied,1,11.0
TRN-09163,BLK-026928,Track Occupied,2,88.8
TRN-09164,BLK-018639,Track Occupied,2,57.4
TRN-09165,BLK-031357,Track Occupied,3,90.1
TRN-09165,BLK-031358,Track Occupied,3,90.1
TRN-09166,BLK-025459,Track Occupied,3,99.0
TRN-09167,BLK-000229,Track Occupied,3,99.0
TRN-09168,BLK-008297,Track Occupied,2,79.0
TRN-09169,BLK-000565,Track Occupied,2,89.5
TRN-09170,BLK-020924,Track Occupied,2,89.9
TRN-09171,BLK-003847,Track Occupied,2,80.1
TRN-09171,BLK-003848,Track Occupied,2,80.1
TRN-09172,BLK-025895,Track Occupied,2,42.3
TRN-09173,BLK-001842,Track Occupied,3,67.3
TRN-09174,BLK-014946,Track Occupied,2,65.4
TRN-09175,BLK-003822,Track Occupied,3,84.4
TRN-09176,BLK-008077,Track Occupied,3,64.9
TRN-09177,BLK-023346,Track Occupied,1,12.8
TRN-09178,BLK-005009,Track Occupied,2,75.9
TRN-09179,BLK-030347,Track Occupied,2,25.0
TRN-09180,BLK-021749,Track Occupied,2,83.1
TRN-09181,BLK-031126,Track Occupied,3,49.6
TRN-09182,BLK-033395,Track Occupied,2,63.7
TRN-09183,BLK-009042,Track Occupied,2,53.8
TRN-09184,BLK-017651,Track Occupied,3,85.8
TRN-09185,BLK-015142,Track Occupied,2,70.3
TRN-09186,BLK-018127,Track Occupied,2,69.3
TRN-09187,BLK-020652,Track Occupied,3,54.2
TRN-09188,BLK-001823,Track Occupied,2,80.4
TRN-09189,BLK-027642,Track Occupied,2,68.0
TRN-09190,BLK-022618,Track Occupied,2,82.1
TRN-09191,BLK-022204,Track Occupied,2,72.0
TRN-09191,BLK-022205,Track Occupied,2,72.0
TRN-09192,BLK-009684,Track Occupied,2,43.0
TRN-09193,BLK-001974,Track Occupied,1,44.8
TRN-09194,BLK-011099,Track Occupied,1,36.4
TRN-09194,BLK-011100,Track Occupied,1,36.4
TRN-09195,BLK-029095,Track Occupied,2,57.8
TRN-09196,BLK-022299,Track Occupied,2,49.2
TRN-09197,BLK-011083,Track Occupied,1,38.8
TRN-09198,BLK-006467,Track Occupied,1,24.8
TRN-09199,BLK-003287,Track Occupied,2,76.8
TRN-09200,BLK-005337,Track Occupied,3,69.5
TRN-09201,BLK-016378,Track Occupied,2,75.5
TRN-09202,BLK-029482,Track Occupied,1,37.8
TRN-09203,BLK-016623,Track Occupied,1,35.0
TRN-09204,BLK-025822,Track Occupied,3,79.6
TRN-09205,BLK-009727,Track Occupied,2,70.2
TRN-09206,BLK-004217,Track Occupied,3,80.9
TRN-09207,BLK-027373,Track Occupied,1,5.0
TRN-09208,BLK-030121,Track Occupied,2,71.3
TRN-09209,BLK-025430,Track Occupied,2,78.7
TRN-09210,BLK-028232,Track Occupied,3,38.7
TRN-09211,BLK-009163,Track Occupied,3,45.4
TRN-09212,BLK-000906,Track Occupied,3,73.4
TRN-09213,BLK-022701,Track Occupied,3,81.5
TRN-09214,BLK-001832,Track Occupied,3,93.1
TRN-09215,BLK-027027,Track Occupied,1,26.2
TRN-09216,BLK-004365,Track Occupied,2,71.4
TRN-09217,BLK-013423,Track Occupied,3,52.6
TRN-09218,BLK-023429,Track Occupied,3,81.9
TRN-09219,BLK-026320,Track Occupied,2,68.4
TRN-09220,BLK-018205,Track Occupied,1,21.5
TRN-09221,BLK-002189,Track Occupied,2,85.2
TRN-09221,BLK-002190,Track Occupied,2,85.2
TRN-09222,BLK-006282,Track Occupied,1,34.9
TRN-09223,BLK-023196,Track Occupied,2,78.0
TRN-09224,BLK-027215,Track Occupied,2,97.5
TRN-09225,BLK-015770,Track Occupied,2,99.0
TRN-09225,BLK-015771,Track Occupied,2,99.0
TRN-09226,BLK-020226,Track Occupied,2,82.4
TRN-09227,BLK-004693,Track Occupied,2,85.8
TRN-09228,BLK-027215,Track Occupied,3,65.5
TRN-09229,BLK-018263,Track Occupied,2,70.6
TRN-09230,BLK-015038,Track Occupied,1,33.2
TRN-09231,BLK-015189,Track Occupied,2,61.5
TRN-09232,BLK-020491,Track Occupied,2,62.3
TRN-09233,BLK-009506,Track Occupied,2,59.3
TRN-09234,BLK-027320,Track Occupied,2,98.7
TRN-09234,BLK-027321,Track Occupied,2,98.7
TRN-09235,BLK-004184,Track Occupied,3,60.1
TRN-09236,BLK-002683,Track Occupied,2,56.5
TRN-09237,BLK-016274,Track Occupied,2,49.6
TRN-09238,BLK-004579,Track Occupied,3,60.5
TRN-09239,BLK-002344,Track Occupied,3,64.4
TRN-09240,BLK-014745,Track Occupied,2,54.6
TRN-09241,BLK-002909,Track Occupied,2,55.3
TRN-09242,BLK-008112,Track Occupied,1,39.4
TRN-09243,BLK-031621,Track Occupied,3,56.5
TRN-09244,BLK-029957,Track Occupied,1,47.3
TRN-09245,BLK-009514,Track Occupied,1,32.6
TRN-09246,BLK-023561,Track Occupied,1,36.6
TRN-09247,BLK-002768,Track Occupied,3,42.7
TRN-09248,BLK-024657,Track Occupied,3,56.8
TRN-09249,BLK-015248,Track Occupied,3,54.2
TRN-09250,BLK-022887,Track Occupied,3,91.5
TRN-09251,BLK-005293,Track Occupied,1,46.9
TRN-09251,BLK-005294,Track Occupied,1,46.9
TRN-09252,BLK-014707,Track Occupied,2,73.2
TRN-09253,BLK-006687,Track Occupied,3,36.5
TRN-09254,BLK-000571,Track Occupied,3,71.8
TRN-09255,BLK-025198,Track Occupied,2,64.1
TRN-09256,BLK-027152,Track Occupied,3,73.0
TRN-09257,BLK-024061,Track Occupied,2,78.9
TRN-09258,BLK-018389,Track Occupied,2,99.0
TRN-09259,BLK-008731,Track Occupied,3,51.1
TRN-09260,BLK-026804,Track Occupied,2,63.3
TRN-09261,BLK-011674,Track Occupied,1,34.6
TRN-09262,BLK-017028,Track Occupied,3,51.6
TRN-09263,BLK-010469,Track Occupied,3,59.7
TRN-09264,BLK-007768,Track Occupied,3,72.7
TRN-09265,BLK-001944,Track Occupied,3,57.6
TRN-09266,BLK-012014,Track Occupied,2,77.9
TRN-09267,BLK-025562,Track Occupied,3,70.6
TRN-09267,BLK-025563,Track Occupied,3,70.6
TRN-09268,BLK-001387,Track Occupied,3,77.7
TRN-09269,BLK-021871,Track Occupied,3,91.2
TRN-09270,BLK-005645,Track Occupied,2,61.9
TRN-09271,BLK-030093,Track Occupied,1,41.3
TRN-09272,BLK-032746,Track Occupied,3,84.4
TRN-09273,BLK-011714,Track Occupied,2,74.4
TRN-09274,BLK-020394,Track Occupied,2,64.2
TRN-09275,BLK-026636,Track Occupied,3,72.8
TRN-09276,BLK-029846,Track Occupied,3,71.9
TRN-09277,BLK-029549,Track Occupied,2,49.4
TRN-09278,BLK-024818,Track Occupied,1,21.6
TRN-09279,BLK-015691,Track Occupied,3,93.9
TRN-09280,BLK-009065,Track Occupied,2,64.7
TRN-09281,BLK-008077,Track Occupied,3,68.4
TRN-09282,BLK-019684,Track Occupied,2,78.2
TRN-09283,BLK-004998,Track Occupied,3,70.2
TRN-09284,BLK-023769,Track Occupied,3,61.4
TRN-09285,BLK-032858,Track Occupied,3,54.7
TRN-09286,BLK-033099,Track Occupied,2,62.7
TRN-09287,BLK-025952,Track Occupied,1,26.1
TRN-09288,BLK-021287,Track Occupied,3,57.2
TRN-09289,BLK-008495,Track Occupied,2,86.3
TRN-09290,BLK-022275,Track Occupied,2,77.6
TRN-09291,BLK-030807,Track Occupied,3,54.3
TRN-09291,BLK-030808,Track Occupied,3,54.3
TRN-09292,BLK-018787,Track Occupied,3,67.2
TRN-09293,BLK-029953,Track Occupied,3,89.0
TRN-09294,BLK-016565,Track Occupied,3,54.6
TRN-09295,BLK-016735,Track Occupied,2,72.7
TRN-09296,BLK-031936,Track Occupied,2,97.2
TRN-09297,BLK-011191,Track Occupied,3,92.2
TRN-09298,BLK-005495,Track Occupied,2,70.2
TRN-09299,BLK-012554,Track Occupied,3,88.5
TRN-09300,BLK-000553,Track Occupied,2,99.0
TRN-09301,BLK-001240,Track Occupied,2,90.6
TRN-09302,BLK-031690,Track Occupied,2,41.7
TRN-09303,BLK-030551,Track Occupied,2,92.2
TRN-09304,BLK-003562,Track Occupied,1,43.1
TRN-09305,BLK-026448,Track Occupied,3,52.1
TRN-09306,BLK-007787,Track Occupied,2,99.0
TRN-09307,BLK-009905,Track Occupied,2,59.7
TRN-09308,BLK-013641,Track Occupied,2,65.2
TRN-09309,BLK-010207,Track Occupied,3,79.3
TRN-09310,BLK-020959,Track Occupied,3,70.5
TRN-09311,BLK-033455,Track Occupied,3,76.8
TRN-09312,BLK-015292,Track Occupied,3,76.6
TRN-09313,BLK-000665,Track Occupied,2,67.9
TRN-09314,BLK-023739,Track Occupied,2,57.3
TRN-09315,BLK-008641,Track Occupied,1,34.3
TRN-09316,BLK-033589,Track Occupied,3,53.5
TRN-09316,BLK-033590,Track Occupied,3,53.5
TRN-09317,BLK-000176,Track Occupied,3,76.8
TRN-09318,BLK-028150,Track Occupied,3,95.0
TRN-09319,BLK-005756,Track Occupied,2,87.9
TRN-09320,BLK-023006,Track Occupied,3,73.4
TRN-09321,BLK-020695,Track Occupied,3,65.5
TRN-09322,BLK-011160,Track Occupied,3,81.3
TRN-09323,BLK-026969,Track Occupied,3,81.7
TRN-09324,BLK-011221,Track Occupied,2,75.8
TRN-09325,BLK-022982,Track Occupied,2,71.0
TRN-09326,BLK-020722,Track Occupied,3,71.6
TRN-09327,BLK-013728,Track Occupied,3,72.2
TRN-09328,BLK-019068,Track Occupied,1,44.8
TRN-09329,BLK-001102,Track Occupied,2,80.1
TRN-09330,BLK-026391,Track Occupied,3,68.0
TRN-09331,BLK-029916,Track Occupied,1,23.0
TRN-09332,BLK-012639,Track Occupied,1,30.6
TRN-09333,BLK-020141,Track Occupied,3,47.7
TRN-09334,BLK-011061,Track Occupied,2,80.4
TRN-09335,BLK-022272,Track Occupied,2,92.4
TRN-09336,BLK-019160,Track Occupied,2,56.9
TRN-09337,BLK-018582,Track Occupied,1,39.2
TRN-09338,BLK-007146,Track Occupied,3,91.8
TRN-09339,BLK-022579,Track Occupied,3,97.5
TRN-09340,BLK-027569,Track Occupied,3,51.7
TRN-09341,BLK-008959,Track Occupied,1,39.6
TRN-09342,BLK-017089,Track Occupied,2,70.4
TRN-09343,BLK-026720,Track Occupied,3,83.6
TRN-09344,BLK-016328,Track Occupied,2,87.2
TRN-09345,BLK-029882,Track Occupied,3,99.0
TRN-09346,BLK-029573,Track Occupied,1,17.0
TRN-09347,BLK-022593,Track Occupied,3,92.4
TRN-09348,BLK-024430,Track Occupied,1,14.0
TRN-09348,BLK-024431,Track Occupied,1,14.0
TRN-09349,BLK-009952,Track Occupied,3,83.1
TRN-09350,BLK-012886,Track Occupied,3,92.0
TRN-09350,BLK-012887,Track Occupied,3,92.0
TRN-09351,BLK-029523,Track Occupied,2,74.1
TRN-09352,BLK-001269,Track Occupied,2,60.2
TRN-09352,BLK-001270,Track Occupied,2,60.2
TRN-09353,BLK-003580,Track Occupied,2,61.0
TRN-09354,BLK-011952,Track Occupied,3,56.5
TRN-09355,BLK-017616,Track Occupied,2,74.9
TRN-09356,BLK-025481,Track Occupied,2,64.4
TRN-09357,BLK-008552,Track Occupied,1,24.0
TRN-09358,BLK-026431,Track Occupied,2,48.5
TRN-09359,BLK-004070,Track Occupied,3,56.0
TRN-09360,BLK-011233,Track Occupied,3,69.1
TRN-09361,BLK-027567,Track Occupied,2,92.6
TRN-09362,BLK-016153,Track Occupied,3,88.1
TRN-09363,BLK-032651,Track Occupied,2,89.8
TRN-09363,BLK-032652,Track Occupied,2,89.8
TRN-09364,BLK-001950,Track Occupied,2,54.9
TRN-09365,BLK-002594,Track Occupied,1,24.2
TRN-09366,BLK-031138,Track Occupied,2,91.7
TRN-09367,BLK-022097,Track Occupied,2,56.9
TRN-09368,BLK-005551,Track Occupied,2,67.3
TRN-09369,BLK-014554,Track Occupied,3,83.3
TRN-09370,BLK-027157,Track Occupied,1,25.1
TRN-09371,BLK-026384,Track Occupied,2,52.7
TRN-09372,BLK-032609,Track Occupied,3,49.3
TRN-09372,BLK-032610,Track Occupied,3,49.3
TRN-09373,BLK-022682,Track Occupied,2,58.6
TRN-09374,BLK-032748,Track Occupied,2,79.9
TRN-09375,BLK-032399,Track Occupied,2,89.0
TRN-09376,BLK-017200,Track Occupied,3,85.7
TRN-09377,BLK-025355,Track Occupied,3,85.9
TRN-09378,BLK-004110,Track Occupied,2,69.7
TRN-09378,BLK-004111,Track Occupied,2,69.7
TRN-09379,BLK-030384,Track Occupied,2,74.1
TRN-09380,BLK-027322,Track Occupied,3,63.9
TRN-09381,BLK-031162,Track Occupied,1,48.4
TRN-09382,BLK-032955,Track Occupied,2,59.7
TRN-09383,BLK-018768,Track Occupied,2,96.4
TRN-09384,BLK-022971,Track Occupied,3,46.2
TRN-09385,BLK-007362,Track Occupied,3,65.3
TRN-09386,BLK-026271,Track Occupied,2,44.2
TRN-09387,BLK-023649,Track Occupied,1,30.0
TRN-09387,BLK-023650,Track Occupied,1,30.0
TRN-09388,BLK-009173,Track Occupied,3,47.3
TRN-09389,BLK-003558,Track Occupied,3,59.0
TRN-09390,BLK-026083,Track Occupied,2,68.1
TRN-09390,BLK-026084,Track Occupied,2,68.1
TRN-09391,BLK-014172,Track Occupied,3,98.7
TRN-09392,BLK-003664,Track Occupied,2,75.9
TRN-09392,BLK-003665,Track Occupied,2,75.9
TRN-09393,BLK-017778,Track Occupied,3,76.2
TRN-09394,BLK-021211,Track Occupied,2,64.5
TRN-09395,BLK-029174,Track Occupied,3,52.9
TRN-09396,BLK-015603,Track Occupied,1,26.3
TRN-09397,BLK-001410,Track Occupied,2,87.1
TRN-09398,BLK-030243,Track Occupied,2,72.0
TRN-09399,BLK-011727,Track Occupied,1,41.2
TRN-09400,BLK-015276,Track Occupied,2,69.4
TRN-09401,BLK-018429,Track Occupied,2,70.7
TRN-09402,BLK-012362,Track Occupied,1,34.0
TRN-09403,BLK-025700,Track Occupied,1,26.6
TRN-09404,BLK-004282,Track Occupied,3,79.1
TRN-09405,BLK-022014,Track Occupied,2,63.1
TRN-09406,BLK-022195,Track Occupied,2,73.9
TRN-09407,BLK-027342,Track Occupied,3,76.0
TRN-09408,BLK-026227,Track Occupied,2,58.2
TRN-09409,BLK-013531,Track Occupied,3,88.3
TRN-09410,BLK-009668,Track Occupied,2,60.2
TRN-09411,BLK-020890,Track Occupied,3,40.3
TRN-09412,BLK-017085,Track Occupied,2,78.3
TRN-09413,BLK-025645,Track Occupied,3,77.8
TRN-09414,BLK-011564,Track Occupied,2,73.0
TRN-09415,BLK-013655,Track Occupied,3,65.0
TRN-09416,BLK-002985,Track Occupied,2,69.3
TRN-09417,BLK-001637,Track Occupied,3,83.8
TRN-09418,BLK-009666,Track Occupied,3,39.9
TRN-09419,BLK-007274,Track Occupied,3,90.8
TRN-09420,BLK-017844,Track Occupied,2,45.8
TRN-09421,BLK-027851,Track Occupied,3,91.6
TRN-09422,BLK-031928,Track Occupied,3,70.1
TRN-09423,BLK-006558,Track Occupied,1,58.7
TRN-09424,BLK-004443,Track Occupied,2,67.7
TRN-09425,BLK-003164,Track Occupied,2,58.4
TRN-09425,BLK-003165,Track Occupied,2,58.4
TRN-09426,BLK-012949,Track Occupied,3,77.7
TRN-09427,BLK-019021,Track Occupied,3,80.2
TRN-09428,BLK-032001,Track Occupied,2,64.7
TRN-09429,BLK-029334,Track Occupied,2,55.4
TRN-09430,BLK-004423,Track Occupied,2,49.0
TRN-09430,BLK-004424,Track Occupied,2,49.0
TRN-09431,BLK-014001,Track Occupied,1,16.8
TRN-09432,BLK-003987,Track Occupied,3,39.7
TRN-09433,BLK-010465,Track Occupied,1,27.6
TRN-09434,BLK-032203,Track Occupied,2,56.3
TRN-09435,BLK-025895,Track Occupied,3,62.9
TRN-09436,BLK-027163,Track Occupied,1,53.5
TRN-09437,BLK-027837,Track Occupied,2,79.4
TRN-09438,BLK-033320,Track Occupied,3,48.1
TRN-09439,BLK-019782,Track Occupied,2,62.5
TRN-09440,BLK-020077,Track Occupied,1,40.5
TRN-09441,BLK-007561,Track Occupied,3,77.5
TRN-09442,BLK-018192,Track Occupied,2,64.8
TRN-09443,BLK-018663,Track Occupied,2,72.9
TRN-09444,BLK-000724,Track Occupied,2,75.9
TRN-09445,BLK-013484,Track Occupied,2,68.0
TRN-09446,BLK-005185,Track Occupied,2,82.1
TRN-09446,BLK-005186,Track Occupied,2,82.1
TRN-09447,BLK-008604,Track Occupied,2,47.2
TRN-09448,BLK-005816,Track Occupied,2,70.6
TRN-09448,BLK-005817,Track Occupied,2,70.6
TRN-09449,BLK-012856,Track Occupied,3,96.7
TRN-09450,BLK-021545,Track Occupied,2,88.9
TRN-09451,BLK-022732,Track Occupied,2,59.8
TRN-09452,BLK-007260,Track Occupied,1,59.6
TRN-09453,BLK-016083,Track Occupied,3,46.7
TRN-09454,BLK-011476,Track Occupied,3,57.2
TRN-09455,BLK-010703,Track Occupied,3,60.9
TRN-09456,BLK-024943,Track Occupied,3,58.5
TRN-09457,BLK-026906,Track Occupied,2,78.4
TRN-09458,BLK-003530,Track Occupied,1,32.9
TRN-09459,BLK-009939,Track Occupied,3,67.9
TRN-09460,BLK-002723,Track Occupied,3,80.7
TRN-09461,BLK-007887,Track Occupied,2,69.6
TRN-09462,BLK-031579,Track Occupied,2,44.2
TRN-09463,BLK-033088,Track Occupied,3,77.0
TRN-09464,BLK-018691,Track Occupied,2,74.2
TRN-09465,BLK-025157,Track Occupied,3,64.1
TRN-09466,BLK-024617,Track Occupied,2,93.5
TRN-09467,BLK-016384,Track Occupied,2,50.4
TRN-09468,BLK-005917,Track Occupied,3,95.4
TRN-09469,BLK-001165,Track Occupied,1,64.3
TRN-09470,BLK-028151,Track Occupied,2,87.4
TRN-09471,BLK-014810,Track Occupied,2,66.5
TRN-09472,BLK-007952,Track Occupied,2,83.7
TRN-09473,BLK-004623,Track Occupied,3,80.2
TRN-09474,BLK-028558,Track Occupied,2,47.7
TRN-09475,BLK-026794,Track Occupied,3,63.3
TRN-09476,BLK-010271,Track Occupied,3,79.0
TRN-09477,BLK-020886,Track Occupied,3,76.8
TRN-09478,BLK-024707,Track Occupied,3,38.8
TRN-09479,BLK-021378,Track Occupied,2,69.3
TRN-09480,BLK-022574,Track Occupied,2,70.0
TRN-09481,BLK-023987,Track Occupied,3,84.4
TRN-09482,BLK-003293,Track Occupied,1,36.7
TRN-09483,BLK-025437,Track Occupied,2,76.9
TRN-09484,BLK-016104,Track Occupied,2,73.3
TRN-09485,BLK-006743,Track Occupied,1,41.0
TRN-09486,BLK-031150,Track Occupied,3,75.2
TRN-09487,BLK-005436,Track Occupied,2,69.7
TRN-09488,BLK-019858,Track Occupied,3,63.4
TRN-09489,BLK-025888,Track Occupied,3,67.2
TRN-09490,BLK-003169,Track Occupied,1,35.4
TRN-09491,BLK-014203,Track Occupied,2,78.4
TRN-09492,BLK-007022,Track Occupied,2,58.8
TRN-09493,BLK-004920,Track Occupied,3,86.8
TRN-09494,BLK-029426,Track Occupied,3,74.3
TRN-09495,BLK-026986,Track Occupied,2,91.0
TRN-09496,BLK-002131,Track Occupied,3,65.6
TRN-09497,BLK-017429,Track Occupied,1,44.3
TRN-09497,BLK-017430,Track Occupied,1,44.3
TRN-09498,BLK-011035,Track Occupied,3,78.6
TRN-09498,BLK-011036,Track Occupied,3,78.6
TRN-09499,BLK-010992,Track Occupied,3,86.5
TRN-09500,BLK-024824,Track Occupied,2,80.8
TRN-09501,BLK-028534,Track Occupied,1,46.4
TRN-09502,BLK-025832,Track Occupied,3,73.4
TRN-09503,BLK-006573,Track Occupied,1,42.1
TRN-09503,BLK-006574,Track Occupied,1,42.1
TRN-09504,BLK-028070,Track Occupied,3,60.2
TRN-09505,BLK-030614,Track Occupied,3,60.3
TRN-09506,BLK-022459,Track Occupied,2,73.6
TRN-09507,BLK-015552,Track Occupied,1,23.4
TRN-09508,BLK-019859,Track Occupied,3,39.8
TRN-09509,BLK-006178,Track Occupied,1,35.0
TRN-09510,BLK-020832,Track Occupied,3,72.3
TRN-09511,BLK-017361,Track Occupied,2,95.3
TRN-09512,BLK-010955,Track Occupied,2,82.9
TRN-09513,BLK-008278,Track Occupied,2,81.3
TRN-09514,BLK-001834,Track Occupied,1,30.7
TRN-09515,BLK-007837,Track Occupied,3,82.9
TRN-09516,BLK-003439,Track Occupied,3,88.4
TRN-09517,BLK-020526,Track Occupied,3,82.7
TRN-09518,BLK-020787,Track Occupied,2,80.4
TRN-09519,BLK-011615,Track Occupied,3,69.2
TRN-09520,BLK-017889,Track Occupied,3,39.9
TRN-09521,BLK-000187,Track Occupied,1,25.3
TRN-09522,BLK-005232,Track Occupied,2,60.8
TRN-09523,BLK-003813,Track Occupied,3,85.1
TRN-09524,BLK-022261,Track Occupied,2,64.6
TRN-09524,BLK-022262,Track Occupied,2,64.6
TRN-09525,BLK-021900,Track Occupied,1,34.6
TRN-09526,BLK-005405,Track Occupied,3,54.4
TRN-09527,BLK-019891,Track Occupied,3,68.6
TRN-09528,BLK-027381,Track Occupied,3,74.6
TRN-09529,BLK-029340,Track Occupied,3,55.3
TRN-09530,BLK-019446,Track Occupied,2,84.6
TRN-09531,BLK-012126,Track Occupied,2,38.8
TRN-09532,BLK-015552,Track Occupied,2,82.6
TRN-09533,BLK-033266,Track Occupied,2,64.6
TRN-09534,BLK-013911,Track Occupied,2,79.7
TRN-09535,BLK-031772,Track Occupied,3,80.1
TRN-09536,BLK-008777,Track Occupied,3,82.9
TRN-09537,BLK-017691,Track Occupied,2,99.0
TRN-09538,BLK-010455,Track Occupied,2,65.2
TRN-09539,BLK-023345,Track Occupied,1,27.8
TRN-09540,BLK-028718,Track Occupied,3,70.8
TRN-09541,BLK-005602,Track Occupied,1,23.1
TRN-09542,BLK-019804,Track Occupied,2,40.9
TRN-09543,BLK-027195,Track Occupied,3,73.5
TRN-09544,BLK-020515,Track Occupied,3,72.3
TRN-09545,BLK-027106,Track Occupied,2,68.4
TRN-09546,BLK-027318,Track Occupied,2,56.0
TRN-09547,BLK-014424,Track Occupied,1,53.3
TRN-09548,BLK-014584,Track Occupied,3,93.8
TRN-09549,BLK-015994,Track Occupied,3,53.0
TRN-09550,BLK-002442,Track Occupied,2,77.9
TRN-09551,BLK-021829,Track Occupied,2,72.5
TRN-09552,BLK-021152,Track Occupied,3,46.2
TRN-09553,BLK-021184,Track Occupied,3,68.2
TRN-09554,BLK-008760,Track Occupied,2,57.3
TRN-09555,BLK-029238,Track Occupied,2,80.8
TRN-09556,BLK-017712,Track Occupied,1,22.0
TRN-09557,BLK-009511,Track Occupied,3,54.3
TRN-09558,BLK-026425,Track Occupied,3,36.8
TRN-09559,BLK-027106,Track Occupied,2,53.8
TRN-09560,BLK-025595,Track Occupied,3,73.6
TRN-09561,BLK-006349,Track Occupied,2,54.5
TRN-09562,BLK-028867,Track Occupied,1,33.6
TRN-09563,BLK-015215,Track Occupied,2,93.1
TRN-09564,BLK-014912,Track Occupied,3,41.8
TRN-09565,BLK-001607,Track Occupied,2,82.7
TRN-09566,BLK-033292,Track Occupied,2,76.7
TRN-09567,BLK-000890,Track Occupied,2,62.7
TRN-09568,BLK-023197,Track Occupied,3,67.0
TRN-09568,BLK-023198,Track Occupied,3,67.0
TRN-09569,BLK-030004,Track Occupied,3,73.0
TRN-09570,BLK-001406,Track Occupied,2,99.0
TRN-09571,BLK-016286,Track Occupied,3,49.8
TRN-09572,BLK-019620,Track Occupied,3,70.4
TRN-09573,BLK-024935,Track Occupied,2,45.8
TRN-09574,BLK-030274,Track Occupied,1,35.1
TRN-09575,BLK-020491,Track Occupied,1,41.0
TRN-09576,BLK-017918,Track Occupied,2,88.8
TRN-09577,BLK-024211,Track Occupied,3,85.2
TRN-09578,BLK-007608,Track Occupied,1,10.3
TRN-09579,BLK-023117,Track Occupied,2,71.3
TRN-09580,BLK-011386,Track Occupied,2,85.5
TRN-09581,BLK-004105,Track Occupied,1,44.5
TRN-09582,BLK-017715,Track Occupied,3,61.7
TRN-09583,BLK-030172,Track Occupied,2,44.0
TRN-09584,BLK-024527,Track Occupied,3,67.7
TRN-09585,BLK-028394,Track Occupied,3,32.9
TRN-09586,BLK-029521,Track Occupied,2,73.0
TRN-09587,BLK-010216,Track Occupied,3,87.5
TRN-09588,BLK-028405,Track Occupied,1,13.4
TRN-09588,BLK-028406,Track Occupied,1,13.4
TRN-09589,BLK-020935,Track Occupied,1,17.3
TRN-09590,BLK-011674,Track Occupied,2,70.6
TRN-09590,BLK-011675,Track Occupied,2,70.6
TRN-09591,BLK-021915,Track Occupied,1,37.8
TRN-09592,BLK-017705,Track Occupied,2,99.0
TRN-09593,BLK-011287,Track Occupied,3,59.6
TRN-09594,BLK-017969,Track Occupied,2,73.4
TRN-09595,BLK-027789,Track Occupied,3,66.6
TRN-09596,BLK-012979,Track Occupied,1,43.4
TRN-09597,BLK-019846,Track Occupied,3,60.8
TRN-09598,BLK-001880,Track Occupied,2,63.7
TRN-09599,BLK-005307,Track Occupied,3,67.2
TRN-09600,BLK-013240,Track Occupied,3,99.0
TRN-09601,BLK-019393,Track Occupied,2,43.5
TRN-09602,BLK-000758,Track Occupied,3,61.6
TRN-09602,BLK-000759,Track Occupied,3,61.6
TRN-09603,BLK-017148,Track Occupied,1,8.5
TRN-09604,BLK-010179,Track Occupied,3,71.0
TRN-09605,BLK-027344,Track Occupied,1,17.3
TRN-09606,BLK-031864,Track Occupied,3,71.0
TRN-09607,BLK-002028,Track Occupied,2,55.6
TRN-09608,BLK-023149,Track Occupied,2,63.9
TRN-09609,BLK-006807,Track Occupied,2,67.6
TRN-09610,BLK-026401,Track Occupied,2,47.4
TRN-09611,BLK-031174,Track Occupied,2,27.3
TRN-09612,BLK-025212,Track Occupied,1,15.0
TRN-09613,BLK-029070,Track Occupied,2,92.1
TRN-09613,BLK-029071,Track Occupied,2,92.1
TRN-09614,BLK-031232,Track Occupied,2,80.9
TRN-09615,BLK-015150,Track Occupied,2,68.1
TRN-09616,BLK-009557,Track Occupied,2,78.0
TRN-09617,BLK-006303,Track Occupied,2,69.0
TRN-09618,BLK-002660,Track Occupied,3,61.7
TRN-09619,BLK-007663,Track Occupied,3,69.0
TRN-09620,BLK-017655,Track Occupied,1,22.4
TRN-09621,BLK-008338,Track Occupied,2,43.7
TRN-09621,BLK-008339,Track Occupied,2,43.7
TRN-09622,BLK-018376,Track Occupied,3,92.1
TRN-09623,BLK-008765,Track Occupied,2,56.2
TRN-09624,BLK-029503,Track Occupied,3,88.4
TRN-09625,BLK-017925,Track Occupied,1,30.2
TRN-09626,BLK-009771,Track Occupied,3,61.7
TRN-09627,BLK-033247,Track Occupied,2,54.5
TRN-09628,BLK-032923,Track Occupied,2,81.8
TRN-09629,BLK-030943,Track Occupied,3,95.4
TRN-09630,BLK-025990,Track Occupied,3,70.8
TRN-09631,BLK-027395,Track Occupied,2,82.1
TRN-09632,BLK-011547,Track Occupied,1,37.6
TRN-09633,BLK-023115,Track Occupied,2,70.8
TRN-09634,BLK-024972,Track Occupied,2,51.6
TRN-09635,BLK-009678,Track Occupied,2,46.6
TRN-09636,BLK-022413,Track Occupied,3,62.1
TRN-09637,BLK-031341,Track Occupied,3,53.5
TRN-09638,BLK-010235,Track Occupied,3,72.0
TRN-09639,BLK-027106,Track Occupied,3,63.7
TRN-09639,BLK-027107,Track Occupied,3,63.7
TRN-09640,BLK-018584,Track Occupied,1,31.9
TRN-09641,BLK-008812,Track Occupied,3,76.8
TRN-09641,BLK-008813,Track Occupied,3,76.8
TRN-09642,BLK-016987,Track Occupied,3,66.9
TRN-09643,BLK-030026,Track Occupied,2,75.7
TRN-09644,BLK-031484,Track Occupied,2,99.0
TRN-09645,BLK-019019,Track Occupied,3,80.3
TRN-09646,BLK-026369,Track Occupied,2,80.0
TRN-09647,BLK-020298,Track Occupied,2,60.2
TRN-09648,BLK-020438,Track Occupied,3,71.5
TRN-09649,BLK-001228,Track Occupied,2,81.1
TRN-09650,BLK-031777,Track Occupied,2,77.9
TRN-09651,BLK-009874,Track Occupied,2,83.4
TRN-09652,BLK-006087,Track Occupied,3,64.8
TRN-09653,BLK-023822,Track Occupied,3,78.9
TRN-09654,BLK-011032,Track Occupied,3,66.8
TRN-09655,BLK-032563,Track Occupied,2,55.4
TRN-09656,BLK-002891,Track Occupied,1,17.1
TRN-09657,BLK-011838,Track Occupied,2,69.1
TRN-09658,BLK-022751,Track Occupied,1,18.3
TRN-09659,BLK-025460,Track Occupied,3,81.4
TRN-09660,BLK-021150,Track Occupied,2,59.0
TRN-09661,BLK-000881,Track Occupied,1,47.3
TRN-09662,BLK-006928,Track Occupied,3,56.5
TRN-09663,BLK-008488,Track Occupied,2,57.2
TRN-09663,BLK-008489,Track Occupied,2,57.2
TRN-09664,BLK-014844,Track Occupied,3,52.7
TRN-09665,BLK-017101,Track Occupied,1,54.3
TRN-09666,BLK-010580,Track Occupied,3,62.5
TRN-09667,BLK-002091,Track Occupied,2,96.9
TRN-09668,BLK-004624,Track Occupied,1,29.7
TRN-09669,BLK-021640,Track Occupied,3,92.1
TRN-09670,BLK-018418,Track Occupied,2,54.9
TRN-09671,BLK-026919,Track Occupied,3,96.1
TRN-09672,BLK-028428,Track Occupied,3,73.5
TRN-09673,BLK-007806,Track Occupied,2,89.1
TRN-09674,BLK-001892,Track Occupied,1,16.0
TRN-09675,BLK-020819,Track Occupied,3,94.7
TRN-09676,BLK-020628,Track Occupied,1,40.3
TRN-09677,BLK-011612,Track Occupied,2,69.6
TRN-09678,BLK-004874,Track Occupied,2,25.0
TRN-09679,BLK-008960,Track Occupied,3,79.8
TRN-09680,BLK-002597,Track Occupied,1,33.6
TRN-09681,BLK-020575,Track Occupied,3,74.3
TRN-09682,BLK-001745,Track Occupied,3,78.1
TRN-09683,BLK-021559,Track Occupied,3,87.7
TRN-09684,BLK-007041,Track Occupied,1,23.1
TRN-09685,BLK-007631,Track Occupied,2,71.1
TRN-09686,BLK-020297,Track Occupied,3,81.7
TRN-09687,BLK-030644,Track Occupied,3,99.0
TRN-09688,BLK-008775,Track Occupied,2,60.3
TRN-09689,BLK-008496,Track Occupied,3,70.0
TRN-09690,BLK-031777,Track Occupied,2,51.1
TRN-09691,BLK-016790,Track Occupied,1,26.0
TRN-09692,BLK-018537,Track Occupied,3,85.0
TRN-09692,BLK-018538,Track Occupied,3,85.0
TRN-09693,BLK-010155,Track Occupied,3,74.4
TRN-09694,BLK-028517,Track Occupied,1,53.0
TRN-09694,BLK-028518,Track Occupied,1,53.0
TRN-09695,BLK-005287,Track Occupied,1,45.1
TRN-09696,BLK-008584,Track Occupied,3,69.0
TRN-09697,BLK-030868,Track Occupied,2,92.4
TRN-09698,BLK-010931,Track Occupied,3,99.0
TRN-09699,BLK-004707,Track Occupied,1,26.8
TRN-09699,BLK-004708,Track Occupied,1,26.8
TRN-09700,BLK-021277,Track Occupied,3,80.7
TRN-09701,BLK-006443,Track Occupied,3,66.8
TRN-09702,BLK-027148,Track Occupied,3,62.1
TRN-09702,BLK-027149,Track Occupied,3,62.1
TRN-09703,BLK-011041,Track Occupied,3,57.6
TRN-09704,BLK-012734,Track Occupied,2,49.4
TRN-09705,BLK-027484,Track Occupied,1,44.5
TRN-09706,BLK-032411,Track Occupied,3,70.3
TRN-09707,BLK-023942,Track Occupied,2,84.1
TRN-09707,BLK-023943,Track Occupied,2,84.1
TRN-09708,BLK-006923,Track Occupied,2,85.6
TRN-09709,BLK-025687,Track Occupied,2,88.1
TRN-09710,BLK-024847,Track Occupied,3,56.1
TRN-09711,BLK-027168,Track Occupied,3,99.0
TRN-09712,BLK-030373,Track Occupied,2,42.7
TRN-09713,BLK-025797,Track Occupied,2,83.8
TRN-09714,BLK-013184,Track Occupied,2,63.8
TRN-09715,BLK-005266,Track Occupied,2,99.0
TRN-09716,BLK-031773,Track Occupied,2,89.2
TRN-09717,BLK-001459,Track Occupied,2,55.5
TRN-09718,BLK-008016,Track Occupied,3,99.0
TRN-09719,BLK-007840,Track Occupied,2,54.6
TRN-09719,BLK-007841,Track Occupied,2,54.6
TRN-09720,BLK-016759,Track Occupied,1,20.3
TRN-09721,BLK-008829,Track Occupied,3,43.5
TRN-09722,BLK-019130,Track Occupied,1,29.9
TRN-09723,BLK-006402,Track Occupied,3,35.2
TRN-09724,BLK-012196,Track Occupied,1,8.6
TRN-09725,BLK-023449,Track Occupied,2,71.9
TRN-09726,BLK-015254,Track Occupied,1,38.4
TRN-09727,BLK-007587,Track Occupied,3,26.5
TRN-09727,BLK-007588,Track Occupied,3,26.5
TRN-09728,BLK-004677,Track Occupied,2,83.9
TRN-09729,BLK-021962,Track Occupied,1,16.8
TRN-09730,BLK-013515,Track Occupied,3,70.4
TRN-09731,BLK-006690,Track Occupied,2,73.9
TRN-09732,BLK-007703,Track Occupied,3,44.9
TRN-09733,BLK-033456,Track Occupied,3,44.6
TRN-09734,BLK-020482,Track Occupied,2,55.7
TRN-09735,BLK-021098,Track Occupied,1,39.9
TRN-09735,BLK-021099,Track Occupied,1,39.9
TRN-09736,BLK-017351,Track Occupied,3,67.9
TRN-09737,BLK-029416,Track Occupied,2,47.5
TRN-09738,BLK-012765,Track Occupied,3,85.2
TRN-09739,BLK-026313,Track Occupied,3,61.4
TRN-09740,BLK-005825,Track Occupied,2,83.9
TRN-09741,BLK-020942,Track Occupied,2,55.4
TRN-09742,BLK-009932,Track Occupied,1,21.7
TRN-09742,BLK-009933,Track Occupied,1,21.7
TRN-09743,BLK-004970,Track Occupied,2,52.5
TRN-09744,BLK-002963,Track Occupied,2,99.0
TRN-09745,BLK-000933,Track Occupied,2,50.4
TRN-09746,BLK-022785,Track Occupied,2,44.3
TRN-09747,BLK-010840,Track Occupied,3,81.7
TRN-09747,BLK-010841,Track Occupied,3,81.7
TRN-09748,BLK-006500,Track Occupied,2,49.8
TRN-09749,BLK-023718,Track Occupied,1,38.1
TRN-09750,BLK-017491,Track Occupied,1,30.8
TRN-09751,BLK-005300,Track Occupied,3,76.5
TRN-09752,BLK-014916,Track Occupied,3,68.7
TRN-09753,BLK-030589,Track Occupied,1,35.5
TRN-09754,BLK-017399,Track Occupied,3,99.0
TRN-09755,BLK-002864,Track Occupied,3,83.3
TRN-09756,BLK-017326,Track Occupied,3,63.6
TRN-09757,BLK-018901,Track Occupied,1,49.2
TRN-09758,BLK-030946,Track Occupied,2,71.9
TRN-09759,BLK-010924,Track Occupied,2,84.6
TRN-09759,BLK-010925,Track Occupied,2,84.6
TRN-09760,BLK-002397,Track Occupied,2,72.7
TRN-09761,BLK-001939,Track Occupied,3,79.7
TRN-09762,BLK-014513,Track Occupied,2,80.2
TRN-09763,BLK-004419,Track Occupied,2,65.4
TRN-09764,BLK-020703,Track Occupied,2,72.3
TRN-09764,BLK-020704,Track Occupied,2,72.3
TRN-09765,BLK-007033,Track Occupied,2,89.5
TRN-09766,BLK-030777,Track Occupied,2,64.3
TRN-09767,BLK-010391,Track Occupied,2,83.0
TRN-09767,BLK-010392,Track Occupied,2,83.0
TRN-09768,BLK-031497,Track Occupied,2,55.0
TRN-09769,BLK-023173,Track Occupied,3,73.2
TRN-09770,BLK-011493,Track Occupied,2,94.0
TRN-09771,BLK-030189,Track Occupied,2,62.8
TRN-09772,BLK-017901,Track Occupied,2,99.0
TRN-09773,BLK-015688,Track Occupied,1,38.3
TRN-09774,BLK-001761,Track Occupied,2,34.4
TRN-09775,BLK-031452,Track Occupied,2,71.3
TRN-09776,BLK-001133,Track Occupied,3,78.4
TRN-09777,BLK-013013,Track Occupied,3,70.6
TRN-09778,BLK-019198,Track Occupied,1,75.4
TRN-09778,BLK-019199,Track Occupied,1,75.4
TRN-09779,BLK-006348,Track Occupied,3,66.4
TRN-09780,BLK-012411,Track Occupied,3,82.7
TRN-09781,BLK-002414,Track Occupied,3,76.3
TRN-09782,BLK-005404,Track Occupied,2,62.3
TRN-09783,BLK-025656,Track Occupied,2,95.9
TRN-09784,BLK-005537,Track Occupied,3,74.5
TRN-09785,BLK-022995,Track Occupied,2,99.0
TRN-09786,BLK-030450,Track Occupied,3,72.7
TRN-09787,BLK-001617,Track Occupied,1,15.6
TRN-09788,BLK-025111,Track Occupied,2,58.1
TRN-09789,BLK-001354,Track Occupied,3,93.3
TRN-09790,BLK-011114,Track Occupied,1,16.0
TRN-09791,BLK-026253,Track Occupied,3,55.3
TRN-09792,BLK-018549,Track Occupied,2,59.3
TRN-09793,BLK-008142,Track Occupied,1,18.6
TRN-09794,BLK-011573,Track Occupied,2,78.1
TRN-09795,BLK-008012,Track Occupied,3,76.7
TRN-09795,BLK-008013,Track Occupied,3,76.7
TRN-09796,BLK-029287,Track Occupied,3,58.9
TRN-09797,BLK-018595,Track Occupied,2,99.0
TRN-09798,BLK-006992,Track Occupied,2,53.3
TRN-09799,BLK-003336,Track Occupied,2,52.5
TRN-09800,BLK-027066,Track Occupied,2,69.3
TRN-09801,BLK-027621,Track Occupied,2,98.0
TRN-09802,BLK-023401,Track Occupied,2,97.6
TRN-09802,BLK-023402,Track Occupied,2,97.6
TRN-09803,BLK-009696,Track Occupied,3,77.9
TRN-09804,BLK-022445,Track Occupied,2,58.0
TRN-09804,BLK-022446,Track Occupied,2,58.0
TRN-09805,BLK-021166,Track Occupied,2,88.1
TRN-09806,BLK-028805,Track Occupied,3,73.2
TRN-09807,BLK-031803,Track Occupied,3,82.8
TRN-09808,BLK-002591,Track Occupied,3,69.1
TRN-09809,BLK-013085,Track Occupied,3,77.3
TRN-09810,BLK-025742,Track Occupied,3,62.8
TRN-09811,BLK-011697,Track Occupied,2,70.4
TRN-09812,BLK-014395,Track Occupied,2,62.8
TRN-09813,BLK-027157,Track Occupied,2,59.1
TRN-09814,BLK-013661,Track Occupied,2,64.5
TRN-09815,BLK-000960,Track Occupied,2,91.7
TRN-09816,BLK-008885,Track Occupied,1,32.1
TRN-09817,BLK-027784,Track Occupied,3,62.0
TRN-09818,BLK-020270,Track Occupied,3,72.6
TRN-09819,BLK-024128,Track Occupied,2,53.0
TRN-09820,BLK-022317,Track Occupied,3,67.2
TRN-09821,BLK-033432,Track Occupied,2,86.5
TRN-09822,BLK-028125,Track Occupied,2,62.1
TRN-09823,BLK-008250,Track Occupied,1,43.9
TRN-09823,BLK-008251,Track Occupied,1,43.9
TRN-09824,BLK-006540,Track Occupied,1,53.2
TRN-09825,BLK-012490,Track Occupied,3,64.8
TRN-09826,BLK-016374,Track Occupied,3,99.0
TRN-09827,BLK-026594,Track Occupied,1,54.5
TRN-09828,BLK-020954,Track Occupied,2,84.5
TRN-09829,BLK-015385,Track Occupied,3,72.3
TRN-09830,BLK-028586,Track Occupied,3,65.9
TRN-09831,BLK-015815,Track Occupied,3,70.9
TRN-09832,BLK-010082,Track Occupied,1,13.9
TRN-09833,BLK-019783,Track Occupied,2,68.9
TRN-09834,BLK-001490,Track Occupied,3,47.3
TRN-09835,BLK-002356,Track Occupied,2,58.8
TRN-09836,BLK-015083,Track Occupied,3,70.6
TRN-09837,BLK-014481,Track Occupied,2,79.2
TRN-09838,BLK-016214,Track Occupied,1,38.9
TRN-09839,BLK-026488,Track Occupied,3,86.0
TRN-09840,BLK-027692,Track Occupied,3,54.0
TRN-09841,BLK-002764,Track Occupied,3,99.0
TRN-09842,BLK-009084,Track Occupied,2,74.1
TRN-09843,BLK-016789,Track Occupied,3,68.1
TRN-09843,BLK-016790,Track Occupied,3,68.1
TRN-09844,BLK-002802,Track Occupied,2,80.6
TRN-09845,BLK-010906,Track Occupied,2,62.5
TRN-09846,BLK-002923,Track Occupied,3,57.4
TRN-09847,BLK-014040,Track Occupied,3,68.1
TRN-09848,BLK-015605,Track Occupied,3,89.7
TRN-09849,BLK-012786,Track Occupied,2,71.4
TRN-09849,BLK-012787,Track Occupied,2,71.4
TRN-09850,BLK-018911,Track Occupied,2,53.9
TRN-09851,BLK-017680,Track Occupied,3,89.2
TRN-09852,BLK-008616,Track Occupied,2,85.2
TRN-09853,BLK-024106,Track Occupied,3,66.5
TRN-09854,BLK-020862,Track Occupied,2,78.0
TRN-09854,BLK-020863,Track Occupied,2,78.0
TRN-09855,BLK-021329,Track Occupied,3,83.9
TRN-09856,BLK-011673,Track Occupied,1,49.9
TRN-09857,BLK-001378,Track Occupied,2,72.8
TRN-09858,BLK-016586,Track Occupied,3,63.7
TRN-09859,BLK-003883,Track Occupied,2,97.2
TRN-09860,BLK-000061,Track Occupied,1,5.0
TRN-09861,BLK-013589,Track Occupied,2,72.1
TRN-09861,BLK-013590,Track Occupied,2,72.1
TRN-09862,BLK-008758,Track Occupied,1,11.5
TRN-09863,BLK-005089,Track Occupied,3,50.0
TRN-09864,BLK-004490,Track Occupied,1,28.9
TRN-09864,BLK-004491,Track Occupied,1,28.9
TRN-09865,BLK-007854,Track Occupied,1,48.6
TRN-09865,BLK-007855,Track Occupied,1,48.6
TRN-09866,BLK-017467,Track Occupied,2,91.1
TRN-09867,BLK-017930,Track Occupied,1,35.4
TRN-09868,BLK-028063,Track Occupied,3,78.3
TRN-09869,BLK-028415,Track Occupied,2,79.6
TRN-09870,BLK-015761,Track Occupied,3,74.9
TRN-09871,BLK-022603,Track Occupied,2,77.1
TRN-09872,BLK-014592,Track Occupied,3,88.7
TRN-09873,BLK-019843,Track Occupied,2,51.4
TRN-09874,BLK-019958,Track Occupied,3,84.5
TRN-09875,BLK-023128,Track Occupied,3,85.9
TRN-09876,BLK-012997,Track Occupied,3,96.0
TRN-09877,BLK-022970,Track Occupied,2,79.7
TRN-09878,BLK-001480,Track Occupied,3,63.5
TRN-09879,BLK-015602,Track Occupied,3,61.3
TRN-09880,BLK-004380,Track Occupied,2,91.3
TRN-09881,BLK-014319,Track Occupied,3,74.9
TRN-09881,BLK-014320,Track Occupied,3,74.9
TRN-09882,BLK-030663,Track Occupied,3,97.1
TRN-09883,BLK-016761,Track Occupied,2,39.2
TRN-09884,BLK-017421,Track Occupied,2,70.4
TRN-09885,BLK-012237,Track Occupied,2,75.0
TRN-09886,BLK-008127,Track Occupied,3,87.1
TRN-09886,BLK-008128,Track Occupied,3,87.1
TRN-09887,BLK-027478,Track Occupied,3,86.1
TRN-09888,BLK-011953,Track Occupied,2,69.4
TRN-09889,BLK-019386,Track Occupied,3,87.9
TRN-09890,BLK-014853,Track Occupied,2,60.7
TRN-09891,BLK-022820,Track Occupied,1,37.8
TRN-09892,BLK-000833,Track Occupied,2,88.2
TRN-09893,BLK-026884,Track Occupied,3,65.9
TRN-09894,BLK-000310,Track Occupied,3,64.4
TRN-09895,BLK-024870,Track Occupied,3,79.4
TRN-09895,BLK-024871,Track Occupied,3,79.4
TRN-09896,BLK-030384,Track Occupied,1,39.0
TRN-09897,BLK-033292,Track Occupied,1,43.7
TRN-09898,BLK-019942,Track Occupied,2,82.8
TRN-09899,BLK-007392,Track Occupied,3,47.9
TRN-09900,BLK-024524,Track Occupied,2,89.5
TRN-09901,BLK-009460,Track Occupied,1,5.0
TRN-09902,BLK-020209,Track Occupied,1,45.5
TRN-09903,BLK-008987,Track Occupied,3,69.9
TRN-09904,BLK-027835,Track Occupied,3,79.6
TRN-09905,BLK-012612,Track Occupied,1,37.7
TRN-09906,BLK-000901,Track Occupied,3,67.1
TRN-09907,BLK-007469,Track Occupied,3,48.6
TRN-09908,BLK-018701,Track Occupied,2,99.0
TRN-09909,BLK-017980,Track Occupied,2,83.3
TRN-09910,BLK-018978,Track Occupied,2,89.9
TRN-09911,BLK-003057,Track Occupied,2,82.7
TRN-09912,BLK-001708,Track Occupied,3,72.7
TRN-09913,BLK-028672,Track Occupied,2,71.9
TRN-09914,BLK-032932,Track Occupied,1,13.7
TRN-09915,BLK-024130,Track Occupied,2,64.9
TRN-09916,BLK-011220,Track Occupied,3,77.6
TRN-09917,BLK-012601,Track Occupied,1,42.6
TRN-09918,BLK-031216,Track Occupied,2,88.5
TRN-09919,BLK-011904,Track Occupied,2,77.4
TRN-09920,BLK-018678,Track Occupied,2,58.1
TRN-09920,BLK-018679,Track Occupied,2,58.1
TRN-09921,BLK-031990,Track Occupied,2,80.3
TRN-09922,BLK-024387,Track Occupied,1,39.4
TRN-09923,BLK-011097,Track Occupied,2,78.1
TRN-09923,BLK-011098,Track Occupied,2,78.1
TRN-09924,BLK-028434,Track Occupied,3,83.5
TRN-09925,BLK-016865,Track Occupied,2,85.8
TRN-09926,BLK-005300,Track Occupied,1,46.3
TRN-09927,BLK-027512,Track Occupied,3,84.8
TRN-09928,BLK-030831,Track Occupied,3,49.8
TRN-09929,BLK-001997,Track Occupied,2,64.4
TRN-09930,BLK-008143,Track Occupied,2,68.8
TRN-09931,BLK-020645,Track Occupied,2,87.7
TRN-09932,BLK-026395,Track Occupied,3,48.4
TRN-09932,BLK-026396,Track Occupied,3,48.4
TRN-09933,BLK-029216,Track Occupied,2,81.0
TRN-09934,BLK-025106,Track Occupied,2,71.8
TRN-09935,BLK-019423,Track Occupied,3,75.5
TRN-09935,BLK-019424,Track Occupied,3,75.5
TRN-09936,BLK-025021,Track Occupied,3,70.4
TRN-09937,BLK-012356,Track Occupied,2,58.8
TRN-09938,BLK-016955,Track Occupied,1,25.3
TRN-09939,BLK-001437,Track Occupied,2,42.9
TRN-09939,BLK-001438,Track Occupied,2,42.9
TRN-09940,BLK-013545,Track Occupied,1,64.7
TRN-09941,BLK-007969,Track Occupied,2,75.9
TRN-09942,BLK-000765,Track Occupied,3,51.4
TRN-09943,BLK-010856,Track Occupied,1,33.3
TRN-09944,BLK-006825,Track Occupied,2,85.3
TRN-09945,BLK-010059,Track Occupied,1,23.0
TRN-09946,BLK-017558,Track Occupied,3,88.0
TRN-09947,BLK-001856,Track Occupied,3,80.3
TRN-09948,BLK-024178,Track Occupied,3,71.2
TRN-09949,BLK-022707,Track Occupied,3,82.1
TRN-09950,BLK-022412,Track Occupied,2,72.0
TRN-09951,BLK-001942,Track Occupied,2,93.6
TRN-09951,BLK-001943,Track Occupied,2,93.6
TRN-09952,BLK-012806,Track Occupied,2,77.2
TRN-09953,BLK-024021,Track Occupied,3,49.7
TRN-09954,BLK-011594,Track Occupied,3,50.7
TRN-09955,BLK-011762,Track Occupied,3,81.6
TRN-09956,BLK-008030,Track Occupied,2,71.8
TRN-09956,BLK-008031,Track Occupied,2,71.8
TRN-09957,BLK-024428,Track Occupied,2,69.4
TRN-09958,BLK-030418,Track Occupied,2,85.9
TRN-09959,BLK-031639,Track Occupied,3,45.7
TRN-09960,BLK-033417,Track Occupied,2,94.3
TRN-09961,BLK-008581,Track Occupied,3,75.9
TRN-09961,BLK-008582,Track Occupied,3,75.9
TRN-09962,BLK-012380,Track Occupied,2,72.0
TRN-09963,BLK-001388,Track Occupied,3,36.6
TRN-09963,BLK-001389,Track Occupied,3,36.6
TRN-09964,BLK-006723,Track Occupied,1,57.6
TRN-09965,BLK-019200,Track Occupied,2,75.0
TRN-09966,BLK-005020,Track Occupied,3,93.9
TRN-09967,BLK-015726,Track Occupied,2,68.1
TRN-09968,BLK-023371,Track Occupied,2,58.8
TRN-09969,BLK-010372,Track Occupied,3,91.6
TRN-09969,BLK-010373,Track Occupied,3,91.6
TRN-09970,BLK-001081,Track Occupied,3,72.3
TRN-09971,BLK-009101,Track Occupied,3,55.1
TRN-09972,BLK-002288,Track Occupied,3,49.9
TRN-09973,BLK-007886,Track Occupied,2,86.1
TRN-09974,BLK-009243,Track Occupied,3,65.6
TRN-09974,BLK-009244,Track Occupied,3,65.6
TRN-09975,BLK-026901,Track Occupied,3,92.3
TRN-09976,BLK-003109,Track Occupied,2,82.9
TRN-09977,BLK-028824,Track Occupied,1,5.0
TRN-09978,BLK-000371,Track Occupied,2,68.4
TRN-09978,BLK-000372,Track Occupied,2,68.4
TRN-09979,BLK-016623,Track Occupied,2,99.0
TRN-09980,BLK-021269,Track Occupied,2,81.3
TRN-09981,BLK-019256,Track Occupied,2,56.4
TRN-09982,BLK-000406,Track Occupied,2,42.2
TRN-09983,BLK-013651,Track Occupied,3,62.9
TRN-09984,BLK-032765,Track Occupied,1,27.9
TRN-09985,BLK-007467,Track Occupied,3,95.5
TRN-09986,BLK-024411,Track Occupied,1,47.9
TRN-09987,BLK-030232,Track Occupied,3,79.8
TRN-09988,BLK-017713,Track Occupied,1,56.1
TRN-09989,BLK-022656,Track Occupied,3,65.3
TRN-09990,BLK-020045,Track Occupied,3,82.9
TRN-09991,BLK-018721,Track Occupied,2,53.5
TRN-09992,BLK-016337,Track Occupied,2,63.8
TRN-09993,BLK-020175,Track Occupied,3,99.0
TRN-09994,BLK-014855,Track Occupied,2,67.5
TRN-09995,BLK-001285,Track Occupied,3,99.0
TRN-09996,BLK-032525,Track Occupied,2,64.2
TRN-09996,BLK-032526,Track Occupied,2,64.2
TRN-09997,BLK-030067,Track Occupied,3,73.9
TRN-09998,BLK-030762,Track Occupied,3,74.3
TRN-09999,BLK-001124,Track Occupied,2,85.1
TRN-10000,BLK-027796,Track Occupied,3,47.8
TRN-10001,BLK-000885,Track Occupied,2,64.9
TRN-10001,BLK-000886,Track Occupied,2,64.9
TRN-10002,BLK-031964,Track Occupied,1,27.8
TRN-10003,BLK-005146,Track Occupied,3,86.8
TRN-10004,BLK-002742,Track Occupied,1,47.0
TRN-10005,BLK-015113,Track Occupied,2,64.5
TRN-10006,BLK-020177,Track Occupied,2,87.3
TRN-10007,BLK-003644,Track Occupied,3,99.0
TRN-10008,BLK-002989,Track Occupied,2,59.5
TRN-10009,BLK-011189,Track Occupied,1,18.5
TRN-10010,BLK-031648,Track Occupied,2,62.2
TRN-10011,BLK-028235,Track Occupied,2,68.5
TRN-10011,BLK-028236,Track Occupied,2,68.5
TRN-10012,BLK-015776,Track Occupied,1,18.9
TRN-10013,BLK-003684,Track Occupied,3,68.5
TRN-10014,BLK-024330,Track Occupied,3,93.9
TRN-10015,BLK-000950,Track Occupied,3,84.2
TRN-10016,BLK-014244,Track Occupied,2,99.0
TRN-10017,BLK-019597,Track Occupied,3,69.3
TRN-10018,BLK-019334,Track Occupied,3,70.0
TRN-10019,BLK-015528,Track Occupied,3,89.2
TRN-10020,BLK-012282,Track Occupied,1,41.5
TRN-10021,BLK-011899,Track Occupied,3,90.6
TRN-10022,BLK-016065,Track Occupied,3,72.7
TRN-10023,BLK-008037,Track Occupied,2,86.8
TRN-10024,BLK-011337,Track Occupied,3,65.7
TRN-10025,BLK-022985,Track Occupied,2,99.0
TRN-10026,BLK-017197,Track Occupied,2,60.9
TRN-10027,BLK-006032,Track Occupied,3,76.5
TRN-10028,BLK-016001,Track Occupied,2,77.1
TRN-10029,BLK-024669,Track Occupied,2,92.9
TRN-10030,BLK-013215,Track Occupied,1,44.6
TRN-10031,BLK-030423,Track Occupied,2,71.5
TRN-10032,BLK-011807,Track Occupied,2,70.5
TRN-10033,BLK-011675,Track Occupied,3,57.7
TRN-10034,BLK-003136,Track Occupied,2,50.0
TRN-10035,BLK-015137,Track Occupied,3,78.3
TRN-10036,BLK-021084,Track Occupied,3,99.0
TRN-10037,BLK-028836,Track Occupied,3,96.1
TRN-10038,BLK-005272,Track Occupied,3,71.9
TRN-10039,BLK-029511,Track Occupied,3,74.6
TRN-10040,BLK-017007,Track Occupied,2,87.7
TRN-10041,BLK-011385,Track Occupied,3,64.8
TRN-10042,BLK-017432,Track Occupied,2,99.0
TRN-10043,BLK-005045,Track Occupied,3,74.8
TRN-10044,BLK-005705,Track Occupied,1,25.5
TRN-10045,BLK-032660,Track Occupied,1,48.4
TRN-10045,BLK-032661,Track Occupied,1,48.4
TRN-10046,BLK-018651,Track Occupied,3,74.3
TRN-10047,BLK-016219,Track Occupied,2,66.1
TRN-10048,BLK-018556,Track Occupied,2,83.8
TRN-10049,BLK-030768,Track Occupied,2,99.0
TRN-10050,BLK-024893,Track Occupied,2,74.7
TRN-10050,BLK-024894,Track Occupied,2,74.7
TRN-10051,BLK-012908,Track Occupied,3,47.4
TRN-10052,BLK-006264,Track Occupied,3,53.9
TRN-10053,BLK-024574,Track Occupied,2,71.5
TRN-10054,BLK-025804,Track Occupied,3,66.7
TRN-10055,BLK-011726,Track Occupied,1,57.5
TRN-10056,BLK-007967,Track Occupied,3,56.1
TRN-10057,BLK-021609,Track Occupied,3,72.7
TRN-10058,BLK-013107,Track Occupied,2,61.0
TRN-10059,BLK-015748,Track Occupied,2,88.3
TRN-10060,BLK-012225,Track Occupied,2,40.8
TRN-10061,BLK-031567,Track Occupied,3,66.1
TRN-10062,BLK-025353,Track Occupied,2,65.7
TRN-10063,BLK-008785,Track Occupied,2,53.9
TRN-10063,BLK-008786,Track Occupied,2,53.9
TRN-10064,BLK-002329,Track Occupied,3,59.7
TRN-10064,BLK-002330,Track Occupied,3,59.7
TRN-10065,BLK-014482,Track Occupied,2,59.1
TRN-10066,BLK-021277,Track Occupied,1,20.9
TRN-10067,BLK-007933,Track Occupied,3,57.9
TRN-10068,BLK-001755,Track Occupied,3,67.0
TRN-10069,BLK-023096,Track Occupied,3,74.9
TRN-10070,BLK-024805,Track Occupied,3,52.3
TRN-10071,BLK-003066,Track Occupied,2,54.6
TRN-10072,BLK-011503,Track Occupied,1,38.9
TRN-10073,BLK-004877,Track Occupied,2,62.3
TRN-10074,BLK-010532,Track Occupied,1,44.9
TRN-10075,BLK-021158,Track Occupied,3,66.7
TRN-10076,BLK-028793,Track Occupied,1,68.9
TRN-10077,BLK-015625,Track Occupied,1,43.4
TRN-10078,BLK-006786,Track Occupied,2,46.9
TRN-10079,BLK-004260,Track Occupied,3,80.2
TRN-10080,BLK-013641,Track Occupied,3,63.8
TRN-10081,BLK-010151,Track Occupied,3,50.4
TRN-10082,BLK-032906,Track Occupied,2,83.4
TRN-10083,BLK-024199,Track Occupied,2,93.5
TRN-10084,BLK-000483,Track Occupied,3,83.4
TRN-10085,BLK-021331,Track Occupied,2,85.4
TRN-10085,BLK-021332,Track Occupied,2,85.4
TRN-10086,BLK-014600,Track Occupied,3,68.2
TRN-10087,BLK-032371,Track Occupied,2,54.9
TRN-10088,BLK-021911,Track Occupied,2,72.7
TRN-10089,BLK-001214,Track Occupied,1,67.1
TRN-10090,BLK-010183,Track Occupied,2,77.3
TRN-10091,BLK-027585,Track Occupied,2,74.6
TRN-10092,BLK-004401,Track Occupied,2,57.6
TRN-10093,BLK-000329,Track Occupied,3,52.4
TRN-10094,BLK-027974,Track Occupied,1,43.4
TRN-10094,BLK-027975,Track Occupied,1,43.4
TRN-10095,BLK-019404,Track Occupied,2,72.8
TRN-10096,BLK-001414,Track Occupied,3,52.4
TRN-10097,BLK-028332,Track Occupied,3,72.1
TRN-10098,BLK-003410,Track Occupied,1,35.7
TRN-10099,BLK-011416,Track Occupied,2,72.9
TRN-10100,BLK-024573,Track Occupied,2,75.1
TRN-10101,BLK-022534,Track Occupied,2,53.0
TRN-10102,BLK-017446,Track Occupied,3,88.6
TRN-10103,BLK-003647,Track Occupied,3,86.4
TRN-10104,BLK-017222,Track Occupied,2,93.5
TRN-10105,BLK-020686,Track Occupied,2,93.5
TRN-10106,BLK-014453,Track Occupied,3,72.6
TRN-10107,BLK-026840,Track Occupied,3,99.0
TRN-10108,BLK-010995,Track Occupied,2,83.2
TRN-10109,BLK-007357,Track Occupied,3,82.9
TRN-10110,BLK-026528,Track Occupied,2,71.3
TRN-10111,BLK-012827,Track Occupied,2,56.6
TRN-10112,BLK-008193,Track Occupied,2,69.0
TRN-10113,BLK-022990,Track Occupied,3,90.7
TRN-10114,BLK-020339,Track Occupied,3,68.8
TRN-10115,BLK-016554,Track Occupied,2,94.0
TRN-10116,BLK-011384,Track Occupied,3,60.9
TRN-10117,BLK-004714,Track Occupied,1,33.2
TRN-10118,BLK-027685,Track Occupied,3,63.1
TRN-10119,BLK-002236,Track Occupied,1,47.7
TRN-10119,BLK-002237,Track Occupied,1,47.7
TRN-10120,BLK-015781,Track Occupied,3,99.0
TRN-10121,BLK-028606,Track Occupied,2,57.6
TRN-10122,BLK-012798,Track Occupied,2,85.9
TRN-10123,BLK-016257,Track Occupied,2,75.9
TRN-10124,BLK-013064,Track Occupied,3,61.3
TRN-10125,BLK-003782,Track Occupied,2,81.1
TRN-10126,BLK-017162,Track Occupied,2,66.1
TRN-10127,BLK-015285,Track Occupied,3,71.6
TRN-10128,BLK-000354,Track Occupied,1,39.7
TRN-10129,BLK-009533,Track Occupied,3,76.7
TRN-10130,BLK-017529,Track Occupied,2,44.1
TRN-10131,BLK-000575,Track Occupied,3,75.6
TRN-10132,BLK-025486,Track Occupied,2,49.0
TRN-10133,BLK-032763,Track Occupied,1,25.7
TRN-10134,BLK-014881,Track Occupied,2,25.0
TRN-10135,BLK-032776,Track Occupied,2,64.6
TRN-10136,BLK-027049,Track Occupied,2,82.7
TRN-10137,BLK-017176,Track Occupied,1,26.0
TRN-10138,BLK-023256,Track Occupied,1,33.7
TRN-10139,BLK-015558,Track Occupied,2,83.4
TRN-10139,BLK-015559,Track Occupied,2,83.4
TRN-10140,BLK-015370,Track Occupied,2,51.1
TRN-10141,BLK-029203,Track Occupied,1,14.5
TRN-10142,BLK-031588,Track Occupied,3,76.3
TRN-10143,BLK-023552,Track Occupied,3,65.8
TRN-10144,BLK-002526,Track Occupied,3,64.9
TRN-10145,BLK-016090,Track Occupied,1,33.5
TRN-10146,BLK-004709,Track Occupied,2,64.6
TRN-10147,BLK-015797,Track Occupied,3,80.4
TRN-10148,BLK-005301,Track Occupied,1,14.7
TRN-10149,BLK-032263,Track Occupied,3,69.0
TRN-10150,BLK-001642,Track Occupied,1,61.3
TRN-10151,BLK-022241,Track Occupied,1,5.0
TRN-10152,BLK-014390,Track Occupied,3,64.0
TRN-10153,BLK-022455,Track Occupied,3,56.6
TRN-10154,BLK-006556,Track Occupied,3,76.1
TRN-10155,BLK-032234,Track Occupied,3,79.1
TRN-10156,BLK-029864,Track Occupied,2,69.2
TRN-10157,BLK-017690,Track Occupied,2,70.5
TRN-10158,BLK-031601,Track Occupied,1,34.3
TRN-10159,BLK-020253,Track Occupied,3,50.2
TRN-10160,BLK-023671,Track Occupied,1,26.1
TRN-10161,BLK-012049,Track Occupied,2,47.4
TRN-10162,BLK-018015,Track Occupied,2,86.6
TRN-10163,BLK-018567,Track Occupied,3,75.8
TRN-10164,BLK-031433,Track Occupied,2,75.7
TRN-10165,BLK-029728,Track Occupied,3,78.8
TRN-10166,BLK-016383,Track Occupied,2,62.0
TRN-10167,BLK-015300,Track Occupied,1,33.1
TRN-10168,BLK-030376,Track Occupied,2,70.8
TRN-10169,BLK-001427,Track Occupied,1,31.1
TRN-10170,BLK-031224,Track Occupied,3,45.6
TRN-10171,BLK-006742,Track Occupied,3,60.3
TRN-10171,BLK-006743,Track Occupied,3,60.3
TRN-10172,BLK-006257,Track Occupied,2,89.7
TRN-10173,BLK-026321,Track Occupied,1,38.8
TRN-10174,BLK-029030,Track Occupied,3,42.3
TRN-10174,BLK-029031,Track Occupied,3,42.3
TRN-10175,BLK-027219,Track Occupied,2,83.5
TRN-10176,BLK-007199,Track Occupied,3,80.4
TRN-10177,BLK-007655,Track Occupied,1,14.7
TRN-10178,BLK-019468,Track Occupied,3,69.7
TRN-10179,BLK-019905,Track Occupied,2,78.3
TRN-10180,BLK-003979,Track Occupied,2,68.3
TRN-10181,BLK-007558,Track Occupied,2,53.2
TRN-10182,BLK-000297,Track Occupied,2,62.6
TRN-10182,BLK-000298,Track Occupied,2,62.6
TRN-10183,BLK-004670,Track Occupied,2,47.5
TRN-10184,BLK-007157,Track Occupied,3,84.1
TRN-10184,BLK-007158,Track Occupied,3,84.1
TRN-10185,BLK-020095,Track Occupied,3,66.0
TRN-10185,BLK-020096,Track Occupied,3,66.0
TRN-10186,BLK-026262,Track Occupied,1,30.5
TRN-10187,BLK-000287,Track Occupied,2,59.4
TRN-10188,BLK-013422,Track Occupied,3,78.8
TRN-10189,BLK-015638,Track Occupied,2,95.6
TRN-10190,BLK-029567,Track Occupied,3,82.4
TRN-10191,BLK-015496,Track Occupied,2,50.7
TRN-10192,BLK-030335,Track Occupied,2,99.0
TRN-10193,BLK-012492,Track Occupied,1,43.6
TRN-10194,BLK-013580,Track Occupied,3,38.0
TRN-10195,BLK-007772,Track Occupied,2,58.6
TRN-10196,BLK-012549,Track Occupied,1,62.6
TRN-10197,BLK-025053,Track Occupied,2,52.5
TRN-10198,BLK-025052,Track Occupied,3,83.8
TRN-10199,BLK-030342,Track Occupied,1,39.0
TRN-10200,BLK-025451,Track Occupied,2,73.0
TRN-10201,BLK-019549,Track Occupied,3,66.5
TRN-10202,BLK-031621,Track Occupied,2,97.5
TRN-10203,BLK-021004,Track Occupied,2,97.4
TRN-10204,BLK-005329,Track Occupied,3,77.2
TRN-10205,BLK-010955,Track Occupied,3,49.4
TRN-10206,BLK-020867,Track Occupied,2,68.3
TRN-10207,BLK-005148,Track Occupied,3,77.2
TRN-10208,BLK-014693,Track Occupied,3,68.7
TRN-10209,BLK-006254,Track Occupied,2,69.1
TRN-10210,BLK-024910,Track Occupied,3,65.7
TRN-10210,BLK-024911,Track Occupied,3,65.7
TRN-10211,BLK-007180,Track Occupied,2,64.8
TRN-10212,BLK-026101,Track Occupied,1,33.3
TRN-10213,BLK-016249,Track Occupied,1,48.3
TRN-10214,BLK-003646,Track Occupied,3,59.1
TRN-10215,BLK-019995,Track Occupied,2,88.5
TRN-10216,BLK-028208,Track Occupied,3,63.5
TRN-10217,BLK-021106,Track Occupied,2,64.6
TRN-10218,BLK-028701,Track Occupied,1,32.5
TRN-10219,BLK-019926,Track Occupied,3,66.4
TRN-10219,BLK-019927,Track Occupied,3,66.4
TRN-10220,BLK-031651,Track Occupied,2,66.9
TRN-10221,BLK-021324,Track Occupied,3,61.4
TRN-10222,BLK-030012,Track Occupied,3,78.9
TRN-10223,BLK-016232,Track Occupied,2,82.2
TRN-10224,BLK-001840,Track Occupied,3,72.7
TRN-10225,BLK-019191,Track Occupied,1,41.8
TRN-10226,BLK-026058,Track Occupied,3,47.3
TRN-10227,BLK-003167,Track Occupied,3,52.7
TRN-10228,BLK-011687,Track Occupied,3,78.4
TRN-10228,BLK-011688,Track Occupied,3,78.4
TRN-10229,BLK-011284,Track Occupied,2,57.3
TRN-10230,BLK-029774,Track Occupied,2,44.0
TRN-10231,BLK-014452,Track Occupied,2,66.5
TRN-10232,BLK-018684,Track Occupied,2,97.2
TRN-10233,BLK-015732,Track Occupied,1,23.7
TRN-10234,BLK-008474,Track Occupied,3,92.8
TRN-10235,BLK-014716,Track Occupied,1,36.7
TRN-10236,BLK-021317,Track Occupied,2,66.1
TRN-10237,BLK-003665,Track Occupied,3,69.7
TRN-10238,BLK-028609,Track Occupied,3,73.4
TRN-10239,BLK-018840,Track Occupied,2,96.5
TRN-10240,BLK-007294,Track Occupied,2,92.6
TRN-10241,BLK-018187,Track Occupied,2,49.9
TRN-10242,BLK-009123,Track Occupied,3,99.0
TRN-10243,BLK-028291,Track Occupied,2,86.9
TRN-10244,BLK-012451,Track Occupied,3,84.1
TRN-10245,BLK-029298,Track Occupied,1,34.0
TRN-10246,BLK-024108,Track Occupied,2,69.0
TRN-10247,BLK-011537,Track Occupied,3,60.8
TRN-10248,BLK-010680,Track Occupied,2,62.8
TRN-10249,BLK-009937,Track Occupied,2,80.3
TRN-10250,BLK-027117,Track Occupied,3,65.2
TRN-10251,BLK-002530,Track Occupied,3,65.2
TRN-10252,BLK-016356,Track Occupied,2,60.9
TRN-10253,BLK-006911,Track Occupied,1,42.1
TRN-10254,BLK-021711,Track Occupied,2,62.6
TRN-10255,BLK-029898,Track Occupied,1,35.7
TRN-10256,BLK-008293,Track Occupied,3,84.6
TRN-10257,BLK-006295,Track Occupied,2,76.6
TRN-10258,BLK-014550,Track Occupied,3,72.2
TRN-10259,BLK-024789,Track Occupied,3,96.9
TRN-10260,BLK-028694,Track Occupied,2,59.6
TRN-10261,BLK-018389,Track Occupied,3,86.7
TRN-10262,BLK-022409,Track Occupied,2,53.0
TRN-10263,BLK-022369,Track Occupied,3,78.9
TRN-10264,BLK-005676,Track Occupied,1,71.8
TRN-10265,BLK-028184,Track Occupied,3,51.3
TRN-10265,BLK-028185,Track Occupied,3,51.3
TRN-10266,BLK-027450,Track Occupied,2,83.0
TRN-10267,BLK-030880,Track Occupied,1,43.9
TRN-10268,BLK-019361,Track Occupied,2,58.9
TRN-10269,BLK-022413,Track Occupied,2,56.6
TRN-10270,BLK-001794,Track Occupied,2,55.1
TRN-10271,BLK-004349,Track Occupied,2,72.0
TRN-10272,BLK-010542,Track Occupied,3,75.2
TRN-10273,BLK-005883,Track Occupied,2,85.6
TRN-10274,BLK-002662,Track Occupied,3,72.4
TRN-10275,BLK-015114,Track Occupied,3,70.6
TRN-10276,BLK-013960,Track Occupied,1,38.4
TRN-10277,BLK-020351,Track Occupied,3,90.7
TRN-10278,BLK-000134,Track Occupied,2,77.7
TRN-10279,BLK-013427,Track Occupied,2,51.0
TRN-10280,BLK-024248,Track Occupied,3,90.9
TRN-10281,BLK-023193,Track Occupied,2,59.3
TRN-10282,BLK-016371,Track Occupied,1,42.7
TRN-10283,BLK-003335,Track Occupied,2,80.6
TRN-10284,BLK-032619,Track Occupied,1,51.9
TRN-10285,BLK-011495,Track Occupied,2,62.6
TRN-10286,BLK-018577,Track Occupied,2,69.5
TRN-10287,BLK-005061,Track Occupied,3,62.5
TRN-10288,BLK-028056,Track Occupied,3,76.2
TRN-10289,BLK-004157,Track Occupied,3,73.4
TRN-10290,BLK-008123,Track Occupied,1,27.3
TRN-10291,BLK-003710,Track Occupied,2,75.2
TRN-10292,BLK-002578,Track Occupied,2,57.4
TRN-10292,BLK-002579,Track Occupied,2,57.4
TRN-10293,BLK-005072,Track Occupied,3,99.0
TRN-10294,BLK-033517,Track Occupied,3,60.7
TRN-10295,BLK-009249,Track Occupied,3,69.5
TRN-10296,BLK-013832,Track Occupied,2,52.7
TRN-10297,BLK-005035,Track Occupied,2,46.4
TRN-10298,BLK-028703,Track Occupied,1,14.8
TRN-10299,BLK-011521,Track Occupied,1,31.2
TRN-10300,BLK-009128,Track Occupied,3,99.0
TRN-10301,BLK-032927,Track Occupied,3,82.4
TRN-10302,BLK-014150,Track Occupied,1,37.9
TRN-10303,BLK-000393,Track Occupied,2,76.8
TRN-10304,BLK-000054,Track Occupied,1,34.2
TRN-10305,BLK-006775,Track Occupied,2,55.7
TRN-10306,BLK-019041,Track Occupied,1,34.3
TRN-10307,BLK-023652,Track Occupied,1,45.0
TRN-10308,BLK-016448,Track Occupied,3,80.3
TRN-10309,BLK-019591,Track Occupied,3,55.6
TRN-10310,BLK-000073,Track Occupied,1,32.8
TRN-10311,BLK-023724,Track Occupied,3,85.7
TRN-10312,BLK-023921,Track Occupied,2,79.0
TRN-10313,BLK-028061,Track Occupied,1,53.2
TRN-10314,BLK-019776,Track Occupied,2,85.4
TRN-10315,BLK-010550,Track Occupied,3,87.8
TRN-10316,BLK-002391,Track Occupied,2,97.4
TRN-10317,BLK-011810,Track Occupied,2,79.3
TRN-10318,BLK-002025,Track Occupied,2,51.1
TRN-10318,BLK-002026,Track Occupied,2,51.1
TRN-10319,BLK-022043,Track Occupied,3,69.1
TRN-10320,BLK-000566,Track Occupied,3,92.9
TRN-10321,BLK-029552,Track Occupied,2,60.1
TRN-10321,BLK-029553,Track Occupied,2,60.1
TRN-10322,BLK-008316,Track Occupied,2,68.2
TRN-10323,BLK-031212,Track Occupied,1,46.2
TRN-10324,BLK-029263,Track Occupied,3,57.0
TRN-10325,BLK-014008,Track Occupied,3,84.2
TRN-10326,BLK-002912,Track Occupied,2,43.3
TRN-10327,BLK-010615,Track Occupied,3,66.1
TRN-10328,BLK-021894,Track Occupied,3,98.0
TRN-10329,BLK-022097,Track Occupied,3,79.6
TRN-10330,BLK-001959,Track Occupied,1,13.0
TRN-10331,BLK-030257,Track Occupied,2,77.7
TRN-10332,BLK-021908,Track Occupied,3,75.9
TRN-10333,BLK-014058,Track Occupied,1,36.3
TRN-10334,BLK-007428,Track Occupied,2,59.7
TRN-10335,BLK-006445,Track Occupied,1,56.8
TRN-10336,BLK-002109,Track Occupied,1,5.0
TRN-10336,BLK-002110,Track Occupied,1,5.0
TRN-10337,BLK-014509,Track Occupied,2,76.8
TRN-10338,BLK-009774,Track Occupied,1,66.9
TRN-10339,BLK-000226,Track Occupied,1,29.4
TRN-10340,BLK-021822,Track Occupied,2,38.6
TRN-10341,BLK-019151,Track Occupied,2,84.4
TRN-10342,BLK-005125,Track Occupied,2,56.7
TRN-10342,BLK-005126,Track Occupied,2,56.7
TRN-10343,BLK-022193,Track Occupied,2,53.2
TRN-10344,BLK-001901,Track Occupied,2,76.6
TRN-10345,BLK-005664,Track Occupied,1,48.4
TRN-10346,BLK-028361,Track Occupied,3,76.8
TRN-10347,BLK-003525,Track Occupied,3,72.7
TRN-10347,BLK-003526,Track Occupied,3,72.7
TRN-10348,BLK-003677,Track Occupied,2,80.9
TRN-10349,BLK-020576,Track Occupied,3,63.5
TRN-10350,BLK-005159,Track Occupied,3,67.9
TRN-10351,BLK-016887,Track Occupied,2,66.2
TRN-10352,BLK-020566,Track Occupied,3,43.6
TRN-10353,BLK-006844,Track Occupied,2,96.2
TRN-10354,BLK-007214,Track Occupied,2,89.4
TRN-10354,BLK-007215,Track Occupied,2,89.4
TRN-10355,BLK-017843,Track Occupied,2,68.8
TRN-10356,BLK-031614,Track Occupied,3,72.0
TRN-10357,BLK-006049,Track Occupied,2,57.7
TRN-10358,BLK-007782,Track Occupied,2,86.8
TRN-10359,BLK-017055,Track Occupied,1,40.1
TRN-10360,BLK-009994,Track Occupied,3,74.6
TRN-10361,BLK-014396,Track Occupied,2,62.6
TRN-10362,BLK-017179,Track Occupied,2,67.0
TRN-10363,BLK-010432,Track Occupied,1,17.7
TRN-10364,BLK-008065,Track Occupied,2,64.8
TRN-10365,BLK-019231,Track Occupied,1,54.7
TRN-10366,BLK-003611,Track Occupied,1,45.3
TRN-10367,BLK-018990,Track Occupied,2,34.7
TRN-10368,BLK-032379,Track Occupied,3,77.2
TRN-10369,BLK-001779,Track Occupied,3,63.4
TRN-10370,BLK-011309,Track Occupied,1,47.3
TRN-10371,BLK-027593,Track Occupied,2,69.8
TRN-10372,BLK-016098,Track Occupied,3,83.3
TRN-10373,BLK-016412,Track Occupied,2,62.4
TRN-10373,BLK-016413,Track Occupied,2,62.4
TRN-10374,BLK-018170,Track Occupied,1,12.3
TRN-10375,BLK-021313,Track Occupied,2,68.8
TRN-10376,BLK-007834,Track Occupied,3,87.8
TRN-10377,BLK-005544,Track Occupied,1,48.7
TRN-10378,BLK-029653,Track Occupied,3,83.8
TRN-10379,BLK-002658,Track Occupied,2,99.0
TRN-10380,BLK-024319,Track Occupied,3,77.5
TRN-10381,BLK-006999,Track Occupied,1,35.2
TRN-10382,BLK-029730,Track Occupied,3,94.2
TRN-10383,BLK-015858,Track Occupied,1,54.8
TRN-10384,BLK-000515,Track Occupied,2,53.1
TRN-10385,BLK-021461,Track Occupied,3,91.9
TRN-10386,BLK-024700,Track Occupied,1,36.4
TRN-10387,BLK-027024,Track Occupied,1,45.4
TRN-10388,BLK-018713,Track Occupied,3,58.1
TRN-10389,BLK-016247,Track Occupied,2,75.3
TRN-10390,BLK-029262,Track Occupied,1,42.1
TRN-10391,BLK-033556,Track Occupied,2,81.6
TRN-10392,BLK-001818,Track Occupied,1,12.9
TRN-10393,BLK-015269,Track Occupied,1,39.7
TRN-10394,BLK-007583,Track Occupied,3,77.9
TRN-10395,BLK-026586,Track Occupied,1,16.2
TRN-10395,BLK-026587,Track Occupied,1,16.2
TRN-10396,BLK-004985,Track Occupied,3,69.7
TRN-10396,BLK-004986,Track Occupied,3,69.7
TRN-10397,BLK-033274,Track Occupied,1,49.9
TRN-10398,BLK-002250,Track Occupied,1,25.1
TRN-10399,BLK-018633,Track Occupied,2,67.7
TRN-10400,BLK-004183,Track Occupied,3,59.7
TRN-10401,BLK-030132,Track Occupied,3,34.1
TRN-10402,BLK-032027,Track Occupied,3,85.9
TRN-10403,BLK-020791,Track Occupied,2,74.2
TRN-10404,BLK-009926,Track Occupied,3,77.8
TRN-10405,BLK-028237,Track Occupied,3,82.3
TRN-10406,BLK-015785,Track Occupied,3,91.8
TRN-10407,BLK-011691,Track Occupied,2,76.3
TRN-10408,BLK-016685,Track Occupied,1,13.3
TRN-10409,BLK-003772,Track Occupied,2,71.2
TRN-10409,BLK-003773,Track Occupied,2,71.2
TRN-10410,BLK-017960,Track Occupied,2,50.1
TRN-10410,BLK-017961,Track Occupied,2,50.1
TRN-10411,BLK-008564,Track Occupied,3,69.0
TRN-10412,BLK-003865,Track Occupied,2,88.8
TRN-10413,BLK-023554,Track Occupied,3,80.7
TRN-10414,BLK-031527,Track Occupied,2,49.9
TRN-10415,BLK-032170,Track Occupied,2,66.8
TRN-10416,BLK-004558,Track Occupied,3,66.2
TRN-10417,BLK-024392,Track Occupied,1,30.6
TRN-10418,BLK-004422,Track Occupied,3,98.4
TRN-10419,BLK-008654,Track Occupied,2,68.8
TRN-10420,BLK-021978,Track Occupied,2,53.9
TRN-10421,BLK-032266,Track Occupied,3,65.1
TRN-10422,BLK-004954,Track Occupied,2,77.8
TRN-10423,BLK-002153,Track Occupied,2,74.1
TRN-10424,BLK-028549,Track Occupied,2,65.5
TRN-10425,BLK-012873,Track Occupied,2,60.5
TRN-10426,BLK-030917,Track Occupied,3,78.3
TRN-10426,BLK-030918,Track Occupied,3,78.3
TRN-10427,BLK-014140,Track Occupied,3,74.4
TRN-10428,BLK-001296,Track Occupied,1,42.8
TRN-10429,BLK-006344,Track Occupied,3,75.5
TRN-10430,BLK-023556,Track Occupied,2,87.6
TRN-10431,BLK-032512,Track Occupied,1,22.5
TRN-10432,BLK-031470,Track Occupied,2,63.7
TRN-10433,BLK-015753,Track Occupied,1,59.7
TRN-10434,BLK-014610,Track Occupied,3,68.2
TRN-10435,BLK-020064,Track Occupied,2,58.0
TRN-10436,BLK-007215,Track Occupied,2,48.0
TRN-10437,BLK-027879,Track Occupied,2,80.0
TRN-10438,BLK-002094,Track Occupied,1,57.9
TRN-10439,BLK-014223,Track Occupied,3,75.7
TRN-10440,BLK-009038,Track Occupied,1,39.3
TRN-10441,BLK-015913,Track Occupied,3,63.7
TRN-10442,BLK-032747,Track Occupied,2,72.9
TRN-10443,BLK-015883,Track Occupied,2,60.2
TRN-10444,BLK-000279,Track Occupied,2,78.4
TRN-10445,BLK-009308,Track Occupied,2,45.9
TRN-10446,BLK-000140,Track Occupied,2,55.6
TRN-10447,BLK-000493,Track Occupied,3,57.9
TRN-10448,BLK-031091,Track Occupied,3,87.9
TRN-10449,BLK-004645,Track Occupied,2,76.8
TRN-10450,BLK-011295,Track Occupied,3,54.6
TRN-10451,BLK-021440,Track Occupied,2,79.8
TRN-10452,BLK-021592,Track Occupied,2,70.3
TRN-10453,BLK-009060,Track Occupied,1,38.4
TRN-10454,BLK-024953,Track Occupied,2,50.0
TRN-10455,BLK-028051,Track Occupied,3,71.4
TRN-10456,BLK-011665,Track Occupied,3,99.0
TRN-10457,BLK-006042,Track Occupied,3,60.6
TRN-10458,BLK-016713,Track Occupied,3,99.0
TRN-10459,BLK-029893,Track Occupied,1,49.6
TRN-10460,BLK-010910,Track Occupied,3,66.7
TRN-10461,BLK-024009,Track Occupied,3,62.1
TRN-10462,BLK-028001,Track Occupied,2,99.0
TRN-10463,BLK-026011,Track Occupied,3,77.4
TRN-10464,BLK-008683,Track Occupied,3,75.4
TRN-10465,BLK-000849,Track Occupied,3,81.5
TRN-10466,BLK-002569,Track Occupied,2,73.3
TRN-10466,BLK-002570,Track Occupied,2,73.3
TRN-10467,BLK-002369,Track Occupied,2,46.8
TRN-10467,BLK-002370,Track Occupied,2,46.8
TRN-10468,BLK-030368,Track Occupied,1,52.5
TRN-10469,BLK-025432,Track Occupied,2,43.9
TRN-10470,BLK-001347,Track Occupied,3,76.1
TRN-10471,BLK-025880,Track Occupied,3,61.2
TRN-10472,BLK-016160,Track Occupied,2,96.4
TRN-10473,BLK-004148,Track Occupied,2,54.4
TRN-10474,BLK-004585,Track Occupied,1,44.8
TRN-10475,BLK-024764,Track Occupied,2,47.1
TRN-10476,BLK-012896,Track Occupied,1,9.1
TRN-10477,BLK-008745,Track Occupied,3,73.6
TRN-10478,BLK-026770,Track Occupied,2,65.8
TRN-10479,BLK-024547,Track Occupied,2,61.2
TRN-10480,BLK-000698,Track Occupied,3,92.8
TRN-10481,BLK-013690,Track Occupied,3,54.2
TRN-10482,BLK-027928,Track Occupied,1,38.7
TRN-10483,BLK-002126,Track Occupied,2,89.1
TRN-10484,BLK-030495,Track Occupied,2,96.6
TRN-10485,BLK-024795,Track Occupied,2,61.1
TRN-10486,BLK-032473,Track Occupied,1,30.9
TRN-10487,BLK-012387,Track Occupied,3,83.7
TRN-10488,BLK-013490,Track Occupied,3,72.8
TRN-10489,BLK-032238,Track Occupied,2,74.4
TRN-10490,BLK-025531,Track Occupied,3,79.9
TRN-10491,BLK-007628,Track Occupied,1,42.5
TRN-10492,BLK-014708,Track Occupied,1,12.2
TRN-10493,BLK-007890,Track Occupied,2,73.4
TRN-10494,BLK-029986,Track Occupied,2,72.9
TRN-10494,BLK-029987,Track Occupied,2,72.9
TRN-10495,BLK-000640,Track Occupied,3,80.3
TRN-10495,BLK-000641,Track Occupied,3,80.3
TRN-10496,BLK-007662,Track Occupied,1,47.7
TRN-10497,BLK-010839,Track Occupied,1,10.8
TRN-10498,BLK-018282,Track Occupied,1,18.3
TRN-10499,BLK-010828,Track Occupied,2,73.0
TRN-10500,BLK-000658,Track Occupied,2,79.5
TRN-10501,BLK-020129,Track Occupied,3,78.8
TRN-10502,BLK-012160,Track Occupied,3,86.3
TRN-10503,BLK-001500,Track Occupied,2,68.9
TRN-10504,BLK-011812,Track Occupied,3,61.5
TRN-10505,BLK-030363,Track Occupied,3,91.8
TRN-10506,BLK-028142,Track Occupied,2,95.2
TRN-10507,BLK-017589,Track Occupied,3,64.4
TRN-10508,BLK-021206,Track Occupied,1,46.0
TRN-10509,BLK-009576,Track Occupied,2,61.4
TRN-10510,BLK-002679,Track Occupied,3,72.9
TRN-10511,BLK-025584,Track Occupied,3,55.9
TRN-10512,BLK-011806,Track Occupied,1,5.0
TRN-10512,BLK-011807,Track Occupied,1,5.0
TRN-10513,BLK-008900,Track Occupied,2,87.1
TRN-10514,BLK-029883,Track Occupied,3,69.8
TRN-10515,BLK-023867,Track Occupied,2,87.9
TRN-10516,BLK-007212,Track Occupied,2,80.6
TRN-10517,BLK-010327,Track Occupied,3,48.0
TRN-10518,BLK-010604,Track Occupied,1,30.3
TRN-10519,BLK-001797,Track Occupied,3,78.9
TRN-10520,BLK-025437,Track Occupied,1,7.0
TRN-10521,BLK-000632,Track Occupied,1,70.3
TRN-10522,BLK-024748,Track Occupied,3,40.1
TRN-10523,BLK-002563,Track Occupied,2,63.6
TRN-10524,BLK-018439,Track Occupied,2,68.6
TRN-10525,BLK-004430,Track Occupied,1,53.0
TRN-10526,BLK-006042,Track Occupied,2,47.8
TRN-10527,BLK-022274,Track Occupied,3,72.2
TRN-10528,BLK-002869,Track Occupied,3,77.4
TRN-10529,BLK-008474,Track Occupied,3,80.6
TRN-10530,BLK-024471,Track Occupied,1,23.8
TRN-10531,BLK-019169,Track Occupied,2,54.7
TRN-10532,BLK-019279,Track Occupied,1,5.0
TRN-10533,BLK-011754,Track Occupied,2,73.3
TRN-10533,BLK-011755,Track Occupied,2,73.3
TRN-10534,BLK-031705,Track Occupied,3,91.8
TRN-10535,BLK-007834,Track Occupied,3,62.0
TRN-10536,BLK-008271,Track Occupied,3,86.1
TRN-10537,BLK-014823,Track Occupied,2,97.4
TRN-10538,BLK-032085,Track Occupied,3,69.4
TRN-10539,BLK-020876,Track Occupied,2,81.5
TRN-10540,BLK-013474,Track Occupied,3,42.4
TRN-10541,BLK-029733,Track Occupied,3,88.5
TRN-10542,BLK-016135,Track Occupied,3,87.4
TRN-10543,BLK-025702,Track Occupied,3,75.9
TRN-10544,BLK-016673,Track Occupied,2,77.6
TRN-10545,BLK-022538,Track Occupied,3,94.3
TRN-10546,BLK-030720,Track Occupied,2,78.2
TRN-10547,BLK-030118,Track Occupied,1,49.1
TRN-10548,BLK-002244,Track Occupied,1,55.5
TRN-10549,BLK-028324,Track Occupied,3,73.0
TRN-10550,BLK-003394,Track Occupied,3,77.3
TRN-10551,BLK-027425,Track Occupied,3,82.0
TRN-10552,BLK-020608,Track Occupied,2,83.2
TRN-10553,BLK-024734,Track Occupied,2,53.9
TRN-10554,BLK-024916,Track Occupied,1,45.3
TRN-10555,BLK-012190,Track Occupied,2,83.5
TRN-10556,BLK-023019,Track Occupied,1,35.3
TRN-10557,BLK-026963,Track Occupied,2,41.9
TRN-10558,BLK-017431,Track Occupied,2,87.4
TRN-10559,BLK-009979,Track Occupied,2,43.1
TRN-10560,BLK-030532,Track Occupied,3,41.9
TRN-10561,BLK-002880,Track Occupied,2,96.0
TRN-10562,BLK-027319,Track Occupied,3,94.2
TRN-10563,BLK-029283,Track Occupied,3,58.5
TRN-10564,BLK-033327,Track Occupied,2,69.0
TRN-10565,BLK-011964,Track Occupied,2,99.0
TRN-10566,BLK-005489,Track Occupied,2,72.0
TRN-10566,BLK-005490,Track Occupied,2,72.0
TRN-10567,BLK-009862,Track Occupied,3,89.3
TRN-10568,BLK-004118,Track Occupied,2,84.5
TRN-10569,BLK-016473,Track Occupied,2,85.4
TRN-10570,BLK-026396,Track Occupied,1,64.6
TRN-10571,BLK-000474,Track Occupied,3,50.5
TRN-10572,BLK-023357,Track Occupied,2,97.9
TRN-10573,BLK-031887,Track Occupied,1,22.2
TRN-10574,BLK-029719,Track Occupied,2,79.7
TRN-10575,BLK-022402,Track Occupied,3,77.0
TRN-10576,BLK-002675,Track Occupied,2,72.9
TRN-10577,BLK-007175,Track Occupied,3,63.3
TRN-10578,BLK-014228,Track Occupied,2,86.9
TRN-10579,BLK-008110,Track Occupied,2,74.2
TRN-10580,BLK-019004,Track Occupied,3,73.1
TRN-10581,BLK-011477,Track Occupied,1,21.8
TRN-10582,BLK-013666,Track Occupied,2,55.1
TRN-10583,BLK-030335,Track Occupied,3,61.6
TRN-10584,BLK-033478,Track Occupied,3,48.7
TRN-10585,BLK-017296,Track Occupied,3,77.6
TRN-10586,BLK-020129,Track Occupied,3,71.7
TRN-10587,BLK-023217,Track Occupied,2,78.3
TRN-10587,BLK-023218,Track Occupied,2,78.3
TRN-10588,BLK-026701,Track Occupied,1,13.2
TRN-10589,BLK-004457,Track Occupied,1,32.3
TRN-10590,BLK-010374,Track Occupied,3,79.3
TRN-10591,BLK-030061,Track Occupied,3,79.2
TRN-10592,BLK-014329,Track Occupied,2,60.4
TRN-10593,BLK-029768,Track Occupied,3,81.5
TRN-10594,BLK-022595,Track Occupied,3,80.3
TRN-10595,BLK-017173,Track Occupied,2,82.2
TRN-10596,BLK-006316,Track Occupied,1,16.9
TRN-10597,BLK-030643,Track Occupied,3,45.0
TRN-10598,BLK-031717,Track Occupied,2,81.7
TRN-10599,BLK-022503,Track Occupied,2,87.4
TRN-10600,BLK-019555,Track Occupied,3,88.6
TRN-10601,BLK-017356,Track Occupied,2,87.6
TRN-10602,BLK-020904,Track Occupied,1,38.4
TRN-10603,BLK-009299,Track Occupied,2,25.0
TRN-10604,BLK-031706,Track Occupied,3,74.2
TRN-10605,BLK-003830,Track Occupied,2,54.9
TRN-10606,BLK-011508,Track Occupied,1,37.5
TRN-10607,BLK-013874,Track Occupied,3,55.1
TRN-10608,BLK-030517,Track Occupied,2,71.8
TRN-10609,BLK-000247,Track Occupied,2,81.8
TRN-10610,BLK-010767,Track Occupied,3,99.0
TRN-10611,BLK-005451,Track Occupied,2,73.5
TRN-10612,BLK-023783,Track Occupied,3,67.6
TRN-10613,BLK-018053,Track Occupied,2,39.5
TRN-10614,BLK-033061,Track Occupied,3,89.8
TRN-10615,BLK-011447,Track Occupied,1,21.4
TRN-10616,BLK-013722,Track Occupied,3,59.8
TRN-10617,BLK-030690,Track Occupied,2,98.8
TRN-10618,BLK-020795,Track Occupied,2,60.9
TRN-10619,BLK-019075,Track Occupied,1,53.4
TRN-10619,BLK-019076,Track Occupied,1,53.4
TRN-10620,BLK-011219,Track Occupied,2,47.4
TRN-10621,BLK-029493,Track Occupied,2,73.1
TRN-10621,BLK-029494,Track Occupied,2,73.1
TRN-10622,BLK-006488,Track Occupied,2,86.3
TRN-10623,BLK-010013,Track Occupied,2,62.8
TRN-10624,BLK-021706,Track Occupied,3,62.2
TRN-10625,BLK-023784,Track Occupied,1,24.4
TRN-10626,BLK-028472,Track Occupied,2,93.0
TRN-10627,BLK-021665,Track Occupied,2,68.4
TRN-10628,BLK-002707,Track Occupied,2,65.3
TRN-10629,BLK-027237,Track Occupied,2,48.5
TRN-10630,BLK-024037,Track Occupied,2,74.5
TRN-10631,BLK-028189,Track Occupied,3,94.2
TRN-10632,BLK-002247,Track Occupied,3,73.0
TRN-10633,BLK-015729,Track Occupied,2,68.8
TRN-10634,BLK-016917,Track Occupied,3,50.1
TRN-10635,BLK-005849,Track Occupied,1,5.0
TRN-10636,BLK-000346,Track Occupied,2,78.9
TRN-10637,BLK-012977,Track Occupied,2,83.3
TRN-10638,BLK-017484,Track Occupied,2,78.0
TRN-10639,BLK-029670,Track Occupied,1,22.0
TRN-10640,BLK-017052,Track Occupied,3,67.7
TRN-10641,BLK-024916,Track Occupied,3,78.8
TRN-10641,BLK-024917,Track Occupied,3,78.8
TRN-10642,BLK-001988,Track Occupied,2,89.7
TRN-10643,BLK-032952,Track Occupied,3,69.3
TRN-10644,BLK-011129,Track Occupied,2,25.0
TRN-10645,BLK-025650,Track Occupied,3,77.9
TRN-10646,BLK-018497,Track Occupied,1,43.1
TRN-10647,BLK-032318,Track Occupied,3,98.9
TRN-10648,BLK-021824,Track Occupied,2,82.2
TRN-10649,BLK-015209,Track Occupied,2,78.7
TRN-10650,BLK-008851,Track Occupied,3,94.3
TRN-10650,BLK-008852,Track Occupied,3,94.3
TRN-10651,BLK-032470,Track Occupied,1,28.8
TRN-10652,BLK-029037,Track Occupied,1,24.7
TRN-10653,BLK-025985,Track Occupied,3,46.8
TRN-10654,BLK-004655,Track Occupied,1,15.7
TRN-10655,BLK-003888,Track Occupied,3,73.4
TRN-10656,BLK-003282,Track Occupied,1,18.5
TRN-10657,BLK-000167,Track Occupied,3,49.9
TRN-10658,BLK-001313,Track Occupied,1,46.0
TRN-10659,BLK-004738,Track Occupied,1,52.8
TRN-10660,BLK-001179,Track Occupied,1,5.0
TRN-10661,BLK-019109,Track Occupied,2,68.6
TRN-10662,BLK-017078,Track Occupied,3,52.4
TRN-10663,BLK-019401,Track Occupied,3,85.7
TRN-10664,BLK-030859,Track Occupied,3,93.9
TRN-10665,BLK-020921,Track Occupied,3,41.0
TRN-10666,BLK-033440,Track Occupied,2,80.0
TRN-10666,BLK-033441,Track Occupied,2,80.0
TRN-10667,BLK-007534,Track Occupied,3,65.6
TRN-10668,BLK-020199,Track Occupied,1,31.5
TRN-10669,BLK-030220,Track Occupied,3,95.6
TRN-10670,BLK-025638,Track Occupied,3,56.2
TRN-10671,BLK-009899,Track Occupied,2,85.7
TRN-10672,BLK-008085,Track Occupied,3,73.2
TRN-10673,BLK-027058,Track Occupied,1,35.4
TRN-10674,BLK-006401,Track Occupied,1,15.9
TRN-10675,BLK-032239,Track Occupied,1,40.3
TRN-10676,BLK-028610,Track Occupied,2,71.9
TRN-10676,BLK-028611,Track Occupied,2,71.9
TRN-10677,BLK-011955,Track Occupied,3,80.5
TRN-10678,BLK-009313,Track Occupied,3,71.9
TRN-10679,BLK-027752,Track Occupied,2,86.0
TRN-10680,BLK-027138,Track Occupied,3,68.3
TRN-10681,BLK-026770,Track Occupied,2,93.5
TRN-10682,BLK-015734,Track Occupied,2,72.0
TRN-10683,BLK-001547,Track Occupied,3,58.3
TRN-10684,BLK-011616,Track Occupied,2,64.4
TRN-10685,BLK-024083,Track Occupied,1,52.2
TRN-10686,BLK-000348,Track Occupied,3,88.9
TRN-10687,BLK-005984,Track Occupied,2,55.9
TRN-10688,BLK-024807,Track Occupied,2,62.5
TRN-10689,BLK-013920,Track Occupied,1,37.2
TRN-10690,BLK-000980,Track Occupied,2,89.7
TRN-10691,BLK-032300,Track Occupied,2,43.7
TRN-10692,BLK-030303,Track Occupied,2,88.2
TRN-10693,BLK-017400,Track Occupied,2,59.8
TRN-10694,BLK-015701,Track Occupied,3,80.3
TRN-10695,BLK-016382,Track Occupied,3,48.5
TRN-10696,BLK-027374,Track Occupied,3,86.6
TRN-10697,BLK-026379,Track Occupied,2,72.3
TRN-10698,BLK-014201,Track Occupied,1,35.8
TRN-10699,BLK-023692,Track Occupied,3,60.6
TRN-10700,BLK-002846,Track Occupied,3,82.0
TRN-10701,BLK-002539,Track Occupied,1,30.5
TRN-10702,BLK-027468,Track Occupied,3,67.0
TRN-10703,BLK-025341,Track Occupied,3,46.7
TRN-10704,BLK-009303,Track Occupied,3,50.1
TRN-10705,BLK-004292,Track Occupied,2,57.3
TRN-10706,BLK-026376,Track Occupied,2,80.9
TRN-10707,BLK-025114,Track Occupied,3,79.5
TRN-10708,BLK-010044,Track Occupied,2,77.6
TRN-10709,BLK-023112,Track Occupied,3,81.7
TRN-10710,BLK-021540,Track Occupied,1,52.3
TRN-10711,BLK-010830,Track Occupied,3,82.1
TRN-10712,BLK-018408,Track Occupied,2,77.9
TRN-10713,BLK-028666,Track Occupied,3,91.4
TRN-10714,BLK-002088,Track Occupied,3,54.2
TRN-10715,BLK-024296,Track Occupied,1,54.6
TRN-10716,BLK-010758,Track Occupied,3,59.6
TRN-10717,BLK-025137,Track Occupied,2,87.9
TRN-10718,BLK-031899,Track Occupied,2,84.6
TRN-10719,BLK-013256,Track Occupied,3,91.3
TRN-10720,BLK-004073,Track Occupied,2,40.2
TRN-10721,BLK-014764,Track Occupied,2,84.9
TRN-10722,BLK-032149,Track Occupied,2,55.7
TRN-10723,BLK-011258,Track Occupied,2,73.3
TRN-10724,BLK-008690,Track Occupied,3,77.4
TRN-10725,BLK-026627,Track Occupied,3,53.7
TRN-10726,BLK-025535,Track Occupied,1,51.3
TRN-10727,BLK-032624,Track Occupied,3,38.6
TRN-10728,BLK-004602,Track Occupied,3,87.3
TRN-10729,BLK-029458,Track Occupied,2,63.4
TRN-10730,BLK-011065,Track Occupied,3,90.7
TRN-10731,BLK-033385,Track Occupied,1,40.0
TRN-10732,BLK-012352,Track Occupied,2,57.8
TRN-10733,BLK-017083,Track Occupied,2,87.6
TRN-10734,BLK-019457,Track Occupied,2,64.8
TRN-10735,BLK-023101,Track Occupied,2,55.7
TRN-10736,BLK-017270,Track Occupied,3,85.9
TRN-10736,BLK-017271,Track Occupied,3,85.9
TRN-10737,BLK-006930,Track Occupied,3,73.1
TRN-10738,BLK-032146,Track Occupied,2,90.7
TRN-10739,BLK-023477,Track Occupied,2,61.4
TRN-10740,BLK-023210,Track Occupied,1,23.3
TRN-10741,BLK-010390,Track Occupied,1,42.9
TRN-10742,BLK-014437,Track Occupied,2,91.9
TRN-10743,BLK-026136,Track Occupied,2,77.8
TRN-10744,BLK-005999,Track Occupied,2,68.5
TRN-10745,BLK-032407,Track Occupied,1,50.6
TRN-10746,BLK-012688,Track Occupied,3,84.8
TRN-10747,BLK-011232,Track Occupied,2,46.4
TRN-10748,BLK-025753,Track Occupied,1,5.0
TRN-10749,BLK-011146,Track Occupied,2,51.4
TRN-10750,BLK-011536,Track Occupied,3,75.5
TRN-10751,BLK-012474,Track Occupied,3,79.7
TRN-10752,BLK-004478,Track Occupied,3,41.4
TRN-10753,BLK-019371,Track Occupied,2,71.2
TRN-10754,BLK-000252,Track Occupied,3,48.2
TRN-10755,BLK-015641,Track Occupied,2,53.7
TRN-10756,BLK-010056,Track Occupied,3,90.6
TRN-10757,BLK-019610,Track Occupied,3,62.4
TRN-10758,BLK-023210,Track Occupied,2,56.0
TRN-10759,BLK-000326,Track Occupied,2,73.9
TRN-10760,BLK-001681,Track Occupied,2,79.0
TRN-10761,BLK-022515,Track Occupied,1,53.8
TRN-10762,BLK-031763,Track Occupied,3,58.1
TRN-10763,BLK-017323,Track Occupied,3,60.9
TRN-10764,BLK-018516,Track Occupied,2,94.0
TRN-10765,BLK-004312,Track Occupied,3,55.8
TRN-10765,BLK-004313,Track Occupied,3,55.8
TRN-10766,BLK-009704,Track Occupied,2,83.2
TRN-10767,BLK-007782,Track Occupied,3,80.8
TRN-10768,BLK-023486,Track Occupied,2,71.8
TRN-10769,BLK-025877,Track Occupied,3,90.5
TRN-10770,BLK-032671,Track Occupied,3,67.9
TRN-10771,BLK-015301,Track Occupied,1,16.2
TRN-10772,BLK-019943,Track Occupied,3,56.4
TRN-10773,BLK-005251,Track Occupied,3,56.3
TRN-10774,BLK-024100,Track Occupied,3,73.8
TRN-10775,BLK-015475,Track Occupied,2,67.2
TRN-10776,BLK-002308,Track Occupied,3,67.9
TRN-10777,BLK-006322,Track Occupied,2,87.6
TRN-10778,BLK-012198,Track Occupied,2,95.9
TRN-10779,BLK-002327,Track Occupied,2,99.0
TRN-10780,BLK-017859,Track Occupied,2,76.3
TRN-10781,BLK-018921,Track Occupied,3,70.8
TRN-10782,BLK-004318,Track Occupied,1,36.6
TRN-10782,BLK-004319,Track Occupied,1,36.6
TRN-10783,BLK-012615,Track Occupied,3,45.3
TRN-10784,BLK-023492,Track Occupied,1,20.0
TRN-10785,BLK-006660,Track Occupied,2,58.4
TRN-10786,BLK-000619,Track Occupied,2,78.8
TRN-10787,BLK-008890,Track Occupied,2,56.2
TRN-10788,BLK-015231,Track Occupied,2,86.0
TRN-10789,BLK-002057,Track Occupied,1,43.3
TRN-10789,BLK-002058,Track Occupied,1,43.3
TRN-10790,BLK-031568,Track Occupied,3,80.3
TRN-10791,BLK-011861,Track Occupied,3,50.1
TRN-10792,BLK-006292,Track Occupied,1,21.0
TRN-10793,BLK-015133,Track Occupied,2,73.0
TRN-10794,BLK-025561,Track Occupied,2,72.4
TRN-10795,BLK-012742,Track Occupied,2,88.5
TRN-10796,BLK-006637,Track Occupied,2,67.0
TRN-10797,BLK-001290,Track Occupied,1,61.9
TRN-10798,BLK-020351,Track Occupied,3,88.7
TRN-10799,BLK-012994,Track Occupied,2,60.5
TRN-10800,BLK-030082,Track Occupied,1,29.7
TRN-10800,BLK-030083,Track Occupied,1,29.7
TRN-10801,BLK-027664,Track Occupied,2,58.5
TRN-10802,BLK-026797,Track Occupied,2,66.6
TRN-10803,BLK-003748,Track Occupied,2,74.5
TRN-10804,BLK-031916,Track Occupied,2,51.5
TRN-10805,BLK-032310,Track Occupied,3,75.7
TRN-10806,BLK-007141,Track Occupied,3,87.2
TRN-10807,BLK-004882,Track Occupied,2,70.7
TRN-10808,BLK-015337,Track Occupied,2,66.1
TRN-10809,BLK-030377,Track Occupied,3,47.9
TRN-10810,BLK-027551,Track Occupied,3,53.6
TRN-10811,BLK-026929,Track Occupied,2,64.4
TRN-10812,BLK-020141,Track Occupied,3,75.8
TRN-10813,BLK-006961,Track Occupied,3,32.1
TRN-10814,BLK-006154,Track Occupied,2,58.2
TRN-10815,BLK-003185,Track Occupied,1,21.4
TRN-10816,BLK-002839,Track Occupied,1,68.1
TRN-10817,BLK-015435,Track Occupied,2,70.9
TRN-10818,BLK-032950,Track Occupied,3,71.7
TRN-10819,BLK-015306,Track Occupied,2,81.2
TRN-10819,BLK-015307,Track Occupied,2,81.2
TRN-10820,BLK-018254,Track Occupied,2,88.3
TRN-10821,BLK-028780,Track Occupied,2,97.7
TRN-10822,BLK-000605,Track Occupied,2,68.1
TRN-10823,BLK-002847,Track Occupied,2,82.1
TRN-10824,BLK-004779,Track Occupied,2,65.7
TRN-10825,BLK-027831,Track Occupied,2,71.7
TRN-10826,BLK-019957,Track Occupied,3,72.0
TRN-10827,BLK-031637,Track Occupied,2,75.6
TRN-10828,BLK-024011,Track Occupied,2,75.5
TRN-10829,BLK-002885,Track Occupied,3,64.9
TRN-10830,BLK-022002,Track Occupied,3,47.8
TRN-10831,BLK-012398,Track Occupied,1,40.4
TRN-10832,BLK-021025,Track Occupied,3,61.6
TRN-10833,BLK-010613,Track Occupied,3,57.8
TRN-10834,BLK-021415,Track Occupied,2,58.5
TRN-10835,BLK-010779,Track Occupied,3,60.4
TRN-10836,BLK-009966,Track Occupied,3,58.1
TRN-10837,BLK-021349,Track Occupied,1,44.2
TRN-10838,BLK-004400,Track Occupied,1,44.3
TRN-10839,BLK-004636,Track Occupied,1,39.6
TRN-10840,BLK-010511,Track Occupied,2,76.9
TRN-10841,BLK-028095,Track Occupied,2,73.5
TRN-10842,BLK-024247,Track Occupied,2,85.8
TRN-10843,BLK-023142,Track Occupied,2,64.9
TRN-10844,BLK-013189,Track Occupied,2,99.0
TRN-10845,BLK-023691,Track Occupied,3,99.0
TRN-10846,BLK-004627,Track Occupied,2,56.4
TRN-10846,BLK-004628,Track Occupied,2,56.4
TRN-10847,BLK-024520,Track Occupied,1,16.3
TRN-10848,BLK-013439,Track Occupied,3,66.7
TRN-10849,BLK-004861,Track Occupied,3,99.0
TRN-10850,BLK-027037,Track Occupied,3,74.9
TRN-10851,BLK-000921,Track Occupied,3,76.7
TRN-10852,BLK-029699,Track Occupied,1,24.4
TRN-10853,BLK-027220,Track Occupied,2,99.0
TRN-10853,BLK-027221,Track Occupied,2,99.0
TRN-10854,BLK-013964,Track Occupied,2,76.1
TRN-10855,BLK-027571,Track Occupied,3,99.0
TRN-10856,BLK-025063,Track Occupied,3,60.8
TRN-10857,BLK-030289,Track Occupied,3,61.5
TRN-10858,BLK-026373,Track Occupied,3,55.6
TRN-10859,BLK-018343,Track Occupied,1,38.4
TRN-10860,BLK-026123,Track Occupied,3,58.0
TRN-10861,BLK-020157,Track Occupied,3,98.3
TRN-10862,BLK-012050,Track Occupied,3,83.7
TRN-10863,BLK-006750,Track Occupied,3,74.9
TRN-10864,BLK-030507,Track Occupied,3,68.5
TRN-10865,BLK-000591,Track Occupied,2,80.5
TRN-10866,BLK-003617,Track Occupied,2,72.0
TRN-10867,BLK-025186,Track Occupied,3,83.0
TRN-10868,BLK-021261,Track Occupied,2,29.7
TRN-10869,BLK-023528,Track Occupied,2,86.3
TRN-10870,BLK-005523,Track Occupied,3,98.4
TRN-10871,BLK-026915,Track Occupied,1,28.1
TRN-10872,BLK-010988,Track Occupied,2,46.3
TRN-10873,BLK-011638,Track Occupied,3,54.2
TRN-10874,BLK-017205,Track Occupied,3,66.7
TRN-10875,BLK-005466,Track Occupied,3,72.9
TRN-10876,BLK-007485,Track Occupied,3,72.3
TRN-10877,BLK-007034,Track Occupied,2,74.3
TRN-10878,BLK-028185,Track Occupied,2,70.5
TRN-10879,BLK-000031,Track Occupied,2,48.4
TRN-10880,BLK-005783,Track Occupied,2,57.8
TRN-10881,BLK-000794,Track Occupied,2,91.9
TRN-10882,BLK-016097,Track Occupied,1,5.0
TRN-10883,BLK-027060,Track Occupied,2,53.1
TRN-10884,BLK-003498,Track Occupied,3,78.1
TRN-10885,BLK-024566,Track Occupied,3,71.9
TRN-10886,BLK-006899,Track Occupied,3,66.7
TRN-10887,BLK-027916,Track Occupied,2,49.2
TRN-10888,BLK-027573,Track Occupied,3,70.5
TRN-10889,BLK-004621,Track Occupied,2,52.9
TRN-10890,BLK-018488,Track Occupied,1,36.0
TRN-10891,BLK-006060,Track Occupied,3,75.3
TRN-10892,BLK-004946,Track Occupied,3,48.6
TRN-10893,BLK-028290,Track Occupied,1,28.2
TRN-10893,BLK-028291,Track Occupied,1,28.2
TRN-10894,BLK-021429,Track Occupied,2,36.7
TRN-10895,BLK-012416,Track Occupied,3,82.1
TRN-10896,BLK-025604,Track Occupied,2,80.2
TRN-10897,BLK-004808,Track Occupied,3,79.7
TRN-10898,BLK-008308,Track Occupied,1,33.0
TRN-10899,BLK-001294,Track Occupied,2,76.6
TRN-10900,BLK-002053,Track Occupied,2,62.6
TRN-10901,BLK-029953,Track Occupied,2,80.4
TRN-10902,BLK-004465,Track Occupied,1,31.2
TRN-10903,BLK-005215,Track Occupied,1,36.9
TRN-10904,BLK-006500,Track Occupied,2,74.3
TRN-10905,BLK-022620,Track Occupied,3,62.6
TRN-10906,BLK-030249,Track Occupied,2,60.2
TRN-10907,BLK-003242,Track Occupied,2,61.0
TRN-10908,BLK-031234,Track Occupied,2,68.3
TRN-10909,BLK-030678,Track Occupied,2,71.8
TRN-10910,BLK-011316,Track Occupied,1,24.1
TRN-10911,BLK-005306,Track Occupied,1,14.5
TRN-10912,BLK-023198,Track Occupied,3,64.6
TRN-10913,BLK-012810,Track Occupied,3,60.3
TRN-10914,BLK-006251,Track Occupied,2,90.7
TRN-10915,BLK-011405,Track Occupied,2,57.9
TRN-10916,BLK-031834,Track Occupied,2,96.2
TRN-10917,BLK-015009,Track Occupied,3,80.3
TRN-10918,BLK-027793,Track Occupied,2,99.0
TRN-10919,BLK-016822,Track Occupied,1,48.3
TRN-10920,BLK-022185,Track Occupied,2,65.3
TRN-10921,BLK-016998,Track Occupied,3,70.2
TRN-10922,BLK-015465,Track Occupied,2,81.2
TRN-10923,BLK-030507,Track Occupied,3,83.2
TRN-10924,BLK-032910,Track Occupied,2,52.6
TRN-10925,BLK-016746,Track Occupied,2,73.5
TRN-10926,BLK-007804,Track Occupied,3,52.6
TRN-10927,BLK-014610,Track Occupied,1,46.3
TRN-10928,BLK-009192,Track Occupied,3,55.9
TRN-10929,BLK-006743,Track Occupied,1,47.6
TRN-10930,BLK-001287,Track Occupied,1,37.3
TRN-10930,BLK-001288,Track Occupied,1,37.3
TRN-10931,BLK-023984,Track Occupied,1,12.0
TRN-10932,BLK-022689,Track Occupied,3,59.6
TRN-10933,BLK-016523,Track Occupied,3,48.3
TRN-10934,BLK-015202,Track Occupied,1,34.1
TRN-10935,BLK-001850,Track Occupied,3,77.9
TRN-10936,BLK-010202,Track Occupied,2,98.6
TRN-10937,BLK-011898,Track Occupied,2,66.8
TRN-10938,BLK-030571,Track Occupied,2,95.7
TRN-10939,BLK-021299,Track Occupied,3,92.6
TRN-10940,BLK-024482,Track Occupied,2,89.9
TRN-10941,BLK-031039,Track Occupied,1,44.3
TRN-10942,BLK-000562,Track Occupied,3,79.5
TRN-10943,BLK-007560,Track Occupied,1,14.6
TRN-10944,BLK-005411,Track Occupied,2,89.2
TRN-10945,BLK-029337,Track Occupied,3,52.9
TRN-10946,BLK-029425,Track Occupied,3,48.6
TRN-10947,BLK-013390,Track Occupied,3,60.7
TRN-10948,BLK-028619,Track Occupied,1,13.5
TRN-10949,BLK-016405,Track Occupied,2,72.0
TRN-10950,BLK-011969,Track Occupied,3,82.0
TRN-10951,BLK-032651,Track Occupied,2,93.8
TRN-10952,BLK-005935,Track Occupied,2,89.6
TRN-10953,BLK-013129,Track Occupied,2,53.3
TRN-10954,BLK-016522,Track Occupied,2,65.2
TRN-10955,BLK-029312,Track Occupied,2,70.1
TRN-10956,BLK-012122,Track Occupied,3,73.7
TRN-10957,BLK-022587,Track Occupied,3,65.0
TRN-10958,BLK-024184,Track Occupied,2,88.5
TRN-10959,BLK-016742,Track Occupied,2,76.3
TRN-10960,BLK-031567,Track Occupied,1,39.7
TRN-10961,BLK-002021,Track Occupied,3,99.0
TRN-10962,BLK-009677,Track Occupied,3,71.3
TRN-10963,BLK-025181,Track Occupied,3,78.3
TRN-10964,BLK-004911,Track Occupied,3,73.1
TRN-10965,BLK-033314,Track Occupied,2,67.0
TRN-10966,BLK-023646,Track Occupied,2,64.8
TRN-10967,BLK-001704,Track Occupied,1,11.6
TRN-10968,BLK-023590,Track Occupied,2,73.6
TRN-10969,BLK-003212,Track Occupied,3,45.9
TRN-10970,BLK-018857,Track Occupied,2,99.0
TRN-10971,BLK-023726,Track Occupied,2,99.0
TRN-10972,BLK-026819,Track Occupied,3,70.8
TRN-10973,BLK-008081,Track Occupied,3,87.6
TRN-10974,BLK-013525,Track Occupied,1,57.2
TRN-10975,BLK-033049,Track Occupied,2,78.9
TRN-10976,BLK-005582,Track Occupied,3,50.5
TRN-10977,BLK-012659,Track Occupied,3,89.2
TRN-10978,BLK-023232,Track Occupied,3,81.9
TRN-10979,BLK-009872,Track Occupied,3,94.7
TRN-10980,BLK-000246,Track Occupied,3,99.0
TRN-10981,BLK-020178,Track Occupied,3,88.5
TRN-10982,BLK-003459,Track Occupied,2,88.9
TRN-10983,BLK-033451,Track Occupied,2,90.0
TRN-10984,BLK-006464,Track Occupied,3,82.7
TRN-10984,BLK-006465,Track Occupied,3,82.7
TRN-10985,BLK-021241,Track Occupied,3,94.3
TRN-10986,BLK-018263,Track Occupied,2,70.5
TRN-10987,BLK-015620,Track Occupied,2,36.4
TRN-10988,BLK-009193,Track Occupied,1,56.1
TRN-10988,BLK-009194,Track Occupied,1,56.1
TRN-10989,BLK-022204,Track Occupied,1,32.7
TRN-10990,BLK-009615,Track Occupied,2,36.4
TRN-10991,BLK-010206,Track Occupied,3,35.9
TRN-10992,BLK-003321,Track Occupied,3,79.3
TRN-10993,BLK-020086,Track Occupied,2,56.8
TRN-10994,BLK-021277,Track Occupied,1,36.7
TRN-10995,BLK-016375,Track Occupied,3,86.4
TRN-10996,BLK-002458,Track Occupied,2,54.6
TRN-10997,BLK-015613,Track Occupied,3,59.7
TRN-10998,BLK-020875,Track Occupied,3,86.1
TRN-10999,BLK-017278,Track Occupied,1,35.6
TRN-11000,BLK-028335,Track Occupied,1,44.5
TRN-11001,BLK-017340,Track Occupied,2,76.8
TRN-11002,BLK-007913,Track Occupied,3,37.9
TRN-11003,BLK-029722,Track Occupied,3,60.8
TRN-11004,BLK-033392,Track Occupied,3,99.0
TRN-11005,BLK-011986,Track Occupied,2,81.9
TRN-11006,BLK-009499,Track Occupied,3,78.5
TRN-11007,BLK-021735,Track Occupied,2,57.7
TRN-11008,BLK-000854,Track Occupied,2,66.3
TRN-11009,BLK-021408,Track Occupied,3,77.5
TRN-11010,BLK-021783,Track Occupied,3,67.8
TRN-11011,BLK-010581,Track Occupied,2,66.0
TRN-11012,BLK-012037,Track Occupied,3,99.0
TRN-11013,BLK-023444,Track Occupied,3,86.1
TRN-11014,BLK-029124,Track Occupied,3,84.2
TRN-11015,BLK-027422,Track Occupied,2,64.1
TRN-11016,BLK-000937,Track Occupied,2,70.0
TRN-11017,BLK-017169,Track Occupied,3,70.2
TRN-11018,BLK-000077,Track Occupied,2,76.9
TRN-11019,BLK-001509,Track Occupied,1,37.5
TRN-11020,BLK-031054,Track Occupied,2,73.8
TRN-11021,BLK-011638,Track Occupied,1,5.0
TRN-11022,BLK-000678,Track Occupied,2,60.4
TRN-11022,BLK-000679,Track Occupied,2,60.4
TRN-11023,BLK-010829,Track Occupied,3,63.3
TRN-11024,BLK-027394,Track Occupied,3,87.9
TRN-11025,BLK-002111,Track Occupied,3,97.3
TRN-11026,BLK-023825,Track Occupied,2,60.2
TRN-11027,BLK-005677,Track Occupied,2,50.9
TRN-11028,BLK-029356,Track Occupied,2,99.0
TRN-11029,BLK-010198,Track Occupied,2,62.7
TRN-11029,BLK-010199,Track Occupied,2,62.7
TRN-11030,BLK-031412,Track Occupied,1,38.5
TRN-11031,BLK-024626,Track Occupied,2,78.2
TRN-11032,BLK-007433,Track Occupied,3,58.6
TRN-11033,BLK-019122,Track Occupied,3,99.0
TRN-11034,BLK-006469,Track Occupied,2,68.1
TRN-11035,BLK-023946,Track Occupied,2,54.1
TRN-11036,BLK-023866,Track Occupied,3,62.4
TRN-11037,BLK-010769,Track Occupied,2,92.5
TRN-11038,BLK-015150,Track Occupied,3,79.9
TRN-11039,BLK-032135,Track Occupied,3,65.9
TRN-11040,BLK-015600,Track Occupied,2,66.8
TRN-11041,BLK-031618,Track Occupied,2,55.0
TRN-11042,BLK-014324,Track Occupied,2,64.8
TRN-11043,BLK-005245,Track Occupied,2,54.3
TRN-11044,BLK-031739,Track Occupied,2,76.4
TRN-11045,BLK-003457,Track Occupied,2,62.4
TRN-11046,BLK-001372,Track Occupied,3,85.5
TRN-11047,BLK-015220,Track Occupied,1,28.5
TRN-11048,BLK-024517,Track Occupied,3,59.2
TRN-11049,BLK-020078,Track Occupied,3,47.2
TRN-11050,BLK-003248,Track Occupied,3,77.9
TRN-11051,BLK-028203,Track Occupied,2,75.3
TRN-11052,BLK-031135,Track Occupied,2,80.7
TRN-11053,BLK-015450,Track Occupied,1,35.8
TRN-11054,BLK-024264,Track Occupied,2,85.6
TRN-11055,BLK-007216,Track Occupied,2,55.7
TRN-11056,BLK-010220,Track Occupied,1,36.2
TRN-11057,BLK-021502,Track Occupied,2,53.2
TRN-11058,BLK-029053,Track Occupied,1,37.9
TRN-11059,BLK-017827,Track Occupied,1,41.6
TRN-11060,BLK-010223,Track Occupied,3,63.6
TRN-11061,BLK-010305,Track Occupied,2,62.3
TRN-11062,BLK-018108,Track Occupied,3,86.4
TRN-11063,BLK-020990,Track Occupied,2,99.0
TRN-11064,BLK-023405,Track Occupied,3,72.1
TRN-11065,BLK-006369,Track Occupied,2,72.4
TRN-11066,BLK-032385,Track Occupied,2,63.4
TRN-11067,BLK-026234,Track Occupied,2,63.2
TRN-11067,BLK-026235,Track Occupied,2,63.2
TRN-11068,BLK-012229,Track Occupied,2,65.8
TRN-11069,BLK-014466,Track Occupied,2,83.7
TRN-11070,BLK-010398,Track Occupied,2,82.6
TRN-11071,BLK-001657,Track Occupied,2,51.5
TRN-11072,BLK-011427,Track Occupied,2,82.6
TRN-11073,BLK-027886,Track Occupied,2,77.1
TRN-11074,BLK-003444,Track Occupied,1,44.6
TRN-11075,BLK-015558,Track Occupied,2,63.0
TRN-11076,BLK-029240,Track Occupied,2,78.7
TRN-11077,BLK-008247,Track Occupied,2,75.8
TRN-11078,BLK-003309,Track Occupied,2,85.9
TRN-11079,BLK-003280,Track Occupied,3,76.4
TRN-11080,BLK-016900,Track Occupied,3,66.0
TRN-11081,BLK-021895,Track Occupied,3,86.6
TRN-11082,BLK-016405,Track Occupied,2,64.4
TRN-11083,BLK-015424,Track Occupied,1,47.4
TRN-11084,BLK-000790,Track Occupied,3,67.0
TRN-11085,BLK-014463,Track Occupied,3,83.6
TRN-11086,BLK-033366,Track Occupied,3,68.9
TRN-11087,BLK-031774,Track Occupied,3,62.4
TRN-11088,BLK-023324,Track Occupied,2,59.6
TRN-11089,BLK-030719,Track Occupied,2,57.3
TRN-11090,BLK-015272,Track Occupied,3,37.2
TRN-11091,BLK-018330,Track Occupied,2,73.0
TRN-11092,BLK-019641,Track Occupied,3,75.0
TRN-11093,BLK-022027,Track Occupied,2,58.5
TRN-11094,BLK-015885,Track Occupied,1,17.4
TRN-11095,BLK-019494,Track Occupied,1,20.1
TRN-11096,BLK-012507,Track Occupied,3,71.1
TRN-11097,BLK-007965,Track Occupied,2,69.2
TRN-11098,BLK-031068,Track Occupied,2,85.2
TRN-11099,BLK-029861,Track Occupied,3,56.9
TRN-11100,BLK-003649,Track Occupied,3,39.5
TRN-11101,BLK-017041,Track Occupied,1,13.3
TRN-11102,BLK-025392,Track Occupied,1,22.8
TRN-11103,BLK-026714,Track Occupied,2,96.0
TRN-11104,BLK-024312,Track Occupied,2,78.3
TRN-11105,BLK-012394,Track Occupied,3,50.5
TRN-11106,BLK-001507,Track Occupied,3,86.6
TRN-11107,BLK-018617,Track Occupied,3,86.0
TRN-11107,BLK-018618,Track Occupied,3,86.0
TRN-11108,BLK-031051,Track Occupied,3,74.7
TRN-11109,BLK-018266,Track Occupied,1,55.8
TRN-11110,BLK-004701,Track Occupied,3,85.2
TRN-11111,BLK-000830,Track Occupied,2,60.6
TRN-11112,BLK-019062,Track Occupied,2,64.9
TRN-11113,BLK-008349,Track Occupied,3,73.9
TRN-11114,BLK-026003,Track Occupied,1,36.6
TRN-11115,BLK-012220,Track Occupied,3,77.2
TRN-11116,BLK-001680,Track Occupied,3,75.2
TRN-11117,BLK-001726,Track Occupied,3,68.8
TRN-11118,BLK-010103,Track Occupied,2,67.9
TRN-11119,BLK-028187,Track Occupied,1,37.2
TRN-11120,BLK-004821,Track Occupied,2,48.4
TRN-11120,BLK-004822,Track Occupied,2,48.4
TRN-11121,BLK-000570,Track Occupied,2,69.5
TRN-11122,BLK-022964,Track Occupied,3,47.6
TRN-11123,BLK-015285,Track Occupied,2,93.3
TRN-11124,BLK-000896,Track Occupied,2,54.3
TRN-11125,BLK-007753,Track Occupied,3,82.0
TRN-11125,BLK-007754,Track Occupied,3,82.0
TRN-11126,BLK-028743,Track Occupied,3,63.2
TRN-11127,BLK-004592,Track Occupied,3,44.7
TRN-11127,BLK-004593,Track Occupied,3,44.7
TRN-11128,BLK-032780,Track Occupied,2,52.0
TRN-11129,BLK-020736,Track Occupied,3,63.8
TRN-11130,BLK-023016,Track Occupied,3,82.7
TRN-11131,BLK-008517,Track Occupied,2,54.1
TRN-11132,BLK-033250,Track Occupied,2,64.3
TRN-11133,BLK-019527,Track Occupied,3,71.4
TRN-11134,BLK-004962,Track Occupied,2,72.1
TRN-11135,BLK-010949,Track Occupied,2,97.5
TRN-11136,BLK-028842,Track Occupied,2,83.9
TRN-11136,BLK-028843,Track Occupied,2,83.9
TRN-11137,BLK-010939,Track Occupied,2,99.0
TRN-11138,BLK-020688,Track Occupied,3,75.2
TRN-11139,BLK-006595,Track Occupied,1,16.5
TRN-11140,BLK-017290,Track Occupied,3,54.0
TRN-11141,BLK-003386,Track Occupied,3,86.0
TRN-11142,BLK-008832,Track Occupied,3,61.6
TRN-11143,BLK-029604,Track Occupied,1,35.7
TRN-11144,BLK-012176,Track Occupied,3,80.3
TRN-11145,BLK-032901,Track Occupied,2,81.0
TRN-11146,BLK-023260,Track Occupied,3,67.1
TRN-11147,BLK-007012,Track Occupied,2,71.3
TRN-11148,BLK-013531,Track Occupied,1,31.0
TRN-11148,BLK-013532,Track Occupied,1,31.0
TRN-11149,BLK-033028,Track Occupied,3,84.6
TRN-11150,BLK-024821,Track Occupied,2,65.3
TRN-11151,BLK-027917,Track Occupied,3,99.0
TRN-11152,BLK-009390,Track Occupied,3,67.2
TRN-11153,BLK-020258,Track Occupied,1,8.3
TRN-11154,BLK-018495,Track Occupied,2,92.1
TRN-11155,BLK-016311,Track Occupied,1,62.9
TRN-11156,BLK-026227,Track Occupied,2,74.2
TRN-11157,BLK-003730,Track Occupied,3,67.6
TRN-11157,BLK-003731,Track Occupied,3,67.6
TRN-11158,BLK-026601,Track Occupied,3,64.6
TRN-11159,BLK-011316,Track Occupied,2,83.3
TRN-11160,BLK-006471,Track Occupied,3,57.3
TRN-11161,BLK-013998,Track Occupied,3,66.7
TRN-11162,BLK-004241,Track Occupied,1,55.6
TRN-11163,BLK-018261,Track Occupied,3,84.0
TRN-11164,BLK-001771,Track Occupied,3,63.4
TRN-11165,BLK-009496,Track Occupied,2,73.5
TRN-11166,BLK-025926,Track Occupied,2,99.0
TRN-11167,BLK-010196,Track Occupied,1,28.5
TRN-11168,BLK-021830,Track Occupied,2,78.8
TRN-11169,BLK-009956,Track Occupied,2,40.4
TRN-11170,BLK-006766,Track Occupied,3,70.6
TRN-11171,BLK-003532,Track Occupied,3,55.4
TRN-11172,BLK-008391,Track Occupied,2,53.8
TRN-11173,BLK-027845,Track Occupied,2,72.2
TRN-11174,BLK-008636,Track Occupied,3,83.6
TRN-11175,BLK-022466,Track Occupied,2,68.2
TRN-11176,BLK-031721,Track Occupied,1,13.7
TRN-11177,BLK-031706,Track Occupied,2,68.4
TRN-11178,BLK-009301,Track Occupied,3,78.8
TRN-11179,BLK-022319,Track Occupied,1,52.2
TRN-11180,BLK-006215,Track Occupied,2,58.8
TRN-11181,BLK-022921,Track Occupied,1,36.0
TRN-11182,BLK-018719,Track Occupied,2,88.8
TRN-11183,BLK-027058,Track Occupied,1,39.2
TRN-11184,BLK-018931,Track Occupied,1,28.2
TRN-11185,BLK-029199,Track Occupied,2,53.0
TRN-11186,BLK-010633,Track Occupied,2,64.9
TRN-11186,BLK-010634,Track Occupied,2,64.9
TRN-11187,BLK-001677,Track Occupied,2,44.2
TRN-11188,BLK-000308,Track Occupied,2,84.4
TRN-11189,BLK-000895,Track Occupied,1,33.0
TRN-11190,BLK-029191,Track Occupied,2,93.2
TRN-11191,BLK-001737,Track Occupied,2,67.1
TRN-11192,BLK-029839,Track Occupied,2,51.8
TRN-11193,BLK-022671,Track Occupied,3,59.1
TRN-11194,BLK-003043,Track Occupied,3,69.2
TRN-11195,BLK-002489,Track Occupied,2,35.3
TRN-11196,BLK-013044,Track Occupied,1,37.8
TRN-11197,BLK-014234,Track Occupied,1,38.4
TRN-11198,BLK-017801,Track Occupied,1,30.6
TRN-11199,BLK-027782,Track Occupied,2,56.3
TRN-11200,BLK-030197,Track Occupied,2,90.1
TRN-11201,BLK-009934,Track Occupied,3,54.0
TRN-11202,BLK-007828,Track Occupied,2,80.0
TRN-11203,BLK-016216,Track Occupied,2,71.6
TRN-11204,BLK-012941,Track Occupied,3,76.9
TRN-11205,BLK-006353,Track Occupied,3,50.5
TRN-11206,BLK-029887,Track Occupied,3,91.9
TRN-11207,BLK-008825,Track Occupied,1,8.5
TRN-11208,BLK-008412,Track Occupied,3,79.4
TRN-11209,BLK-000948,Track Occupied,2,42.4
TRN-11210,BLK-008950,Track Occupied,2,62.3
TRN-11211,BLK-021747,Track Occupied,3,52.3
TRN-11212,BLK-019945,Track Occupied,2,81.4
TRN-11213,BLK-012195,Track Occupied,1,44.5
TRN-11214,BLK-032774,Track Occupied,1,32.7
TRN-11215,BLK-025331,Track Occupied,3,93.6
TRN-11216,BLK-027371,Track Occupied,3,83.1
TRN-11217,BLK-026774,Track Occupied,3,89.7
TRN-11218,BLK-009789,Track Occupied,2,34.6
TRN-11219,BLK-002710,Track Occupied,3,77.6
TRN-11220,BLK-009768,Track Occupied,3,60.1
TRN-11221,BLK-033511,Track Occupied,2,51.1
TRN-11222,BLK-004743,Track Occupied,2,47.5
TRN-11222,BLK-004744,Track Occupied,2,47.5
TRN-11223,BLK-008340,Track Occupied,2,93.8
TRN-11224,BLK-014416,Track Occupied,2,42.6
TRN-11225,BLK-005648,Track Occupied,2,67.5
TRN-11226,BLK-002681,Track Occupied,1,29.4
TRN-11227,BLK-005449,Track Occupied,2,77.9
TRN-11228,BLK-024282,Track Occupied,1,22.5
TRN-11229,BLK-007088,Track Occupied,3,99.0
TRN-11230,BLK-030168,Track Occupied,1,19.1
TRN-11231,BLK-005287,Track Occupied,1,8.6
TRN-11232,BLK-015366,Track Occupied,1,46.3
TRN-11233,BLK-010849,Track Occupied,2,96.1
TRN-11233,BLK-010850,Track Occupied,2,96.1
TRN-11234,BLK-002249,Track Occupied,3,85.1
TRN-11235,BLK-016773,Track Occupied,1,5.0
TRN-11236,BLK-020540,Track Occupied,2,81.6
TRN-11237,BLK-017176,Track Occupied,3,99.0
TRN-11238,BLK-012080,Track Occupied,2,83.7
TRN-11239,BLK-033551,Track Occupied,2,58.5
TRN-11240,BLK-027119,Track Occupied,3,65.1
TRN-11241,BLK-000982,Track Occupied,3,71.9
TRN-11242,BLK-032864,Track Occupied,3,42.0
TRN-11243,BLK-005800,Track Occupied,3,58.1
TRN-11244,BLK-010488,Track Occupied,2,71.9
TRN-11245,BLK-007341,Track Occupied,2,97.2
TRN-11246,BLK-006409,Track Occupied,2,53.9
TRN-11247,BLK-009478,Track Occupied,2,27.3
TRN-11248,BLK-016391,Track Occupied,1,24.1
TRN-11249,BLK-017227,Track Occupied,2,81.8
TRN-11250,BLK-005615,Track Occupied,3,59.6
TRN-11251,BLK-003361,Track Occupied,2,36.9
TRN-11252,BLK-005618,Track Occupied,3,58.1
TRN-11253,BLK-022586,Track Occupied,1,58.4
TRN-11253,BLK-022587,Track Occupied,1,58.4
TRN-11254,BLK-025290,Track Occupied,2,79.1
TRN-11255,BLK-000016,Track Occupied,2,68.3
TRN-11256,BLK-026598,Track Occupied,3,76.7
TRN-11257,BLK-013679,Track Occupied,3,90.6
TRN-11258,BLK-007048,Track Occupied,3,56.9
TRN-11258,BLK-007049,Track Occupied,3,56.9
TRN-11259,BLK-011154,Track Occupied,3,63.1
TRN-11260,BLK-009538,Track Occupied,2,92.5
TRN-11261,BLK-032211,Track Occupied,3,44.5
TRN-11262,BLK-021585,Track Occupied,2,58.7
TRN-11263,BLK-012813,Track Occupied,2,60.8
TRN-11264,BLK-024111,Track Occupied,2,69.4
TRN-11265,BLK-009072,Track Occupied,2,42.0
TRN-11266,BLK-001669,Track Occupied,3,47.3
TRN-11267,BLK-013760,Track Occupied,2,80.1
TRN-11268,BLK-017051,Track Occupied,3,50.1
TRN-11269,BLK-023620,Track Occupied,3,89.6
TRN-11270,BLK-007401,Track Occupied,2,92.9
TRN-11271,BLK-001622,Track Occupied,2,76.9
TRN-11272,BLK-011639,Track Occupied,2,74.5
TRN-11273,BLK-018884,Track Occupied,1,50.8
TRN-11274,BLK-012423,Track Occupied,3,84.2
TRN-11275,BLK-003975,Track Occupied,3,66.0
TRN-11276,BLK-001478,Track Occupied,3,64.5
TRN-11277,BLK-018412,Track Occupied,2,84.5
TRN-11278,BLK-029666,Track Occupied,3,87.5
TRN-11279,BLK-023816,Track Occupied,2,65.9
TRN-11280,BLK-029386,Track Occupied,2,87.6
TRN-11281,BLK-025658,Track Occupied,3,80.0
TRN-11282,BLK-006081,Track Occupied,3,75.1
TRN-11283,BLK-027604,Track Occupied,2,67.3
TRN-11284,BLK-003444,Track Occupied,3,68.5
TRN-11285,BLK-004226,Track Occupied,2,88.6
TRN-11286,BLK-032805,Track Occupied,1,29.8
TRN-11287,BLK-031707,Track Occupied,3,66.3
TRN-11288,BLK-017019,Track Occupied,3,50.0
TRN-11289,BLK-015264,Track Occupied,2,91.6
TRN-11290,BLK-018050,Track Occupied,2,41.7
TRN-11291,BLK-029975,Track Occupied,3,76.7
TRN-11292,BLK-014031,Track Occupied,1,51.0
TRN-11293,BLK-024264,Track Occupied,2,99.0
TRN-11294,BLK-024417,Track Occupied,2,32.9
TRN-11294,BLK-024418,Track Occupied,2,32.9
TRN-11295,BLK-013200,Track Occupied,1,20.2
TRN-11296,BLK-015979,Track Occupied,3,59.6
TRN-11296,BLK-015980,Track Occupied,3,59.6
TRN-11297,BLK-028928,Track Occupied,3,99.0
TRN-11298,BLK-015797,Track Occupied,3,72.7
TRN-11299,BLK-010159,Track Occupied,3,88.3
TRN-11300,BLK-020151,Track Occupied,2,98.1
TRN-11301,BLK-029376,Track Occupied,2,43.4
TRN-11302,BLK-024531,Track Occupied,3,68.8
TRN-11303,BLK-028264,Track Occupied,1,26.9
TRN-11304,BLK-020954,Track Occupied,2,69.3
TRN-11305,BLK-027952,Track Occupied,2,68.8
TRN-11306,BLK-022299,Track Occupied,1,44.7
TRN-11307,BLK-011185,Track Occupied,2,51.0
TRN-11308,BLK-024500,Track Occupied,3,69.9
TRN-11309,BLK-029513,Track Occupied,2,67.2
TRN-11309,BLK-029514,Track Occupied,2,67.2
TRN-11310,BLK-002698,Track Occupied,3,72.2
TRN-11311,BLK-019293,Track Occupied,2,86.3
TRN-11312,BLK-018314,Track Occupied,2,77.3
TRN-11313,BLK-030354,Track Occupied,2,59.8
TRN-11314,BLK-020640,Track Occupied,2,60.0
TRN-11315,BLK-029239,Track Occupied,2,88.0
TRN-11316,BLK-013584,Track Occupied,1,5.0
TRN-11317,BLK-033227,Track Occupied,1,48.3
TRN-11318,BLK-011663,Track Occupied,3,84.4
TRN-11319,BLK-015138,Track Occupied,2,34.9
TRN-11320,BLK-013843,Track Occupied,3,82.7
TRN-11321,BLK-007098,Track Occupied,2,56.1
TRN-11322,BLK-002715,Track Occupied,1,40.2
TRN-11323,BLK-031996,Track Occupied,3,63.2
TRN-11324,BLK-024529,Track Occupied,2,55.5
TRN-11325,BLK-025843,Track Occupied,2,76.5
TRN-11326,BLK-017668,Track Occupied,3,53.3
TRN-11326,BLK-017669,Track Occupied,3,53.3
TRN-11327,BLK-004643,Track Occupied,3,65.2
TRN-11328,BLK-021871,Track Occupied,2,75.1
TRN-11329,BLK-006590,Track Occupied,2,62.9
TRN-11329,BLK-006591,Track Occupied,2,62.9
TRN-11330,BLK-004574,Track Occupied,2,73.8
TRN-11331,BLK-006697,Track Occupied,3,98.5
TRN-11332,BLK-026924,Track Occupied,2,82.7
TRN-11333,BLK-029848,Track Occupied,1,5.0
TRN-11334,BLK-024902,Track Occupied,1,40.2
TRN-11334,BLK-024903,Track Occupied,1,40.2
TRN-11335,BLK-003717,Track Occupied,3,79.2
TRN-11336,BLK-031288,Track Occupied,2,72.4
TRN-11337,BLK-010486,Track Occupied,3,90.0
TRN-11338,BLK-003623,Track Occupied,2,62.9
TRN-11339,BLK-022199,Track Occupied,1,39.8
TRN-11340,BLK-006938,Track Occupied,3,85.3
TRN-11341,BLK-008727,Track Occupied,3,72.8
TRN-11342,BLK-007851,Track Occupied,1,37.0
TRN-11343,BLK-023321,Track Occupied,3,68.0
TRN-11344,BLK-002078,Track Occupied,2,62.6
TRN-11345,BLK-032026,Track Occupied,3,50.0
TRN-11346,BLK-030915,Track Occupied,2,56.5
TRN-11347,BLK-011423,Track Occupied,3,80.9
TRN-11348,BLK-005143,Track Occupied,3,90.1
TRN-11348,BLK-005144,Track Occupied,3,90.1
TRN-11349,BLK-031673,Track Occupied,3,66.1
TRN-11350,BLK-005125,Track Occupied,2,45.4
TRN-11351,BLK-003254,Track Occupied,1,33.0
TRN-11352,BLK-028480,Track Occupied,3,71.9
TRN-11352,BLK-028481,Track Occupied,3,71.9
TRN-11353,BLK-003444,Track Occupied,3,78.8
TRN-11354,BLK-026309,Track Occupied,3,72.3
TRN-11355,BLK-033065,Track Occupied,2,75.9
TRN-11356,BLK-029843,Track Occupied,2,81.3
TRN-11357,BLK-002107,Track Occupied,2,66.7
TRN-11358,BLK-017510,Track Occupied,3,67.2
TRN-11359,BLK-011168,Track Occupied,1,47.3
TRN-11360,BLK-004231,Track Occupied,3,74.5
TRN-11361,BLK-022924,Track Occupied,2,86.4
TRN-11362,BLK-000797,Track Occupied,3,57.2
TRN-11363,BLK-024364,Track Occupied,1,29.3
TRN-11364,BLK-032034,Track Occupied,3,85.3
TRN-11365,BLK-030762,Track Occupied,1,10.8
TRN-11366,BLK-002411,Track Occupied,2,53.9
TRN-11367,BLK-030485,Track Occupied,1,45.1
TRN-11367,BLK-030486,Track Occupied,1,45.1
TRN-11368,BLK-012716,Track Occupied,2,61.8
TRN-11369,BLK-010494,Track Occupied,3,74.8
TRN-11370,BLK-006584,Track Occupied,2,74.0
TRN-11371,BLK-013447,Track Occupied,3,57.1
TRN-11372,BLK-013289,Track Occupied,3,67.9
TRN-11373,BLK-006961,Track Occupied,2,87.2
TRN-11374,BLK-003659,Track Occupied,2,81.1
TRN-11375,BLK-003608,Track Occupied,3,62.2
TRN-11376,BLK-003039,Track Occupied,3,79.4
TRN-11377,BLK-001228,Track Occupied,3,84.0
TRN-11378,BLK-017720,Track Occupied,2,42.3
TRN-11379,BLK-002415,Track Occupied,1,51.0
TRN-11380,BLK-005821,Track Occupied,2,68.4
TRN-11381,BLK-004492,Track Occupied,1,30.6
TRN-11382,BLK-001149,Track Occupied,1,35.0
TRN-11383,BLK-000290,Track Occupied,1,35.1
TRN-11384,BLK-004270,Track Occupied,2,50.5
TRN-11385,BLK-003573,Track Occupied,3,48.1
TRN-11386,BLK-006683,Track Occupied,1,13.4
TRN-11387,BLK-018265,Track Occupied,3,87.5
TRN-11388,BLK-023820,Track Occupied,2,67.5
TRN-11389,BLK-026194,Track Occupied,2,68.2
TRN-11390,BLK-018373,Track Occupied,2,90.4
TRN-11391,BLK-027992,Track Occupied,2,77.1
TRN-11392,BLK-009721,Track Occupied,2,28.0
TRN-11393,BLK-007049,Track Occupied,2,49.4
TRN-11394,BLK-031945,Track Occupied,3,61.4
TRN-11395,BLK-030464,Track Occupied,3,72.8
TRN-11396,BLK-004853,Track Occupied,3,99.0
TRN-11397,BLK-018239,Track Occupied,2,84.2
TRN-11398,BLK-027843,Track Occupied,2,93.7
TRN-11399,BLK-029118,Track Occupied,2,92.7
TRN-11400,BLK-018463,Track Occupied,3,69.9
TRN-11401,BLK-031550,Track Occupied,3,78.7
TRN-11401,BLK-031551,Track Occupied,3,78.7
TRN-11402,BLK-016186,Track Occupied,2,67.6
TRN-11403,BLK-012454,Track Occupied,2,93.5
TRN-11404,BLK-014596,Track Occupied,3,59.5
TRN-11405,BLK-022729,Track Occupied,3,85.7
TRN-11406,BLK-001776,Track Occupied,3,99.0
TRN-11407,BLK-005232,Track Occupied,3,50.3
TRN-11408,BLK-030833,Track Occupied,1,46.7
TRN-11409,BLK-006740,Track Occupied,3,98.7
TRN-11410,BLK-021356,Track Occupied,2,69.1
TRN-11411,BLK-011583,Track Occupied,3,51.9
TRN-11412,BLK-009002,Track Occupied,2,79.2
TRN-11413,BLK-020025,Track Occupied,3,85.3
TRN-11414,BLK-004793,Track Occupied,1,49.3
TRN-11415,BLK-017228,Track Occupied,2,70.2
TRN-11416,BLK-005328,Track Occupied,2,99.0
TRN-11417,BLK-025851,Track Occupied,2,74.9
TRN-11418,BLK-010352,Track Occupied,2,85.1
TRN-11419,BLK-014385,Track Occupied,2,69.0
TRN-11420,BLK-009665,Track Occupied,2,58.0
TRN-11421,BLK-019250,Track Occupied,3,69.2
TRN-11422,BLK-001786,Track Occupied,1,21.5
TRN-11423,BLK-012602,Track Occupied,3,75.5
TRN-11424,BLK-017005,Track Occupied,2,80.2
TRN-11424,BLK-017006,Track Occupied,2,80.2
TRN-11425,BLK-015975,Track Occupied,2,51.3
TRN-11426,BLK-028817,Track Occupied,3,84.2
TRN-11427,BLK-017947,Track Occupied,3,40.6
TRN-11428,BLK-019231,Track Occupied,3,69.6
TRN-11429,BLK-000033,Track Occupied,3,70.0
TRN-11430,BLK-023144,Track Occupied,3,71.0
TRN-11431,BLK-003788,Track Occupied,2,72.0
TRN-11432,BLK-033575,Track Occupied,2,81.7
TRN-11433,BLK-033579,Track Occupied,3,82.3
TRN-11434,BLK-031578,Track Occupied,2,62.4
TRN-11435,BLK-010175,Track Occupied,2,57.1
TRN-11436,BLK-003122,Track Occupied,1,47.4
TRN-11437,BLK-000664,Track Occupied,3,65.8
TRN-11438,BLK-003298,Track Occupied,2,73.4
TRN-11439,BLK-002329,Track Occupied,1,60.9
TRN-11440,BLK-008162,Track Occupied,3,62.0
TRN-11440,BLK-008163,Track Occupied,3,62.0
TRN-11441,BLK-008105,Track Occupied,3,69.9
TRN-11441,BLK-008106,Track Occupied,3,69.9
TRN-11442,BLK-006609,Track Occupied,2,78.4
TRN-11443,BLK-005931,Track Occupied,1,41.1
TRN-11444,BLK-020648,Track Occupied,3,86.8
TRN-11445,BLK-030354,Track Occupied,3,65.4
TRN-11446,BLK-006828,Track Occupied,1,8.2
TRN-11447,BLK-023791,Track Occupied,2,61.2
TRN-11448,BLK-031676,Track Occupied,2,78.0
TRN-11449,BLK-033072,Track Occupied,2,65.0
TRN-11450,BLK-024375,Track Occupied,2,69.4
TRN-11451,BLK-001935,Track Occupied,3,76.9
TRN-11452,BLK-008268,Track Occupied,3,79.5
TRN-11453,BLK-013035,Track Occupied,3,74.2
TRN-11454,BLK-025446,Track Occupied,3,65.6
TRN-11455,BLK-007884,Track Occupied,3,97.0
TRN-11456,BLK-020309,Track Occupied,2,86.4
TRN-11457,BLK-015503,Track Occupied,1,15.8
TRN-11458,BLK-025920,Track Occupied,1,14.1
TRN-11459,BLK-005193,Track Occupied,1,35.7
TRN-11460,BLK-029321,Track Occupied,2,77.9
TRN-11461,BLK-006681,Track Occupied,2,67.2
TRN-11462,BLK-006092,Track Occupied,1,27.5
TRN-11463,BLK-026249,Track Occupied,2,78.0
TRN-11464,BLK-001151,Track Occupied,1,36.1
TRN-11465,BLK-016907,Track Occupied,3,53.7
TRN-11466,BLK-001246,Track Occupied,3,68.1
TRN-11467,BLK-001366,Track Occupied,3,76.2
TRN-11468,BLK-005125,Track Occupied,3,66.5
TRN-11469,BLK-032353,Track Occupied,2,75.1
TRN-11470,BLK-017100,Track Occupied,3,48.8
TRN-11471,BLK-027888,Track Occupied,1,20.2
TRN-11472,BLK-017653,Track Occupied,2,50.7
TRN-11473,BLK-015064,Track Occupied,3,70.7
TRN-11474,BLK-016520,Track Occupied,2,47.2
TRN-11475,BLK-021864,Track Occupied,2,91.4
TRN-11476,BLK-007196,Track Occupied,1,11.3
TRN-11477,BLK-023630,Track Occupied,1,5.0
TRN-11478,BLK-003725,Track Occupied,3,63.5
TRN-11479,BLK-010125,Track Occupied,3,76.6
TRN-11480,BLK-004578,Track Occupied,1,38.1
TRN-11480,BLK-004579,Track Occupied,1,38.1
TRN-11481,BLK-012802,Track Occupied,1,29.3
TRN-11482,BLK-026575,Track Occupied,2,81.1
TRN-11483,BLK-016394,Track Occupied,3,72.6
TRN-11484,BLK-026436,Track Occupied,2,62.5
TRN-11485,BLK-010912,Track Occupied,2,88.9
TRN-11486,BLK-021818,Track Occupied,2,79.1
TRN-11487,BLK-010171,Track Occupied,2,67.2
TRN-11488,BLK-017138,Track Occupied,3,73.7
TRN-11489,BLK-007216,Track Occupied,3,87.9
TRN-11490,BLK-021731,Track Occupied,1,21.7
TRN-11491,BLK-020057,Track Occupied,2,58.3
TRN-11492,BLK-014045,Track Occupied,2,47.5
TRN-11493,BLK-017864,Track Occupied,2,88.9
TRN-11494,BLK-009227,Track Occupied,1,33.5
TRN-11495,BLK-024890,Track Occupied,2,85.5
TRN-11496,BLK-010479,Track Occupied,2,92.1
TRN-11497,BLK-023852,Track Occupied,1,81.3
TRN-11498,BLK-015355,Track Occupied,1,31.9
TRN-11499,BLK-013180,Track Occupied,2,77.9
TRN-11500,BLK-013178,Track Occupied,2,55.2
TRN-11501,BLK-030900,Track Occupied,3,64.6
TRN-11502,BLK-016216,Track Occupied,2,53.3
TRN-11503,BLK-011146,Track Occupied,3,69.3
TRN-11503,BLK-011147,Track Occupied,3,69.3
TRN-11504,BLK-032917,Track Occupied,3,53.7
TRN-11505,BLK-003102,Track Occupied,2,89.3
TRN-11506,BLK-024314,Track Occupied,2,73.3
TRN-11507,BLK-016847,Track Occupied,3,80.1
TRN-11508,BLK-012330,Track Occupied,2,89.4
TRN-11509,BLK-005739,Track Occupied,3,65.0
TRN-11510,BLK-024953,Track Occupied,2,56.2
TRN-11511,BLK-000115,Track Occupied,3,99.0
TRN-11512,BLK-015302,Track Occupied,2,79.9
TRN-11513,BLK-026070,Track Occupied,2,50.3
TRN-11514,BLK-033564,Track Occupied,2,66.9
TRN-11515,BLK-009815,Track Occupied,3,76.2
TRN-11516,BLK-025627,Track Occupied,3,63.6
TRN-11517,BLK-013766,Track Occupied,3,82.4
TRN-11518,BLK-025445,Track Occupied,2,84.3
TRN-11519,BLK-002772,Track Occupied,2,81.4
TRN-11520,BLK-012629,Track Occupied,1,38.1
TRN-11521,BLK-033418,Track Occupied,1,19.4
TRN-11522,BLK-001576,Track Occupied,2,52.1
TRN-11523,BLK-004324,Track Occupied,2,91.6
TRN-11524,BLK-025607,Track Occupied,2,62.7
TRN-11525,BLK-017372,Track Occupied,2,90.1
TRN-11526,BLK-013987,Track Occupied,1,43.2
TRN-11527,BLK-018118,Track Occupied,2,83.6
TRN-11528,BLK-008793,Track Occupied,3,76.3
TRN-11529,BLK-026973,Track Occupied,3,65.8
TRN-11530,BLK-009599,Track Occupied,3,69.9
TRN-11531,BLK-007314,Track Occupied,2,93.0
TRN-11532,BLK-012486,Track Occupied,2,69.1
TRN-11533,BLK-031934,Track Occupied,3,84.1
TRN-11534,BLK-023403,Track Occupied,1,17.8
TRN-11535,BLK-011648,Track Occupied,2,84.9
TRN-11536,BLK-000879,Track Occupied,3,95.1
TRN-11537,BLK-011947,Track Occupied,2,58.6
TRN-11538,BLK-007303,Track Occupied,3,92.8
TRN-11539,BLK-006756,Track Occupied,3,89.9
TRN-11540,BLK-017278,Track Occupied,2,72.6
TRN-11541,BLK-032476,Track Occupied,1,24.2
TRN-11542,BLK-006403,Track Occupied,1,33.5
TRN-11543,BLK-028985,Track Occupied,2,72.6
TRN-11544,BLK-023071,Track Occupied,3,55.1
TRN-11545,BLK-033531,Track Occupied,2,95.0
TRN-11546,BLK-016899,Track Occupied,2,63.2
TRN-11547,BLK-026252,Track Occupied,1,42.5
TRN-11548,BLK-025036,Track Occupied,2,79.2
TRN-11549,BLK-032270,Track Occupied,1,11.1
TRN-11550,BLK-023492,Track Occupied,1,15.9
TRN-11550,BLK-023493,Track Occupied,1,15.9
TRN-11551,BLK-014179,Track Occupied,2,54.5
TRN-11552,BLK-028390,Track Occupied,2,88.6
TRN-11553,BLK-000443,Track Occupied,3,50.1
TRN-11554,BLK-013125,Track Occupied,3,72.4
TRN-11555,BLK-020832,Track Occupied,3,71.8
TRN-11556,BLK-002208,Track Occupied,2,68.1
TRN-11557,BLK-006767,Track Occupied,3,79.8
TRN-11558,BLK-007978,Track Occupied,2,99.0
TRN-11559,BLK-003611,Track Occupied,2,82.0
TRN-11560,BLK-006328,Track Occupied,2,61.4
TRN-11561,BLK-015539,Track Occupied,3,74.4
TRN-11562,BLK-033109,Track Occupied,3,37.0
TRN-11563,BLK-016259,Track Occupied,2,60.5
TRN-11564,BLK-029408,Track Occupied,3,70.9
TRN-11565,BLK-027713,Track Occupied,3,77.9
TRN-11566,BLK-007484,Track Occupied,2,97.4
TRN-11567,BLK-013566,Track Occupied,3,89.5
TRN-11568,BLK-026034,Track Occupied,2,86.9
TRN-11568,BLK-026035,Track Occupied,2,86.9
TRN-11569,BLK-020897,Track Occupied,3,69.7
TRN-11570,BLK-030071,Track Occupied,1,41.2
TRN-11571,BLK-011587,Track Occupied,3,85.5
TRN-11572,BLK-025188,Track Occupied,2,67.6
TRN-11573,BLK-001166,Track Occupied,2,73.9
TRN-11574,BLK-004611,Track Occupied,2,63.5
TRN-11575,BLK-002545,Track Occupied,2,59.5
TRN-11576,BLK-004004,Track Occupied,2,68.0
TRN-11577,BLK-001485,Track Occupied,3,80.7
TRN-11578,BLK-002544,Track Occupied,3,90.0
TRN-11579,BLK-000179,Track Occupied,3,61.7
TRN-11580,BLK-025059,Track Occupied,2,53.9
TRN-11581,BLK-030633,Track Occupied,1,26.2
TRN-11582,BLK-008094,Track Occupied,3,61.7
TRN-11583,BLK-024400,Track Occupied,1,23.0
TRN-11584,BLK-012031,Track Occupied,3,78.1
TRN-11585,BLK-019508,Track Occupied,1,57.2
TRN-11586,BLK-015870,Track Occupied,3,54.1
TRN-11587,BLK-014837,Track Occupied,2,78.1
TRN-11588,BLK-012562,Track Occupied,3,67.8
TRN-11589,BLK-027938,Track Occupied,1,11.8
TRN-11590,BLK-019828,Track Occupied,2,67.7
TRN-11591,BLK-006277,Track Occupied,3,85.4
TRN-11592,BLK-013529,Track Occupied,3,80.5
TRN-11593,BLK-021740,Track Occupied,3,44.2
TRN-11594,BLK-013225,Track Occupied,1,33.6
TRN-11595,BLK-031157,Track Occupied,2,89.4
TRN-11596,BLK-027138,Track Occupied,2,76.6
TRN-11597,BLK-000058,Track Occupied,2,89.1
TRN-11598,BLK-021243,Track Occupied,1,58.2
TRN-11599,BLK-005454,Track Occupied,3,65.4
TRN-11600,BLK-024783,Track Occupied,2,49.9
TRN-11601,BLK-029626,Track Occupied,2,79.0
TRN-11601,BLK-029627,Track Occupied,2,79.0
TRN-11602,BLK-014550,Track Occupied,2,59.8
TRN-11603,BLK-022252,Track Occupied,3,99.0
TRN-11604,BLK-032782,Track Occupied,1,55.5
TRN-11605,BLK-016893,Track Occupied,3,50.9
TRN-11606,BLK-014805,Track Occupied,1,21.8
TRN-11607,BLK-006502,Track Occupied,2,83.7
TRN-11608,BLK-003209,Track Occupied,3,83.6
TRN-11609,BLK-019163,Track Occupied,3,77.4
TRN-11610,BLK-024151,Track Occupied,1,8.9
TRN-11611,BLK-029596,Track Occupied,2,80.3
TRN-11612,BLK-027384,Track Occupied,2,71.2
TRN-11613,BLK-014357,Track Occupied,2,58.7
TRN-11614,BLK-015275,Track Occupied,2,82.9
TRN-11615,BLK-002506,Track Occupied,2,72.4
TRN-11616,BLK-018048,Track Occupied,3,60.0
TRN-11617,BLK-015920,Track Occupied,3,69.3
TRN-11618,BLK-025887,Track Occupied,1,5.0
TRN-11619,BLK-026967,Track Occupied,2,68.8
TRN-11620,BLK-004318,Track Occupied,2,65.0
TRN-11620,BLK-004319,Track Occupied,2,65.0
TRN-11621,BLK-022554,Track Occupied,3,72.4
TRN-11622,BLK-007635,Track Occupied,3,72.5
TRN-11623,BLK-017318,Track Occupied,2,82.4
TRN-11624,BLK-019242,Track Occupied,2,61.2
TRN-11625,BLK-014190,Track Occupied,1,77.2
TRN-11625,BLK-014191,Track Occupied,1,77.2
TRN-11626,BLK-032742,Track Occupied,2,60.4
TRN-11626,BLK-032743,Track Occupied,2,60.4
TRN-11627,BLK-003173,Track Occupied,1,38.0
TRN-11628,BLK-016119,Track Occupied,2,92.2
TRN-11629,BLK-023661,Track Occupied,1,5.0
TRN-11630,BLK-004242,Track Occupied,3,53.7
TRN-11631,BLK-012112,Track Occupied,3,56.9
TRN-11632,BLK-016648,Track Occupied,1,33.2
TRN-11632,BLK-016649,Track Occupied,1,33.2
TRN-11633,BLK-016938,Track Occupied,1,55.5
TRN-11634,BLK-008665,Track Occupied,2,56.1
TRN-11635,BLK-025335,Track Occupied,2,77.3
TRN-11636,BLK-009041,Track Occupied,3,47.9
TRN-11637,BLK-029352,Track Occupied,2,53.8
TRN-11638,BLK-024743,Track Occupied,3,77.5
TRN-11639,BLK-019091,Track Occupied,1,29.3
TRN-11640,BLK-020700,Track Occupied,3,86.5
TRN-11641,BLK-009767,Track Occupied,1,13.9
TRN-11642,BLK-019650,Track Occupied,3,68.4
TRN-11643,BLK-017600,Track Occupied,2,73.1
TRN-11643,BLK-017601,Track Occupied,2,73.1
TRN-11644,BLK-027442,Track Occupied,3,86.5
TRN-11645,BLK-010459,Track Occupied,2,66.1
TRN-11646,BLK-031614,Track Occupied,2,57.2
TRN-11647,BLK-013615,Track Occupied,3,71.7
TRN-11648,BLK-008687,Track Occupied,3,60.1
TRN-11649,BLK-004304,Track Occupied,2,74.6
TRN-11650,BLK-000813,Track Occupied,3,83.2
TRN-11651,BLK-019163,Track Occupied,1,31.9
TRN-11652,BLK-014774,Track Occupied,3,71.3
TRN-11653,BLK-006308,Track Occupied,2,76.4
TRN-11654,BLK-026617,Track Occupied,1,36.0
TRN-11655,BLK-009878,Track Occupied,2,56.6
TRN-11656,BLK-029125,Track Occupied,2,88.1
TRN-11657,BLK-003297,Track Occupied,3,76.1
TRN-11658,BLK-017705,Track Occupied,1,51.1
TRN-11659,BLK-020882,Track Occupied,3,99.0
TRN-11660,BLK-033379,Track Occupied,3,99.0
TRN-11661,BLK-005226,Track Occupied,3,75.7
TRN-11661,BLK-005227,Track Occupied,3,75.7
TRN-11662,BLK-010238,Track Occupied,1,16.1
TRN-11663,BLK-029723,Track Occupied,2,65.8
TRN-11664,BLK-002237,Track Occupied,3,60.7
TRN-11665,BLK-008853,Track Occupied,2,80.3
TRN-11666,BLK-009655,Track Occupied,2,73.7
TRN-11667,BLK-031249,Track Occupied,1,51.0
TRN-11668,BLK-011638,Track Occupied,3,73.5
TRN-11669,BLK-020164,Track Occupied,3,74.0
TRN-11670,BLK-004101,Track Occupied,2,90.4
TRN-11671,BLK-007821,Track Occupied,2,85.6
TRN-11672,BLK-029599,Track Occupied,3,63.2
TRN-11673,BLK-025552,Track Occupied,3,96.2
TRN-11673,BLK-025553,Track Occupied,3,96.2
TRN-11674,BLK-013202,Track Occupied,3,74.2
TRN-11675,BLK-019910,Track Occupied,2,83.7
TRN-11676,BLK-020084,Track Occupied,2,42.3
TRN-11677,BLK-016328,Track Occupied,2,77.5
TRN-11678,BLK-011055,Track Occupied,3,55.8
TRN-11679,BLK-016735,Track Occupied,1,30.1
TRN-11680,BLK-012485,Track Occupied,2,65.2
TRN-11681,BLK-032610,Track Occupied,2,42.9
TRN-11682,BLK-022600,Track Occupied,2,42.2
TRN-11683,BLK-020123,Track Occupied,2,54.3
TRN-11684,BLK-028275,Track Occupied,1,23.3
TRN-11685,BLK-028533,Track Occupied,2,43.1
TRN-11686,BLK-018699,Track Occupied,2,89.2
TRN-11687,BLK-024675,Track Occupied,1,13.3
TRN-11688,BLK-021830,Track Occupied,3,71.7
TRN-11689,BLK-026829,Track Occupied,3,62.0
TRN-11690,BLK-010490,Track Occupied,3,57.7
TRN-11691,BLK-015878,Track Occupied,1,52.8
TRN-11692,BLK-001733,Track Occupied,3,71.2
TRN-11693,BLK-000635,Track Occupied,2,72.2
TRN-11694,BLK-000853,Track Occupied,2,89.6
TRN-11695,BLK-031230,Track Occupied,3,93.2
TRN-11695,BLK-031231,Track Occupied,3,93.2
TRN-11696,BLK-007894,Track Occupied,3,92.5
TRN-11697,BLK-025099,Track Occupied,3,67.0
TRN-11697,BLK-025100,Track Occupied,3,67.0
TRN-11698,BLK-029798,Track Occupied,3,99.0
TRN-11699,BLK-033526,Track Occupied,2,80.6
TRN-11700,BLK-027798,Track Occupied,2,85.2
TRN-11701,BLK-019635,Track Occupied,2,45.7
TRN-11702,BLK-032369,Track Occupied,1,42.3
TRN-11703,BLK-005335,Track Occupied,2,99.0
TRN-11704,BLK-010026,Track Occupied,1,15.3
TRN-11705,BLK-021095,Track Occupied,2,52.3
TRN-11706,BLK-022976,Track Occupied,2,82.4
TRN-11707,BLK-001741,Track Occupied,3,78.6
TRN-11708,BLK-019657,Track Occupied,2,79.9
TRN-11709,BLK-030164,Track Occupied,3,95.6
TRN-11710,BLK-031837,Track Occupied,3,42.8
TRN-11711,BLK-007491,Track Occupied,3,85.7
TRN-11712,BLK-030058,Track Occupied,3,82.2
TRN-11713,BLK-004061,Track Occupied,2,73.3
TRN-11714,BLK-026600,Track Occupied,2,88.4
TRN-11715,BLK-012649,Track Occupied,1,31.2
TRN-11716,BLK-030524,Track Occupied,2,89.3
TRN-11717,BLK-002403,Track Occupied,3,86.8
TRN-11718,BLK-021049,Track Occupied,3,82.0
TRN-11719,BLK-009830,Track Occupied,2,70.4
TRN-11720,BLK-020234,Track Occupied,2,70.8
TRN-11721,BLK-011734,Track Occupied,2,87.7
TRN-11722,BLK-031590,Track Occupied,2,31.8
TRN-11723,BLK-002132,Track Occupied,2,78.1
TRN-11724,BLK-005602,Track Occupied,3,76.6
TRN-11725,BLK-030830,Track Occupied,2,79.2
TRN-11726,BLK-000601,Track Occupied,2,99.0
TRN-11727,BLK-030833,Track Occupied,1,41.0
TRN-11728,BLK-007335,Track Occupied,1,31.5
TRN-11729,BLK-017403,Track Occupied,2,72.3
TRN-11730,BLK-022134,Track Occupied,3,63.1
TRN-11731,BLK-002278,Track Occupied,2,89.4
TRN-11732,BLK-002524,Track Occupied,2,83.1
TRN-11733,BLK-009250,Track Occupied,1,36.0
TRN-11734,BLK-025454,Track Occupied,3,66.0
TRN-11735,BLK-032652,Track Occupied,2,74.7
TRN-11736,BLK-031834,Track Occupied,2,85.2
TRN-11737,BLK-013005,Track Occupied,3,86.1
TRN-11738,BLK-003971,Track Occupied,2,67.7
TRN-11738,BLK-003972,Track Occupied,2,67.7
TRN-11739,BLK-018432,Track Occupied,3,44.0
TRN-11740,BLK-019738,Track Occupied,2,47.8
TRN-11740,BLK-019739,Track Occupied,2,47.8
TRN-11741,BLK-005362,Track Occupied,2,75.5
TRN-11742,BLK-006849,Track Occupied,3,99.0
TRN-11743,BLK-008557,Track Occupied,2,87.8
TRN-11744,BLK-029523,Track Occupied,2,75.5
TRN-11745,BLK-019682,Track Occupied,2,82.4
TRN-11746,BLK-027612,Track Occupied,2,65.6
TRN-11747,BLK-028671,Track Occupied,3,93.1
TRN-11748,BLK-009297,Track Occupied,2,77.7
TRN-11749,BLK-028376,Track Occupied,3,75.8
TRN-11750,BLK-029526,Track Occupied,3,60.3
TRN-11751,BLK-028981,Track Occupied,3,90.9
TRN-11752,BLK-032154,Track Occupied,2,49.1
TRN-11753,BLK-011217,Track Occupied,1,25.9
TRN-11754,BLK-006663,Track Occupied,2,55.1
TRN-11754,BLK-006664,Track Occupied,2,55.1
TRN-11755,BLK-015732,Track Occupied,2,76.4
TRN-11756,BLK-031242,Track Occupied,2,71.1
TRN-11757,BLK-002019,Track Occupied,2,86.5
TRN-11758,BLK-027231,Track Occupied,2,86.9
TRN-11759,BLK-028135,Track Occupied,1,35.0
TRN-11760,BLK-018237,Track Occupied,2,68.9
TRN-11761,BLK-018855,Track Occupied,2,74.3
TRN-11762,BLK-018371,Track Occupied,3,70.4
TRN-11763,BLK-017898,Track Occupied,3,78.6
TRN-11764,BLK-023155,Track Occupied,3,64.8
TRN-11765,BLK-007746,Track Occupied,2,65.9
TRN-11766,BLK-003208,Track Occupied,3,92.6
TRN-11767,BLK-026640,Track Occupied,3,63.0
TRN-11768,BLK-003944,Track Occupied,2,25.0
TRN-11768,BLK-003945,Track Occupied,2,25.0
TRN-11769,BLK-016441,Track Occupied,3,78.6
TRN-11770,BLK-004033,Track Occupied,3,63.2
TRN-11771,BLK-024736,Track Occupied,3,55.2
TRN-11772,BLK-024250,Track Occupied,1,34.8
TRN-11773,BLK-020700,Track Occupied,1,18.4
TRN-11774,BLK-003248,Track Occupied,1,34.4
TRN-11775,BLK-017491,Track Occupied,3,99.0
TRN-11775,BLK-017492,Track Occupied,3,99.0
TRN-11776,BLK-019625,Track Occupied,2,71.2
TRN-11777,BLK-030152,Track Occupied,2,71.6
TRN-11778,BLK-022945,Track Occupied,3,98.0
TRN-11779,BLK-031897,Track Occupied,3,99.0
TRN-11780,BLK-032763,Track Occupied,2,56.0
TRN-11781,BLK-012904,Track Occupied,1,30.5
TRN-11782,BLK-020725,Track Occupied,2,84.1
TRN-11783,BLK-023548,Track Occupied,1,55.5
TRN-11784,BLK-013193,Track Occupied,2,92.2
TRN-11785,BLK-009303,Track Occupied,2,52.4
TRN-11785,BLK-009304,Track Occupied,2,52.4
TRN-11786,BLK-030281,Track Occupied,3,53.0
TRN-11787,BLK-015061,Track Occupied,2,44.0
TRN-11788,BLK-003191,Track Occupied,2,71.1
TRN-11788,BLK-003192,Track Occupied,2,71.1
TRN-11789,BLK-033152,Track Occupied,1,43.9
TRN-11790,BLK-005019,Track Occupied,1,55.9
TRN-11791,BLK-015274,Track Occupied,2,93.3
TRN-11792,BLK-015728,Track Occupied,2,68.8
TRN-11792,BLK-015729,Track Occupied,2,68.8
TRN-11793,BLK-032399,Track Occupied,2,71.5
TRN-11793,BLK-032400,Track Occupied,2,71.5
TRN-11794,BLK-029914,Track Occupied,3,78.7
TRN-11795,BLK-017137,Track Occupied,1,27.4
TRN-11796,BLK-012369,Track Occupied,1,68.0
TRN-11796,BLK-012370,Track Occupied,1,68.0
TRN-11797,BLK-000235,Track Occupied,3,62.6
TRN-11798,BLK-012220,Track Occupied,2,82.4
TRN-11799,BLK-024812,Track Occupied,1,30.1
TRN-11800,BLK-022314,Track Occupied,2,62.1
TRN-11801,BLK-018307,Track Occupied,3,83.8
TRN-11802,BLK-002213,Track Occupied,2,91.5
TRN-11803,BLK-008501,Track Occupied,3,83.5
TRN-11804,BLK-005724,Track Occupied,3,32.3
TRN-11805,BLK-011358,Track Occupied,2,72.6
TRN-11806,BLK-024613,Track Occupied,3,83.2
TRN-11807,BLK-003098,Track Occupied,2,79.6
TRN-11807,BLK-003099,Track Occupied,2,79.6
TRN-11808,BLK-022172,Track Occupied,2,73.8
TRN-11809,BLK-015120,Track Occupied,2,88.3
TRN-11810,BLK-007294,Track Occupied,1,34.0
TRN-11811,BLK-005751,Track Occupied,1,32.8
TRN-11812,BLK-029128,Track Occupied,3,81.5
TRN-11813,BLK-027316,Track Occupied,2,65.2
TRN-11814,BLK-007464,Track Occupied,2,79.6
TRN-11815,BLK-009946,Track Occupied,2,52.7
TRN-11816,BLK-006246,Track Occupied,3,65.8
TRN-11817,BLK-024916,Track Occupied,3,55.6
TRN-11818,BLK-029508,Track Occupied,3,79.3
TRN-11819,BLK-014078,Track Occupied,3,72.7
TRN-11820,BLK-015909,Track Occupied,2,64.0
TRN-11821,BLK-029979,Track Occupied,3,65.4
TRN-11821,BLK-029980,Track Occupied,3,65.4
TRN-11822,BLK-028640,Track Occupied,1,24.8
TRN-11823,BLK-005509,Track Occupied,1,34.5
TRN-11824,BLK-024714,Track Occupied,3,67.7
TRN-11825,BLK-011728,Track Occupied,2,72.9
TRN-11826,BLK-032753,Track Occupied,3,61.8
TRN-11827,BLK-004756,Track Occupied,3,59.2
TRN-11828,BLK-004874,Track Occupied,2,66.4
TRN-11829,BLK-031641,Track Occupied,2,49.0
TRN-11829,BLK-031642,Track Occupied,2,49.0
TRN-11830,BLK-029050,Track Occupied,3,90.1
TRN-11831,BLK-007703,Track Occupied,3,56.3
TRN-11831,BLK-007704,Track Occupied,3,56.3
TRN-11832,BLK-016008,Track Occupied,2,74.6
TRN-11833,BLK-025514,Track Occupied,3,70.6
TRN-11834,BLK-020345,Track Occupied,3,49.0
TRN-11834,BLK-020346,Track Occupied,3,49.0
TRN-11835,BLK-021306,Track Occupied,2,66.2
TRN-11836,BLK-018084,Track Occupied,2,99.0
TRN-11837,BLK-014924,Track Occupied,3,99.0
TRN-11838,BLK-030595,Track Occupied,2,66.5
TRN-11839,BLK-005928,Track Occupied,3,67.1
TRN-11840,BLK-009963,Track Occupied,3,56.2
TRN-11841,BLK-005089,Track Occupied,2,67.6
TRN-11842,BLK-001465,Track Occupied,1,40.3
TRN-11843,BLK-013226,Track Occupied,3,67.2
TRN-11844,BLK-015360,Track Occupied,2,65.3
TRN-11845,BLK-001781,Track Occupied,3,88.7
TRN-11845,BLK-001782,Track Occupied,3,88.7
TRN-11846,BLK-012378,Track Occupied,3,58.3
TRN-11847,BLK-003292,Track Occupied,2,89.8
TRN-11848,BLK-004391,Track Occupied,2,83.3
TRN-11848,BLK-004392,Track Occupied,2,83.3
TRN-11849,BLK-002970,Track Occupied,3,76.4
TRN-11850,BLK-022827,Track Occupied,2,74.8
TRN-11850,BLK-022828,Track Occupied,2,74.8
TRN-11851,BLK-032142,Track Occupied,1,59.3
TRN-11852,BLK-009549,Track Occupied,3,78.9
TRN-11853,BLK-026638,Track Occupied,2,54.4
TRN-11854,BLK-016386,Track Occupied,2,66.5
TRN-11855,BLK-026531,Track Occupied,2,52.3
TRN-11856,BLK-003329,Track Occupied,3,92.1
TRN-11857,BLK-017654,Track Occupied,3,81.2
TRN-11857,BLK-017655,Track Occupied,3,81.2
TRN-11858,BLK-028853,Track Occupied,2,93.0
TRN-11859,BLK-032813,Track Occupied,2,73.3
TRN-11860,BLK-017627,Track Occupied,2,59.6
TRN-11861,BLK-004421,Track Occupied,3,85.2
TRN-11862,BLK-032520,Track Occupied,3,95.7
TRN-11863,BLK-005354,Track Occupied,2,49.4
TRN-11864,BLK-014848,Track Occupied,3,85.1
TRN-11865,BLK-010537,Track Occupied,1,5.0
TRN-11866,BLK-001395,Track Occupied,3,66.9
TRN-11867,BLK-005745,Track Occupied,2,80.4
TRN-11868,BLK-000006,Track Occupied,3,99.0
TRN-11869,BLK-004895,Track Occupied,2,63.0
TRN-11870,BLK-015666,Track Occupied,2,55.6
TRN-11871,BLK-008519,Track Occupied,1,34.7
TRN-11872,BLK-016219,Track Occupied,1,26.9
TRN-11872,BLK-016220,Track Occupied,1,26.9
TRN-11873,BLK-007533,Track Occupied,3,99.0
TRN-11874,BLK-033465,Track Occupied,2,80.0
TRN-11875,BLK-019159,Track Occupied,2,59.6
TRN-11876,BLK-031263,Track Occupied,2,68.3
TRN-11877,BLK-000691,Track Occupied,2,47.1
TRN-11878,BLK-012964,Track Occupied,3,69.2
TRN-11879,BLK-031157,Track Occupied,3,68.7
TRN-11880,BLK-005930,Track Occupied,1,43.3
TRN-11881,BLK-017971,Track Occupied,1,56.4
TRN-11882,BLK-014853,Track Occupied,3,92.1
TRN-11883,BLK-008992,Track Occupied,2,56.1
TRN-11884,BLK-031887,Track Occupied,3,50.4
TRN-11885,BLK-001095,Track Occupied,3,52.5
TRN-11886,BLK-020693,Track Occupied,1,29.5
TRN-11887,BLK-023228,Track Occupied,3,50.9
TRN-11888,BLK-023960,Track Occupied,3,74.0
TRN-11889,BLK-029919,Track Occupied,3,71.9
TRN-11890,BLK-022401,Track Occupied,2,72.7
TRN-11890,BLK-022402,Track Occupied,2,72.7
TRN-11891,BLK-017421,Track Occupied,2,70.6
TRN-11891,BLK-017422,Track Occupied,2,70.6
TRN-11892,BLK-013806,Track Occupied,1,28.4
TRN-11893,BLK-012892,Track Occupied,2,71.0
TRN-11894,BLK-016031,Track Occupied,2,72.9
TRN-11895,BLK-028467,Track Occupied,2,79.8
TRN-11896,BLK-007249,Track Occupied,1,26.6
TRN-11897,BLK-009035,Track Occupied,2,84.5
TRN-11898,BLK-011336,Track Occupied,1,46.7
TRN-11899,BLK-001181,Track Occupied,1,29.6
TRN-11900,BLK-001876,Track Occupied,3,51.1
TRN-11901,BLK-003448,Track Occupied,1,23.5
TRN-11902,BLK-000299,Track Occupied,3,72.5
TRN-11903,BLK-024569,Track Occupied,1,43.1
TRN-11904,BLK-005175,Track Occupied,3,68.4
TRN-11905,BLK-024067,Track Occupied,2,67.8
TRN-11905,BLK-024068,Track Occupied,2,67.8
TRN-11906,BLK-019680,Track Occupied,3,63.9
TRN-11907,BLK-027147,Track Occupied,2,91.4
TRN-11908,BLK-023559,Track Occupied,3,65.4
TRN-11909,BLK-014515,Track Occupied,2,67.2
TRN-11910,BLK-024100,Track Occupied,3,81.5
TRN-11911,BLK-029940,Track Occupied,3,72.8
TRN-11912,BLK-017696,Track Occupied,2,81.2
TRN-11913,BLK-018314,Track Occupied,3,71.6
TRN-11914,BLK-027391,Track Occupied,3,58.9
TRN-11915,BLK-029509,Track Occupied,2,81.5
TRN-11916,BLK-025690,Track Occupied,2,99.0
TRN-11917,BLK-001560,Track Occupied,1,39.1
TRN-11918,BLK-031026,Track Occupied,3,87.7
TRN-11919,BLK-026946,Track Occupied,2,86.2
TRN-11920,BLK-024080,Track Occupied,3,56.4
TRN-11921,BLK-028809,Track Occupied,1,19.0
TRN-11922,BLK-022871,Track Occupied,1,40.0
TRN-11923,BLK-015643,Track Occupied,2,90.2
TRN-11924,BLK-023153,Track Occupied,1,13.4
TRN-11925,BLK-032616,Track Occupied,3,85.7
TRN-11926,BLK-017534,Track Occupied,3,99.0
TRN-11927,BLK-007102,Track Occupied,3,71.1
TRN-11928,BLK-003131,Track Occupied,1,15.1
TRN-11929,BLK-014261,Track Occupied,2,53.1
TRN-11930,BLK-021751,Track Occupied,3,85.4
TRN-11931,BLK-018622,Track Occupied,1,18.9
TRN-11932,BLK-004987,Track Occupied,2,66.6
TRN-11933,BLK-019145,Track Occupied,3,56.2
TRN-11934,BLK-025369,Track Occupied,2,62.2
TRN-11935,BLK-014941,Track Occupied,3,59.0
TRN-11936,BLK-022381,Track Occupied,2,25.0
TRN-11937,BLK-014464,Track Occupied,1,54.2
TRN-11938,BLK-010993,Track Occupied,2,69.4
TRN-11939,BLK-003283,Track Occupied,3,87.8
TRN-11940,BLK-017631,Track Occupied,1,54.0
TRN-11941,BLK-001585,Track Occupied,3,76.0
TRN-11942,BLK-024910,Track Occupied,2,99.0
TRN-11943,BLK-000518,Track Occupied,2,61.7
TRN-11944,BLK-016776,Track Occupied,2,93.0
TRN-11945,BLK-005097,Track Occupied,3,89.0
TRN-11946,BLK-026884,Track Occupied,2,68.1
TRN-11947,BLK-010234,Track Occupied,3,62.6
TRN-11948,BLK-030709,Track Occupied,2,89.3
TRN-11949,BLK-021656,Track Occupied,3,69.9
TRN-11950,BLK-027474,Track Occupied,1,35.1
TRN-11951,BLK-019642,Track Occupied,3,59.9
TRN-11952,BLK-001506,Track Occupied,2,79.1
TRN-11953,BLK-029489,Track Occupied,3,77.7
TRN-11954,BLK-019248,Track Occupied,2,89.1
TRN-11955,BLK-003232,Track Occupied,2,54.9
TRN-11956,BLK-024215,Track Occupied,3,55.9
TRN-11957,BLK-025274,Track Occupied,2,62.0
TRN-11958,BLK-025596,Track Occupied,3,80.4
TRN-11959,BLK-025998,Track Occupied,3,73.3
TRN-11960,BLK-010820,Track Occupied,1,30.2
TRN-11961,BLK-031838,Track Occupied,2,94.0
TRN-11962,BLK-030644,Track Occupied,2,84.6
TRN-11963,BLK-008216,Track Occupied,3,94.7
TRN-11964,BLK-012502,Track Occupied,2,57.6
TRN-11965,BLK-000416,Track Occupied,1,35.9
TRN-11966,BLK-001235,Track Occupied,1,40.7
TRN-11967,BLK-025656,Track Occupied,3,49.0
TRN-11968,BLK-031178,Track Occupied,1,5.4
TRN-11969,BLK-005103,Track Occupied,2,97.1
TRN-11970,BLK-001883,Track Occupied,3,93.4
TRN-11971,BLK-012286,Track Occupied,2,67.3
TRN-11972,BLK-029271,Track Occupied,3,52.0
TRN-11973,BLK-018923,Track Occupied,2,79.0
TRN-11974,BLK-015155,Track Occupied,1,27.0
TRN-11974,BLK-015156,Track Occupied,1,27.0
TRN-11975,BLK-029387,Track Occupied,2,82.7
TRN-11976,BLK-028757,Track Occupied,3,78.6
TRN-11976,BLK-028758,Track Occupied,3,78.6
TRN-11977,BLK-016887,Track Occupied,1,35.3
TRN-11978,BLK-000225,Track Occupied,2,99.0
TRN-11979,BLK-024427,Track Occupied,3,89.5
TRN-11980,BLK-016653,Track Occupied,3,70.2
TRN-11981,BLK-028579,Track Occupied,2,60.1
TRN-11982,BLK-007062,Track Occupied,3,81.0
TRN-11983,BLK-017818,Track Occupied,3,88.4
TRN-11984,BLK-007316,Track Occupied,1,40.8
TRN-11985,BLK-005083,Track Occupied,3,51.2
TRN-11986,BLK-028832,Track Occupied,2,68.0
TRN-11987,BLK-032898,Track Occupied,3,80.2
TRN-11988,BLK-012833,Track Occupied,3,35.9
TRN-11989,BLK-019451,Track Occupied,3,89.6
TRN-11990,BLK-024918,Track Occupied,1,15.8
TRN-11991,BLK-024133,Track Occupied,1,17.9
TRN-11992,BLK-016530,Track Occupied,1,33.1
TRN-11993,BLK-023331,Track Occupied,3,50.4
TRN-11994,BLK-019227,Track Occupied,1,35.3
TRN-11995,BLK-002270,Track Occupied,3,58.5
TRN-11996,BLK-014956,Track Occupied,3,63.9
TRN-11997,BLK-007203,Track Occupied,2,64.3
TRN-11998,BLK-029011,Track Occupied,3,37.3
TRN-11999,BLK-004663,Track Occupied,1,47.5
TRN-12000,BLK-005656,Track Occupied,1,35.7
