train_id,block_id,train_priority_class,passenger_load_percent,conflict_type
TRN-00001,BLK-013503,2,85.8,Track Occupied
TRN-00002,BLK-011624,3,80.3,Track Occupied
TRN-00003,BLK-020316,3,75.8,Track Occupied
TRN-00004,BLK-006203,3,71.5,Track Occupied
TRN-00005,BLK-020057,2,64.7,Track Occupied
TRN-00006,BLK-005652,3,74.6,Track Occupied
TRN-00007,BLK-027671,2,48.3,Track Occupied
TRN-00008,BLK-006658,1,56.2,Track Occupied
TRN-00009,BLK-005191,3,76.7,Track Occupied
TRN-00010,BLK-010193,1,48.9,Track Occupied
TRN-00011,BLK-015402,1,57.3,Track Occupied
TRN-00012,BLK-019434,3,51.1,Track Occupied
TRN-00013,BLK-022082,1,18.8,Track Occupied
TRN-00014,BLK-032232,3,71.3,Track Occupied
TRN-00015,BLK-012807,2,79.5,Track Occupied
TRN-00016,BLK-021730,2,99.0,Track Occupied
TRN-00016,BLK-021731,2,99.0,Track Occupied
TRN-00017,BLK-024543,2,62.7,Track Occupied
TRN-00018,BLK-024750,3,69.9,Track Occupied
TRN-00019,BLK-007375,3,76.9,Track Occupied
TRN-00020,BLK-032956,2,62.1,Track Occupied
TRN-00021,BLK-030733,2,80.1,Track Occupied
TRN-00022,BLK-021505,3,37.0,Track Occupied
TRN-00023,BLK-031425,2,81.3,Track Occupied
TRN-00024,BLK-006700,3,50.9,Track Occupied
TRN-00025,BLK-015740,3,87.8,Track Occupied
TRN-00026,BLK-023818,2,65.8,Track Occupied
TRN-00027,BLK-008432,3,75.2,Track Occupied
TRN-00028,BLK-017261,2,73.3,Track Occupied
TRN-00029,BLK-027643,2,80.7,Track Occupied
TRN-00030,BLK-025008,2,71.4,Track Occupied
TRN-00031,BLK-008703,3,67.2,Track Occupied
TRN-00032,BLK-013588,2,62.2,Track Occupied
TRN-00033,BLK-013447,1,59.4,Track Occupied
TRN-00034,BLK-000386,1,40.4,Track Occupied
TRN-00035,BLK-004797,2,75.5,Track Occupied
TRN-00036,BLK-022001,2,72.9,Track Occupied
TRN-00037,BLK-002861,2,78.6,Track Occupied
TRN-00038,BLK-021653,2,69.0,Track Occupied
TRN-00038,BLK-021654,2,69.0,Track Occupied
TRN-00039,BLK-022531,3,62.9,Track Occupied
TRN-00040,BLK-023594,1,23.6,Track Occupied
TRN-00041,BLK-028915,3,74.3,Track Occupied
TRN-00042,BLK-009103,3,68.5,Track Occupied
TRN-00043,BLK-011421,2,57.9,Track Occupied
TRN-00044,BLK-012729,2,71.1,Track Occupied
TRN-00045,BLK-010478,1,51.4,Track Occupied
TRN-00046,BLK-007666,3,74.2,Track Occupied
TRN-00047,BLK-013619,1,29.1,Track Occupied
TRN-00048,BLK-009212,3,74.5,Track Occupied
TRN-00049,BLK-001088,2,80.8,Track Occupied
TRN-00050,BLK-019970,3,64.8,Track Occupied
TRN-00051,BLK-018097,3,98.1,Track Occupied
TRN-00051,BLK-018098,3,98.1,Track Occupied
TRN-00052,BLK-031630,1,62.7,Track Occupied
TRN-00053,BLK-025016,1,48.0,Track Occupied
TRN-00054,BLK-025438,2,56.8,Track Occupied
TRN-00055,BLK-010964,1,38.9,Track Occupied
TRN-00056,BLK-001829,1,41.8,Track Occupied
TRN-00057,BLK-011840,2,84.4,Track Occupied
TRN-00058,BLK-017154,3,84.4,Track Occupied
TRN-00059,BLK-017256,3,94.5,Track Occupied
TRN-00060,BLK-020161,2,49.6,Track Occupied
TRN-00060,BLK-020162,2,49.6,Track Occupied
TRN-00061,BLK-021820,1,37.0,Track Occupied
TRN-00062,BLK-021555,3,62.1,Track Occupied
TRN-00063,BLK-031825,2,78.4,Track Occupied
TRN-00064,BLK-020034,2,68.4,Track Occupied
TRN-00065,BLK-026777,2,99.0,Track Occupied
TRN-00065,BLK-026778,2,99.0,Track Occupied
TRN-00066,BLK-004360,2,61.6,Track Occupied
TRN-00067,BLK-014609,2,77.3,Track Occupied
TRN-00068,BLK-024108,2,67.0,Track Occupied
TRN-00069,BLK-015260,3,99.0,Track Occupied
TRN-00070,BLK-024892,3,74.4,Track Occupied
TRN-00070,BLK-024893,3,74.4,Track Occupied
TRN-00071,BLK-016323,2,61.8,Track Occupied
TRN-00072,BLK-002942,2,61.1,Track Occupied
TRN-00073,BLK-029316,3,62.0,Track Occupied
TRN-00074,BLK-014350,2,41.1,Track Occupied
TRN-00075,BLK-007436,2,57.4,Track Occupied
TRN-00076,BLK-011444,2,88.6,Track Occupied
TRN-00077,BLK-004054,1,26.7,Track Occupied
TRN-00078,BLK-009585,2,71.0,Track Occupied
TRN-00079,BLK-005123,3,88.6,Track Occupied
TRN-00080,BLK-006916,2,76.5,Track Occupied
TRN-00081,BLK-012241,3,57.8,Track Occupied
TRN-00082,BLK-017478,2,55.9,Track Occupied
TRN-00083,BLK-030615,2,51.2,Track Occupied
TRN-00084,BLK-005645,3,53.6,Track Occupied
TRN-00084,BLK-005646,3,53.6,Track Occupied
TRN-00085,BLK-002599,3,84.7,Track Occupied
TRN-00085,BLK-002600,3,84.7,Track Occupied
TRN-00086,BLK-014691,1,44.9,Track Occupied
TRN-00087,BLK-006354,2,38.0,Track Occupied
TRN-00088,BLK-006849,3,78.8,Track Occupied
TRN-00089,BLK-019107,2,61.8,Track Occupied
TRN-00090,BLK-020886,3,60.1,Track Occupied
TRN-00091,BLK-031124,3,49.0,Track Occupied
TRN-00092,BLK-026633,2,55.2,Track Occupied
TRN-00093,BLK-003267,3,99.0,Track Occupied
TRN-00094,BLK-021626,2,77.0,Track Occupied
TRN-00095,BLK-002840,1,43.2,Track Occupied
TRN-00096,BLK-014127,3,67.9,Track Occupied
TRN-00097,BLK-015051,3,66.3,Track Occupied
TRN-00098,BLK-004289,2,89.8,Track Occupied
TRN-00098,BLK-004290,2,89.8,Track Occupied
TRN-00099,BLK-031566,3,74.0,Track Occupied
TRN-00100,BLK-004338,2,99.0,Track Occupied
TRN-00101,BLK-026056,2,50.3,Track Occupied
TRN-00102,BLK-005410,3,64.0,Track Occupied
TRN-00103,BLK-019927,3,78.4,Track Occupied
TRN-00104,BLK-029928,3,82.8,Track Occupied
TRN-00105,BLK-022314,3,93.8,Track Occupied
TRN-00106,BLK-004404,3,67.1,Track Occupied
TRN-00107,BLK-026679,2,67.7,Track Occupied
TRN-00108,BLK-011991,1,15.7,Track Occupied
TRN-00108,BLK-011992,1,15.7,Track Occupied
TRN-00109,BLK-018452,3,72.1,Track Occupied
TRN-00110,BLK-005886,1,20.6,Track Occupied
TRN-00111,BLK-032452,3,93.2,Track Occupied
TRN-00112,BLK-008440,3,56.4,Track Occupied
TRN-00113,BLK-011223,3,65.6,Track Occupied
TRN-00114,BLK-014416,3,68.5,Track Occupied
TRN-00115,BLK-014080,1,40.4,Track Occupied
TRN-00116,BLK-020742,2,67.5,Track Occupied
TRN-00116,BLK-020743,2,67.5,Track Occupied
TRN-00117,BLK-006984,2,65.1,Track Occupied
TRN-00118,BLK-020107,2,54.0,Track Occupied
TRN-00119,BLK-000446,2,99.0,Track Occupied
TRN-00120,BLK-028814,3,87.6,Track Occupied
TRN-00120,BLK-028815,3,87.6,Track Occupied
TRN-00121,BLK-030945,2,79.1,Track Occupied
TRN-00122,BLK-008196,1,33.0,Track Occupied
TRN-00123,BLK-000512,2,59.1,Track Occupied
TRN-00124,BLK-012836,3,52.9,Track Occupied
TRN-00125,BLK-002850,3,73.3,Track Occupied
TRN-00126,BLK-017700,2,50.6,Track Occupied
TRN-00127,BLK-032308,3,71.3,Track Occupied
TRN-00128,BLK-029992,3,78.8,Track Occupied
TRN-00129,BLK-017813,2,80.8,Track Occupied
TRN-00130,BLK-030416,2,58.9,Track Occupied
TRN-00131,BLK-018747,3,53.9,Track Occupied
TRN-00132,BLK-028151,2,66.9,Track Occupied
TRN-00133,BLK-007237,2,82.2,Track Occupied
TRN-00134,BLK-011959,3,65.3,Track Occupied
TRN-00134,BLK-011960,3,65.3,Track Occupied
TRN-00135,BLK-022427,3,66.0,Track Occupied
TRN-00136,BLK-012011,3,59.9,Track Occupied
TRN-00137,BLK-019357,1,26.8,Track Occupied
TRN-00138,BLK-010413,3,53.3,Track Occupied
TRN-00139,BLK-014720,2,62.4,Track Occupied
TRN-00140,BLK-007764,1,26.6,Track Occupied
TRN-00141,BLK-008791,2,65.5,Track Occupied
TRN-00142,BLK-011687,3,78.0,Track Occupied
TRN-00143,BLK-031505,2,77.8,Track Occupied
TRN-00144,BLK-001252,3,90.0,Track Occupied
TRN-00145,BLK-025015,2,43.1,Track Occupied
TRN-00146,BLK-029871,1,30.3,Track Occupied
TRN-00147,BLK-002242,3,71.8,Track Occupied
TRN-00148,BLK-028142,2,67.9,Track Occupied
TRN-00149,BLK-003993,3,74.4,Track Occupied
TRN-00150,BLK-021544,1,43.9,Track Occupied
TRN-00151,BLK-026072,3,62.5,Track Occupied
TRN-00152,BLK-012315,2,47.5,Track Occupied
TRN-00153,BLK-013159,3,73.9,Track Occupied
TRN-00154,BLK-007586,1,5.0,Track Occupied
TRN-00155,BLK-007072,3,78.4,Track Occupied
TRN-00156,BLK-016776,2,61.9,Track Occupied
TRN-00157,BLK-006954,3,83.9,Track Occupied
TRN-00158,BLK-020165,2,93.4,Track Occupied
TRN-00159,BLK-025759,2,80.7,Track Occupied
TRN-00160,BLK-019052,3,79.9,Track Occupied
TRN-00161,BLK-007702,1,47.8,Track Occupied
TRN-00162,BLK-033259,1,51.1,Track Occupied
TRN-00163,BLK-027614,3,49.6,Track Occupied
TRN-00164,BLK-017556,3,47.6,Track Occupied
TRN-00165,BLK-014308,3,82.3,Track Occupied
TRN-00166,BLK-013926,3,68.6,Track Occupied
TRN-00166,BLK-013927,3,68.6,Track Occupied
TRN-00167,BLK-017944,2,75.3,Track Occupied
TRN-00168,BLK-003768,1,32.4,Track Occupied
TRN-00169,BLK-014217,2,63.5,Track Occupied
TRN-00170,BLK-005483,3,34.8,Track Occupied
TRN-00171,BLK-008079,3,76.6,Track Occupied
TRN-00172,BLK-019386,3,73.1,Track Occupied
TRN-00172,BLK-019387,3,73.1,Track Occupied
TRN-00173,BLK-030668,2,99.0,Track Occupied
TRN-00174,BLK-011315,3,67.5,Track Occupied
TRN-00175,BLK-004207,3,76.8,Track Occupied
TRN-00176,BLK-029119,2,81.5,Track Occupied
TRN-00177,BLK-001855,2,91.7,Track Occupied
TRN-00178,BLK-028806,1,23.5,Track Occupied
TRN-00179,BLK-017068,1,11.2,Track Occupied
TRN-00180,BLK-025613,2,60.0,Track Occupied
TRN-00180,BLK-025614,2,60.0,Track Occupied
TRN-00181,BLK-006257,3,99.0,Track Occupied
TRN-00182,BLK-025954,3,56.1,Track Occupied
TRN-00183,BLK-026321,2,96.0,Track Occupied
TRN-00184,BLK-022564,3,51.3,Track Occupied
TRN-00185,BLK-008170,2,75.0,Track Occupied
TRN-00186,BLK-000387,2,73.0,Track Occupied
TRN-00187,BLK-033443,2,75.9,Track Occupied
TRN-00188,BLK-019747,3,59.0,Track Occupied
TRN-00189,BLK-020140,3,59.8,Track Occupied
TRN-00190,BLK-016642,1,12.0,Track Occupied
TRN-00191,BLK-033009,1,35.9,Track Occupied
TRN-00192,BLK-031040,2,57.9,Track Occupied
TRN-00192,BLK-031041,2,57.9,Track Occupied
TRN-00193,BLK-013415,2,63.6,Track Occupied
TRN-00194,BLK-013354,1,34.8,Track Occupied
TRN-00195,BLK-004601,1,37.0,Track Occupied
TRN-00196,BLK-025181,3,70.7,Track Occupied
TRN-00197,BLK-026766,2,67.7,Track Occupied
TRN-00198,BLK-027167,3,76.4,Track Occupied
TRN-00199,BLK-008368,3,82.6,Track Occupied
TRN-00200,BLK-007486,3,67.4,Track Occupied
TRN-00201,BLK-004960,2,57.0,Track Occupied
TRN-00202,BLK-026863,3,71.8,Track Occupied
TRN-00202,BLK-026864,3,71.8,Track Occupied
TRN-00203,BLK-017942,2,73.0,Track Occupied
TRN-00204,BLK-013543,2,63.4,Track Occupied
TRN-00205,BLK-004664,3,70.9,Track Occupied
TRN-00206,BLK-001687,2,65.6,Track Occupied
TRN-00207,BLK-033330,3,71.4,Track Occupied
TRN-00208,BLK-022453,2,62.1,Track Occupied
TRN-00209,BLK-005803,2,64.3,Track Occupied
TRN-00210,BLK-009102,3,65.4,Track Occupied
TRN-00211,BLK-000975,2,61.3,Track Occupied
TRN-00212,BLK-003721,3,67.7,Track Occupied
TRN-00213,BLK-000143,1,25.5,Track Occupied
TRN-00214,BLK-018787,3,83.1,Track Occupied
TRN-00215,BLK-020233,1,58.5,Track Occupied
TRN-00216,BLK-027410,1,39.8,Track Occupied
TRN-00217,BLK-019833,2,69.2,Track Occupied
TRN-00218,BLK-028642,3,97.9,Track Occupied
TRN-00219,BLK-003028,2,68.7,Track Occupied
TRN-00220,BLK-003505,2,95.6,Track Occupied
TRN-00221,BLK-029131,2,91.9,Track Occupied
TRN-00222,BLK-018311,2,80.9,Track Occupied
TRN-00223,BLK-001856,2,70.5,Track Occupied
TRN-00224,BLK-025827,3,92.2,Track Occupied
TRN-00225,BLK-002228,1,34.2,Track Occupied
TRN-00226,BLK-026377,1,71.2,Track Occupied
TRN-00227,BLK-012440,3,99.0,Track Occupied
TRN-00228,BLK-022076,2,35.1,Track Occupied
TRN-00229,BLK-009675,2,83.8,Track Occupied
TRN-00230,BLK-010605,2,71.2,Track Occupied
TRN-00231,BLK-002573,3,65.4,Track Occupied
TRN-00232,BLK-013473,3,75.5,Track Occupied
TRN-00233,BLK-001365,2,61.9,Track Occupied
TRN-00234,BLK-021980,3,67.5,Track Occupied
TRN-00235,BLK-031152,2,73.1,Track Occupied
TRN-00236,BLK-016612,3,93.1,Track Occupied
TRN-00237,BLK-013902,2,86.5,Track Occupied
TRN-00238,BLK-005687,3,99.0,Track Occupied
TRN-00239,BLK-023088,2,89.7,Track Occupied
TRN-00240,BLK-022240,2,72.2,Track Occupied
TRN-00241,BLK-000670,2,99.0,Track Occupied
TRN-00242,BLK-023989,3,73.9,Track Occupied
TRN-00243,BLK-009740,3,99.0,Track Occupied
TRN-00244,BLK-023106,2,69.1,Track Occupied
TRN-00245,BLK-014017,3,90.3,Track Occupied
TRN-00246,BLK-031906,2,97.5,Track Occupied
TRN-00247,BLK-016513,2,74.5,Track Occupied
TRN-00248,BLK-020357,2,46.2,Track Occupied
TRN-00249,BLK-032903,2,93.9,Track Occupied
TRN-00250,BLK-022806,3,69.5,Track Occupied
TRN-00251,BLK-009903,2,87.8,Track Occupied
TRN-00252,BLK-000489,3,71.5,Track Occupied
TRN-00253,BLK-012006,2,80.5,Track Occupied
TRN-00254,BLK-022508,1,21.4,Track Occupied
TRN-00255,BLK-020888,2,73.0,Track Occupied
TRN-00256,BLK-033560,2,35.2,Track Occupied
TRN-00257,BLK-007813,2,75.8,Track Occupied
TRN-00258,BLK-003932,3,66.7,Track Occupied
TRN-00259,BLK-014683,3,45.0,Track Occupied
TRN-00260,BLK-016536,3,77.5,Track Occupied
TRN-00261,BLK-025660,2,59.8,Track Occupied
TRN-00262,BLK-015384,3,99.0,Track Occupied
TRN-00263,BLK-019222,3,71.2,Track Occupied
TRN-00264,BLK-014685,3,65.5,Track Occupied
TRN-00265,BLK-021651,3,99.0,Track Occupied
TRN-00266,BLK-025133,2,52.6,Track Occupied
TRN-00267,BLK-016052,2,86.2,Track Occupied
TRN-00268,BLK-026983,3,48.0,Track Occupied
TRN-00268,BLK-026984,3,48.0,Track Occupied
TRN-00269,BLK-007759,1,28.6,Track Occupied
TRN-00270,BLK-029856,2,76.0,Track Occupied
TRN-00271,BLK-031530,3,64.7,Track Occupied
TRN-00272,BLK-016194,1,17.3,Track Occupied
TRN-00273,BLK-030805,2,75.9,Track Occupied
TRN-00274,BLK-002503,1,13.8,Track Occupied
TRN-00275,BLK-023297,3,89.0,Track Occupied
TRN-00276,BLK-005372,2,96.3,Track Occupied
TRN-00277,BLK-004797,2,79.1,Track Occupied
TRN-00278,BLK-011385,1,14.3,Track Occupied
TRN-00279,BLK-008471,2,60.5,Track Occupied
TRN-00279,BLK-008472,2,60.5,Track Occupied
TRN-00280,BLK-003755,3,79.3,Track Occupied
TRN-00281,BLK-025590,2,72.8,Track Occupied
TRN-00282,BLK-003884,1,26.2,Track Occupied
TRN-00283,BLK-027416,2,55.5,Track Occupied
TRN-00284,BLK-014607,3,56.0,Track Occupied
TRN-00285,BLK-016533,1,31.4,Track Occupied
TRN-00286,BLK-027666,1,37.0,Track Occupied
TRN-00287,BLK-011886,1,47.3,Track Occupied
TRN-00288,BLK-009815,3,97.1,Track Occupied
TRN-00289,BLK-003171,3,82.4,Track Occupied
TRN-00289,BLK-003172,3,82.4,Track Occupied
TRN-00290,BLK-004027,3,49.5,Track Occupied
TRN-00291,BLK-003410,3,74.4,Track Occupied
TRN-00292,BLK-030734,3,51.3,Track Occupied
TRN-00293,BLK-014534,3,80.9,Track Occupied
TRN-00294,BLK-019358,3,58.0,Track Occupied
TRN-00295,BLK-021408,3,26.2,Track Occupied
TRN-00296,BLK-006450,2,99.0,Track Occupied
TRN-00297,BLK-028762,3,69.7,Track Occupied
TRN-00298,BLK-011301,1,58.6,Track Occupied
TRN-00299,BLK-010217,1,39.4,Track Occupied
TRN-00299,BLK-010218,1,39.4,Track Occupied
TRN-00300,BLK-030227,3,72.7,Track Occupied
TRN-00301,BLK-024213,1,14.4,Track Occupied
TRN-00302,BLK-011310,2,99.0,Track Occupied
TRN-00303,BLK-009585,2,68.7,Track Occupied
TRN-00304,BLK-017602,1,15.6,Track Occupied
TRN-00305,BLK-003449,3,77.1,Track Occupied
TRN-00306,BLK-027704,1,17.1,Track Occupied
TRN-00307,BLK-011110,3,62.3,Track Occupied
TRN-00308,BLK-031742,3,68.2,Track Occupied
TRN-00309,BLK-005603,3,95.4,Track Occupied
TRN-00310,BLK-005265,3,62.0,Track Occupied
TRN-00311,BLK-001998,2,70.2,Track Occupied
TRN-00311,BLK-001999,2,70.2,Track Occupied
TRN-00312,BLK-002754,2,61.5,Track Occupied
TRN-00313,BLK-007691,3,74.6,Track Occupied
TRN-00314,BLK-029982,3,89.1,Track Occupied
TRN-00315,BLK-013757,3,99.0,Track Occupied
TRN-00316,BLK-000456,2,58.8,Track Occupied
TRN-00317,BLK-016513,1,18.7,Track Occupied
TRN-00318,BLK-004817,3,50.0,Track Occupied
TRN-00319,BLK-019799,3,83.0,Track Occupied
TRN-00320,BLK-014922,3,55.7,Track Occupied
TRN-00321,BLK-028378,3,79.2,Track Occupied
TRN-00321,BLK-028379,3,79.2,Track Occupied
TRN-00322,BLK-023846,3,73.3,Track Occupied
TRN-00323,BLK-003273,3,68.8,Track Occupied
TRN-00324,BLK-018131,2,61.9,Track Occupied
TRN-00325,BLK-004891,2,64.2,Track Occupied
TRN-00326,BLK-033538,1,64.8,Track Occupied
TRN-00326,BLK-033539,1,64.8,Track Occupied
TRN-00327,BLK-021444,2,71.1,Track Occupied
TRN-00328,BLK-012910,2,58.3,Track Occupied
TRN-00329,BLK-010317,1,27.6,Track Occupied
TRN-00330,BLK-014455,3,93.8,Track Occupied
TRN-00331,BLK-002999,2,75.5,Track Occupied
TRN-00332,BLK-032080,3,81.0,Track Occupied
TRN-00332,BLK-032081,3,81.0,Track Occupied
TRN-00333,BLK-009946,2,99.0,Track Occupied
TRN-00334,BLK-017903,2,99.0,Track Occupied
TRN-00335,BLK-002930,1,5.0,Track Occupied
TRN-00336,BLK-007186,2,52.2,Track Occupied
TRN-00337,BLK-004608,1,15.7,Track Occupied
TRN-00338,BLK-004585,1,48.3,Track Occupied
TRN-00339,BLK-009512,2,67.4,Track Occupied
TRN-00340,BLK-005865,1,5.0,Track Occupied
TRN-00341,BLK-023129,3,71.3,Track Occupied
TRN-00342,BLK-020152,2,45.0,Track Occupied
TRN-00343,BLK-005426,1,30.0,Track Occupied
TRN-00343,BLK-005427,1,30.0,Track Occupied
TRN-00344,BLK-002993,2,72.7,Track Occupied
TRN-00345,BLK-004125,2,88.7,Track Occupied
TRN-00346,BLK-008270,1,36.7,Track Occupied
TRN-00346,BLK-008271,1,36.7,Track Occupied
TRN-00347,BLK-026657,2,60.8,Track Occupied
TRN-00348,BLK-013662,2,97.5,Track Occupied
TRN-00349,BLK-032926,3,77.2,Track Occupied
TRN-00350,BLK-002810,1,47.5,Track Occupied
TRN-00351,BLK-031718,2,75.8,Track Occupied
TRN-00352,BLK-019837,2,85.4,Track Occupied
TRN-00353,BLK-012710,3,72.7,Track Occupied
TRN-00354,BLK-012258,3,88.0,Track Occupied
TRN-00354,BLK-012259,3,88.0,Track Occupied
TRN-00355,BLK-005345,3,97.1,Track Occupied
TRN-00356,BLK-007937,1,43.6,Track Occupied
TRN-00357,BLK-015363,1,38.1,Track Occupied
TRN-00358,BLK-030223,1,30.5,Track Occupied
TRN-00359,BLK-002429,3,57.4,Track Occupied
TRN-00360,BLK-012795,1,15.1,Track Occupied
TRN-00361,BLK-027692,3,93.2,Track Occupied
TRN-00362,BLK-009753,3,95.7,Track Occupied
TRN-00363,BLK-031701,3,96.9,Track Occupied
TRN-00364,BLK-024504,2,60.6,Track Occupied
TRN-00365,BLK-031600,2,80.2,Track Occupied
TRN-00366,BLK-009514,3,65.2,Track Occupied
TRN-00367,BLK-017492,2,53.3,Track Occupied
TRN-00368,BLK-021534,3,64.5,Track Occupied
TRN-00369,BLK-028296,2,48.5,Track Occupied
TRN-00370,BLK-013520,2,73.3,Track Occupied
TRN-00370,BLK-013521,2,73.3,Track Occupied
TRN-00371,BLK-025526,3,74.6,Track Occupied
TRN-00372,BLK-010358,2,97.8,Track Occupied
TRN-00373,BLK-017382,2,62.8,Track Occupied
TRN-00374,BLK-018206,1,32.2,Track Occupied
TRN-00375,BLK-000473,1,5.0,Track Occupied
TRN-00376,BLK-003290,2,65.5,Track Occupied
TRN-00377,BLK-001507,1,23.6,Track Occupied
TRN-00378,BLK-032505,2,82.3,Track Occupied
TRN-00378,BLK-032506,2,82.3,Track Occupied
TRN-00379,BLK-015367,2,63.0,Track Occupied
TRN-00380,BLK-002427,2,54.4,Track Occupied
TRN-00381,BLK-013760,3,76.4,Track Occupied
TRN-00382,BLK-031699,2,72.7,Track Occupied
TRN-00383,BLK-016405,2,73.1,Track Occupied
TRN-00384,BLK-006382,3,68.5,Track Occupied
TRN-00385,BLK-007192,2,62.4,Track Occupied
TRN-00386,BLK-015386,2,76.9,Track Occupied
TRN-00387,BLK-011021,3,85.2,Track Occupied
TRN-00388,BLK-033344,2,43.6,Track Occupied
TRN-00389,BLK-025544,1,55.5,Track Occupied
TRN-00390,BLK-007721,3,83.8,Track Occupied
TRN-00391,BLK-009292,2,67.3,Track Occupied
TRN-00392,BLK-030233,2,67.1,Track Occupied
TRN-00393,BLK-009118,3,79.5,Track Occupied
TRN-00394,BLK-014576,3,55.2,Track Occupied
TRN-00395,BLK-013145,2,99.0,Track Occupied
TRN-00396,BLK-001841,3,61.7,Track Occupied
TRN-00397,BLK-005697,1,54.8,Track Occupied
TRN-00398,BLK-009898,3,81.2,Track Occupied
TRN-00399,BLK-017459,2,87.1,Track Occupied
TRN-00400,BLK-014854,3,78.1,Track Occupied
TRN-00401,BLK-018486,2,56.4,Track Occupied
TRN-00402,BLK-023254,2,79.5,Track Occupied
TRN-00403,BLK-013089,2,69.0,Track Occupied
TRN-00404,BLK-003497,3,74.8,Track Occupied
TRN-00405,BLK-010614,3,86.9,Track Occupied
TRN-00406,BLK-025232,3,68.5,Track Occupied
TRN-00407,BLK-004850,1,31.1,Track Occupied
TRN-00408,BLK-001118,2,58.3,Track Occupied
TRN-00409,BLK-026466,3,64.4,Track Occupied
TRN-00410,BLK-006823,2,51.5,Track Occupied
TRN-00411,BLK-015729,3,54.7,Track Occupied
TRN-00412,BLK-017219,2,69.9,Track Occupied
TRN-00413,BLK-018605,2,99.0,Track Occupied
TRN-00414,BLK-019205,2,58.3,Track Occupied
TRN-00415,BLK-029983,3,66.7,Track Occupied
TRN-00416,BLK-024484,2,70.0,Track Occupied
TRN-00417,BLK-012261,3,71.0,Track Occupied
TRN-00418,BLK-018950,3,74.1,Track Occupied
TRN-00419,BLK-029102,3,70.7,Track Occupied
TRN-00420,BLK-004344,2,46.8,Track Occupied
TRN-00421,BLK-028699,2,60.0,Track Occupied
TRN-00422,BLK-016079,3,65.2,Track Occupied
TRN-00423,BLK-013617,2,81.0,Track Occupied
TRN-00424,BLK-015914,1,45.4,Track Occupied
TRN-00425,BLK-028314,2,81.3,Track Occupied
TRN-00426,BLK-029950,3,56.8,Track Occupied
TRN-00427,BLK-005423,3,69.9,Track Occupied
TRN-00427,BLK-005424,3,69.9,Track Occupied
TRN-00428,BLK-028895,2,72.6,Track Occupied
TRN-00429,BLK-028595,3,50.8,Track Occupied
TRN-00430,BLK-031807,3,83.8,Track Occupied
TRN-00431,BLK-002321,3,53.1,Track Occupied
TRN-00432,BLK-007470,3,63.0,Track Occupied
TRN-00433,BLK-012004,1,35.4,Track Occupied
TRN-00433,BLK-012005,1,35.4,Track Occupied
TRN-00434,BLK-025540,2,36.1,Track Occupied
TRN-00435,BLK-010588,2,42.8,Track Occupied
TRN-00436,BLK-027918,3,99.0,Track Occupied
TRN-00437,BLK-025907,2,66.0,Track Occupied
TRN-00438,BLK-000648,3,82.2,Track Occupied
TRN-00439,BLK-013295,2,89.7,Track Occupied
TRN-00440,BLK-010304,2,36.1,Track Occupied
TRN-00441,BLK-020809,3,61.4,Track Occupied
TRN-00442,BLK-006254,2,79.3,Track Occupied
TRN-00443,BLK-031088,3,71.0,Track Occupied
TRN-00444,BLK-005370,3,65.8,Track Occupied
TRN-00445,BLK-026549,2,65.5,Track Occupied
TRN-00445,BLK-026550,2,65.5,Track Occupied
TRN-00446,BLK-026033,1,19.2,Track Occupied
TRN-00447,BLK-019901,3,75.9,Track Occupied
TRN-00448,BLK-015027,1,29.2,Track Occupied
TRN-00449,BLK-031753,2,74.0,Track Occupied
TRN-00450,BLK-003169,2,59.8,Track Occupied
TRN-00451,BLK-010740,3,78.7,Track Occupied
TRN-00452,BLK-023663,3,39.0,Track Occupied
TRN-00453,BLK-010961,2,72.9,Track Occupied
TRN-00454,BLK-013838,3,57.2,Track Occupied
TRN-00455,BLK-020779,2,57.5,Track Occupied
TRN-00456,BLK-014586,3,99.0,Track Occupied
TRN-00457,BLK-004129,3,62.5,Track Occupied
TRN-00458,BLK-002242,1,62.7,Track Occupied
TRN-00459,BLK-029640,2,69.1,Track Occupied
TRN-00460,BLK-028664,1,34.0,Track Occupied
TRN-00461,BLK-018269,3,48.1,Track Occupied
TRN-00462,BLK-000672,1,20.3,Track Occupied
TRN-00463,BLK-022225,1,15.2,Track Occupied
TRN-00464,BLK-020102,1,44.5,Track Occupied
TRN-00465,BLK-004707,2,67.1,Track Occupied
TRN-00466,BLK-014445,2,65.1,Track Occupied
TRN-00467,BLK-025855,2,68.8,Track Occupied
TRN-00468,BLK-001358,3,77.3,Track Occupied
TRN-00469,BLK-013446,2,29.4,Track Occupied
TRN-00470,BLK-025875,3,82.7,Track Occupied
TRN-00471,BLK-001936,3,69.2,Track Occupied
TRN-00472,BLK-004481,3,72.2,Track Occupied
TRN-00473,BLK-021687,3,76.1,Track Occupied
TRN-00474,BLK-021442,1,65.1,Track Occupied
TRN-00475,BLK-020938,3,61.8,Track Occupied
TRN-00476,BLK-033006,3,78.8,Track Occupied
TRN-00477,BLK-033133,3,71.4,Track Occupied
TRN-00478,BLK-017522,3,99.0,Track Occupied
TRN-00479,BLK-008286,2,64.7,Track Occupied
TRN-00480,BLK-029811,3,68.4,Track Occupied
TRN-00481,BLK-022210,3,78.4,Track Occupied
TRN-00482,BLK-024282,2,74.4,Track Occupied
TRN-00483,BLK-003492,2,89.7,Track Occupied
TRN-00484,BLK-018009,3,99.0,Track Occupied
TRN-00485,BLK-014572,2,88.0,Track Occupied
TRN-00486,BLK-010915,3,93.6,Track Occupied
TRN-00487,BLK-006356,2,62.9,Track Occupied
TRN-00488,BLK-027022,2,99.0,Track Occupied
TRN-00489,BLK-029746,2,89.3,Track Occupied
TRN-00489,BLK-029747,2,89.3,Track Occupied
TRN-00490,BLK-005717,1,44.7,Track Occupied
TRN-00491,BLK-011493,3,25.0,Track Occupied
TRN-00492,BLK-027027,1,11.0,Track Occupied
TRN-00493,BLK-010102,3,82.7,Track Occupied
TRN-00494,BLK-030416,2,83.1,Track Occupied
TRN-00495,BLK-027722,3,68.3,Track Occupied
TRN-00496,BLK-028511,2,99.0,Track Occupied
TRN-00497,BLK-019060,1,30.8,Track Occupied
TRN-00498,BLK-007717,2,52.7,Track Occupied
TRN-00498,BLK-007718,2,52.7,Track Occupied
TRN-00499,BLK-017717,3,77.0,Track Occupied
TRN-00499,BLK-017718,3,77.0,Track Occupied
TRN-00500,BLK-029210,2,59.1,Track Occupied
TRN-00501,BLK-017227,3,68.4,Track Occupied
TRN-00502,BLK-019975,3,70.2,Track Occupied
TRN-00503,BLK-019460,2,68.9,Track Occupied
TRN-00504,BLK-001251,3,74.2,Track Occupied
TRN-00505,BLK-009861,3,73.3,Track Occupied
TRN-00506,BLK-004979,3,77.0,Track Occupied
TRN-00507,BLK-031884,2,59.8,Track Occupied
TRN-00508,BLK-008604,1,31.6,Track Occupied
TRN-00509,BLK-008540,3,72.9,Track Occupied
TRN-00510,BLK-026516,2,53.9,Track Occupied
TRN-00511,BLK-032582,3,75.5,Track Occupied
TRN-00512,BLK-005764,2,78.5,Track Occupied
TRN-00513,BLK-021372,2,76.9,Track Occupied
TRN-00514,BLK-019277,1,40.1,Track Occupied
TRN-00515,BLK-029437,1,43.7,Track Occupied
TRN-00515,BLK-029438,1,43.7,Track Occupied
TRN-00516,BLK-032065,2,85.1,Track Occupied
TRN-00517,BLK-027022,2,66.0,Track Occupied
TRN-00518,BLK-029211,1,32.1,Track Occupied
TRN-00519,BLK-017981,2,65.0,Track Occupied
TRN-00520,BLK-000073,3,78.6,Track Occupied
TRN-00521,BLK-004683,3,66.5,Track Occupied
TRN-00522,BLK-033259,3,50.8,Track Occupied
TRN-00523,BLK-022297,3,75.5,Track Occupied
TRN-00524,BLK-025833,2,48.4,Track Occupied
TRN-00525,BLK-015095,2,73.1,Track Occupied
TRN-00526,BLK-026294,2,66.5,Track Occupied
TRN-00526,BLK-026295,2,66.5,Track Occupied
TRN-00527,BLK-000373,2,45.4,Track Occupied
TRN-00528,BLK-018291,3,52.1,Track Occupied
TRN-00529,BLK-021747,2,64.7,Track Occupied
TRN-00530,BLK-003368,3,72.6,Track Occupied
TRN-00530,BLK-003369,3,72.6,Track Occupied
TRN-00531,BLK-006253,1,45.6,Track Occupied
TRN-00532,BLK-003473,3,74.3,Track Occupied
TRN-00533,BLK-026778,2,63.5,Track Occupied
TRN-00534,BLK-030794,2,49.9,Track Occupied
TRN-00535,BLK-014086,2,73.3,Track Occupied
TRN-00536,BLK-013141,3,62.4,Track Occupied
TRN-00537,BLK-017390,3,68.4,Track Occupied
TRN-00538,BLK-027149,2,80.8,Track Occupied
TRN-00539,BLK-013741,3,66.7,Track Occupied
TRN-00540,BLK-012682,3,81.4,Track Occupied
TRN-00541,BLK-016591,1,9.8,Track Occupied
TRN-00542,BLK-020072,1,41.0,Track Occupied
TRN-00543,BLK-028760,2,44.9,Track Occupied
TRN-00543,BLK-028761,2,44.9,Track Occupied
TRN-00544,BLK-017930,2,85.7,Track Occupied
TRN-00545,BLK-017461,2,75.7,Track Occupied
TRN-00546,BLK-016939,2,68.1,Track Occupied
TRN-00547,BLK-030697,3,45.7,Track Occupied
TRN-00547,BLK-030698,3,45.7,Track Occupied
TRN-00548,BLK-028929,3,66.0,Track Occupied
TRN-00549,BLK-016971,2,54.6,Track Occupied
TRN-00550,BLK-012904,2,53.7,Track Occupied
TRN-00551,BLK-001608,2,52.8,Track Occupied
TRN-00552,BLK-010285,2,69.4,Track Occupied
TRN-00553,BLK-033280,3,79.8,Track Occupied
TRN-00554,BLK-015961,1,44.7,Track Occupied
TRN-00555,BLK-030032,2,83.7,Track Occupied
TRN-00556,BLK-014248,1,55.3,Track Occupied
TRN-00557,BLK-028941,3,74.4,Track Occupied
TRN-00558,BLK-011263,1,23.3,Track Occupied
TRN-00559,BLK-027515,2,83.3,Track Occupied
TRN-00560,BLK-023363,1,27.3,Track Occupied
TRN-00561,BLK-031152,2,74.6,Track Occupied
TRN-00562,BLK-026631,2,42.6,Track Occupied
TRN-00563,BLK-006562,2,91.6,Track Occupied
TRN-00564,BLK-025013,2,41.1,Track Occupied
TRN-00565,BLK-014432,3,90.8,Track Occupied
TRN-00566,BLK-030666,2,89.8,Track Occupied
TRN-00567,BLK-012407,2,73.6,Track Occupied
TRN-00568,BLK-003322,3,78.6,Track Occupied
TRN-00569,BLK-016377,2,40.7,Track Occupied
TRN-00570,BLK-011161,3,70.5,Track Occupied
TRN-00571,BLK-008854,1,22.6,Track Occupied
TRN-00572,BLK-002574,2,94.2,Track Occupied
TRN-00573,BLK-004510,2,47.0,Track Occupied
TRN-00574,BLK-030148,1,17.6,Track Occupied
TRN-00575,BLK-006643,3,55.5,Track Occupied
TRN-00576,BLK-007053,3,85.1,Track Occupied
TRN-00577,BLK-014218,2,92.1,Track Occupied
TRN-00578,BLK-030950,2,82.2,Track Occupied
TRN-00579,BLK-010355,2,84.6,Track Occupied
TRN-00580,BLK-010614,2,36.9,Track Occupied
TRN-00581,BLK-003875,2,78.7,Track Occupied
TRN-00582,BLK-012857,1,56.5,Track Occupied
TRN-00583,BLK-029634,2,73.7,Track Occupied
TRN-00584,BLK-031257,2,52.0,Track Occupied
TRN-00585,BLK-016537,2,50.2,Track Occupied
TRN-00586,BLK-018139,2,46.4,Track Occupied
TRN-00587,BLK-011134,2,59.1,Track Occupied
TRN-00588,BLK-025546,3,49.5,Track Occupied
TRN-00589,BLK-017202,2,73.5,Track Occupied
TRN-00590,BLK-023284,2,71.2,Track Occupied
TRN-00591,BLK-015184,2,72.2,Track Occupied
TRN-00592,BLK-032847,2,67.7,Track Occupied
TRN-00593,BLK-020295,3,50.0,Track Occupied
TRN-00593,BLK-020296,3,50.0,Track Occupied
TRN-00594,BLK-013040,1,29.3,Track Occupied
TRN-00595,BLK-026826,2,72.7,Track Occupied
TRN-00596,BLK-028004,3,41.9,Track Occupied
TRN-00597,BLK-016879,1,35.3,Track Occupied
TRN-00598,BLK-013261,3,72.0,Track Occupied
TRN-00599,BLK-014497,3,59.8,Track Occupied
TRN-00600,BLK-003908,3,72.4,Track Occupied
TRN-00601,BLK-029550,3,62.3,Track Occupied
TRN-00602,BLK-029083,3,85.7,Track Occupied
TRN-00603,BLK-028178,2,94.4,Track Occupied
TRN-00604,BLK-030592,3,41.2,Track Occupied
TRN-00605,BLK-028463,2,79.3,Track Occupied
TRN-00606,BLK-022954,3,30.4,Track Occupied
TRN-00607,BLK-009718,3,68.0,Track Occupied
TRN-00608,BLK-013607,1,48.4,Track Occupied
TRN-00608,BLK-013608,1,48.4,Track Occupied
TRN-00609,BLK-015402,2,82.1,Track Occupied
TRN-00610,BLK-021575,2,57.6,Track Occupied
TRN-00611,BLK-000757,3,99.0,Track Occupied
TRN-00612,BLK-000923,3,88.3,Track Occupied
TRN-00613,BLK-012570,3,72.1,Track Occupied
TRN-00613,BLK-012571,3,72.1,Track Occupied
TRN-00614,BLK-008001,3,76.5,Track Occupied
TRN-00615,BLK-007184,3,57.1,Track Occupied
TRN-00616,BLK-016159,2,52.4,Track Occupied
TRN-00616,BLK-016160,2,52.4,Track Occupied
TRN-00617,BLK-016645,1,8.1,Track Occupied
TRN-00618,BLK-028873,2,64.9,Track Occupied
TRN-00619,BLK-019913,2,77.8,Track Occupied
TRN-00620,BLK-032736,2,57.3,Track Occupied
TRN-00621,BLK-026289,2,61.1,Track Occupied
TRN-00621,BLK-026290,2,61.1,Track Occupied
TRN-00622,BLK-015475,2,66.2,Track Occupied
TRN-00623,BLK-030035,3,76.9,Track Occupied
TRN-00624,BLK-027340,3,78.1,Track Occupied
TRN-00625,BLK-026456,1,24.1,Track Occupied
TRN-00626,BLK-015689,3,78.2,Track Occupied
TRN-00627,BLK-026315,2,83.0,Track Occupied
TRN-00628,BLK-017771,2,98.1,Track Occupied
TRN-00629,BLK-005593,3,80.7,Track Occupied
TRN-00630,BLK-005258,3,59.9,Track Occupied
TRN-00631,BLK-031275,3,72.0,Track Occupied
TRN-00632,BLK-031696,3,59.9,Track Occupied
TRN-00633,BLK-013054,3,99.0,Track Occupied
TRN-00634,BLK-033022,3,74.1,Track Occupied
TRN-00635,BLK-021737,2,60.6,Track Occupied
TRN-00635,BLK-021738,2,60.6,Track Occupied
TRN-00636,BLK-009267,2,77.0,Track Occupied
TRN-00637,BLK-011152,2,96.0,Track Occupied
TRN-00638,BLK-002904,3,73.8,Track Occupied
TRN-00639,BLK-032621,3,43.9,Track Occupied
TRN-00640,BLK-029626,3,44.7,Track Occupied
TRN-00641,BLK-032627,3,73.9,Track Occupied
TRN-00642,BLK-009161,2,84.5,Track Occupied
TRN-00643,BLK-018322,1,31.6,Track Occupied
TRN-00644,BLK-018209,2,81.8,Track Occupied
TRN-00645,BLK-029838,3,48.9,Track Occupied
TRN-00646,BLK-018658,2,71.9,Track Occupied
TRN-00647,BLK-019576,3,50.5,Track Occupied
TRN-00648,BLK-016373,2,98.4,Track Occupied
TRN-00649,BLK-030696,3,68.4,Track Occupied
TRN-00650,BLK-032099,1,57.2,Track Occupied
TRN-00651,BLK-025451,1,38.1,Track Occupied
TRN-00652,BLK-000509,2,78.4,Track Occupied
TRN-00653,BLK-031859,2,71.5,Track Occupied
TRN-00654,BLK-020420,3,79.1,Track Occupied
TRN-00655,BLK-031844,3,72.3,Track Occupied
TRN-00656,BLK-007266,3,73.0,Track Occupied
TRN-00657,BLK-026918,3,85.8,Track Occupied
TRN-00658,BLK-012724,2,73.0,Track Occupied
TRN-00659,BLK-018512,1,37.1,Track Occupied
TRN-00660,BLK-005221,2,55.5,Track Occupied
TRN-00661,BLK-024431,3,82.2,Track Occupied
TRN-00662,BLK-010769,1,45.2,Track Occupied
TRN-00663,BLK-032901,3,89.1,Track Occupied
TRN-00664,BLK-018035,2,92.5,Track Occupied
TRN-00665,BLK-032703,1,48.8,Track Occupied
TRN-00666,BLK-026923,2,72.0,Track Occupied
TRN-00667,BLK-001118,2,72.1,Track Occupied
TRN-00668,BLK-009599,3,87.3,Track Occupied
TRN-00669,BLK-002260,3,94.4,Track Occupied
TRN-00670,BLK-008309,3,78.0,Track Occupied
TRN-00670,BLK-008310,3,78.0,Track Occupied
TRN-00671,BLK-012910,1,46.9,Track Occupied
TRN-00672,BLK-001814,2,55.8,Track Occupied
TRN-00673,BLK-030939,2,51.6,Track Occupied
TRN-00674,BLK-017232,3,79.0,Track Occupied
TRN-00675,BLK-031291,3,99.0,Track Occupied
TRN-00676,BLK-018114,2,64.8,Track Occupied
TRN-00677,BLK-013750,2,85.2,Track Occupied
TRN-00678,BLK-017434,2,51.6,Track Occupied
TRN-00679,BLK-010745,1,43.2,Track Occupied
TRN-00680,BLK-031998,1,62.6,Track Occupied
TRN-00681,BLK-012202,2,66.2,Track Occupied
TRN-00682,BLK-016206,3,99.0,Track Occupied
TRN-00683,BLK-007849,3,51.4,Track Occupied
TRN-00684,BLK-030878,1,52.3,Track Occupied
TRN-00685,BLK-010632,3,78.4,Track Occupied
TRN-00686,BLK-007154,1,31.9,Track Occupied
TRN-00686,BLK-007155,1,31.9,Track Occupied
TRN-00687,BLK-033539,3,85.3,Track Occupied
TRN-00688,BLK-007927,3,70.7,Track Occupied
TRN-00689,BLK-013482,2,99.0,Track Occupied
TRN-00690,BLK-009242,3,70.0,Track Occupied
TRN-00691,BLK-013323,2,62.9,Track Occupied
TRN-00692,BLK-009040,2,74.6,Track Occupied
TRN-00693,BLK-001367,1,42.8,Track Occupied
TRN-00694,BLK-003337,3,93.7,Track Occupied
TRN-00695,BLK-002150,1,41.0,Track Occupied
TRN-00696,BLK-018448,1,22.0,Track Occupied
TRN-00697,BLK-031232,3,64.5,Track Occupied
TRN-00698,BLK-022204,3,60.8,Track Occupied
TRN-00699,BLK-026856,2,50.6,Track Occupied
TRN-00700,BLK-030071,3,88.3,Track Occupied
TRN-00701,BLK-033530,3,79.1,Track Occupied
TRN-00702,BLK-007130,2,68.8,Track Occupied
TRN-00703,BLK-003627,3,98.4,Track Occupied
TRN-00704,BLK-000509,2,72.5,Track Occupied
TRN-00705,BLK-002644,2,97.1,Track Occupied
TRN-00705,BLK-002645,2,97.1,Track Occupied
TRN-00706,BLK-005967,3,64.3,Track Occupied
TRN-00707,BLK-017161,2,89.0,Track Occupied
TRN-00708,BLK-007280,3,74.0,Track Occupied
TRN-00708,BLK-007281,3,74.0,Track Occupied
TRN-00709,BLK-024166,3,66.9,Track Occupied
TRN-00710,BLK-018159,1,60.0,Track Occupied
TRN-00711,BLK-018003,3,63.1,Track Occupied
TRN-00712,BLK-012810,2,86.9,Track Occupied
TRN-00713,BLK-010161,3,76.7,Track Occupied
TRN-00714,BLK-010974,2,78.1,Track Occupied
TRN-00715,BLK-012650,3,75.0,Track Occupied
TRN-00715,BLK-012651,3,75.0,Track Occupied
TRN-00716,BLK-001657,3,61.9,Track Occupied
TRN-00717,BLK-010366,3,92.8,Track Occupied
TRN-00718,BLK-020400,3,73.1,Track Occupied
TRN-00719,BLK-018113,2,93.4,Track Occupied
TRN-00720,BLK-008672,3,88.2,Track Occupied
TRN-00721,BLK-014933,1,27.4,Track Occupied
TRN-00722,BLK-021315,2,91.0,Track Occupied
TRN-00723,BLK-010167,1,9.2,Track Occupied
TRN-00724,BLK-012679,3,81.0,Track Occupied
TRN-00725,BLK-030959,3,78.5,Track Occupied
TRN-00726,BLK-031089,2,97.7,Track Occupied
TRN-00727,BLK-023267,3,84.1,Track Occupied
TRN-00728,BLK-001847,3,73.3,Track Occupied
TRN-00729,BLK-012180,3,60.4,Track Occupied
TRN-00730,BLK-022261,3,56.9,Track Occupied
TRN-00731,BLK-031034,2,25.0,Track Occupied
TRN-00732,BLK-004276,1,41.7,Track Occupied
TRN-00733,BLK-027853,1,33.3,Track Occupied
TRN-00734,BLK-012533,2,89.5,Track Occupied
TRN-00735,BLK-010625,1,5.0,Track Occupied
TRN-00736,BLK-022908,3,76.9,Track Occupied
TRN-00737,BLK-014220,3,48.1,Track Occupied
TRN-00738,BLK-013529,3,79.1,Track Occupied
TRN-00739,BLK-014953,2,73.4,Track Occupied
TRN-00740,BLK-011142,3,91.0,Track Occupied
TRN-00741,BLK-007354,2,65.6,Track Occupied
TRN-00742,BLK-026985,2,71.3,Track Occupied
TRN-00743,BLK-004479,2,78.6,Track Occupied
TRN-00744,BLK-024931,3,77.9,Track Occupied
TRN-00745,BLK-026876,3,25.1,Track Occupied
TRN-00746,BLK-012005,3,79.0,Track Occupied
TRN-00747,BLK-011213,1,54.6,Track Occupied
TRN-00748,BLK-014196,1,27.4,Track Occupied
TRN-00749,BLK-004808,2,52.4,Track Occupied
TRN-00750,BLK-023690,2,80.0,Track Occupied
TRN-00751,BLK-016674,3,32.8,Track Occupied
TRN-00751,BLK-016675,3,32.8,Track Occupied
TRN-00752,BLK-008451,3,89.6,Track Occupied
TRN-00753,BLK-028533,3,99.0,Track Occupied
TRN-00754,BLK-031974,1,58.5,Track Occupied
TRN-00755,BLK-027970,3,99.0,Track Occupied
TRN-00756,BLK-009910,2,81.3,Track Occupied
TRN-00757,BLK-023994,2,84.6,Track Occupied
TRN-00758,BLK-021475,1,52.5,Track Occupied
TRN-00759,BLK-000586,3,45.2,Track Occupied
TRN-00760,BLK-015102,1,22.9,Track Occupied
TRN-00761,BLK-026057,1,69.3,Track Occupied
TRN-00762,BLK-018323,2,80.8,Track Occupied
TRN-00763,BLK-003168,2,75.9,Track Occupied
TRN-00764,BLK-013486,3,55.7,Track Occupied
TRN-00765,BLK-009106,2,51.6,Track Occupied
TRN-00766,BLK-011599,1,10.5,Track Occupied
TRN-00767,BLK-014784,3,48.0,Track Occupied
TRN-00768,BLK-008211,2,84.0,Track Occupied
TRN-00769,BLK-028034,3,77.4,Track Occupied
TRN-00770,BLK-003181,2,92.5,Track Occupied
TRN-00771,BLK-020993,2,58.5,Track Occupied
TRN-00772,BLK-015630,3,48.1,Track Occupied
TRN-00773,BLK-026298,2,52.5,Track Occupied
TRN-00774,BLK-009691,2,96.1,Track Occupied
TRN-00775,BLK-006272,1,19.9,Track Occupied
TRN-00776,BLK-009074,3,64.1,Track Occupied
TRN-00777,BLK-016589,3,60.2,Track Occupied
TRN-00777,BLK-016590,3,60.2,Track Occupied
TRN-00778,BLK-003227,2,79.4,Track Occupied
TRN-00779,BLK-013014,3,72.1,Track Occupied
TRN-00780,BLK-001456,3,48.7,Track Occupied
TRN-00781,BLK-027425,1,43.7,Track Occupied
TRN-00782,BLK-022923,2,68.2,Track Occupied
TRN-00783,BLK-014198,3,46.2,Track Occupied
TRN-00784,BLK-022917,3,95.0,Track Occupied
TRN-00785,BLK-000089,3,64.6,Track Occupied
TRN-00786,BLK-018008,3,66.3,Track Occupied
TRN-00786,BLK-018009,3,66.3,Track Occupied
TRN-00787,BLK-027954,1,35.8,Track Occupied
TRN-00788,BLK-024252,2,70.2,Track Occupied
TRN-00789,BLK-000273,1,5.0,Track Occupied
TRN-00789,BLK-000274,1,5.0,Track Occupied
TRN-00790,BLK-011741,2,82.1,Track Occupied
TRN-00791,BLK-014384,1,56.8,Track Occupied
TRN-00792,BLK-030660,2,67.1,Track Occupied
TRN-00793,BLK-008843,3,94.3,Track Occupied
TRN-00794,BLK-031453,1,21.0,Track Occupied
TRN-00795,BLK-024631,2,58.1,Track Occupied
TRN-00796,BLK-031309,3,54.8,Track Occupied
TRN-00797,BLK-009033,1,35.2,Track Occupied
TRN-00798,BLK-028940,1,45.2,Track Occupied
TRN-00799,BLK-023069,2,93.4,Track Occupied
TRN-00800,BLK-033415,3,68.7,Track Occupied
TRN-00801,BLK-001118,2,77.7,Track Occupied
TRN-00802,BLK-024106,2,79.8,Track Occupied
TRN-00803,BLK-028338,3,68.9,Track Occupied
TRN-00803,BLK-028339,3,68.9,Track Occupied
TRN-00804,BLK-011156,3,70.3,Track Occupied
TRN-00805,BLK-014364,1,11.9,Track Occupied
TRN-00806,BLK-032837,2,60.7,Track Occupied
TRN-00807,BLK-013906,3,34.0,Track Occupied
TRN-00808,BLK-018633,2,61.2,Track Occupied
TRN-00809,BLK-027233,2,86.2,Track Occupied
TRN-00810,BLK-029028,1,68.8,Track Occupied
TRN-00811,BLK-018584,3,97.2,Track Occupied
TRN-00812,BLK-017930,3,76.3,Track Occupied
TRN-00813,BLK-031250,3,78.0,Track Occupied
TRN-00814,BLK-033161,3,37.9,Track Occupied
TRN-00815,BLK-015034,3,62.3,Track Occupied
TRN-00816,BLK-024909,1,30.2,Track Occupied
TRN-00817,BLK-004556,3,99.0,Track Occupied
TRN-00818,BLK-031746,2,90.4,Track Occupied
TRN-00819,BLK-014755,1,60.8,Track Occupied
TRN-00819,BLK-014756,1,60.8,Track Occupied
TRN-00820,BLK-028210,1,29.5,Track Occupied
TRN-00821,BLK-029545,2,47.3,Track Occupied
TRN-00822,BLK-003104,1,35.9,Track Occupied
TRN-00823,BLK-024363,2,93.0,Track Occupied
TRN-00823,BLK-024364,2,93.0,Track Occupied
TRN-00824,BLK-008283,3,67.4,Track Occupied
TRN-00825,BLK-007714,3,97.4,Track Occupied
TRN-00826,BLK-017055,3,95.1,Track Occupied
TRN-00827,BLK-015450,3,64.3,Track Occupied
TRN-00828,BLK-022685,2,37.6,Track Occupied
TRN-00829,BLK-015992,3,77.7,Track Occupied
TRN-00830,BLK-016206,2,33.9,Track Occupied
TRN-00831,BLK-019708,2,89.4,Track Occupied
TRN-00832,BLK-014167,3,80.4,Track Occupied
TRN-00833,BLK-009091,2,88.5,Track Occupied
TRN-00834,BLK-018581,2,66.3,Track Occupied
TRN-00835,BLK-005171,2,54.5,Track Occupied
TRN-00836,BLK-030089,2,77.0,Track Occupied
TRN-00837,BLK-014118,3,71.6,Track Occupied
TRN-00838,BLK-013192,2,43.5,Track Occupied
TRN-00839,BLK-020249,1,17.7,Track Occupied
TRN-00840,BLK-007093,2,68.6,Track Occupied
TRN-00841,BLK-027112,2,63.5,Track Occupied
TRN-00842,BLK-010046,3,68.8,Track Occupied
TRN-00843,BLK-011972,2,81.8,Track Occupied
TRN-00844,BLK-029573,3,68.3,Track Occupied
TRN-00845,BLK-024338,3,76.7,Track Occupied
TRN-00846,BLK-022853,3,33.4,Track Occupied
TRN-00847,BLK-029730,1,38.2,Track Occupied
TRN-00848,BLK-002303,3,80.4,Track Occupied
TRN-00849,BLK-027266,2,38.2,Track Occupied
TRN-00850,BLK-016103,3,48.7,Track Occupied
TRN-00851,BLK-032537,2,81.1,Track Occupied
TRN-00852,BLK-010370,3,92.6,Track Occupied
TRN-00853,BLK-032286,2,99.0,Track Occupied
TRN-00853,BLK-032287,2,99.0,Track Occupied
TRN-00854,BLK-026000,1,33.0,Track Occupied
TRN-00855,BLK-019404,2,65.0,Track Occupied
TRN-00856,BLK-024324,3,75.2,Track Occupied
TRN-00857,BLK-018092,3,55.4,Track Occupied
TRN-00858,BLK-024423,1,36.3,Track Occupied
TRN-00859,BLK-017762,3,76.4,Track Occupied
TRN-00860,BLK-001702,2,50.4,Track Occupied
TRN-00861,BLK-006953,3,66.5,Track Occupied
TRN-00862,BLK-021861,2,78.7,Track Occupied
TRN-00863,BLK-019320,3,59.0,Track Occupied
TRN-00864,BLK-019872,2,83.3,Track Occupied
TRN-00865,BLK-029301,3,67.8,Track Occupied
TRN-00866,BLK-018772,1,20.9,Track Occupied
TRN-00867,BLK-024655,2,74.9,Track Occupied
TRN-00868,BLK-002004,2,84.4,Track Occupied
TRN-00869,BLK-011535,3,37.4,Track Occupied
TRN-00870,BLK-003054,3,84.0,Track Occupied
TRN-00871,BLK-020501,2,76.6,Track Occupied
TRN-00872,BLK-031210,2,53.5,Track Occupied
TRN-00873,BLK-006700,3,81.3,Track Occupied
TRN-00873,BLK-006701,3,81.3,Track Occupied
TRN-00874,BLK-033422,1,28.7,Track Occupied
TRN-00875,BLK-020990,3,78.4,Track Occupied
TRN-00876,BLK-007889,1,31.0,Track Occupied
TRN-00877,BLK-005817,2,74.6,Track Occupied
TRN-00878,BLK-023995,2,65.9,Track Occupied
TRN-00879,BLK-023636,3,75.6,Track Occupied
TRN-00880,BLK-018327,3,67.2,Track Occupied
TRN-00881,BLK-002361,3,78.4,Track Occupied
TRN-00882,BLK-019497,3,60.8,Track Occupied
TRN-00883,BLK-016533,3,53.9,Track Occupied
TRN-00884,BLK-022509,3,65.4,Track Occupied
TRN-00885,BLK-012333,1,63.5,Track Occupied
TRN-00885,BLK-012334,1,63.5,Track Occupied
TRN-00886,BLK-023119,2,64.2,Track Occupied
TRN-00887,BLK-020341,2,73.5,Track Occupied
TRN-00888,BLK-009259,1,23.0,Track Occupied
TRN-00889,BLK-033351,2,87.0,Track Occupied
TRN-00890,BLK-030684,3,60.0,Track Occupied
TRN-00891,BLK-019398,1,5.0,Track Occupied
TRN-00892,BLK-014837,2,77.8,Track Occupied
TRN-00893,BLK-019591,3,77.4,Track Occupied
TRN-00894,BLK-001052,1,26.8,Track Occupied
TRN-00895,BLK-025327,1,18.9,Track Occupied
TRN-00896,BLK-010716,2,83.6,Track Occupied
TRN-00897,BLK-015721,2,71.6,Track Occupied
TRN-00898,BLK-006602,2,83.0,Track Occupied
TRN-00899,BLK-013925,2,75.6,Track Occupied
TRN-00900,BLK-022686,3,59.3,Track Occupied
TRN-00900,BLK-022687,3,59.3,Track Occupied
TRN-00901,BLK-015264,2,54.5,Track Occupied
TRN-00902,BLK-017194,3,89.2,Track Occupied
TRN-00903,BLK-029110,2,88.4,Track Occupied
TRN-00904,BLK-017564,3,87.7,Track Occupied
TRN-00905,BLK-021589,3,68.7,Track Occupied
TRN-00906,BLK-014998,2,64.6,Track Occupied
TRN-00907,BLK-009899,3,80.0,Track Occupied
TRN-00908,BLK-006114,2,99.0,Track Occupied
TRN-00909,BLK-026858,3,84.5,Track Occupied
TRN-00910,BLK-015045,2,90.5,Track Occupied
TRN-00911,BLK-023829,2,60.5,Track Occupied
TRN-00912,BLK-015372,2,43.4,Track Occupied
TRN-00913,BLK-009132,2,81.2,Track Occupied
TRN-00914,BLK-031422,2,96.4,Track Occupied
TRN-00915,BLK-004183,2,62.7,Track Occupied
TRN-00916,BLK-031995,2,43.4,Track Occupied
TRN-00917,BLK-004104,3,99.0,Track Occupied
TRN-00918,BLK-009027,3,63.3,Track Occupied
TRN-00919,BLK-000807,1,51.7,Track Occupied
TRN-00920,BLK-025409,2,59.1,Track Occupied
TRN-00921,BLK-024191,3,64.2,Track Occupied
TRN-00922,BLK-028513,3,66.5,Track Occupied
TRN-00923,BLK-032747,3,78.7,Track Occupied
TRN-00924,BLK-014666,2,99.0,Track Occupied
TRN-00925,BLK-000750,2,65.3,Track Occupied
TRN-00926,BLK-004291,3,57.7,Track Occupied
TRN-00927,BLK-027213,3,77.4,Track Occupied
TRN-00927,BLK-027214,3,77.4,Track Occupied
TRN-00928,BLK-020715,1,24.0,Track Occupied
TRN-00929,BLK-029702,2,80.2,Track Occupied
TRN-00930,BLK-031989,3,44.6,Track Occupied
TRN-00930,BLK-031990,3,44.6,Track Occupied
TRN-00931,BLK-030592,3,71.5,Track Occupied
TRN-00932,BLK-021802,3,49.0,Track Occupied
TRN-00933,BLK-021630,2,49.6,Track Occupied
TRN-00934,BLK-019467,3,81.1,Track Occupied
TRN-00935,BLK-010515,3,70.7,Track Occupied
TRN-00935,BLK-010516,3,70.7,Track Occupied
TRN-00936,BLK-020474,2,78.3,Track Occupied
TRN-00937,BLK-007877,3,42.6,Track Occupied
TRN-00938,BLK-009432,2,97.2,Track Occupied
TRN-00939,BLK-006561,1,33.4,Track Occupied
TRN-00940,BLK-006776,3,69.5,Track Occupied
TRN-00941,BLK-007023,3,60.5,Track Occupied
TRN-00942,BLK-019179,3,70.3,Track Occupied
TRN-00943,BLK-016821,3,97.8,Track Occupied
TRN-00944,BLK-031485,2,70.9,Track Occupied
TRN-00945,BLK-012724,3,99.0,Track Occupied
TRN-00946,BLK-027562,1,57.4,Track Occupied
TRN-00947,BLK-022130,3,78.9,Track Occupied
TRN-00948,BLK-004308,2,99.0,Track Occupied
TRN-00949,BLK-009711,3,53.1,Track Occupied
TRN-00950,BLK-018871,2,51.3,Track Occupied
TRN-00951,BLK-028354,2,82.6,Track Occupied
TRN-00952,BLK-000913,2,79.7,Track Occupied
TRN-00953,BLK-007996,3,71.8,Track Occupied
TRN-00954,BLK-028409,1,39.8,Track Occupied
TRN-00955,BLK-028695,2,48.8,Track Occupied
TRN-00956,BLK-013055,2,64.1,Track Occupied
TRN-00957,BLK-006720,2,63.1,Track Occupied
TRN-00958,BLK-009271,2,71.8,Track Occupied
TRN-00959,BLK-009841,1,11.9,Track Occupied
TRN-00960,BLK-023628,2,46.8,Track Occupied
TRN-00961,BLK-029977,3,68.0,Track Occupied
TRN-00962,BLK-024412,3,53.1,Track Occupied
TRN-00963,BLK-015839,2,42.3,Track Occupied
TRN-00964,BLK-003283,2,88.0,Track Occupied
TRN-00965,BLK-023033,1,34.6,Track Occupied
TRN-00966,BLK-010821,2,72.7,Track Occupied
TRN-00967,BLK-006095,2,62.4,Track Occupied
TRN-00968,BLK-028089,2,85.5,Track Occupied
TRN-00969,BLK-005226,2,77.3,Track Occupied
TRN-00970,BLK-013234,3,76.2,Track Occupied
TRN-00970,BLK-013235,3,76.2,Track Occupied
TRN-00971,BLK-016813,1,49.7,Track Occupied
TRN-00972,BLK-005383,1,56.3,Track Occupied
TRN-00972,BLK-005384,1,56.3,Track Occupied
TRN-00973,BLK-005857,2,82.0,Track Occupied
TRN-00974,BLK-000064,2,60.9,Track Occupied
TRN-00975,BLK-017465,3,65.3,Track Occupied
TRN-00976,BLK-016183,2,71.7,Track Occupied
TRN-00977,BLK-023909,1,34.8,Track Occupied
TRN-00978,BLK-031288,1,27.0,Track Occupied
TRN-00979,BLK-014660,2,59.1,Track Occupied
TRN-00980,BLK-023154,1,36.5,Track Occupied
TRN-00981,BLK-014037,3,73.9,Track Occupied
TRN-00982,BLK-029055,3,95.3,Track Occupied
TRN-00983,BLK-018490,1,14.4,Track Occupied
TRN-00984,BLK-021410,2,44.3,Track Occupied
TRN-00985,BLK-025505,3,56.4,Track Occupied
TRN-00986,BLK-024059,2,55.0,Track Occupied
TRN-00987,BLK-009731,3,58.1,Track Occupied
TRN-00988,BLK-016040,3,74.1,Track Occupied
TRN-00989,BLK-020699,2,84.6,Track Occupied
TRN-00990,BLK-010938,2,65.8,Track Occupied
TRN-00990,BLK-010939,2,65.8,Track Occupied
TRN-00991,BLK-021093,3,59.1,Track Occupied
TRN-00992,BLK-029611,2,99.0,Track Occupied
TRN-00993,BLK-002467,2,42.4,Track Occupied
TRN-00994,BLK-011260,3,53.9,Track Occupied
TRN-00995,BLK-025983,3,35.7,Track Occupied
TRN-00996,BLK-031650,2,89.7,Track Occupied
TRN-00996,BLK-031651,2,89.7,Track Occupied
TRN-00997,BLK-033122,3,87.3,Track Occupied
TRN-00997,BLK-033123,3,87.3,Track Occupied
TRN-00998,BLK-024016,3,72.9,Track Occupied
TRN-00998,BLK-024017,3,72.9,Track Occupied
TRN-00999,BLK-002138,2,99.0,Track Occupied
TRN-01000,BLK-026359,3,99.0,Track Occupied
TRN-01001,BLK-031296,1,57.5,Track Occupied
TRN-01002,BLK-010551,3,75.6,Track Occupied
TRN-01003,BLK-002425,3,57.2,Track Occupied
TRN-01004,BLK-007928,2,80.4,Track Occupied
TRN-01005,BLK-010416,3,69.7,Track Occupied
TRN-01006,BLK-025880,2,49.7,Track Occupied
TRN-01007,BLK-005597,1,57.0,Track Occupied
TRN-01008,BLK-033457,3,82.6,Track Occupied
TRN-01009,BLK-004076,3,50.3,Track Occupied
TRN-01010,BLK-025112,2,96.1,Track Occupied
TRN-01011,BLK-017631,2,63.6,Track Occupied
TRN-01012,BLK-029421,1,23.1,Track Occupied
TRN-01012,BLK-029422,1,23.1,Track Occupied
TRN-01013,BLK-030767,1,34.8,Track Occupied
TRN-01014,BLK-014799,3,41.2,Track Occupied
TRN-01015,BLK-015930,2,71.3,Track Occupied
TRN-01016,BLK-028897,1,26.6,Track Occupied
TRN-01017,BLK-027944,3,61.3,Track Occupied
TRN-01018,BLK-022264,3,99.0,Track Occupied
TRN-01019,BLK-028003,2,70.9,Track Occupied
TRN-01020,BLK-025226,3,87.0,Track Occupied
TRN-01021,BLK-004908,1,31.3,Track Occupied
TRN-01022,BLK-007648,3,47.9,Track Occupied
TRN-01023,BLK-028326,2,99.0,Track Occupied
TRN-01024,BLK-023266,2,87.9,Track Occupied
TRN-01024,BLK-023267,2,87.9,Track Occupied
TRN-01025,BLK-021573,3,59.0,Track Occupied
TRN-01026,BLK-024889,1,26.0,Track Occupied
TRN-01027,BLK-018888,3,85.5,Track Occupied
TRN-01028,BLK-009506,3,57.7,Track Occupied
TRN-01029,BLK-027175,2,99.0,Track Occupied
TRN-01030,BLK-003503,3,67.1,Track Occupied
TRN-01031,BLK-010320,2,94.1,Track Occupied
TRN-01032,BLK-020212,2,79.4,Track Occupied
TRN-01033,BLK-002918,3,71.5,Track Occupied
TRN-01034,BLK-009779,2,67.4,Track Occupied
TRN-01035,BLK-032816,3,53.4,Track Occupied
TRN-01036,BLK-025585,2,67.9,Track Occupied
TRN-01037,BLK-018802,3,73.1,Track Occupied
TRN-01038,BLK-017423,2,62.8,Track Occupied
TRN-01039,BLK-025921,3,90.9,Track Occupied
TRN-01039,BLK-025922,3,90.9,Track Occupied
TRN-01040,BLK-014483,1,35.3,Track Occupied
TRN-01041,BLK-008086,3,82.4,Track Occupied
TRN-01042,BLK-018646,2,99.0,Track Occupied
TRN-01043,BLK-027458,1,32.4,Track Occupied
TRN-01043,BLK-027459,1,32.4,Track Occupied
TRN-01044,BLK-031429,3,86.8,Track Occupied
TRN-01045,BLK-031990,2,87.7,Track Occupied
TRN-01046,BLK-003349,2,73.1,Track Occupied
TRN-01047,BLK-006067,1,20.4,Track Occupied
TRN-01048,BLK-027428,2,62.8,Track Occupied
TRN-01049,BLK-014211,3,80.5,Track Occupied
TRN-01050,BLK-006544,2,82.0,Track Occupied
TRN-01051,BLK-029936,3,53.7,Track Occupied
TRN-01052,BLK-008756,2,92.4,Track Occupied
TRN-01053,BLK-031724,2,84.3,Track Occupied
TRN-01054,BLK-006115,2,99.0,Track Occupied
TRN-01055,BLK-007754,1,28.8,Track Occupied
TRN-01056,BLK-030192,3,54.6,Track Occupied
TRN-01057,BLK-009856,3,95.0,Track Occupied
TRN-01058,BLK-003485,3,86.7,Track Occupied
TRN-01058,BLK-003486,3,86.7,Track Occupied
TRN-01059,BLK-007172,1,34.3,Track Occupied
TRN-01060,BLK-018555,3,67.0,Track Occupied
TRN-01061,BLK-028949,1,23.9,Track Occupied
TRN-01062,BLK-012316,2,70.3,Track Occupied
TRN-01062,BLK-012317,2,70.3,Track Occupied
TRN-01063,BLK-023688,2,99.0,Track Occupied
TRN-01064,BLK-016309,3,73.9,Track Occupied
TRN-01065,BLK-023174,3,76.4,Track Occupied
TRN-01066,BLK-019738,3,65.6,Track Occupied
TRN-01067,BLK-023198,1,25.0,Track Occupied
TRN-01068,BLK-024561,3,59.6,Track Occupied
TRN-01069,BLK-011530,2,67.9,Track Occupied
TRN-01070,BLK-019331,1,58.9,Track Occupied
TRN-01071,BLK-017956,3,41.7,Track Occupied
TRN-01072,BLK-027436,2,59.7,Track Occupied
TRN-01073,BLK-027311,1,47.1,Track Occupied
TRN-01074,BLK-022736,3,73.1,Track Occupied
TRN-01075,BLK-030256,2,81.0,Track Occupied
TRN-01076,BLK-017153,1,8.4,Track Occupied
TRN-01077,BLK-023271,2,92.2,Track Occupied
TRN-01078,BLK-022826,2,99.0,Track Occupied
TRN-01079,BLK-020605,3,97.8,Track Occupied
TRN-01080,BLK-029767,3,94.9,Track Occupied
TRN-01081,BLK-030229,2,79.4,Track Occupied
TRN-01082,BLK-015105,2,76.8,Track Occupied
TRN-01083,BLK-026526,2,53.4,Track Occupied
TRN-01084,BLK-009341,3,73.8,Track Occupied
TRN-01085,BLK-025618,3,87.0,Track Occupied
TRN-01086,BLK-024467,3,83.7,Track Occupied
TRN-01087,BLK-033293,2,89.6,Track Occupied
TRN-01088,BLK-011463,3,63.1,Track Occupied
TRN-01088,BLK-011464,3,63.1,Track Occupied
TRN-01089,BLK-018159,2,93.8,Track Occupied
TRN-01089,BLK-018160,2,93.8,Track Occupied
TRN-01090,BLK-023178,2,77.3,Track Occupied
TRN-01091,BLK-025586,2,62.9,Track Occupied
TRN-01092,BLK-018685,2,62.8,Track Occupied
TRN-01093,BLK-032117,2,72.4,Track Occupied
TRN-01094,BLK-004634,1,5.0,Track Occupied
TRN-01095,BLK-031631,2,73.7,Track Occupied
TRN-01096,BLK-011691,3,71.1,Track Occupied
TRN-01097,BLK-010516,2,72.7,Track Occupied
TRN-01098,BLK-023449,2,80.1,Track Occupied
TRN-01099,BLK-001027,3,95.8,Track Occupied
TRN-01100,BLK-025475,1,42.3,Track Occupied
TRN-01101,BLK-001059,2,91.4,Track Occupied
TRN-01102,BLK-013698,3,45.3,Track Occupied
TRN-01103,BLK-029493,1,51.5,Track Occupied
TRN-01104,BLK-006430,1,30.9,Track Occupied
TRN-01105,BLK-002448,2,45.4,Track Occupied
TRN-01106,BLK-032772,1,38.3,Track Occupied
TRN-01107,BLK-009584,2,70.7,Track Occupied
TRN-01108,BLK-026984,2,62.0,Track Occupied
TRN-01109,BLK-005002,1,20.2,Track Occupied
TRN-01110,BLK-012159,3,77.5,Track Occupied
TRN-01111,BLK-024799,3,62.8,Track Occupied
TRN-01112,BLK-027058,3,56.9,Track Occupied
TRN-01113,BLK-027512,3,46.1,Track Occupied
TRN-01114,BLK-019159,3,58.1,Track Occupied
TRN-01115,BLK-016068,2,70.9,Track Occupied
TRN-01116,BLK-017091,2,62.9,Track Occupied
TRN-01117,BLK-012360,3,97.2,Track Occupied
TRN-01118,BLK-033497,1,9.8,Track Occupied
TRN-01118,BLK-033498,1,9.8,Track Occupied
TRN-01119,BLK-015202,2,82.5,Track Occupied
TRN-01120,BLK-013213,3,58.5,Track Occupied
TRN-01121,BLK-025292,3,99.0,Track Occupied
TRN-01122,BLK-006425,2,71.3,Track Occupied
TRN-01123,BLK-020975,2,81.6,Track Occupied
TRN-01124,BLK-008433,3,84.8,Track Occupied
TRN-01125,BLK-033063,2,33.2,Track Occupied
TRN-01126,BLK-004505,3,63.7,Track Occupied
TRN-01127,BLK-020143,3,67.9,Track Occupied
TRN-01128,BLK-029668,2,99.0,Track Occupied
TRN-01129,BLK-008688,2,99.0,Track Occupied
TRN-01130,BLK-031222,2,66.5,Track Occupied
TRN-01131,BLK-031452,2,71.1,Track Occupied
TRN-01132,BLK-025589,2,83.0,Track Occupied
TRN-01133,BLK-003013,3,50.6,Track Occupied
TRN-01134,BLK-016662,3,83.1,Track Occupied
TRN-01135,BLK-024658,3,55.8,Track Occupied
TRN-01136,BLK-033285,1,55.7,Track Occupied
TRN-01137,BLK-006356,1,30.3,Track Occupied
TRN-01138,BLK-010395,2,57.5,Track Occupied
TRN-01139,BLK-031910,2,73.1,Track Occupied
TRN-01140,BLK-009399,3,80.7,Track Occupied
TRN-01141,BLK-016845,2,55.1,Track Occupied
TRN-01142,BLK-026551,3,56.2,Track Occupied
TRN-01143,BLK-014519,2,61.3,Track Occupied
TRN-01144,BLK-011000,3,56.4,Track Occupied
TRN-01144,BLK-011001,3,56.4,Track Occupied
TRN-01145,BLK-018726,2,95.1,Track Occupied
TRN-01146,BLK-008452,2,80.2,Track Occupied
TRN-01147,BLK-032985,2,55.5,Track Occupied
TRN-01148,BLK-030637,2,88.7,Track Occupied
TRN-01149,BLK-023591,1,35.9,Track Occupied
TRN-01150,BLK-006483,3,82.6,Track Occupied
TRN-01151,BLK-011189,2,96.2,Track Occupied
TRN-01152,BLK-029642,1,34.4,Track Occupied
TRN-01153,BLK-023403,2,86.2,Track Occupied
TRN-01154,BLK-003483,1,69.4,Track Occupied
TRN-01155,BLK-008767,2,55.4,Track Occupied
TRN-01156,BLK-004995,2,71.2,Track Occupied
TRN-01156,BLK-004996,2,71.2,Track Occupied
TRN-01157,BLK-006115,3,61.5,Track Occupied
TRN-01158,BLK-005756,3,94.0,Track Occupied
TRN-01159,BLK-006804,2,63.7,Track Occupied
TRN-01160,BLK-032069,1,64.2,Track Occupied
TRN-01161,BLK-006219,3,60.5,Track Occupied
TRN-01162,BLK-018669,2,66.1,Track Occupied
TRN-01162,BLK-018670,2,66.1,Track Occupied
TRN-01163,BLK-023694,1,30.4,Track Occupied
TRN-01164,BLK-016729,2,75.6,Track Occupied
TRN-01165,BLK-027320,2,53.9,Track Occupied
TRN-01166,BLK-017007,3,55.3,Track Occupied
TRN-01167,BLK-029011,3,84.7,Track Occupied
TRN-01168,BLK-003294,3,81.5,Track Occupied
TRN-01169,BLK-014302,3,78.8,Track Occupied
TRN-01170,BLK-026837,2,75.9,Track Occupied
TRN-01171,BLK-004996,2,83.3,Track Occupied
TRN-01172,BLK-021365,2,68.2,Track Occupied
TRN-01173,BLK-009752,3,70.0,Track Occupied
TRN-01174,BLK-030729,3,99.0,Track Occupied
TRN-01175,BLK-000844,3,70.7,Track Occupied
TRN-01176,BLK-032506,3,81.2,Track Occupied
TRN-01177,BLK-008863,3,78.3,Track Occupied
TRN-01178,BLK-029910,2,83.8,Track Occupied
TRN-01179,BLK-002178,1,28.5,Track Occupied
TRN-01180,BLK-031540,1,46.3,Track Occupied
TRN-01181,BLK-004549,2,73.1,Track Occupied
TRN-01182,BLK-002724,3,63.2,Track Occupied
TRN-01183,BLK-014889,2,84.3,Track Occupied
TRN-01184,BLK-007149,2,65.1,Track Occupied
TRN-01185,BLK-026668,2,97.0,Track Occupied
TRN-01186,BLK-005747,3,91.9,Track Occupied
TRN-01187,BLK-015580,3,77.9,Track Occupied
TRN-01187,BLK-015581,3,77.9,Track Occupied
TRN-01188,BLK-010776,1,58.6,Track Occupied
TRN-01189,BLK-032164,3,86.3,Track Occupied
TRN-01190,BLK-007096,3,54.7,Track Occupied
TRN-01191,BLK-031183,2,61.6,Track Occupied
TRN-01192,BLK-020782,2,74.0,Track Occupied
TRN-01193,BLK-024697,3,96.0,Track Occupied
TRN-01194,BLK-018810,2,83.0,Track Occupied
TRN-01195,BLK-005181,2,90.9,Track Occupied
TRN-01196,BLK-010050,3,61.7,Track Occupied
TRN-01197,BLK-026873,3,57.6,Track Occupied
TRN-01198,BLK-009195,1,48.1,Track Occupied
TRN-01198,BLK-009196,1,48.1,Track Occupied
TRN-01199,BLK-004231,2,81.1,Track Occupied
TRN-01200,BLK-002085,2,71.3,Track Occupied
TRN-01200,BLK-002086,2,71.3,Track Occupied
TRN-01201,BLK-011703,2,84.2,Track Occupied
TRN-01202,BLK-032837,1,39.0,Track Occupied
TRN-01202,BLK-032838,1,39.0,Track Occupied
TRN-01203,BLK-033583,1,7.2,Track Occupied
TRN-01204,BLK-032092,1,47.2,Track Occupied
TRN-01205,BLK-026306,2,96.6,Track Occupied
TRN-01206,BLK-029994,3,79.0,Track Occupied
TRN-01207,BLK-022865,3,71.8,Track Occupied
TRN-01208,BLK-007412,3,62.8,Track Occupied
TRN-01209,BLK-013412,2,99.0,Track Occupied
TRN-01210,BLK-003098,1,24.6,Track Occupied
TRN-01211,BLK-010203,2,73.5,Track Occupied
TRN-01212,BLK-005649,3,50.3,Track Occupied
TRN-01213,BLK-008469,3,71.7,Track Occupied
TRN-01214,BLK-023850,2,74.3,Track Occupied
TRN-01215,BLK-018351,1,34.6,Track Occupied
TRN-01216,BLK-004980,1,30.1,Track Occupied
TRN-01217,BLK-026083,3,91.9,Track Occupied
TRN-01218,BLK-002880,3,67.7,Track Occupied
TRN-01219,BLK-023276,3,38.0,Track Occupied
TRN-01220,BLK-001073,2,78.6,Track Occupied
TRN-01221,BLK-010640,2,74.8,Track Occupied
TRN-01222,BLK-015338,3,98.9,Track Occupied
TRN-01223,BLK-029284,2,84.2,Track Occupied
TRN-01224,BLK-031657,2,56.6,Track Occupied
TRN-01225,BLK-030134,2,72.7,Track Occupied
TRN-01226,BLK-000758,2,90.3,Track Occupied
TRN-01227,BLK-020760,3,99.0,Track Occupied
TRN-01228,BLK-031958,2,55.2,Track Occupied
TRN-01229,BLK-016492,2,72.3,Track Occupied
TRN-01230,BLK-011434,2,99.0,Track Occupied
TRN-01231,BLK-020513,1,36.4,Track Occupied
TRN-01232,BLK-001380,3,83.2,Track Occupied
TRN-01233,BLK-025581,3,78.7,Track Occupied
TRN-01234,BLK-031327,2,96.2,Track Occupied
TRN-01235,BLK-017811,2,58.7,Track Occupied
TRN-01236,BLK-022873,3,91.2,Track Occupied
TRN-01236,BLK-022874,3,91.2,Track Occupied
TRN-01237,BLK-021876,3,81.9,Track Occupied
TRN-01238,BLK-007140,2,90.5,Track Occupied
TRN-01239,BLK-029708,2,54.0,Track Occupied
TRN-01240,BLK-024582,1,5.0,Track Occupied
TRN-01241,BLK-010874,1,78.3,Track Occupied
TRN-01242,BLK-006822,3,63.9,Track Occupied
TRN-01243,BLK-018879,1,30.0,Track Occupied
TRN-01243,BLK-018880,1,30.0,Track Occupied
TRN-01244,BLK-022276,3,63.8,Track Occupied
TRN-01245,BLK-017180,2,47.6,Track Occupied
TRN-01246,BLK-010825,3,91.1,Track Occupied
TRN-01247,BLK-027184,1,44.2,Track Occupied
TRN-01248,BLK-029882,2,77.4,Track Occupied
TRN-01249,BLK-015450,3,52.8,Track Occupied
TRN-01250,BLK-017020,1,58.9,Track Occupied
TRN-01250,BLK-017021,1,58.9,Track Occupied
TRN-01251,BLK-028580,2,58.6,Track Occupied
TRN-01252,BLK-010802,3,71.3,Track Occupied
TRN-01253,BLK-026895,1,57.1,Track Occupied
TRN-01254,BLK-002330,3,66.4,Track Occupied
TRN-01255,BLK-009914,3,37.5,Track Occupied
TRN-01256,BLK-031381,3,62.9,Track Occupied
TRN-01257,BLK-014841,2,81.4,Track Occupied
TRN-01258,BLK-001996,2,97.1,Track Occupied
TRN-01259,BLK-033086,2,99.0,Track Occupied
TRN-01260,BLK-018925,2,62.2,Track Occupied
TRN-01261,BLK-006062,1,56.7,Track Occupied
TRN-01262,BLK-011230,3,71.3,Track Occupied
TRN-01262,BLK-011231,3,71.3,Track Occupied
TRN-01263,BLK-031708,2,63.4,Track Occupied
TRN-01264,BLK-020652,2,72.0,Track Occupied
TRN-01265,BLK-004369,3,77.4,Track Occupied
TRN-01266,BLK-015462,3,54.6,Track Occupied
TRN-01266,BLK-015463,3,54.6,Track Occupied
TRN-01267,BLK-014093,3,65.5,Track Occupied
TRN-01268,BLK-032713,2,75.9,Track Occupied
TRN-01268,BLK-032714,2,75.9,Track Occupied
TRN-01269,BLK-005456,1,14.8,Track Occupied
TRN-01270,BLK-008573,2,70.9,Track Occupied
TRN-01271,BLK-006207,3,69.3,Track Occupied
TRN-01272,BLK-027890,2,78.8,Track Occupied
TRN-01273,BLK-003692,3,56.4,Track Occupied
TRN-01274,BLK-025605,2,87.3,Track Occupied
TRN-01275,BLK-021149,3,56.9,Track Occupied
TRN-01276,BLK-014139,3,68.3,Track Occupied
TRN-01277,BLK-001527,3,39.5,Track Occupied
TRN-01278,BLK-025313,1,29.5,Track Occupied
TRN-01279,BLK-017480,2,38.3,Track Occupied
TRN-01280,BLK-012027,3,53.2,Track Occupied
TRN-01281,BLK-018718,2,74.3,Track Occupied
TRN-01282,BLK-009322,2,47.5,Track Occupied
TRN-01283,BLK-007463,1,54.3,Track Occupied
TRN-01284,BLK-030077,3,45.6,Track Occupied
TRN-01285,BLK-019739,1,43.2,Track Occupied
TRN-01286,BLK-032433,1,47.7,Track Occupied
TRN-01286,BLK-032434,1,47.7,Track Occupied
TRN-01287,BLK-007266,2,82.3,Track Occupied
TRN-01288,BLK-011595,3,78.3,Track Occupied
TRN-01288,BLK-011596,3,78.3,Track Occupied
TRN-01289,BLK-003144,1,40.6,Track Occupied
TRN-01290,BLK-011618,2,71.9,Track Occupied
TRN-01291,BLK-015017,3,52.9,Track Occupied
TRN-01292,BLK-004615,1,51.3,Track Occupied
TRN-01293,BLK-023994,2,70.2,Track Occupied
TRN-01294,BLK-032149,3,52.2,Track Occupied
TRN-01295,BLK-026441,1,22.7,Track Occupied
TRN-01296,BLK-000195,2,80.4,Track Occupied
TRN-01297,BLK-003636,2,67.1,Track Occupied
TRN-01298,BLK-022098,2,81.5,Track Occupied
TRN-01299,BLK-020482,3,92.3,Track Occupied
TRN-01300,BLK-018117,2,83.2,Track Occupied
TRN-01301,BLK-030447,3,41.9,Track Occupied
TRN-01301,BLK-030448,3,41.9,Track Occupied
TRN-01302,BLK-014851,2,78.0,Track Occupied
TRN-01303,BLK-012477,2,69.3,Track Occupied
TRN-01304,BLK-018603,2,80.3,Track Occupied
TRN-01304,BLK-018604,2,80.3,Track Occupied
TRN-01305,BLK-008200,3,87.7,Track Occupied
TRN-01306,BLK-008606,1,12.2,Track Occupied
TRN-01307,BLK-018776,2,90.1,Track Occupied
TRN-01307,BLK-018777,2,90.1,Track Occupied
TRN-01308,BLK-021962,2,68.0,Track Occupied
TRN-01309,BLK-027829,2,87.9,Track Occupied
TRN-01310,BLK-010568,1,25.6,Track Occupied
TRN-01311,BLK-007664,3,70.9,Track Occupied
TRN-01312,BLK-009039,3,75.6,Track Occupied
TRN-01313,BLK-020075,2,70.1,Track Occupied
TRN-01314,BLK-000624,2,52.5,Track Occupied
TRN-01315,BLK-023208,2,75.9,Track Occupied
TRN-01316,BLK-019241,2,82.8,Track Occupied
TRN-01317,BLK-009493,3,96.0,Track Occupied
TRN-01318,BLK-003169,1,61.5,Track Occupied
TRN-01319,BLK-027764,2,61.0,Track Occupied
TRN-01320,BLK-000278,3,86.3,Track Occupied
TRN-01321,BLK-029520,3,92.8,Track Occupied
TRN-01322,BLK-005635,2,81.4,Track Occupied
TRN-01323,BLK-025529,3,90.0,Track Occupied
TRN-01324,BLK-027408,1,58.8,Track Occupied
TRN-01325,BLK-003762,2,49.1,Track Occupied
TRN-01326,BLK-008186,3,69.8,Track Occupied
TRN-01327,BLK-000014,1,23.0,Track Occupied
TRN-01328,BLK-023236,3,54.1,Track Occupied
TRN-01329,BLK-010542,1,18.3,Track Occupied
TRN-01330,BLK-001917,3,99.0,Track Occupied
TRN-01331,BLK-018119,3,99.0,Track Occupied
TRN-01332,BLK-006688,2,72.3,Track Occupied
TRN-01333,BLK-032546,3,79.2,Track Occupied
TRN-01334,BLK-012910,2,82.6,Track Occupied
TRN-01335,BLK-002822,3,95.9,Track Occupied
TRN-01335,BLK-002823,3,95.9,Track Occupied
TRN-01336,BLK-017191,3,58.5,Track Occupied
TRN-01337,BLK-008351,2,41.3,Track Occupied
TRN-01338,BLK-011643,2,76.3,Track Occupied
TRN-01339,BLK-008230,2,69.7,Track Occupied
TRN-01339,BLK-008231,2,69.7,Track Occupied
TRN-01340,BLK-029954,2,76.3,Track Occupied
TRN-01341,BLK-013655,2,74.1,Track Occupied
TRN-01342,BLK-024931,2,80.2,Track Occupied
TRN-01343,BLK-000348,2,73.4,Track Occupied
TRN-01344,BLK-004587,2,84.1,Track Occupied
TRN-01345,BLK-030946,3,63.6,Track Occupied
TRN-01346,BLK-018925,2,64.6,Track Occupied
TRN-01347,BLK-033232,3,55.8,Track Occupied
TRN-01348,BLK-006580,3,91.4,Track Occupied
TRN-01349,BLK-005286,1,38.7,Track Occupied
TRN-01350,BLK-020724,2,58.3,Track Occupied
TRN-01351,BLK-012798,2,78.4,Track Occupied
TRN-01351,BLK-012799,2,78.4,Track Occupied
TRN-01352,BLK-012944,1,31.3,Track Occupied
TRN-01353,BLK-000736,3,74.9,Track Occupied
TRN-01353,BLK-000737,3,74.9,Track Occupied
TRN-01354,BLK-004647,1,17.9,Track Occupied
TRN-01355,BLK-025847,1,27.3,Track Occupied
TRN-01355,BLK-025848,1,27.3,Track Occupied
TRN-01356,BLK-017756,3,92.8,Track Occupied
TRN-01357,BLK-019682,3,41.4,Track Occupied
TRN-01358,BLK-027650,3,70.7,Track Occupied
TRN-01359,BLK-004969,2,74.6,Track Occupied
TRN-01360,BLK-013743,2,93.4,Track Occupied
TRN-01361,BLK-031234,2,64.5,Track Occupied
TRN-01362,BLK-016211,3,70.6,Track Occupied
TRN-01363,BLK-018324,2,67.3,Track Occupied
TRN-01364,BLK-006980,1,32.8,Track Occupied
TRN-01365,BLK-008356,2,86.9,Track Occupied
TRN-01366,BLK-008437,3,63.7,Track Occupied
TRN-01367,BLK-020184,2,56.9,Track Occupied
TRN-01368,BLK-001634,2,78.4,Track Occupied
TRN-01369,BLK-020143,2,68.2,Track Occupied
TRN-01370,BLK-030858,2,94.0,Track Occupied
TRN-01371,BLK-011322,3,86.6,Track Occupied
TRN-01372,BLK-011760,3,56.5,Track Occupied
TRN-01373,BLK-021494,3,62.7,Track Occupied
TRN-01374,BLK-001128,2,58.8,Track Occupied
TRN-01375,BLK-000379,2,64.5,Track Occupied
TRN-01376,BLK-008849,3,84.3,Track Occupied
TRN-01377,BLK-000931,2,50.2,Track Occupied
TRN-01378,BLK-009038,2,53.8,Track Occupied
TRN-01379,BLK-011797,2,46.7,Track Occupied
TRN-01380,BLK-020634,2,86.8,Track Occupied
TRN-01381,BLK-021800,3,66.1,Track Occupied
TRN-01382,BLK-027503,2,82.2,Track Occupied
TRN-01383,BLK-015984,1,28.1,Track Occupied
TRN-01384,BLK-003243,1,32.6,Track Occupied
TRN-01385,BLK-024046,2,41.9,Track Occupied
TRN-01386,BLK-010872,1,9.6,Track Occupied
TRN-01387,BLK-010895,2,85.7,Track Occupied
TRN-01388,BLK-019468,3,69.0,Track Occupied
TRN-01389,BLK-026141,3,53.4,Track Occupied
TRN-01390,BLK-022027,3,61.6,Track Occupied
TRN-01391,BLK-005945,2,66.2,Track Occupied
TRN-01392,BLK-015707,1,25.7,Track Occupied
TRN-01393,BLK-012587,3,55.4,Track Occupied
TRN-01393,BLK-012588,3,55.4,Track Occupied
TRN-01394,BLK-004736,2,48.4,Track Occupied
TRN-01395,BLK-027417,3,66.8,Track Occupied
TRN-01396,BLK-008692,2,65.5,Track Occupied
TRN-01397,BLK-027348,2,88.2,Track Occupied
TRN-01398,BLK-020019,2,45.0,Track Occupied
TRN-01398,BLK-020020,2,45.0,Track Occupied
TRN-01399,BLK-019772,1,61.7,Track Occupied
TRN-01400,BLK-027525,2,71.5,Track Occupied
TRN-01401,BLK-023848,3,60.4,Track Occupied
TRN-01401,BLK-023849,3,60.4,Track Occupied
TRN-01402,BLK-020436,3,87.7,Track Occupied
TRN-01403,BLK-000520,3,81.9,Track Occupied
TRN-01404,BLK-014116,3,95.3,Track Occupied
TRN-01404,BLK-014117,3,95.3,Track Occupied
TRN-01405,BLK-016264,3,48.1,Track Occupied
TRN-01406,BLK-011148,3,72.6,Track Occupied
TRN-01407,BLK-012091,3,81.9,Track Occupied
TRN-01408,BLK-029869,2,58.3,Track Occupied
TRN-01409,BLK-028410,1,42.0,Track Occupied
TRN-01410,BLK-033217,3,97.6,Track Occupied
TRN-01411,BLK-014032,2,74.7,Track Occupied
TRN-01412,BLK-002664,2,76.5,Track Occupied
TRN-01413,BLK-029796,1,38.6,Track Occupied
TRN-01414,BLK-032554,2,92.8,Track Occupied
TRN-01415,BLK-008775,2,75.7,Track Occupied
TRN-01415,BLK-008776,2,75.7,Track Occupied
TRN-01416,BLK-009009,3,76.3,Track Occupied
TRN-01417,BLK-030987,2,35.5,Track Occupied
TRN-01417,BLK-030988,2,35.5,Track Occupied
TRN-01418,BLK-007674,3,50.1,Track Occupied
TRN-01419,BLK-007910,3,76.5,Track Occupied
TRN-01420,BLK-012398,3,83.8,Track Occupied
TRN-01421,BLK-014431,3,66.7,Track Occupied
TRN-01422,BLK-000804,3,57.0,Track Occupied
TRN-01423,BLK-032714,3,80.4,Track Occupied
TRN-01423,BLK-032715,3,80.4,Track Occupied
TRN-01424,BLK-015859,1,28.6,Track Occupied
TRN-01425,BLK-011345,3,67.9,Track Occupied
TRN-01426,BLK-018639,2,58.0,Track Occupied
TRN-01427,BLK-016215,2,41.9,Track Occupied
TRN-01428,BLK-012933,3,70.5,Track Occupied
TRN-01429,BLK-018139,2,88.7,Track Occupied
TRN-01430,BLK-032672,3,68.3,Track Occupied
TRN-01431,BLK-010699,2,62.5,Track Occupied
TRN-01432,BLK-009494,1,36.6,Track Occupied
TRN-01432,BLK-009495,1,36.6,Track Occupied
TRN-01433,BLK-030241,3,51.4,Track Occupied
TRN-01434,BLK-009554,1,26.4,Track Occupied
TRN-01435,BLK-017004,2,74.9,Track Occupied
TRN-01436,BLK-016678,2,75.1,Track Occupied
TRN-01437,BLK-016762,3,77.2,Track Occupied
TRN-01438,BLK-022140,3,76.6,Track Occupied
TRN-01439,BLK-029189,2,90.9,Track Occupied
TRN-01440,BLK-002663,2,91.3,Track Occupied
TRN-01441,BLK-010016,2,65.2,Track Occupied
TRN-01442,BLK-012857,2,78.9,Track Occupied
TRN-01443,BLK-004367,2,83.8,Track Occupied
TRN-01444,BLK-014111,3,47.6,Track Occupied
TRN-01445,BLK-020246,2,54.9,Track Occupied
TRN-01446,BLK-019780,2,67.2,Track Occupied
TRN-01447,BLK-020245,2,73.8,Track Occupied
TRN-01448,BLK-022405,1,54.2,Track Occupied
TRN-01449,BLK-019922,2,33.6,Track Occupied
TRN-01450,BLK-018805,2,68.1,Track Occupied
TRN-01451,BLK-008304,2,67.3,Track Occupied
TRN-01452,BLK-001727,3,46.6,Track Occupied
TRN-01453,BLK-032828,1,23.8,Track Occupied
TRN-01454,BLK-013042,2,86.2,Track Occupied
TRN-01455,BLK-013259,2,68.7,Track Occupied
TRN-01456,BLK-010969,3,89.5,Track Occupied
TRN-01457,BLK-000069,2,62.7,Track Occupied
TRN-01458,BLK-025200,3,99.0,Track Occupied
TRN-01459,BLK-033067,2,76.1,Track Occupied
TRN-01460,BLK-020101,2,68.1,Track Occupied
TRN-01461,BLK-025216,2,48.9,Track Occupied
TRN-01462,BLK-026245,3,78.6,Track Occupied
TRN-01463,BLK-019014,3,48.3,Track Occupied
TRN-01464,BLK-030389,3,75.7,Track Occupied
TRN-01465,BLK-010224,3,47.7,Track Occupied
TRN-01466,BLK-032368,2,47.3,Track Occupied
TRN-01467,BLK-027016,1,23.8,Track Occupied
TRN-01468,BLK-001911,3,79.9,Track Occupied
TRN-01469,BLK-009644,2,74.6,Track Occupied
TRN-01470,BLK-004333,3,64.8,Track Occupied
TRN-01471,BLK-000385,3,54.0,Track Occupied
TRN-01472,BLK-014909,2,68.1,Track Occupied
TRN-01473,BLK-016501,1,5.0,Track Occupied
TRN-01474,BLK-003805,3,77.1,Track Occupied
TRN-01475,BLK-013935,2,99.0,Track Occupied
TRN-01476,BLK-013486,2,76.8,Track Occupied
TRN-01477,BLK-024880,1,30.3,Track Occupied
TRN-01478,BLK-014160,3,62.1,Track Occupied
TRN-01479,BLK-008668,2,74.9,Track Occupied
TRN-01480,BLK-023567,2,67.6,Track Occupied
TRN-01481,BLK-025639,2,69.2,Track Occupied
TRN-01482,BLK-024613,3,69.1,Track Occupied
TRN-01483,BLK-030687,2,74.4,Track Occupied
TRN-01484,BLK-032458,3,67.1,Track Occupied
TRN-01485,BLK-003805,2,84.6,Track Occupied
TRN-01486,BLK-002582,3,85.0,Track Occupied
TRN-01487,BLK-026277,2,97.1,Track Occupied
TRN-01488,BLK-008623,2,65.7,Track Occupied
TRN-01489,BLK-027411,3,66.6,Track Occupied
TRN-01490,BLK-021410,3,86.9,Track Occupied
TRN-01491,BLK-016160,2,81.6,Track Occupied
TRN-01492,BLK-014400,3,67.6,Track Occupied
TRN-01493,BLK-014340,3,92.2,Track Occupied
TRN-01494,BLK-014298,2,60.9,Track Occupied
TRN-01495,BLK-018502,3,81.8,Track Occupied
TRN-01495,BLK-018503,3,81.8,Track Occupied
TRN-01496,BLK-018159,3,78.7,Track Occupied
TRN-01497,BLK-020078,1,30.0,Track Occupied
TRN-01497,BLK-020079,1,30.0,Track Occupied
TRN-01498,BLK-030876,3,55.3,Track Occupied
TRN-01499,BLK-001018,3,86.5,Track Occupied
TRN-01500,BLK-000147,3,66.1,Track Occupied
TRN-01501,BLK-004018,2,46.0,Track Occupied
TRN-01502,BLK-025742,3,72.1,Track Occupied
TRN-01503,BLK-024909,2,79.5,Track Occupied
TRN-01504,BLK-008659,2,72.4,Track Occupied
TRN-01505,BLK-024454,3,48.8,Track Occupied
TRN-01505,BLK-024455,3,48.8,Track Occupied
TRN-01506,BLK-003960,2,70.3,Track Occupied
TRN-01507,BLK-002265,2,88.1,Track Occupied
TRN-01508,BLK-006484,2,56.0,Track Occupied
TRN-01509,BLK-016890,2,48.1,Track Occupied
TRN-01510,BLK-029277,2,70.4,Track Occupied
TRN-01511,BLK-001161,1,14.5,Track Occupied
TRN-01512,BLK-007963,1,25.2,Track Occupied
TRN-01513,BLK-006255,2,57.0,Track Occupied
TRN-01514,BLK-018976,2,62.2,Track Occupied
TRN-01515,BLK-006551,2,84.0,Track Occupied
TRN-01516,BLK-027419,1,49.3,Track Occupied
TRN-01517,BLK-027969,1,5.0,Track Occupied
TRN-01518,BLK-009955,2,76.9,Track Occupied
TRN-01519,BLK-025747,3,75.4,Track Occupied
TRN-01520,BLK-016342,3,74.5,Track Occupied
TRN-01521,BLK-009929,1,13.5,Track Occupied
TRN-01522,BLK-000935,2,70.8,Track Occupied
TRN-01523,BLK-029897,3,52.4,Track Occupied
TRN-01524,BLK-029217,3,60.0,Track Occupied
TRN-01525,BLK-013352,3,77.5,Track Occupied
TRN-01526,BLK-005563,2,76.0,Track Occupied
TRN-01527,BLK-014559,2,99.0,Track Occupied
TRN-01528,BLK-032716,3,63.6,Track Occupied
TRN-01529,BLK-016623,3,65.3,Track Occupied
TRN-01530,BLK-018533,3,82.9,Track Occupied
TRN-01531,BLK-027788,2,65.2,Track Occupied
TRN-01532,BLK-005383,2,78.7,Track Occupied
TRN-01533,BLK-011034,1,35.0,Track Occupied
TRN-01534,BLK-020940,2,85.1,Track Occupied
TRN-01535,BLK-018434,2,66.7,Track Occupied
TRN-01536,BLK-026460,3,67.4,Track Occupied
TRN-01537,BLK-007076,2,40.4,Track Occupied
TRN-01538,BLK-026275,1,43.1,Track Occupied
TRN-01539,BLK-001240,3,39.7,Track Occupied
TRN-01540,BLK-020854,3,52.4,Track Occupied
TRN-01541,BLK-027304,3,99.0,Track Occupied
TRN-01542,BLK-019459,3,88.7,Track Occupied
TRN-01543,BLK-032433,2,87.3,Track Occupied
TRN-01544,BLK-014377,2,57.3,Track Occupied
TRN-01545,BLK-000941,3,84.9,Track Occupied
TRN-01546,BLK-016308,1,30.5,Track Occupied
TRN-01547,BLK-003170,3,85.9,Track Occupied
TRN-01548,BLK-031822,2,95.7,Track Occupied
TRN-01548,BLK-031823,2,95.7,Track Occupied
TRN-01549,BLK-009171,2,60.1,Track Occupied
TRN-01550,BLK-014561,3,61.0,Track Occupied
TRN-01550,BLK-014562,3,61.0,Track Occupied
TRN-01551,BLK-019819,2,85.7,Track Occupied
TRN-01552,BLK-006574,1,53.2,Track Occupied
TRN-01552,BLK-006575,1,53.2,Track Occupied
TRN-01553,BLK-020728,3,68.4,Track Occupied
TRN-01554,BLK-017799,3,70.0,Track Occupied
TRN-01555,BLK-009230,3,71.3,Track Occupied
TRN-01556,BLK-007976,1,37.0,Track Occupied
TRN-01557,BLK-021364,3,76.6,Track Occupied
TRN-01558,BLK-016378,3,87.7,Track Occupied
TRN-01559,BLK-032912,3,82.3,Track Occupied
TRN-01560,BLK-029538,2,59.9,Track Occupied
TRN-01561,BLK-006570,2,44.9,Track Occupied
TRN-01562,BLK-015948,3,99.0,Track Occupied
TRN-01563,BLK-002854,1,23.6,Track Occupied
TRN-01564,BLK-010398,3,99.0,Track Occupied
TRN-01565,BLK-022252,2,91.7,Track Occupied
TRN-01566,BLK-024213,3,58.7,Track Occupied
TRN-01567,BLK-026237,3,70.1,Track Occupied
TRN-01568,BLK-005833,3,48.4,Track Occupied
TRN-01569,BLK-025624,3,61.4,Track Occupied
TRN-01570,BLK-020805,2,85.2,Track Occupied
TRN-01571,BLK-007666,2,83.5,Track Occupied
TRN-01572,BLK-029200,3,75.8,Track Occupied
TRN-01573,BLK-024647,2,76.4,Track Occupied
TRN-01574,BLK-003135,2,75.2,Track Occupied
TRN-01575,BLK-002348,2,70.9,Track Occupied
TRN-01576,BLK-012086,2,94.7,Track Occupied
TRN-01577,BLK-012094,2,86.6,Track Occupied
TRN-01578,BLK-015930,1,20.0,Track Occupied
TRN-01579,BLK-016444,2,58.2,Track Occupied
TRN-01580,BLK-014207,3,69.5,Track Occupied
TRN-01581,BLK-015148,3,99.0,Track Occupied
TRN-01582,BLK-018772,1,27.5,Track Occupied
TRN-01583,BLK-012025,3,67.3,Track Occupied
TRN-01584,BLK-002535,2,65.2,Track Occupied
TRN-01585,BLK-013504,2,57.7,Track Occupied
TRN-01586,BLK-000354,1,23.8,Track Occupied
TRN-01587,BLK-005542,3,44.2,Track Occupied
TRN-01588,BLK-028850,3,84.6,Track Occupied
TRN-01589,BLK-027260,2,54.1,Track Occupied
TRN-01590,BLK-007875,2,79.8,Track Occupied
TRN-01591,BLK-018912,2,75.7,Track Occupied
TRN-01592,BLK-028440,3,83.8,Track Occupied
TRN-01593,BLK-006384,1,57.7,Track Occupied
TRN-01594,BLK-008861,2,83.5,Track Occupied
TRN-01595,BLK-030194,2,64.5,Track Occupied
TRN-01596,BLK-026734,3,44.6,Track Occupied
TRN-01597,BLK-003127,2,62.8,Track Occupied
TRN-01598,BLK-005160,3,62.0,Track Occupied
TRN-01599,BLK-009621,3,78.9,Track Occupied
TRN-01599,BLK-009622,3,78.9,Track Occupied
TRN-01600,BLK-003392,2,76.9,Track Occupied
TRN-01601,BLK-009083,2,81.9,Track Occupied
TRN-01602,BLK-018308,3,76.8,Track Occupied
TRN-01603,BLK-024018,1,31.1,Track Occupied
TRN-01604,BLK-000430,3,64.9,Track Occupied
TRN-01605,BLK-028009,3,80.2,Track Occupied
TRN-01606,BLK-012316,2,83.7,Track Occupied
TRN-01607,BLK-004097,2,78.0,Track Occupied
TRN-01608,BLK-005954,2,78.5,Track Occupied
TRN-01609,BLK-010413,3,71.9,Track Occupied
TRN-01610,BLK-008105,3,60.4,Track Occupied
TRN-01611,BLK-019602,2,68.1,Track Occupied
TRN-01612,BLK-020449,2,65.6,Track Occupied
TRN-01613,BLK-031095,1,27.1,Track Occupied
TRN-01614,BLK-008353,2,95.9,Track Occupied
TRN-01614,BLK-008354,2,95.9,Track Occupied
TRN-01615,BLK-002614,3,89.4,Track Occupied
TRN-01615,BLK-002615,3,89.4,Track Occupied
TRN-01616,BLK-014573,2,82.8,Track Occupied
TRN-01617,BLK-016492,1,53.7,Track Occupied
TRN-01617,BLK-016493,1,53.7,Track Occupied
TRN-01618,BLK-021215,2,50.3,Track Occupied
TRN-01619,BLK-028837,3,77.0,Track Occupied
TRN-01620,BLK-028705,3,54.3,Track Occupied
TRN-01621,BLK-002333,2,69.9,Track Occupied
TRN-01622,BLK-007989,2,76.8,Track Occupied
TRN-01623,BLK-020357,2,67.1,Track Occupied
TRN-01624,BLK-016243,1,34.9,Track Occupied
TRN-01625,BLK-027715,3,90.2,Track Occupied
TRN-01626,BLK-030827,3,49.8,Track Occupied
TRN-01627,BLK-029061,3,58.6,Track Occupied
TRN-01628,BLK-013766,2,84.4,Track Occupied
TRN-01629,BLK-013153,3,87.3,Track Occupied
TRN-01630,BLK-027638,2,67.1,Track Occupied
TRN-01631,BLK-027789,3,99.0,Track Occupied
TRN-01632,BLK-029894,3,81.2,Track Occupied
TRN-01633,BLK-013828,2,99.0,Track Occupied
TRN-01634,BLK-004001,2,91.9,Track Occupied
TRN-01635,BLK-002532,1,15.1,Track Occupied
TRN-01636,BLK-024516,2,72.6,Track Occupied
TRN-01637,BLK-012647,1,28.4,Track Occupied
TRN-01638,BLK-021113,3,76.2,Track Occupied
TRN-01639,BLK-007155,3,52.8,Track Occupied
TRN-01640,BLK-014011,3,76.9,Track Occupied
TRN-01641,BLK-010054,3,62.0,Track Occupied
TRN-01642,BLK-012642,2,68.8,Track Occupied
TRN-01643,BLK-007434,2,86.0,Track Occupied
TRN-01644,BLK-009024,3,47.1,Track Occupied
TRN-01645,BLK-015560,3,80.2,Track Occupied
TRN-01646,BLK-027034,3,49.8,Track Occupied
TRN-01647,BLK-003295,2,69.9,Track Occupied
TRN-01648,BLK-003870,2,71.6,Track Occupied
TRN-01648,BLK-003871,2,71.6,Track Occupied
TRN-01649,BLK-014106,1,50.1,Track Occupied
TRN-01650,BLK-024173,3,80.9,Track Occupied
TRN-01651,BLK-008840,3,45.5,Track Occupied
TRN-01652,BLK-007451,3,54.5,Track Occupied
TRN-01653,BLK-009329,2,76.3,Track Occupied
TRN-01654,BLK-019969,2,94.7,Track Occupied
TRN-01654,BLK-019970,2,94.7,Track Occupied
TRN-01655,BLK-007804,2,62.6,Track Occupied
TRN-01656,BLK-031729,2,55.0,Track Occupied
TRN-01657,BLK-005333,1,20.5,Track Occupied
TRN-01658,BLK-002484,3,73.2,Track Occupied
TRN-01659,BLK-013329,3,74.9,Track Occupied
TRN-01659,BLK-013330,3,74.9,Track Occupied
TRN-01660,BLK-017669,2,66.9,Track Occupied
TRN-01661,BLK-015929,3,81.4,Track Occupied
TRN-01661,BLK-015930,3,81.4,Track Occupied
TRN-01662,BLK-007095,2,51.1,Track Occupied
TRN-01663,BLK-001504,2,54.5,Track Occupied
TRN-01664,BLK-016434,3,66.0,Track Occupied
TRN-01665,BLK-003064,3,63.2,Track Occupied
TRN-01666,BLK-005176,2,69.4,Track Occupied
TRN-01667,BLK-024192,3,69.3,Track Occupied
TRN-01668,BLK-007091,3,69.2,Track Occupied
TRN-01668,BLK-007092,3,69.2,Track Occupied
TRN-01669,BLK-025367,3,59.8,Track Occupied
TRN-01670,BLK-000652,3,48.8,Track Occupied
TRN-01671,BLK-013045,2,64.6,Track Occupied
TRN-01672,BLK-032560,2,99.0,Track Occupied
TRN-01672,BLK-032561,2,99.0,Track Occupied
TRN-01673,BLK-027079,2,75.6,Track Occupied
TRN-01674,BLK-031411,3,84.7,Track Occupied
TRN-01675,BLK-018462,3,52.3,Track Occupied
TRN-01675,BLK-018463,3,52.3,Track Occupied
TRN-01676,BLK-023576,2,91.8,Track Occupied
TRN-01677,BLK-033194,3,81.4,Track Occupied
TRN-01678,BLK-008275,2,67.9,Track Occupied
TRN-01679,BLK-029767,3,66.6,Track Occupied
TRN-01680,BLK-001983,3,99.0,Track Occupied
TRN-01681,BLK-020644,2,67.4,Track Occupied
TRN-01682,BLK-003722,3,65.4,Track Occupied
TRN-01683,BLK-025180,3,65.1,Track Occupied
TRN-01684,BLK-010436,2,99.0,Track Occupied
TRN-01684,BLK-010437,2,99.0,Track Occupied
TRN-01685,BLK-031719,2,32.1,Track Occupied
TRN-01686,BLK-015673,1,36.5,Track Occupied
TRN-01687,BLK-004692,2,53.5,Track Occupied
TRN-01688,BLK-014970,2,94.1,Track Occupied
TRN-01689,BLK-021765,2,89.6,Track Occupied
TRN-01690,BLK-006814,3,63.3,Track Occupied
TRN-01691,BLK-011072,3,62.0,Track Occupied
TRN-01692,BLK-026471,2,57.4,Track Occupied
TRN-01693,BLK-004695,2,57.8,Track Occupied
TRN-01694,BLK-030590,3,69.2,Track Occupied
TRN-01695,BLK-008586,2,64.3,Track Occupied
TRN-01696,BLK-012121,2,99.0,Track Occupied
TRN-01697,BLK-000892,1,31.7,Track Occupied
TRN-01698,BLK-001793,2,39.2,Track Occupied
TRN-01699,BLK-019796,3,58.4,Track Occupied
TRN-01700,BLK-003049,1,36.6,Track Occupied
TRN-01701,BLK-026574,3,81.2,Track Occupied
TRN-01702,BLK-020734,3,74.8,Track Occupied
TRN-01702,BLK-020735,3,74.8,Track Occupied
TRN-01703,BLK-028194,3,69.8,Track Occupied
TRN-01704,BLK-007777,3,63.7,Track Occupied
TRN-01705,BLK-028675,3,36.4,Track Occupied
TRN-01706,BLK-028206,3,76.8,Track Occupied
TRN-01707,BLK-026959,1,31.5,Track Occupied
TRN-01708,BLK-017295,2,48.8,Track Occupied
TRN-01709,BLK-028675,2,99.0,Track Occupied
TRN-01710,BLK-003464,2,59.9,Track Occupied
TRN-01711,BLK-017046,2,82.2,Track Occupied
TRN-01712,BLK-025621,3,66.5,Track Occupied
TRN-01713,BLK-022769,3,85.7,Track Occupied
TRN-01714,BLK-015723,2,68.1,Track Occupied
TRN-01715,BLK-016351,1,70.4,Track Occupied
TRN-01716,BLK-019551,2,82.9,Track Occupied
TRN-01717,BLK-010891,3,82.4,Track Occupied
TRN-01718,BLK-003202,3,99.0,Track Occupied
TRN-01719,BLK-032403,3,73.7,Track Occupied
TRN-01720,BLK-032454,1,40.8,Track Occupied
TRN-01721,BLK-005665,3,52.6,Track Occupied
TRN-01722,BLK-006836,2,73.7,Track Occupied
TRN-01722,BLK-006837,2,73.7,Track Occupied
TRN-01723,BLK-004674,3,73.8,Track Occupied
TRN-01724,BLK-007797,2,82.2,Track Occupied
TRN-01725,BLK-003708,2,69.5,Track Occupied
TRN-01726,BLK-017867,2,69.4,Track Occupied
TRN-01726,BLK-017868,2,69.4,Track Occupied
TRN-01727,BLK-026958,1,23.5,Track Occupied
TRN-01728,BLK-024196,3,60.4,Track Occupied
TRN-01729,BLK-022567,2,57.8,Track Occupied
TRN-01729,BLK-022568,2,57.8,Track Occupied
TRN-01730,BLK-013352,2,36.3,Track Occupied
TRN-01731,BLK-012054,3,99.0,Track Occupied
TRN-01732,BLK-007579,1,45.4,Track Occupied
TRN-01733,BLK-018852,3,54.7,Track Occupied
TRN-01734,BLK-033588,1,42.2,Track Occupied
TRN-01735,BLK-014467,2,48.4,Track Occupied
TRN-01736,BLK-010644,3,48.1,Track Occupied
TRN-01737,BLK-006331,3,95.6,Track Occupied
TRN-01738,BLK-011657,2,57.9,Track Occupied
TRN-01738,BLK-011658,2,57.9,Track Occupied
TRN-01739,BLK-002589,3,99.0,Track Occupied
TRN-01740,BLK-003911,3,60.1,Track Occupied
TRN-01741,BLK-003747,3,44.9,Track Occupied
TRN-01742,BLK-020192,1,40.3,Track Occupied
TRN-01743,BLK-012054,3,63.9,Track Occupied
TRN-01744,BLK-022508,1,37.2,Track Occupied
TRN-01745,BLK-032658,3,87.0,Track Occupied
TRN-01746,BLK-033577,2,71.4,Track Occupied
TRN-01747,BLK-024908,2,99.0,Track Occupied
TRN-01748,BLK-004533,3,87.6,Track Occupied
TRN-01749,BLK-017364,2,66.3,Track Occupied
TRN-01750,BLK-017815,3,76.2,Track Occupied
TRN-01751,BLK-024914,2,99.0,Track Occupied
TRN-01752,BLK-001642,1,37.5,Track Occupied
TRN-01753,BLK-007374,3,83.8,Track Occupied
TRN-01754,BLK-026710,1,26.4,Track Occupied
TRN-01755,BLK-019780,2,68.9,Track Occupied
TRN-01756,BLK-032209,3,66.8,Track Occupied
TRN-01757,BLK-013449,2,54.9,Track Occupied
TRN-01758,BLK-018943,2,78.9,Track Occupied
TRN-01759,BLK-001857,3,85.8,Track Occupied
TRN-01760,BLK-022724,2,97.7,Track Occupied
TRN-01760,BLK-022725,2,97.7,Track Occupied
TRN-01761,BLK-009178,2,81.2,Track Occupied
TRN-01762,BLK-028493,1,32.0,Track Occupied
TRN-01763,BLK-025186,2,79.2,Track Occupied
TRN-01764,BLK-031651,1,68.6,Track Occupied
TRN-01765,BLK-020843,2,87.0,Track Occupied
TRN-01766,BLK-001513,3,74.5,Track Occupied
TRN-01767,BLK-020134,3,80.5,Track Occupied
TRN-01768,BLK-016971,2,54.2,Track Occupied
TRN-01769,BLK-024544,1,53.0,Track Occupied
TRN-01770,BLK-033038,3,87.5,Track Occupied
TRN-01771,BLK-024987,2,91.6,Track Occupied
TRN-01772,BLK-001062,1,23.4,Track Occupied
TRN-01772,BLK-001063,1,23.4,Track Occupied
TRN-01773,BLK-028517,3,88.8,Track Occupied
TRN-01774,BLK-019490,1,48.9,Track Occupied
TRN-01775,BLK-017856,1,55.1,Track Occupied
TRN-01776,BLK-016628,3,90.8,Track Occupied
TRN-01776,BLK-016629,3,90.8,Track Occupied
TRN-01777,BLK-005348,1,6.7,Track Occupied
TRN-01778,BLK-010917,2,93.9,Track Occupied
TRN-01779,BLK-028434,2,81.6,Track Occupied
TRN-01780,BLK-019511,2,46.1,Track Occupied
TRN-01780,BLK-019512,2,46.1,Track Occupied
TRN-01781,BLK-010472,2,72.0,Track Occupied
TRN-01782,BLK-025802,1,39.4,Track Occupied
TRN-01783,BLK-016271,2,86.1,Track Occupied
TRN-01784,BLK-001596,3,53.8,Track Occupied
TRN-01785,BLK-025464,2,88.0,Track Occupied
TRN-01786,BLK-012297,1,8.7,Track Occupied
TRN-01787,BLK-009114,2,90.7,Track Occupied
TRN-01788,BLK-008269,2,77.7,Track Occupied
TRN-01789,BLK-027696,2,53.7,Track Occupied
TRN-01790,BLK-005888,3,77.6,Track Occupied
TRN-01791,BLK-028818,1,41.6,Track Occupied
TRN-01792,BLK-021455,2,82.4,Track Occupied
TRN-01793,BLK-003467,3,43.4,Track Occupied
TRN-01794,BLK-026105,3,72.6,Track Occupied
TRN-01795,BLK-020953,3,99.0,Track Occupied
TRN-01796,BLK-005279,3,74.1,Track Occupied
TRN-01797,BLK-012024,2,51.4,Track Occupied
TRN-01798,BLK-016499,1,23.2,Track Occupied
TRN-01799,BLK-002215,2,87.8,Track Occupied
TRN-01800,BLK-022856,1,31.1,Track Occupied
TRN-01801,BLK-030840,2,69.0,Track Occupied
TRN-01802,BLK-006969,1,41.5,Track Occupied
TRN-01803,BLK-003090,2,77.1,Track Occupied
TRN-01804,BLK-018118,3,67.2,Track Occupied
TRN-01804,BLK-018119,3,67.2,Track Occupied
TRN-01805,BLK-025356,1,59.9,Track Occupied
TRN-01806,BLK-020665,2,73.0,Track Occupied
TRN-01807,BLK-016335,2,90.4,Track Occupied
TRN-01808,BLK-016818,2,78.5,Track Occupied
TRN-01809,BLK-009123,3,85.6,Track Occupied
TRN-01810,BLK-014814,2,85.8,Track Occupied
TRN-01811,BLK-027415,2,59.8,Track Occupied
TRN-01812,BLK-012557,2,96.2,Track Occupied
TRN-01813,BLK-005462,2,63.2,Track Occupied
TRN-01814,BLK-003570,3,78.9,Track Occupied
TRN-01815,BLK-017606,2,91.1,Track Occupied
TRN-01816,BLK-008175,1,35.0,Track Occupied
TRN-01816,BLK-008176,1,35.0,Track Occupied
TRN-01817,BLK-019852,2,51.9,Track Occupied
TRN-01818,BLK-019632,2,51.8,Track Occupied
TRN-01819,BLK-025157,3,88.8,Track Occupied
TRN-01820,BLK-025089,2,89.0,Track Occupied
TRN-01821,BLK-009036,3,79.3,Track Occupied
TRN-01822,BLK-003934,2,77.0,Track Occupied
TRN-01823,BLK-030873,2,96.0,Track Occupied
TRN-01824,BLK-033512,1,52.7,Track Occupied
TRN-01825,BLK-021156,3,99.0,Track Occupied
TRN-01826,BLK-028447,3,49.3,Track Occupied
TRN-01827,BLK-032301,2,64.9,Track Occupied
TRN-01828,BLK-031402,3,70.0,Track Occupied
TRN-01829,BLK-032118,3,80.8,Track Occupied
TRN-01830,BLK-006260,1,32.5,Track Occupied
TRN-01831,BLK-026941,2,89.5,Track Occupied
TRN-01832,BLK-000787,1,47.5,Track Occupied
TRN-01833,BLK-002757,2,64.6,Track Occupied
TRN-01834,BLK-009206,2,77.6,Track Occupied
TRN-01835,BLK-029709,3,58.0,Track Occupied
TRN-01836,BLK-014551,3,96.0,Track Occupied
TRN-01837,BLK-020942,1,48.1,Track Occupied
TRN-01838,BLK-019805,1,40.3,Track Occupied
TRN-01839,BLK-026729,3,63.9,Track Occupied
TRN-01840,BLK-023624,3,81.5,Track Occupied
TRN-01841,BLK-002153,1,17.6,Track Occupied
TRN-01842,BLK-025937,2,63.2,Track Occupied
TRN-01842,BLK-025938,2,63.2,Track Occupied
TRN-01843,BLK-014991,2,57.7,Track Occupied
TRN-01844,BLK-004780,2,96.9,Track Occupied
TRN-01844,BLK-004781,2,96.9,Track Occupied
TRN-01845,BLK-005221,3,55.5,Track Occupied
TRN-01846,BLK-017302,2,77.2,Track Occupied
TRN-01847,BLK-007090,2,63.6,Track Occupied
TRN-01848,BLK-005636,2,77.0,Track Occupied
TRN-01849,BLK-012603,2,87.3,Track Occupied
TRN-01850,BLK-019804,2,82.2,Track Occupied
TRN-01851,BLK-029026,3,97.0,Track Occupied
TRN-01852,BLK-025893,1,13.0,Track Occupied
TRN-01853,BLK-003567,3,70.1,Track Occupied
TRN-01854,BLK-025590,1,30.5,Track Occupied
TRN-01855,BLK-011969,2,99.0,Track Occupied
TRN-01856,BLK-020603,2,34.7,Track Occupied
TRN-01857,BLK-008944,1,71.6,Track Occupied
TRN-01858,BLK-009772,2,82.3,Track Occupied
TRN-01859,BLK-009276,2,89.8,Track Occupied
TRN-01860,BLK-030681,3,84.8,Track Occupied
TRN-01861,BLK-017109,2,75.1,Track Occupied
TRN-01861,BLK-017110,2,75.1,Track Occupied
TRN-01862,BLK-008692,2,82.0,Track Occupied
TRN-01863,BLK-028623,3,71.0,Track Occupied
TRN-01864,BLK-030111,3,88.5,Track Occupied
TRN-01865,BLK-027302,2,87.6,Track Occupied
TRN-01866,BLK-014747,3,87.9,Track Occupied
TRN-01867,BLK-017266,2,69.8,Track Occupied
TRN-01868,BLK-019808,3,71.8,Track Occupied
TRN-01869,BLK-029925,3,99.0,Track Occupied
TRN-01870,BLK-030955,3,57.4,Track Occupied
TRN-01871,BLK-005103,3,99.0,Track Occupied
TRN-01872,BLK-021425,1,30.5,Track Occupied
TRN-01873,BLK-018452,2,74.7,Track Occupied
TRN-01874,BLK-001204,3,81.5,Track Occupied
TRN-01875,BLK-008575,1,21.1,Track Occupied
TRN-01876,BLK-030591,3,68.5,Track Occupied
TRN-01877,BLK-007700,2,99.0,Track Occupied
TRN-01878,BLK-021495,2,77.7,Track Occupied
TRN-01879,BLK-004083,2,61.0,Track Occupied
TRN-01880,BLK-023122,3,68.5,Track Occupied
TRN-01881,BLK-003573,3,64.5,Track Occupied
TRN-01882,BLK-003232,1,24.6,Track Occupied
TRN-01883,BLK-000101,3,83.4,Track Occupied
TRN-01884,BLK-006865,3,78.8,Track Occupied
TRN-01885,BLK-029708,2,61.8,Track Occupied
TRN-01886,BLK-011401,2,62.5,Track Occupied
TRN-01887,BLK-030868,3,62.2,Track Occupied
TRN-01888,BLK-032423,3,65.3,Track Occupied
TRN-01889,BLK-030603,3,70.1,Track Occupied
TRN-01890,BLK-030335,2,70.2,Track Occupied
TRN-01890,BLK-030336,2,70.2,Track Occupied
TRN-01891,BLK-025409,3,87.7,Track Occupied
TRN-01892,BLK-001562,1,31.6,Track Occupied
TRN-01893,BLK-002005,2,62.6,Track Occupied
TRN-01894,BLK-016302,3,92.1,Track Occupied
TRN-01895,BLK-005186,3,54.0,Track Occupied
TRN-01896,BLK-029029,2,82.1,Track Occupied
TRN-01897,BLK-004176,2,72.9,Track Occupied
TRN-01898,BLK-001025,2,82.3,Track Occupied
TRN-01899,BLK-033169,2,39.9,Track Occupied
TRN-01900,BLK-033208,3,43.4,Track Occupied
TRN-01901,BLK-027497,1,37.5,Track Occupied
TRN-01902,BLK-019132,2,68.3,Track Occupied
TRN-01903,BLK-010206,2,89.5,Track Occupied
TRN-01904,BLK-030200,3,61.0,Track Occupied
TRN-01905,BLK-010842,3,61.7,Track Occupied
TRN-01906,BLK-005237,3,75.2,Track Occupied
TRN-01907,BLK-006593,3,83.7,Track Occupied
TRN-01908,BLK-025755,2,53.2,Track Occupied
TRN-01909,BLK-030517,1,49.0,Track Occupied
TRN-01910,BLK-006966,2,44.8,Track Occupied
TRN-01911,BLK-011148,3,65.7,Track Occupied
TRN-01912,BLK-021822,2,96.4,Track Occupied
TRN-01913,BLK-031118,2,64.8,Track Occupied
TRN-01914,BLK-014362,3,53.6,Track Occupied
TRN-01915,BLK-028736,3,72.3,Track Occupied
TRN-01916,BLK-026412,2,70.5,Track Occupied
TRN-01917,BLK-004170,2,69.9,Track Occupied
TRN-01918,BLK-016942,2,76.0,Track Occupied
TRN-01919,BLK-030252,2,67.1,Track Occupied
TRN-01920,BLK-008852,2,99.0,Track Occupied
TRN-01921,BLK-018490,3,99.0,Track Occupied
TRN-01922,BLK-023613,2,67.3,Track Occupied
TRN-01923,BLK-003110,2,84.8,Track Occupied
TRN-01924,BLK-012982,2,60.4,Track Occupied
TRN-01925,BLK-012762,1,25.8,Track Occupied
TRN-01926,BLK-024598,3,62.4,Track Occupied
TRN-01927,BLK-008515,2,90.2,Track Occupied
TRN-01928,BLK-022071,3,63.3,Track Occupied
TRN-01929,BLK-015673,2,53.7,Track Occupied
TRN-01930,BLK-000245,3,56.3,Track Occupied
TRN-01931,BLK-005070,2,87.4,Track Occupied
TRN-01932,BLK-017281,3,99.0,Track Occupied
TRN-01933,BLK-007642,2,73.8,Track Occupied
TRN-01934,BLK-003602,2,72.6,Track Occupied
TRN-01935,BLK-018586,2,67.6,Track Occupied
TRN-01936,BLK-017112,1,46.0,Track Occupied
TRN-01937,BLK-025706,3,65.4,Track Occupied
TRN-01938,BLK-002358,2,84.2,Track Occupied
TRN-01939,BLK-024053,2,86.1,Track Occupied
TRN-01940,BLK-004466,3,81.4,Track Occupied
TRN-01941,BLK-027499,2,59.9,Track Occupied
TRN-01941,BLK-027500,2,59.9,Track Occupied
TRN-01942,BLK-001361,2,74.7,Track Occupied
TRN-01942,BLK-001362,2,74.7,Track Occupied
TRN-01943,BLK-010154,2,81.7,Track Occupied
TRN-01944,BLK-018599,3,99.0,Track Occupied
TRN-01945,BLK-023014,2,46.9,Track Occupied
TRN-01946,BLK-000555,3,78.8,Track Occupied
TRN-01947,BLK-018998,2,77.8,Track Occupied
TRN-01948,BLK-026044,2,38.2,Track Occupied
TRN-01949,BLK-002505,3,64.2,Track Occupied
TRN-01950,BLK-017704,2,65.0,Track Occupied
TRN-01951,BLK-010839,2,80.7,Track Occupied
TRN-01952,BLK-027983,3,52.1,Track Occupied
TRN-01953,BLK-015019,3,77.4,Track Occupied
TRN-01954,BLK-017223,2,53.1,Track Occupied
TRN-01955,BLK-010668,3,48.6,Track Occupied
TRN-01956,BLK-012808,2,75.6,Track Occupied
TRN-01957,BLK-024489,2,77.3,Track Occupied
TRN-01958,BLK-000537,1,52.1,Track Occupied
TRN-01959,BLK-027375,3,46.6,Track Occupied
TRN-01960,BLK-020445,1,39.8,Track Occupied
TRN-01961,BLK-016121,3,85.9,Track Occupied
TRN-01962,BLK-021741,2,76.5,Track Occupied
TRN-01963,BLK-021964,2,64.7,Track Occupied
TRN-01964,BLK-021555,3,81.3,Track Occupied
TRN-01965,BLK-014167,2,78.2,Track Occupied
TRN-01966,BLK-015010,2,79.3,Track Occupied
TRN-01967,BLK-020797,2,87.4,Track Occupied
TRN-01968,BLK-016383,3,92.2,Track Occupied
TRN-01969,BLK-030885,1,17.5,Track Occupied
TRN-01970,BLK-001509,1,77.3,Track Occupied
TRN-01971,BLK-022218,2,80.7,Track Occupied
TRN-01972,BLK-010006,2,49.9,Track Occupied
TRN-01973,BLK-011446,3,55.3,Track Occupied
TRN-01974,BLK-020206,3,99.0,Track Occupied
TRN-01975,BLK-021613,2,70.1,Track Occupied
TRN-01976,BLK-016063,3,57.0,Track Occupied
TRN-01977,BLK-020657,2,74.2,Track Occupied
TRN-01978,BLK-030359,1,59.4,Track Occupied
TRN-01979,BLK-019772,2,66.1,Track Occupied
TRN-01980,BLK-033490,3,52.7,Track Occupied
TRN-01981,BLK-015275,3,92.8,Track Occupied
TRN-01982,BLK-026489,3,78.8,Track Occupied
TRN-01983,BLK-005036,2,56.8,Track Occupied
TRN-01984,BLK-000221,3,94.1,Track Occupied
TRN-01984,BLK-000222,3,94.1,Track Occupied
TRN-01985,BLK-011576,1,29.5,Track Occupied
TRN-01986,BLK-015524,2,61.2,Track Occupied
TRN-01987,BLK-000554,2,70.5,Track Occupied
TRN-01988,BLK-019463,3,63.5,Track Occupied
TRN-01989,BLK-022484,1,19.8,Track Occupied
TRN-01990,BLK-024491,3,56.0,Track Occupied
TRN-01991,BLK-006710,1,32.9,Track Occupied
TRN-01992,BLK-021879,3,61.1,Track Occupied
TRN-01993,BLK-013753,3,90.6,Track Occupied
TRN-01994,BLK-032453,3,88.0,Track Occupied
TRN-01995,BLK-025850,3,61.4,Track Occupied
TRN-01996,BLK-026984,2,56.5,Track Occupied
TRN-01997,BLK-029133,3,87.7,Track Occupied
TRN-01998,BLK-017794,1,33.4,Track Occupied
TRN-01999,BLK-008279,3,83.9,Track Occupied
TRN-02000,BLK-011652,3,54.6,Track Occupied
TRN-02001,BLK-007971,3,59.4,Track Occupied
TRN-02002,BLK-017466,3,68.5,Track Occupied
TRN-02003,BLK-025417,1,35.3,Track Occupied
TRN-02004,BLK-030899,2,73.8,Track Occupied
TRN-02005,BLK-006422,1,25.0,Track Occupied
TRN-02006,BLK-014659,3,72.8,Track Occupied
TRN-02007,BLK-011754,3,83.8,Track Occupied
TRN-02008,BLK-019063,3,96.4,Track Occupied
TRN-02009,BLK-023104,3,70.8,Track Occupied
TRN-02010,BLK-026868,2,81.4,Track Occupied
TRN-02011,BLK-004193,3,62.7,Track Occupied
TRN-02012,BLK-016033,2,67.8,Track Occupied
TRN-02013,BLK-027632,3,60.2,Track Occupied
TRN-02014,BLK-028344,1,39.1,Track Occupied
TRN-02015,BLK-006925,1,36.2,Track Occupied
TRN-02016,BLK-020922,2,71.0,Track Occupied
TRN-02017,BLK-029946,3,58.3,Track Occupied
TRN-02018,BLK-030219,1,33.4,Track Occupied
TRN-02019,BLK-013035,3,77.4,Track Occupied
TRN-02020,BLK-023626,1,27.8,Track Occupied
TRN-02021,BLK-000716,2,87.8,Track Occupied
TRN-02022,BLK-007811,2,79.3,Track Occupied
TRN-02023,BLK-018287,2,79.7,Track Occupied
TRN-02023,BLK-018288,2,79.7,Track Occupied
TRN-02024,BLK-033018,3,99.0,Track Occupied
TRN-02025,BLK-026493,3,69.6,Track Occupied
TRN-02026,BLK-003694,1,49.7,Track Occupied
TRN-02027,BLK-032521,3,71.2,Track Occupied
TRN-02028,BLK-013108,3,85.6,Track Occupied
TRN-02029,BLK-020249,3,77.4,Track Occupied
TRN-02030,BLK-005994,1,39.6,Track Occupied
TRN-02031,BLK-016392,3,54.8,Track Occupied
TRN-02032,BLK-029498,3,73.7,Track Occupied
TRN-02033,BLK-030809,2,61.4,Track Occupied
TRN-02034,BLK-018927,1,23.3,Track Occupied
TRN-02035,BLK-032597,3,52.8,Track Occupied
TRN-02036,BLK-002927,2,99.0,Track Occupied
TRN-02037,BLK-021894,2,70.8,Track Occupied
TRN-02038,BLK-022571,3,44.3,Track Occupied
TRN-02039,BLK-010019,2,89.7,Track Occupied
TRN-02040,BLK-021878,2,85.4,Track Occupied
TRN-02041,BLK-032218,2,63.5,Track Occupied
TRN-02042,BLK-023877,3,62.6,Track Occupied
TRN-02043,BLK-004383,3,85.4,Track Occupied
TRN-02044,BLK-015024,1,27.1,Track Occupied
TRN-02045,BLK-015609,2,62.1,Track Occupied
TRN-02046,BLK-006053,3,91.6,Track Occupied
TRN-02047,BLK-018955,2,60.1,Track Occupied
TRN-02048,BLK-000583,3,91.1,Track Occupied
TRN-02049,BLK-019440,3,83.5,Track Occupied
TRN-02050,BLK-012050,2,78.4,Track Occupied
TRN-02051,BLK-020064,3,75.2,Track Occupied
TRN-02052,BLK-008546,2,92.5,Track Occupied
TRN-02053,BLK-024107,3,73.6,Track Occupied
TRN-02054,BLK-015087,1,62.6,Track Occupied
TRN-02055,BLK-016129,1,43.6,Track Occupied
TRN-02056,BLK-026825,2,76.4,Track Occupied
TRN-02057,BLK-012126,2,64.4,Track Occupied
TRN-02058,BLK-031041,2,81.9,Track Occupied
TRN-02059,BLK-031544,1,55.5,Track Occupied
TRN-02060,BLK-009018,2,63.3,Track Occupied
TRN-02061,BLK-031191,2,88.2,Track Occupied
TRN-02062,BLK-022610,1,34.5,Track Occupied
TRN-02063,BLK-033448,3,88.4,Track Occupied
TRN-02064,BLK-006921,1,30.7,Track Occupied
TRN-02065,BLK-022541,3,37.1,Track Occupied
TRN-02066,BLK-018728,1,16.6,Track Occupied
TRN-02066,BLK-018729,1,16.6,Track Occupied
TRN-02067,BLK-025339,3,99.0,Track Occupied
TRN-02068,BLK-006116,1,29.7,Track Occupied
TRN-02068,BLK-006117,1,29.7,Track Occupied
TRN-02069,BLK-004594,2,99.0,Track Occupied
TRN-02070,BLK-001735,1,52.1,Track Occupied
TRN-02071,BLK-011311,3,64.4,Track Occupied
TRN-02072,BLK-031056,3,99.0,Track Occupied
TRN-02073,BLK-005566,2,56.0,Track Occupied
TRN-02074,BLK-005122,2,35.5,Track Occupied
TRN-02075,BLK-018743,2,67.6,Track Occupied
TRN-02076,BLK-020466,2,71.9,Track Occupied
TRN-02076,BLK-020467,2,71.9,Track Occupied
TRN-02077,BLK-025037,2,71.3,Track Occupied
TRN-02078,BLK-021282,2,64.1,Track Occupied
TRN-02079,BLK-021091,3,79.6,Track Occupied
TRN-02080,BLK-006570,3,73.8,Track Occupied
TRN-02081,BLK-013074,1,52.7,Track Occupied
TRN-02082,BLK-031057,2,73.5,Track Occupied
TRN-02083,BLK-006595,3,71.3,Track Occupied
TRN-02084,BLK-024417,2,42.3,Track Occupied
TRN-02084,BLK-024418,2,42.3,Track Occupied
TRN-02085,BLK-016068,3,46.8,Track Occupied
TRN-02086,BLK-010822,1,42.7,Track Occupied
TRN-02087,BLK-004420,1,39.8,Track Occupied
TRN-02088,BLK-013569,2,69.2,Track Occupied
TRN-02089,BLK-010016,3,69.9,Track Occupied
TRN-02090,BLK-009769,2,69.9,Track Occupied
TRN-02091,BLK-033246,1,29.4,Track Occupied
TRN-02092,BLK-024211,2,75.0,Track Occupied
TRN-02093,BLK-025692,2,99.0,Track Occupied
TRN-02094,BLK-023433,3,99.0,Track Occupied
TRN-02095,BLK-011768,2,99.0,Track Occupied
TRN-02096,BLK-015432,3,63.1,Track Occupied
TRN-02097,BLK-029980,3,65.6,Track Occupied
TRN-02098,BLK-012103,2,99.0,Track Occupied
TRN-02099,BLK-027271,1,30.8,Track Occupied
TRN-02100,BLK-007986,1,32.5,Track Occupied
TRN-02101,BLK-017330,3,88.0,Track Occupied
TRN-02102,BLK-004103,3,71.4,Track Occupied
TRN-02103,BLK-003347,2,70.6,Track Occupied
TRN-02104,BLK-018710,2,83.3,Track Occupied
TRN-02105,BLK-020936,3,66.4,Track Occupied
TRN-02106,BLK-001903,1,20.9,Track Occupied
TRN-02107,BLK-010053,2,59.4,Track Occupied
TRN-02108,BLK-006407,2,99.0,Track Occupied
TRN-02108,BLK-006408,2,99.0,Track Occupied
TRN-02109,BLK-016189,2,85.7,Track Occupied
TRN-02110,BLK-003807,2,76.6,Track Occupied
TRN-02111,BLK-033137,2,89.6,Track Occupied
TRN-02112,BLK-006039,2,64.1,Track Occupied
TRN-02112,BLK-006040,2,64.1,Track Occupied
TRN-02113,BLK-011669,3,74.1,Track Occupied
TRN-02114,BLK-002154,3,99.0,Track Occupied
TRN-02115,BLK-031770,2,66.7,Track Occupied
TRN-02116,BLK-005356,1,28.6,Track Occupied
TRN-02116,BLK-005357,1,28.6,Track Occupied
TRN-02117,BLK-014032,2,62.0,Track Occupied
TRN-02118,BLK-003037,1,46.9,Track Occupied
TRN-02119,BLK-013879,3,92.7,Track Occupied
TRN-02120,BLK-014277,2,74.6,Track Occupied
TRN-02120,BLK-014278,2,74.6,Track Occupied
TRN-02121,BLK-031047,2,55.3,Track Occupied
TRN-02122,BLK-031912,3,35.0,Track Occupied
TRN-02123,BLK-031074,2,76.4,Track Occupied
TRN-02124,BLK-024308,2,86.3,Track Occupied
TRN-02125,BLK-005385,2,93.4,Track Occupied
TRN-02126,BLK-015297,2,65.0,Track Occupied
TRN-02127,BLK-015465,1,45.1,Track Occupied
TRN-02128,BLK-014502,2,67.9,Track Occupied
TRN-02129,BLK-014949,2,64.3,Track Occupied
TRN-02130,BLK-019794,1,27.8,Track Occupied
TRN-02131,BLK-006532,2,99.0,Track Occupied
TRN-02132,BLK-000435,2,77.1,Track Occupied
TRN-02133,BLK-008129,2,79.2,Track Occupied
TRN-02134,BLK-020151,2,92.6,Track Occupied
TRN-02135,BLK-026705,3,73.8,Track Occupied
TRN-02136,BLK-000387,2,99.0,Track Occupied
TRN-02136,BLK-000388,2,99.0,Track Occupied
TRN-02137,BLK-018441,2,68.9,Track Occupied
TRN-02138,BLK-023748,1,35.5,Track Occupied
TRN-02139,BLK-002151,2,62.4,Track Occupied
TRN-02140,BLK-020518,3,67.3,Track Occupied
TRN-02141,BLK-001143,3,77.3,Track Occupied
TRN-02142,BLK-015603,3,69.5,Track Occupied
TRN-02143,BLK-007028,3,67.7,Track Occupied
TRN-02144,BLK-000818,1,53.7,Track Occupied
TRN-02145,BLK-026037,3,95.0,Track Occupied
TRN-02146,BLK-024920,3,53.4,Track Occupied
TRN-02147,BLK-012752,2,66.2,Track Occupied
TRN-02148,BLK-000038,1,53.5,Track Occupied
TRN-02149,BLK-029400,3,55.9,Track Occupied
TRN-02150,BLK-032238,3,66.4,Track Occupied
TRN-02151,BLK-025308,3,78.3,Track Occupied
TRN-02152,BLK-012916,1,37.5,Track Occupied
TRN-02153,BLK-012397,3,56.1,Track Occupied
TRN-02154,BLK-027019,2,45.1,Track Occupied
TRN-02155,BLK-019180,1,27.6,Track Occupied
TRN-02156,BLK-009862,3,72.5,Track Occupied
TRN-02157,BLK-013278,2,68.2,Track Occupied
TRN-02158,BLK-011920,2,84.6,Track Occupied
TRN-02159,BLK-020956,3,70.5,Track Occupied
TRN-02160,BLK-022084,3,75.3,Track Occupied
TRN-02161,BLK-026428,1,35.0,Track Occupied
TRN-02162,BLK-031422,2,82.6,Track Occupied
TRN-02163,BLK-020156,1,34.5,Track Occupied
TRN-02164,BLK-031802,1,53.6,Track Occupied
TRN-02165,BLK-010175,3,69.3,Track Occupied
TRN-02166,BLK-022283,2,76.3,Track Occupied
TRN-02167,BLK-007295,3,68.2,Track Occupied
TRN-02168,BLK-026977,3,79.4,Track Occupied
TRN-02169,BLK-032318,3,54.7,Track Occupied
TRN-02170,BLK-005818,3,76.8,Track Occupied
TRN-02171,BLK-014590,3,94.8,Track Occupied
TRN-02172,BLK-028139,1,44.1,Track Occupied
TRN-02173,BLK-025524,2,99.0,Track Occupied
TRN-02174,BLK-028104,3,71.8,Track Occupied
TRN-02175,BLK-017011,1,41.5,Track Occupied
TRN-02175,BLK-017012,1,41.5,Track Occupied
TRN-02176,BLK-022644,2,68.2,Track Occupied
TRN-02177,BLK-029249,2,99.0,Track Occupied
TRN-02178,BLK-024228,2,61.9,Track Occupied
TRN-02179,BLK-017156,3,60.3,Track Occupied
TRN-02180,BLK-020826,3,85.1,Track Occupied
TRN-02181,BLK-007404,3,55.7,Track Occupied
TRN-02182,BLK-014827,3,94.1,Track Occupied
TRN-02183,BLK-003297,2,58.2,Track Occupied
TRN-02183,BLK-003298,2,58.2,Track Occupied
TRN-02184,BLK-030625,2,99.0,Track Occupied
TRN-02185,BLK-020927,3,72.5,Track Occupied
TRN-02186,BLK-006400,2,80.4,Track Occupied
TRN-02186,BLK-006401,2,80.4,Track Occupied
TRN-02187,BLK-003646,3,94.7,Track Occupied
TRN-02188,BLK-004886,3,72.2,Track Occupied
TRN-02189,BLK-024869,3,75.5,Track Occupied
TRN-02190,BLK-019225,3,74.3,Track Occupied
TRN-02191,BLK-011381,3,36.4,Track Occupied
TRN-02192,BLK-010895,2,94.0,Track Occupied
TRN-02193,BLK-022516,2,84.8,Track Occupied
TRN-02194,BLK-011635,3,73.4,Track Occupied
TRN-02195,BLK-016496,3,67.1,Track Occupied
TRN-02196,BLK-003536,1,37.6,Track Occupied
TRN-02197,BLK-015140,1,56.5,Track Occupied
TRN-02198,BLK-019180,3,79.2,Track Occupied
TRN-02199,BLK-018393,1,52.5,Track Occupied
TRN-02199,BLK-018394,1,52.5,Track Occupied
TRN-02200,BLK-007863,3,55.2,Track Occupied
TRN-02201,BLK-012175,3,71.3,Track Occupied
TRN-02202,BLK-015940,2,82.8,Track Occupied
TRN-02203,BLK-028108,2,91.3,Track Occupied
TRN-02204,BLK-031037,1,51.7,Track Occupied
TRN-02205,BLK-013565,2,78.0,Track Occupied
TRN-02206,BLK-028830,3,89.8,Track Occupied
TRN-02206,BLK-028831,3,89.8,Track Occupied
TRN-02207,BLK-007975,3,72.2,Track Occupied
TRN-02208,BLK-014755,2,90.9,Track Occupied
TRN-02209,BLK-028257,2,57.4,Track Occupied
TRN-02210,BLK-007920,3,69.2,Track Occupied
TRN-02211,BLK-011173,1,68.4,Track Occupied
TRN-02212,BLK-001721,2,81.7,Track Occupied
TRN-02213,BLK-015625,1,38.4,Track Occupied
TRN-02214,BLK-030559,3,45.8,Track Occupied
TRN-02215,BLK-000485,2,88.8,Track Occupied
TRN-02216,BLK-004336,3,66.1,Track Occupied
TRN-02217,BLK-018239,3,87.9,Track Occupied
TRN-02218,BLK-023578,2,89.3,Track Occupied
TRN-02219,BLK-029173,3,57.1,Track Occupied
TRN-02220,BLK-022112,1,36.3,Track Occupied
TRN-02221,BLK-027991,3,72.0,Track Occupied
TRN-02222,BLK-018707,2,65.0,Track Occupied
TRN-02222,BLK-018708,2,65.0,Track Occupied
TRN-02223,BLK-020367,3,57.3,Track Occupied
TRN-02224,BLK-027375,1,50.2,Track Occupied
TRN-02225,BLK-029304,3,83.2,Track Occupied
TRN-02226,BLK-012514,1,72.3,Track Occupied
TRN-02227,BLK-018442,3,75.0,Track Occupied
TRN-02228,BLK-029332,3,47.9,Track Occupied
TRN-02229,BLK-025463,2,87.9,Track Occupied
TRN-02230,BLK-009004,3,53.7,Track Occupied
TRN-02231,BLK-009562,1,52.4,Track Occupied
TRN-02232,BLK-014183,3,84.5,Track Occupied
TRN-02233,BLK-016091,1,53.3,Track Occupied
TRN-02234,BLK-016749,3,63.4,Track Occupied
TRN-02234,BLK-016750,3,63.4,Track Occupied
TRN-02235,BLK-001024,1,27.9,Track Occupied
TRN-02236,BLK-005879,1,24.4,Track Occupied
TRN-02237,BLK-003309,2,61.4,Track Occupied
TRN-02238,BLK-001232,3,85.4,Track Occupied
TRN-02239,BLK-019336,2,58.2,Track Occupied
TRN-02239,BLK-019337,2,58.2,Track Occupied
TRN-02240,BLK-006324,3,82.7,Track Occupied
TRN-02241,BLK-019060,2,69.3,Track Occupied
TRN-02242,BLK-020836,3,64.1,Track Occupied
TRN-02243,BLK-015975,3,55.7,Track Occupied
TRN-02244,BLK-007644,3,50.8,Track Occupied
TRN-02245,BLK-015691,3,56.5,Track Occupied
TRN-02246,BLK-013318,3,66.6,Track Occupied
TRN-02246,BLK-013319,3,66.6,Track Occupied
TRN-02247,BLK-032252,3,81.2,Track Occupied
TRN-02248,BLK-023235,2,73.5,Track Occupied
TRN-02249,BLK-005718,3,60.1,Track Occupied
TRN-02250,BLK-009153,2,95.9,Track Occupied
TRN-02251,BLK-003566,3,78.8,Track Occupied
TRN-02252,BLK-032295,3,89.2,Track Occupied
TRN-02253,BLK-024312,2,67.1,Track Occupied
TRN-02254,BLK-029899,2,47.4,Track Occupied
TRN-02255,BLK-022179,1,47.0,Track Occupied
TRN-02256,BLK-006764,2,62.6,Track Occupied
TRN-02257,BLK-025758,2,72.9,Track Occupied
TRN-02258,BLK-003988,3,56.7,Track Occupied
TRN-02258,BLK-003989,3,56.7,Track Occupied
TRN-02259,BLK-022734,3,85.6,Track Occupied
TRN-02260,BLK-001983,1,27.8,Track Occupied
TRN-02261,BLK-013927,2,56.9,Track Occupied
TRN-02262,BLK-011823,3,45.9,Track Occupied
TRN-02263,BLK-024136,3,67.0,Track Occupied
TRN-02264,BLK-028236,2,99.0,Track Occupied
TRN-02265,BLK-021576,2,76.9,Track Occupied
TRN-02266,BLK-016752,1,5.0,Track Occupied
TRN-02267,BLK-013173,3,59.5,Track Occupied
TRN-02268,BLK-015414,2,76.6,Track Occupied
TRN-02269,BLK-012936,1,32.4,Track Occupied
TRN-02270,BLK-010669,2,74.6,Track Occupied
TRN-02271,BLK-007812,2,42.6,Track Occupied
TRN-02272,BLK-024252,3,54.1,Track Occupied
TRN-02273,BLK-019135,1,41.6,Track Occupied
TRN-02274,BLK-000879,2,50.9,Track Occupied
TRN-02275,BLK-027669,2,69.6,Track Occupied
TRN-02276,BLK-023419,3,78.8,Track Occupied
TRN-02277,BLK-002798,2,99.0,Track Occupied
TRN-02278,BLK-031370,2,80.3,Track Occupied
TRN-02279,BLK-015628,1,57.8,Track Occupied
TRN-02280,BLK-007266,2,80.4,Track Occupied
TRN-02281,BLK-032951,3,76.8,Track Occupied
TRN-02281,BLK-032952,3,76.8,Track Occupied
TRN-02282,BLK-005368,3,72.7,Track Occupied
TRN-02283,BLK-031445,3,90.9,Track Occupied
TRN-02284,BLK-014710,2,99.0,Track Occupied
TRN-02285,BLK-023010,1,39.3,Track Occupied
TRN-02286,BLK-024438,2,67.3,Track Occupied
TRN-02287,BLK-016704,1,16.1,Track Occupied
TRN-02288,BLK-033583,1,5.0,Track Occupied
TRN-02289,BLK-016660,3,89.7,Track Occupied
TRN-02290,BLK-026068,2,66.3,Track Occupied
TRN-02291,BLK-027096,2,77.3,Track Occupied
TRN-02292,BLK-011263,2,76.8,Track Occupied
TRN-02293,BLK-009028,3,72.1,Track Occupied
TRN-02294,BLK-010710,2,99.0,Track Occupied
TRN-02295,BLK-005766,2,95.2,Track Occupied
TRN-02296,BLK-015798,2,59.6,Track Occupied
TRN-02297,BLK-011225,2,79.4,Track Occupied
TRN-02298,BLK-021752,3,71.7,Track Occupied
TRN-02299,BLK-001895,1,45.3,Track Occupied
TRN-02300,BLK-009539,2,72.9,Track Occupied
TRN-02301,BLK-024253,3,76.2,Track Occupied
TRN-02302,BLK-029809,3,46.6,Track Occupied
TRN-02303,BLK-031850,3,70.5,Track Occupied
TRN-02304,BLK-032953,2,70.2,Track Occupied
TRN-02305,BLK-030008,2,99.0,Track Occupied
TRN-02306,BLK-027388,1,63.5,Track Occupied
TRN-02307,BLK-022908,3,91.5,Track Occupied
TRN-02308,BLK-005448,2,75.9,Track Occupied
TRN-02309,BLK-025891,2,57.6,Track Occupied
TRN-02310,BLK-011923,2,81.7,Track Occupied
TRN-02311,BLK-017401,2,55.2,Track Occupied
TRN-02312,BLK-030202,2,81.1,Track Occupied
TRN-02313,BLK-007666,3,89.4,Track Occupied
TRN-02313,BLK-007667,3,89.4,Track Occupied
TRN-02314,BLK-017960,2,78.6,Track Occupied
TRN-02315,BLK-018305,3,56.7,Track Occupied
TRN-02315,BLK-018306,3,56.7,Track Occupied
TRN-02316,BLK-024237,2,71.0,Track Occupied
TRN-02317,BLK-013343,1,18.8,Track Occupied
TRN-02318,BLK-020267,1,33.0,Track Occupied
TRN-02319,BLK-011810,3,71.6,Track Occupied
TRN-02320,BLK-029610,2,81.8,Track Occupied
TRN-02321,BLK-007043,2,71.0,Track Occupied
TRN-02322,BLK-032437,2,64.2,Track Occupied
TRN-02323,BLK-022879,2,76.8,Track Occupied
TRN-02324,BLK-007163,2,79.6,Track Occupied
TRN-02325,BLK-028778,1,57.8,Track Occupied
TRN-02326,BLK-016331,2,55.0,Track Occupied
TRN-02327,BLK-003899,2,71.5,Track Occupied
TRN-02328,BLK-000738,3,74.6,Track Occupied
TRN-02329,BLK-016590,1,45.8,Track Occupied
TRN-02330,BLK-018796,1,31.9,Track Occupied
TRN-02331,BLK-003936,1,34.9,Track Occupied
TRN-02332,BLK-033140,2,55.2,Track Occupied
TRN-02333,BLK-028955,3,79.7,Track Occupied
TRN-02334,BLK-032916,3,71.0,Track Occupied
TRN-02335,BLK-004449,3,82.7,Track Occupied
TRN-02336,BLK-011163,2,74.6,Track Occupied
TRN-02337,BLK-000629,1,33.7,Track Occupied
TRN-02338,BLK-030056,3,68.6,Track Occupied
TRN-02338,BLK-030057,3,68.6,Track Occupied
TRN-02339,BLK-031794,3,99.0,Track Occupied
TRN-02340,BLK-008917,1,41.0,Track Occupied
TRN-02341,BLK-031299,1,24.3,Track Occupied
TRN-02342,BLK-026567,1,28.3,Track Occupied
TRN-02343,BLK-020892,3,66.7,Track Occupied
TRN-02344,BLK-022227,3,65.4,Track Occupied
TRN-02345,BLK-025646,2,69.8,Track Occupied
TRN-02345,BLK-025647,2,69.8,Track Occupied
TRN-02346,BLK-026895,3,59.2,Track Occupied
TRN-02347,BLK-008695,2,70.4,Track Occupied
TRN-02348,BLK-000516,2,53.0,Track Occupied
TRN-02349,BLK-018581,1,5.0,Track Occupied
TRN-02350,BLK-008033,3,77.9,Track Occupied
TRN-02351,BLK-020919,3,82.4,Track Occupied
TRN-02352,BLK-018450,3,62.6,Track Occupied
TRN-02353,BLK-014066,2,78.7,Track Occupied
TRN-02354,BLK-019365,3,95.1,Track Occupied
TRN-02355,BLK-010444,2,69.0,Track Occupied
TRN-02356,BLK-026993,3,80.4,Track Occupied
TRN-02357,BLK-010925,3,95.9,Track Occupied
TRN-02358,BLK-024210,2,68.6,Track Occupied
TRN-02359,BLK-014444,3,83.5,Track Occupied
TRN-02360,BLK-019030,1,24.7,Track Occupied
TRN-02361,BLK-004072,2,56.6,Track Occupied
TRN-02362,BLK-011135,3,48.4,Track Occupied
TRN-02363,BLK-023653,3,58.9,Track Occupied
TRN-02364,BLK-029923,2,56.2,Track Occupied
TRN-02364,BLK-029924,2,56.2,Track Occupied
TRN-02365,BLK-031961,3,98.5,Track Occupied
TRN-02366,BLK-030941,2,78.9,Track Occupied
TRN-02367,BLK-020208,2,84.3,Track Occupied
TRN-02368,BLK-026781,1,37.1,Track Occupied
TRN-02369,BLK-030797,2,81.2,Track Occupied
TRN-02370,BLK-024387,1,34.1,Track Occupied
TRN-02371,BLK-025183,2,65.9,Track Occupied
TRN-02372,BLK-002732,3,66.9,Track Occupied
TRN-02373,BLK-019190,1,42.2,Track Occupied
TRN-02374,BLK-001936,3,46.2,Track Occupied
TRN-02375,BLK-000949,2,86.4,Track Occupied
TRN-02376,BLK-002120,2,58.8,Track Occupied
TRN-02377,BLK-027987,2,52.6,Track Occupied
TRN-02378,BLK-028317,3,62.6,Track Occupied
TRN-02379,BLK-030716,1,47.3,Track Occupied
TRN-02380,BLK-014060,2,65.5,Track Occupied
TRN-02381,BLK-027919,3,80.6,Track Occupied
TRN-02382,BLK-026538,1,33.7,Track Occupied
TRN-02383,BLK-022651,1,40.1,Track Occupied
TRN-02384,BLK-009947,2,72.7,Track Occupied
TRN-02385,BLK-019660,2,84.5,Track Occupied
TRN-02386,BLK-002242,1,26.9,Track Occupied
TRN-02387,BLK-002808,1,17.8,Track Occupied
TRN-02388,BLK-003763,3,49.1,Track Occupied
TRN-02389,BLK-029667,2,61.7,Track Occupied
TRN-02390,BLK-026969,3,28.1,Track Occupied
TRN-02391,BLK-023093,3,61.9,Track Occupied
TRN-02392,BLK-009291,1,33.7,Track Occupied
TRN-02393,BLK-033125,2,71.0,Track Occupied
TRN-02394,BLK-016769,3,63.6,Track Occupied
TRN-02395,BLK-029778,2,62.6,Track Occupied
TRN-02396,BLK-010350,2,61.1,Track Occupied
TRN-02397,BLK-031871,3,80.3,Track Occupied
TRN-02398,BLK-002740,1,54.6,Track Occupied
TRN-02399,BLK-024233,3,53.9,Track Occupied
TRN-02400,BLK-020268,3,75.8,Track Occupied
TRN-02401,BLK-019079,2,72.7,Track Occupied
TRN-02402,BLK-007425,1,60.2,Track Occupied
TRN-02403,BLK-020375,2,79.8,Track Occupied
TRN-02403,BLK-020376,2,79.8,Track Occupied
TRN-02404,BLK-022687,2,94.9,Track Occupied
TRN-02404,BLK-022688,2,94.9,Track Occupied
TRN-02405,BLK-005914,3,51.4,Track Occupied
TRN-02406,BLK-006447,3,98.0,Track Occupied
TRN-02407,BLK-018680,2,93.4,Track Occupied
TRN-02408,BLK-002851,3,65.4,Track Occupied
TRN-02409,BLK-005860,2,91.1,Track Occupied
TRN-02410,BLK-000850,2,47.4,Track Occupied
TRN-02411,BLK-031364,3,69.5,Track Occupied
TRN-02412,BLK-029297,3,81.8,Track Occupied
TRN-02413,BLK-008372,1,49.2,Track Occupied
TRN-02414,BLK-030203,3,75.7,Track Occupied
TRN-02415,BLK-012376,3,59.3,Track Occupied
TRN-02416,BLK-019702,2,71.7,Track Occupied
TRN-02417,BLK-013729,3,43.2,Track Occupied
TRN-02417,BLK-013730,3,43.2,Track Occupied
TRN-02418,BLK-031464,2,56.6,Track Occupied
TRN-02419,BLK-020796,3,41.4,Track Occupied
TRN-02420,BLK-012700,2,67.1,Track Occupied
TRN-02420,BLK-012701,2,67.1,Track Occupied
TRN-02421,BLK-027205,3,53.3,Track Occupied
TRN-02422,BLK-018043,2,90.9,Track Occupied
TRN-02423,BLK-020402,2,93.0,Track Occupied
TRN-02424,BLK-023483,3,99.0,Track Occupied
TRN-02425,BLK-004387,2,64.3,Track Occupied
TRN-02426,BLK-011442,1,41.0,Track Occupied
TRN-02427,BLK-024788,1,54.3,Track Occupied
TRN-02428,BLK-016718,2,60.8,Track Occupied
TRN-02429,BLK-004875,3,80.2,Track Occupied
TRN-02429,BLK-004876,3,80.2,Track Occupied
TRN-02430,BLK-005007,3,81.9,Track Occupied
TRN-02431,BLK-030964,3,42.3,Track Occupied
TRN-02432,BLK-031078,2,95.2,Track Occupied
TRN-02433,BLK-023997,2,69.7,Track Occupied
TRN-02433,BLK-023998,2,69.7,Track Occupied
TRN-02434,BLK-025101,2,93.1,Track Occupied
TRN-02435,BLK-000664,1,47.1,Track Occupied
TRN-02436,BLK-030347,2,84.2,Track Occupied
TRN-02437,BLK-005129,3,69.1,Track Occupied
TRN-02438,BLK-023965,2,92.9,Track Occupied
TRN-02439,BLK-017104,2,72.1,Track Occupied
TRN-02440,BLK-001025,1,16.4,Track Occupied
TRN-02441,BLK-012079,3,52.8,Track Occupied
TRN-02442,BLK-022471,2,88.2,Track Occupied
TRN-02443,BLK-007206,1,9.1,Track Occupied
TRN-02444,BLK-001086,3,95.4,Track Occupied
TRN-02445,BLK-001399,2,99.0,Track Occupied
TRN-02446,BLK-024908,2,69.4,Track Occupied
TRN-02447,BLK-028795,3,96.4,Track Occupied
TRN-02448,BLK-028692,3,69.2,Track Occupied
TRN-02449,BLK-005437,3,84.1,Track Occupied
TRN-02450,BLK-015850,3,84.6,Track Occupied
TRN-02451,BLK-024804,2,73.7,Track Occupied
TRN-02452,BLK-023862,2,90.3,Track Occupied
TRN-02453,BLK-023396,3,89.9,Track Occupied
TRN-02454,BLK-011193,3,65.8,Track Occupied
TRN-02455,BLK-006553,2,54.9,Track Occupied
TRN-02455,BLK-006554,2,54.9,Track Occupied
TRN-02456,BLK-018284,3,82.8,Track Occupied
TRN-02456,BLK-018285,3,82.8,Track Occupied
TRN-02457,BLK-028953,1,22.7,Track Occupied
TRN-02458,BLK-022456,3,66.6,Track Occupied
TRN-02459,BLK-000543,2,95.8,Track Occupied
TRN-02460,BLK-025681,3,70.5,Track Occupied
TRN-02461,BLK-031058,3,71.8,Track Occupied
TRN-02462,BLK-012549,1,15.9,Track Occupied
TRN-02463,BLK-033499,3,53.0,Track Occupied
TRN-02463,BLK-033500,3,53.0,Track Occupied
TRN-02464,BLK-019438,1,45.0,Track Occupied
TRN-02465,BLK-007122,3,73.9,Track Occupied
TRN-02466,BLK-029278,2,83.9,Track Occupied
TRN-02467,BLK-019214,2,88.5,Track Occupied
TRN-02468,BLK-031956,3,61.3,Track Occupied
TRN-02469,BLK-024607,2,68.7,Track Occupied
TRN-02470,BLK-024299,2,27.1,Track Occupied
TRN-02470,BLK-024300,2,27.1,Track Occupied
TRN-02471,BLK-003787,2,74.2,Track Occupied
TRN-02472,BLK-030191,1,23.7,Track Occupied
TRN-02472,BLK-030192,1,23.7,Track Occupied
TRN-02473,BLK-005993,3,89.0,Track Occupied
TRN-02474,BLK-033174,3,81.7,Track Occupied
TRN-02475,BLK-018290,3,47.7,Track Occupied
TRN-02475,BLK-018291,3,47.7,Track Occupied
TRN-02476,BLK-008551,2,60.6,Track Occupied
TRN-02477,BLK-032028,2,83.1,Track Occupied
TRN-02478,BLK-027799,1,63.5,Track Occupied
TRN-02478,BLK-027800,1,63.5,Track Occupied
TRN-02479,BLK-030718,2,66.2,Track Occupied
TRN-02479,BLK-030719,2,66.2,Track Occupied
TRN-02480,BLK-003436,3,66.5,Track Occupied
TRN-02481,BLK-027446,1,43.0,Track Occupied
TRN-02482,BLK-002749,1,62.1,Track Occupied
TRN-02483,BLK-004558,2,76.1,Track Occupied
TRN-02484,BLK-001083,2,86.2,Track Occupied
TRN-02485,BLK-008818,1,39.6,Track Occupied
TRN-02486,BLK-031746,3,73.7,Track Occupied
TRN-02487,BLK-024087,3,59.7,Track Occupied
TRN-02488,BLK-015523,2,76.8,Track Occupied
TRN-02489,BLK-015593,2,84.4,Track Occupied
TRN-02490,BLK-011978,2,92.4,Track Occupied
TRN-02491,BLK-002413,3,78.5,Track Occupied
TRN-02492,BLK-001156,2,73.9,Track Occupied
TRN-02493,BLK-018901,2,61.3,Track Occupied
TRN-02494,BLK-018293,1,34.4,Track Occupied
TRN-02495,BLK-004158,2,83.3,Track Occupied
TRN-02495,BLK-004159,2,83.3,Track Occupied
TRN-02496,BLK-031302,2,50.9,Track Occupied
TRN-02497,BLK-011818,3,94.3,Track Occupied
TRN-02498,BLK-011929,3,93.5,Track Occupied
TRN-02499,BLK-024017,2,69.4,Track Occupied
TRN-02500,BLK-010583,1,32.5,Track Occupied
TRN-02501,BLK-002998,2,77.9,Track Occupied
TRN-02502,BLK-030612,1,61.7,Track Occupied
TRN-02503,BLK-018360,2,45.3,Track Occupied
TRN-02504,BLK-027913,1,36.4,Track Occupied
TRN-02505,BLK-006143,2,61.4,Track Occupied
TRN-02506,BLK-019129,2,56.8,Track Occupied
TRN-02507,BLK-004409,3,51.2,Track Occupied
TRN-02508,BLK-014606,3,64.2,Track Occupied
TRN-02508,BLK-014607,3,64.2,Track Occupied
TRN-02509,BLK-023717,3,77.4,Track Occupied
TRN-02510,BLK-007628,1,11.2,Track Occupied
TRN-02511,BLK-021140,2,98.4,Track Occupied
TRN-02511,BLK-021141,2,98.4,Track Occupied
TRN-02512,BLK-020917,3,64.5,Track Occupied
TRN-02513,BLK-008492,2,57.9,Track Occupied
TRN-02514,BLK-000225,2,51.7,Track Occupied
TRN-02515,BLK-010620,3,67.6,Track Occupied
TRN-02516,BLK-020357,3,88.1,Track Occupied
TRN-02517,BLK-015426,3,78.4,Track Occupied
TRN-02518,BLK-023962,2,54.2,Track Occupied
TRN-02519,BLK-010561,3,78.3,Track Occupied
TRN-02520,BLK-019162,2,59.5,Track Occupied
TRN-02520,BLK-019163,2,59.5,Track Occupied
TRN-02521,BLK-014211,2,72.6,Track Occupied
TRN-02522,BLK-015556,2,79.3,Track Occupied
TRN-02523,BLK-025704,1,50.5,Track Occupied
TRN-02524,BLK-032048,3,91.9,Track Occupied
TRN-02525,BLK-021681,3,80.7,Track Occupied
TRN-02526,BLK-026173,3,84.0,Track Occupied
TRN-02527,BLK-010034,2,74.2,Track Occupied
TRN-02528,BLK-014819,3,81.4,Track Occupied
TRN-02529,BLK-021763,3,78.1,Track Occupied
TRN-02530,BLK-018205,1,33.3,Track Occupied
TRN-02531,BLK-022820,2,73.2,Track Occupied
TRN-02532,BLK-031190,3,63.2,Track Occupied
TRN-02533,BLK-026676,3,75.8,Track Occupied
TRN-02534,BLK-021565,2,80.0,Track Occupied
TRN-02535,BLK-025107,2,82.0,Track Occupied
TRN-02536,BLK-019225,2,61.6,Track Occupied
TRN-02537,BLK-030452,3,83.8,Track Occupied
TRN-02538,BLK-024466,3,74.7,Track Occupied
TRN-02539,BLK-003569,2,92.2,Track Occupied
TRN-02540,BLK-032848,3,37.3,Track Occupied
TRN-02541,BLK-012819,2,71.5,Track Occupied
TRN-02542,BLK-009850,3,75.6,Track Occupied
TRN-02542,BLK-009851,3,75.6,Track Occupied
TRN-02543,BLK-008621,2,64.4,Track Occupied
TRN-02544,BLK-012007,3,91.6,Track Occupied
TRN-02545,BLK-025791,2,67.2,Track Occupied
TRN-02546,BLK-003041,2,54.2,Track Occupied
TRN-02547,BLK-009711,3,60.3,Track Occupied
TRN-02548,BLK-016115,3,57.9,Track Occupied
TRN-02549,BLK-019306,1,18.0,Track Occupied
TRN-02550,BLK-018693,3,65.4,Track Occupied
TRN-02551,BLK-009941,3,95.4,Track Occupied
TRN-02552,BLK-003240,1,59.9,Track Occupied
TRN-02553,BLK-016451,3,97.6,Track Occupied
TRN-02554,BLK-017469,3,48.6,Track Occupied
TRN-02555,BLK-003382,3,62.5,Track Occupied
TRN-02556,BLK-026284,3,64.3,Track Occupied
TRN-02557,BLK-016498,2,77.9,Track Occupied
TRN-02558,BLK-015593,2,63.5,Track Occupied
TRN-02559,BLK-014772,1,29.3,Track Occupied
TRN-02560,BLK-012281,1,54.0,Track Occupied
TRN-02561,BLK-027455,2,84.9,Track Occupied
TRN-02562,BLK-002111,3,91.6,Track Occupied
TRN-02563,BLK-014741,1,16.6,Track Occupied
TRN-02564,BLK-030182,2,62.0,Track Occupied
TRN-02565,BLK-008995,1,45.1,Track Occupied
TRN-02566,BLK-011449,3,84.0,Track Occupied
TRN-02567,BLK-023363,1,14.6,Track Occupied
TRN-02567,BLK-023364,1,14.6,Track Occupied
TRN-02568,BLK-003232,1,47.0,Track Occupied
TRN-02569,BLK-009848,3,55.7,Track Occupied
TRN-02570,BLK-000376,3,77.8,Track Occupied
TRN-02571,BLK-001812,3,74.1,Track Occupied
TRN-02572,BLK-012249,2,47.3,Track Occupied
TRN-02573,BLK-029391,3,30.3,Track Occupied
TRN-02573,BLK-029392,3,30.3,Track Occupied
TRN-02574,BLK-009659,3,70.0,Track Occupied
TRN-02575,BLK-005260,3,90.5,Track Occupied
TRN-02575,BLK-005261,3,90.5,Track Occupied
TRN-02576,BLK-023244,2,65.9,Track Occupied
TRN-02577,BLK-017120,3,69.5,Track Occupied
TRN-02578,BLK-030042,3,61.6,Track Occupied
TRN-02578,BLK-030043,3,61.6,Track Occupied
TRN-02579,BLK-020102,2,94.1,Track Occupied
TRN-02580,BLK-005778,3,34.0,Track Occupied
TRN-02581,BLK-026865,1,57.7,Track Occupied
TRN-02582,BLK-010650,1,28.8,Track Occupied
TRN-02583,BLK-011097,2,80.6,Track Occupied
TRN-02584,BLK-005945,3,55.4,Track Occupied
TRN-02585,BLK-021531,2,77.6,Track Occupied
TRN-02586,BLK-006022,3,94.9,Track Occupied
TRN-02587,BLK-016579,2,76.6,Track Occupied
TRN-02588,BLK-031282,2,76.4,Track Occupied
TRN-02589,BLK-033311,3,47.3,Track Occupied
TRN-02590,BLK-014746,2,73.9,Track Occupied
TRN-02591,BLK-015022,2,96.7,Track Occupied
TRN-02592,BLK-028208,3,96.2,Track Occupied
TRN-02592,BLK-028209,3,96.2,Track Occupied
TRN-02593,BLK-023364,1,18.2,Track Occupied
TRN-02594,BLK-000153,3,64.7,Track Occupied
TRN-02595,BLK-002770,2,84.0,Track Occupied
TRN-02596,BLK-011985,3,51.2,Track Occupied
TRN-02597,BLK-025316,1,40.1,Track Occupied
TRN-02598,BLK-008055,3,85.0,Track Occupied
TRN-02599,BLK-011860,3,66.0,Track Occupied
TRN-02600,BLK-025071,2,73.6,Track Occupied
TRN-02601,BLK-017592,3,89.5,Track Occupied
TRN-02602,BLK-003397,3,63.5,Track Occupied
TRN-02603,BLK-016535,3,59.1,Track Occupied
TRN-02604,BLK-030675,3,57.1,Track Occupied
TRN-02605,BLK-016699,2,74.0,Track Occupied
TRN-02605,BLK-016700,2,74.0,Track Occupied
TRN-02606,BLK-009592,3,73.8,Track Occupied
TRN-02607,BLK-029417,3,62.6,Track Occupied
TRN-02608,BLK-030370,3,61.5,Track Occupied
TRN-02609,BLK-022431,2,63.2,Track Occupied
TRN-02610,BLK-006432,3,82.2,Track Occupied
TRN-02611,BLK-025718,2,90.7,Track Occupied
TRN-02612,BLK-030356,1,43.6,Track Occupied
TRN-02613,BLK-023017,3,77.7,Track Occupied
TRN-02614,BLK-019207,2,79.4,Track Occupied
TRN-02615,BLK-025542,1,46.7,Track Occupied
TRN-02616,BLK-030464,3,99.0,Track Occupied
TRN-02617,BLK-017949,3,88.0,Track Occupied
TRN-02618,BLK-011080,2,55.5,Track Occupied
TRN-02619,BLK-024788,2,94.6,Track Occupied
TRN-02620,BLK-025486,3,80.5,Track Occupied
TRN-02621,BLK-004407,3,46.8,Track Occupied
TRN-02622,BLK-010468,3,69.0,Track Occupied
TRN-02622,BLK-010469,3,69.0,Track Occupied
TRN-02623,BLK-025871,2,68.3,Track Occupied
TRN-02624,BLK-008563,2,49.4,Track Occupied
TRN-02625,BLK-033530,3,44.5,Track Occupied
TRN-02626,BLK-014517,1,40.0,Track Occupied
TRN-02627,BLK-011901,2,83.3,Track Occupied
TRN-02628,BLK-015184,1,18.8,Track Occupied
TRN-02629,BLK-028514,2,74.7,Track Occupied
TRN-02630,BLK-007536,1,11.3,Track Occupied
TRN-02631,BLK-000112,2,93.3,Track Occupied
TRN-02632,BLK-025098,1,14.0,Track Occupied
TRN-02633,BLK-028847,2,72.0,Track Occupied
TRN-02634,BLK-020439,3,55.5,Track Occupied
TRN-02635,BLK-016489,3,80.1,Track Occupied
TRN-02635,BLK-016490,3,80.1,Track Occupied
TRN-02636,BLK-031671,1,39.3,Track Occupied
TRN-02637,BLK-007909,2,88.1,Track Occupied
TRN-02637,BLK-007910,2,88.1,Track Occupied
TRN-02638,BLK-027006,3,99.0,Track Occupied
TRN-02639,BLK-021011,2,69.7,Track Occupied
TRN-02640,BLK-026306,2,55.2,Track Occupied
TRN-02641,BLK-012774,3,77.6,Track Occupied
TRN-02642,BLK-012828,3,47.8,Track Occupied
TRN-02643,BLK-030131,1,45.7,Track Occupied
TRN-02644,BLK-017200,3,70.9,Track Occupied
TRN-02645,BLK-002700,3,79.2,Track Occupied
TRN-02646,BLK-011634,2,48.0,Track Occupied
TRN-02647,BLK-021284,3,80.0,Track Occupied
TRN-02648,BLK-027302,3,76.3,Track Occupied
TRN-02649,BLK-019072,3,74.2,Track Occupied
TRN-02650,BLK-024598,3,88.4,Track Occupied
TRN-02651,BLK-001090,1,16.8,Track Occupied
TRN-02652,BLK-030246,2,92.7,Track Occupied
TRN-02653,BLK-032367,3,70.3,Track Occupied
TRN-02654,BLK-026943,2,61.0,Track Occupied
TRN-02655,BLK-015973,3,57.2,Track Occupied
TRN-02656,BLK-004252,3,84.0,Track Occupied
TRN-02657,BLK-023652,2,88.7,Track Occupied
TRN-02658,BLK-016267,3,99.0,Track Occupied
TRN-02659,BLK-014810,3,79.9,Track Occupied
TRN-02660,BLK-018852,3,84.4,Track Occupied
TRN-02661,BLK-002428,2,65.4,Track Occupied
TRN-02661,BLK-002429,2,65.4,Track Occupied
TRN-02662,BLK-025232,1,43.5,Track Occupied
TRN-02663,BLK-024210,3,70.4,Track Occupied
TRN-02664,BLK-014598,1,39.3,Track Occupied
TRN-02665,BLK-017318,2,78.5,Track Occupied
TRN-02666,BLK-023653,2,84.1,Track Occupied
TRN-02667,BLK-010218,3,51.2,Track Occupied
TRN-02668,BLK-011562,2,87.0,Track Occupied
TRN-02669,BLK-006644,2,66.8,Track Occupied
TRN-02670,BLK-010191,1,21.9,Track Occupied
TRN-02670,BLK-010192,1,21.9,Track Occupied
TRN-02671,BLK-024204,3,70.6,Track Occupied
TRN-02672,BLK-029678,3,51.6,Track Occupied
TRN-02673,BLK-024999,2,65.2,Track Occupied
TRN-02674,BLK-003744,3,74.1,Track Occupied
TRN-02675,BLK-016484,3,75.5,Track Occupied
TRN-02676,BLK-017366,3,46.6,Track Occupied
TRN-02677,BLK-025659,2,66.0,Track Occupied
TRN-02678,BLK-016732,1,37.8,Track Occupied
TRN-02679,BLK-010395,3,45.9,Track Occupied
TRN-02679,BLK-010396,3,45.9,Track Occupied
TRN-02680,BLK-012476,2,77.1,Track Occupied
TRN-02681,BLK-022071,1,32.5,Track Occupied
TRN-02682,BLK-014077,1,46.7,Track Occupied
TRN-02683,BLK-007866,3,49.3,Track Occupied
TRN-02683,BLK-007867,3,49.3,Track Occupied
TRN-02684,BLK-001331,3,62.9,Track Occupied
TRN-02685,BLK-029519,2,79.9,Track Occupied
TRN-02686,BLK-011045,2,65.7,Track Occupied
TRN-02687,BLK-011650,3,57.5,Track Occupied
TRN-02688,BLK-008986,2,86.5,Track Occupied
TRN-02689,BLK-003065,1,36.1,Track Occupied
TRN-02689,BLK-003066,1,36.1,Track Occupied
TRN-02690,BLK-011437,3,71.3,Track Occupied
TRN-02691,BLK-007310,2,55.9,Track Occupied
TRN-02692,BLK-031517,1,32.3,Track Occupied
TRN-02693,BLK-001200,3,81.6,Track Occupied
TRN-02694,BLK-017462,2,61.9,Track Occupied
TRN-02695,BLK-011799,3,99.0,Track Occupied
TRN-02696,BLK-009612,1,41.1,Track Occupied
TRN-02697,BLK-017647,3,96.3,Track Occupied
TRN-02698,BLK-032273,1,33.3,Track Occupied
TRN-02699,BLK-024118,2,69.1,Track Occupied
TRN-02700,BLK-003076,2,94.2,Track Occupied
TRN-02701,BLK-014610,2,68.3,Track Occupied
TRN-02702,BLK-015592,3,44.3,Track Occupied
TRN-02703,BLK-015121,1,33.0,Track Occupied
TRN-02704,BLK-018913,3,67.3,Track Occupied
TRN-02705,BLK-023163,2,86.4,Track Occupied
TRN-02706,BLK-024720,3,82.5,Track Occupied
TRN-02707,BLK-006442,3,71.7,Track Occupied
TRN-02707,BLK-006443,3,71.7,Track Occupied
TRN-02708,BLK-013416,1,27.8,Track Occupied
TRN-02709,BLK-031259,2,90.7,Track Occupied
TRN-02710,BLK-009941,3,87.9,Track Occupied
TRN-02711,BLK-009704,2,56.3,Track Occupied
TRN-02712,BLK-014379,2,65.1,Track Occupied
TRN-02713,BLK-023937,1,45.1,Track Occupied
TRN-02714,BLK-017369,2,42.6,Track Occupied
TRN-02715,BLK-016450,3,70.7,Track Occupied
TRN-02716,BLK-030373,1,52.5,Track Occupied
TRN-02717,BLK-024968,3,57.4,Track Occupied
TRN-02718,BLK-017117,1,48.7,Track Occupied
TRN-02718,BLK-017118,1,48.7,Track Occupied
TRN-02719,BLK-003810,2,86.5,Track Occupied
TRN-02720,BLK-017067,1,61.3,Track Occupied
TRN-02721,BLK-010853,2,99.0,Track Occupied
TRN-02722,BLK-017381,2,77.6,Track Occupied
TRN-02722,BLK-017382,2,77.6,Track Occupied
TRN-02723,BLK-025290,3,77.6,Track Occupied
TRN-02724,BLK-002881,2,76.1,Track Occupied
TRN-02725,BLK-004513,2,65.0,Track Occupied
TRN-02725,BLK-004514,2,65.0,Track Occupied
TRN-02726,BLK-023130,3,76.8,Track Occupied
TRN-02727,BLK-014538,2,35.4,Track Occupied
TRN-02728,BLK-007059,3,30.2,Track Occupied
TRN-02729,BLK-029425,2,99.0,Track Occupied
TRN-02730,BLK-018924,2,44.6,Track Occupied
TRN-02731,BLK-019303,3,60.3,Track Occupied
TRN-02732,BLK-018724,2,68.5,Track Occupied
TRN-02733,BLK-003237,2,99.0,Track Occupied
TRN-02734,BLK-015239,2,51.8,Track Occupied
TRN-02735,BLK-012843,1,22.7,Track Occupied
TRN-02736,BLK-023054,3,50.9,Track Occupied
TRN-02737,BLK-014141,2,46.2,Track Occupied
TRN-02738,BLK-006364,2,90.0,Track Occupied
TRN-02739,BLK-032660,3,67.5,Track Occupied
TRN-02740,BLK-014320,2,72.3,Track Occupied
TRN-02741,BLK-013738,3,78.6,Track Occupied
TRN-02742,BLK-023707,1,5.0,Track Occupied
TRN-02743,BLK-007808,3,70.2,Track Occupied
TRN-02744,BLK-017712,1,41.6,Track Occupied
TRN-02745,BLK-006940,1,39.3,Track Occupied
TRN-02746,BLK-001857,2,80.0,Track Occupied
TRN-02747,BLK-007886,3,49.8,Track Occupied
TRN-02748,BLK-012089,3,67.6,Track Occupied
TRN-02749,BLK-005595,1,21.6,Track Occupied
TRN-02750,BLK-023452,2,71.5,Track Occupied
TRN-02751,BLK-012947,3,62.6,Track Occupied
TRN-02752,BLK-002408,3,87.9,Track Occupied
TRN-02753,BLK-012426,2,92.9,Track Occupied
TRN-02754,BLK-001599,3,92.5,Track Occupied
TRN-02755,BLK-033447,2,79.5,Track Occupied
TRN-02756,BLK-023307,2,50.4,Track Occupied
TRN-02757,BLK-019976,2,77.2,Track Occupied
TRN-02757,BLK-019977,2,77.2,Track Occupied
TRN-02758,BLK-007252,2,67.0,Track Occupied
TRN-02759,BLK-003312,3,64.9,Track Occupied
TRN-02760,BLK-015640,3,99.0,Track Occupied
TRN-02761,BLK-012823,3,74.0,Track Occupied
TRN-02762,BLK-018433,2,70.1,Track Occupied
TRN-02763,BLK-004562,1,37.5,Track Occupied
TRN-02764,BLK-020384,2,67.7,Track Occupied
TRN-02765,BLK-024873,1,42.9,Track Occupied
TRN-02766,BLK-015476,2,69.3,Track Occupied
TRN-02767,BLK-025812,2,68.4,Track Occupied
TRN-02768,BLK-024684,3,88.1,Track Occupied
TRN-02769,BLK-018355,3,78.9,Track Occupied
TRN-02770,BLK-024474,2,92.4,Track Occupied
TRN-02771,BLK-019834,3,75.0,Track Occupied
TRN-02772,BLK-033587,3,69.4,Track Occupied
TRN-02773,BLK-016666,1,23.2,Track Occupied
TRN-02773,BLK-016667,1,23.2,Track Occupied
TRN-02774,BLK-007378,2,72.1,Track Occupied
TRN-02774,BLK-007379,2,72.1,Track Occupied
TRN-02775,BLK-009327,3,74.4,Track Occupied
TRN-02776,BLK-006739,2,55.3,Track Occupied
TRN-02777,BLK-007142,3,79.7,Track Occupied
TRN-02778,BLK-000911,1,32.0,Track Occupied
TRN-02779,BLK-025779,3,88.5,Track Occupied
TRN-02780,BLK-016796,3,59.1,Track Occupied
TRN-02781,BLK-030965,3,97.8,Track Occupied
TRN-02782,BLK-005545,3,69.1,Track Occupied
TRN-02783,BLK-030487,2,61.7,Track Occupied
TRN-02784,BLK-012896,2,42.8,Track Occupied
TRN-02784,BLK-012897,2,42.8,Track Occupied
TRN-02785,BLK-015086,2,69.3,Track Occupied
TRN-02786,BLK-030099,1,30.0,Track Occupied
TRN-02787,BLK-018254,1,57.0,Track Occupied
TRN-02788,BLK-002257,2,76.3,Track Occupied
TRN-02789,BLK-026452,2,62.7,Track Occupied
TRN-02790,BLK-026305,2,94.9,Track Occupied
TRN-02791,BLK-018982,2,52.3,Track Occupied
TRN-02792,BLK-033564,3,86.7,Track Occupied
TRN-02793,BLK-017258,3,90.4,Track Occupied
TRN-02794,BLK-021429,1,46.5,Track Occupied
TRN-02795,BLK-000586,2,39.1,Track Occupied
TRN-02796,BLK-012637,3,63.0,Track Occupied
TRN-02797,BLK-025097,3,71.0,Track Occupied
TRN-02798,BLK-030564,3,83.5,Track Occupied
TRN-02799,BLK-026234,3,58.7,Track Occupied
TRN-02800,BLK-029397,3,60.1,Track Occupied
TRN-02801,BLK-021816,3,68.9,Track Occupied
TRN-02802,BLK-019690,1,65.3,Track Occupied
TRN-02803,BLK-016418,2,60.9,Track Occupied
TRN-02804,BLK-029735,1,38.9,Track Occupied
TRN-02805,BLK-006982,2,78.3,Track Occupied
TRN-02806,BLK-017492,2,82.7,Track Occupied
TRN-02807,BLK-002342,3,53.2,Track Occupied
TRN-02808,BLK-031636,3,68.8,Track Occupied
TRN-02809,BLK-017221,3,74.2,Track Occupied
TRN-02810,BLK-014682,2,58.3,Track Occupied
TRN-02811,BLK-028101,2,72.8,Track Occupied
TRN-02812,BLK-029478,2,87.1,Track Occupied
TRN-02813,BLK-024053,2,51.9,Track Occupied
TRN-02814,BLK-022991,2,59.2,Track Occupied
TRN-02815,BLK-005967,3,67.7,Track Occupied
TRN-02816,BLK-000561,2,53.7,Track Occupied
TRN-02816,BLK-000562,2,53.7,Track Occupied
TRN-02817,BLK-007383,1,21.6,Track Occupied
TRN-02818,BLK-011691,2,89.0,Track Occupied
TRN-02819,BLK-006707,3,92.9,Track Occupied
TRN-02820,BLK-001251,2,90.4,Track Occupied
TRN-02821,BLK-006098,2,42.3,Track Occupied
TRN-02822,BLK-015529,3,72.8,Track Occupied
TRN-02823,BLK-016196,3,55.1,Track Occupied
TRN-02824,BLK-004201,2,93.9,Track Occupied
TRN-02825,BLK-014521,2,97.8,Track Occupied
TRN-02826,BLK-009971,1,33.8,Track Occupied
TRN-02827,BLK-015991,2,59.9,Track Occupied
TRN-02828,BLK-018954,2,86.5,Track Occupied
TRN-02829,BLK-016676,1,43.6,Track Occupied
TRN-02830,BLK-024356,3,89.9,Track Occupied
TRN-02831,BLK-003683,1,40.2,Track Occupied
TRN-02832,BLK-028023,2,84.7,Track Occupied
TRN-02833,BLK-031630,3,83.0,Track Occupied
TRN-02834,BLK-011582,3,47.2,Track Occupied
TRN-02835,BLK-006734,3,87.8,Track Occupied
TRN-02836,BLK-017348,3,63.3,Track Occupied
TRN-02837,BLK-033576,1,39.0,Track Occupied
TRN-02838,BLK-019344,3,40.6,Track Occupied
TRN-02839,BLK-016111,2,80.3,Track Occupied
TRN-02840,BLK-002511,2,95.7,Track Occupied
TRN-02841,BLK-023652,2,61.9,Track Occupied
TRN-02842,BLK-009547,2,87.3,Track Occupied
TRN-02842,BLK-009548,2,87.3,Track Occupied
TRN-02843,BLK-015013,3,99.0,Track Occupied
TRN-02844,BLK-029896,2,74.1,Track Occupied
TRN-02845,BLK-026390,2,64.3,Track Occupied
TRN-02846,BLK-010187,2,99.0,Track Occupied
TRN-02847,BLK-026014,3,69.5,Track Occupied
TRN-02848,BLK-033292,2,84.0,Track Occupied
TRN-02849,BLK-028290,2,48.7,Track Occupied
TRN-02850,BLK-027800,3,67.8,Track Occupied
TRN-02851,BLK-028614,3,70.5,Track Occupied
TRN-02852,BLK-008224,3,82.9,Track Occupied
TRN-02853,BLK-028807,3,76.5,Track Occupied
TRN-02854,BLK-033471,3,69.5,Track Occupied
TRN-02855,BLK-031963,3,75.3,Track Occupied
TRN-02856,BLK-002224,1,20.5,Track Occupied
TRN-02857,BLK-033307,2,55.4,Track Occupied
TRN-02858,BLK-024854,2,61.3,Track Occupied
TRN-02858,BLK-024855,2,61.3,Track Occupied
TRN-02859,BLK-025139,2,47.9,Track Occupied
TRN-02860,BLK-002295,1,23.7,Track Occupied
TRN-02861,BLK-001642,2,99.0,Track Occupied
TRN-02862,BLK-009681,2,62.2,Track Occupied
TRN-02863,BLK-021073,2,79.3,Track Occupied
TRN-02864,BLK-021856,3,79.2,Track Occupied
TRN-02865,BLK-021635,1,33.3,Track Occupied
TRN-02866,BLK-011969,3,82.6,Track Occupied
TRN-02867,BLK-012983,3,87.1,Track Occupied
TRN-02867,BLK-012984,3,87.1,Track Occupied
TRN-02868,BLK-020591,3,61.4,Track Occupied
TRN-02868,BLK-020592,3,61.4,Track Occupied
TRN-02869,BLK-027105,2,33.6,Track Occupied
TRN-02870,BLK-021440,2,48.1,Track Occupied
TRN-02871,BLK-020151,3,81.9,Track Occupied
TRN-02872,BLK-026109,2,74.9,Track Occupied
TRN-02873,BLK-020026,2,57.4,Track Occupied
TRN-02874,BLK-023054,3,58.8,Track Occupied
TRN-02874,BLK-023055,3,58.8,Track Occupied
TRN-02875,BLK-005167,3,51.3,Track Occupied
TRN-02876,BLK-018339,2,97.3,Track Occupied
TRN-02877,BLK-021114,3,99.0,Track Occupied
TRN-02878,BLK-010656,3,84.3,Track Occupied
TRN-02879,BLK-025245,2,65.4,Track Occupied
TRN-02880,BLK-028159,2,53.6,Track Occupied
TRN-02881,BLK-001142,3,83.5,Track Occupied
TRN-02882,BLK-000710,3,79.3,Track Occupied
TRN-02883,BLK-018534,2,67.0,Track Occupied
TRN-02884,BLK-016941,3,84.3,Track Occupied
TRN-02885,BLK-007523,3,47.8,Track Occupied
TRN-02886,BLK-022853,3,87.0,Track Occupied
TRN-02887,BLK-003540,3,61.1,Track Occupied
TRN-02888,BLK-006448,2,41.8,Track Occupied
TRN-02889,BLK-011826,2,64.1,Track Occupied
TRN-02890,BLK-021097,3,66.3,Track Occupied
TRN-02891,BLK-028728,2,71.2,Track Occupied
TRN-02892,BLK-026015,2,81.1,Track Occupied
TRN-02893,BLK-026326,2,83.0,Track Occupied
TRN-02894,BLK-016286,2,78.4,Track Occupied
TRN-02895,BLK-026887,1,29.0,Track Occupied
TRN-02896,BLK-009487,3,54.5,Track Occupied
TRN-02897,BLK-028082,2,64.8,Track Occupied
TRN-02898,BLK-024838,2,75.5,Track Occupied
TRN-02899,BLK-005575,2,58.5,Track Occupied
TRN-02900,BLK-012701,3,60.9,Track Occupied
TRN-02901,BLK-005413,3,80.2,Track Occupied
TRN-02901,BLK-005414,3,80.2,Track Occupied
TRN-02902,BLK-018528,1,60.9,Track Occupied
TRN-02903,BLK-008225,2,63.6,Track Occupied
TRN-02904,BLK-009368,3,70.5,Track Occupied
TRN-02905,BLK-014003,3,84.9,Track Occupied
TRN-02906,BLK-032278,3,55.2,Track Occupied
TRN-02907,BLK-025051,3,49.2,Track Occupied
TRN-02908,BLK-023460,2,70.7,Track Occupied
TRN-02909,BLK-019386,2,58.9,Track Occupied
TRN-02910,BLK-005442,2,86.7,Track Occupied
TRN-02911,BLK-026408,2,59.2,Track Occupied
TRN-02912,BLK-030318,3,85.4,Track Occupied
TRN-02913,BLK-029111,2,74.8,Track Occupied
TRN-02914,BLK-012304,3,72.2,Track Occupied
TRN-02915,BLK-013321,3,99.0,Track Occupied
TRN-02916,BLK-030000,2,79.9,Track Occupied
TRN-02917,BLK-026009,3,60.6,Track Occupied
TRN-02918,BLK-013946,1,26.4,Track Occupied
TRN-02919,BLK-011505,1,42.1,Track Occupied
TRN-02920,BLK-016407,3,52.0,Track Occupied
TRN-02921,BLK-021342,2,52.9,Track Occupied
TRN-02922,BLK-028493,2,70.7,Track Occupied
TRN-02923,BLK-010103,1,41.4,Track Occupied
TRN-02924,BLK-026221,3,67.0,Track Occupied
TRN-02925,BLK-019401,2,78.4,Track Occupied
TRN-02925,BLK-019402,2,78.4,Track Occupied
TRN-02926,BLK-031698,1,45.9,Track Occupied
TRN-02927,BLK-026764,3,57.5,Track Occupied
TRN-02928,BLK-032346,3,80.4,Track Occupied
TRN-02929,BLK-022796,2,66.8,Track Occupied
TRN-02930,BLK-001767,1,42.9,Track Occupied
TRN-02930,BLK-001768,1,42.9,Track Occupied
TRN-02931,BLK-000321,2,73.6,Track Occupied
TRN-02932,BLK-021571,2,96.2,Track Occupied
TRN-02933,BLK-008022,2,64.6,Track Occupied
TRN-02933,BLK-008023,2,64.6,Track Occupied
TRN-02934,BLK-022576,1,21.1,Track Occupied
TRN-02934,BLK-022577,1,21.1,Track Occupied
TRN-02935,BLK-024122,3,82.6,Track Occupied
TRN-02936,BLK-032164,2,52.7,Track Occupied
TRN-02936,BLK-032165,2,52.7,Track Occupied
TRN-02937,BLK-022004,2,86.8,Track Occupied
TRN-02937,BLK-022005,2,86.8,Track Occupied
TRN-02938,BLK-028835,1,13.0,Track Occupied
TRN-02939,BLK-014673,3,52.2,Track Occupied
TRN-02940,BLK-019226,3,99.0,Track Occupied
TRN-02941,BLK-009891,3,58.1,Track Occupied
TRN-02942,BLK-013874,3,68.1,Track Occupied
TRN-02943,BLK-026543,3,67.8,Track Occupied
TRN-02944,BLK-033222,2,81.7,Track Occupied
TRN-02945,BLK-009956,3,40.8,Track Occupied
TRN-02946,BLK-029363,2,62.6,Track Occupied
TRN-02947,BLK-021853,3,84.9,Track Occupied
TRN-02948,BLK-006178,2,83.7,Track Occupied
TRN-02949,BLK-000481,3,62.0,Track Occupied
TRN-02950,BLK-028720,1,31.3,Track Occupied
TRN-02951,BLK-005597,2,84.0,Track Occupied
TRN-02951,BLK-005598,2,84.0,Track Occupied
TRN-02952,BLK-031626,1,22.7,Track Occupied
TRN-02953,BLK-009882,3,51.3,Track Occupied
TRN-02954,BLK-026727,2,55.5,Track Occupied
TRN-02955,BLK-029405,2,54.7,Track Occupied
TRN-02956,BLK-029032,3,64.0,Track Occupied
TRN-02957,BLK-001838,2,82.1,Track Occupied
TRN-02958,BLK-015376,3,68.8,Track Occupied
TRN-02959,BLK-012478,2,68.6,Track Occupied
TRN-02960,BLK-028474,3,72.4,Track Occupied
TRN-02961,BLK-030800,1,36.7,Track Occupied
TRN-02962,BLK-003040,2,97.4,Track Occupied
TRN-02962,BLK-003041,2,97.4,Track Occupied
TRN-02963,BLK-018988,3,80.2,Track Occupied
TRN-02964,BLK-006424,2,80.5,Track Occupied
TRN-02965,BLK-000987,2,70.0,Track Occupied
TRN-02965,BLK-000988,2,70.0,Track Occupied
TRN-02966,BLK-029600,2,80.8,Track Occupied
TRN-02967,BLK-009185,1,50.8,Track Occupied
TRN-02968,BLK-029785,3,71.7,Track Occupied
TRN-02969,BLK-018674,1,53.9,Track Occupied
TRN-02970,BLK-012812,2,55.2,Track Occupied
TRN-02971,BLK-026637,3,50.5,Track Occupied
TRN-02972,BLK-031280,1,31.8,Track Occupied
TRN-02973,BLK-012434,3,84.3,Track Occupied
TRN-02974,BLK-013490,2,75.3,Track Occupied
TRN-02975,BLK-026049,2,58.3,Track Occupied
TRN-02976,BLK-031773,2,65.0,Track Occupied
TRN-02977,BLK-017206,1,24.3,Track Occupied
TRN-02977,BLK-017207,1,24.3,Track Occupied
TRN-02978,BLK-013060,2,77.4,Track Occupied
TRN-02979,BLK-025746,3,81.8,Track Occupied
TRN-02980,BLK-015410,3,40.7,Track Occupied
TRN-02981,BLK-027059,2,92.0,Track Occupied
TRN-02982,BLK-002706,2,58.6,Track Occupied
TRN-02983,BLK-013093,2,92.4,Track Occupied
TRN-02984,BLK-019110,2,66.1,Track Occupied
TRN-02985,BLK-023625,2,76.0,Track Occupied
TRN-02985,BLK-023626,2,76.0,Track Occupied
TRN-02986,BLK-028276,3,85.3,Track Occupied
TRN-02987,BLK-018217,3,50.2,Track Occupied
TRN-02988,BLK-029876,3,60.6,Track Occupied
TRN-02989,BLK-032937,2,55.0,Track Occupied
TRN-02990,BLK-014912,2,51.5,Track Occupied
TRN-02991,BLK-002855,3,69.3,Track Occupied
TRN-02991,BLK-002856,3,69.3,Track Occupied
TRN-02992,BLK-022580,1,49.9,Track Occupied
TRN-02993,BLK-014249,1,43.2,Track Occupied
TRN-02994,BLK-022553,3,85.5,Track Occupied
TRN-02995,BLK-023913,3,59.1,Track Occupied
TRN-02996,BLK-020425,3,79.9,Track Occupied
TRN-02997,BLK-022222,2,82.2,Track Occupied
TRN-02998,BLK-001865,2,79.9,Track Occupied
TRN-02999,BLK-005823,2,64.7,Track Occupied
TRN-02999,BLK-005824,2,64.7,Track Occupied
TRN-03000,BLK-024017,1,18.5,Track Occupied
TRN-03001,BLK-033120,3,63.4,Track Occupied
TRN-03002,BLK-026434,3,99.0,Track Occupied
TRN-03003,BLK-032844,2,60.0,Track Occupied
TRN-03004,BLK-006958,3,87.2,Track Occupied
TRN-03005,BLK-029103,2,84.2,Track Occupied
TRN-03006,BLK-030172,3,85.7,Track Occupied
TRN-03006,BLK-030173,3,85.7,Track Occupied
TRN-03007,BLK-015996,3,79.0,Track Occupied
TRN-03008,BLK-013547,3,78.5,Track Occupied
TRN-03009,BLK-029893,3,42.4,Track Occupied
TRN-03010,BLK-012669,3,72.9,Track Occupied
TRN-03011,BLK-000761,2,67.8,Track Occupied
TRN-03012,BLK-023420,2,73.5,Track Occupied
TRN-03013,BLK-017442,2,69.8,Track Occupied
TRN-03014,BLK-023037,2,60.8,Track Occupied
TRN-03015,BLK-003413,3,47.5,Track Occupied
TRN-03016,BLK-029332,3,69.9,Track Occupied
TRN-03017,BLK-024886,2,79.1,Track Occupied
TRN-03018,BLK-008966,1,27.3,Track Occupied
TRN-03019,BLK-031641,3,72.9,Track Occupied
TRN-03020,BLK-029232,3,99.0,Track Occupied
TRN-03021,BLK-007369,2,86.8,Track Occupied
TRN-03022,BLK-005255,2,60.6,Track Occupied
TRN-03023,BLK-017913,3,84.5,Track Occupied
TRN-03024,BLK-007070,2,51.3,Track Occupied
TRN-03025,BLK-008312,2,70.3,Track Occupied
TRN-03026,BLK-001602,2,71.6,Track Occupied
TRN-03027,BLK-017044,2,90.6,Track Occupied
TRN-03028,BLK-022592,3,59.5,Track Occupied
TRN-03028,BLK-022593,3,59.5,Track Occupied
TRN-03029,BLK-020162,3,70.8,Track Occupied
TRN-03030,BLK-015201,3,54.2,Track Occupied
TRN-03031,BLK-005284,3,77.2,Track Occupied
TRN-03032,BLK-002442,3,74.6,Track Occupied
TRN-03033,BLK-000567,2,74.8,Track Occupied
TRN-03034,BLK-024269,1,42.5,Track Occupied
TRN-03035,BLK-011722,2,67.2,Track Occupied
TRN-03036,BLK-027661,2,99.0,Track Occupied
TRN-03037,BLK-022352,2,75.5,Track Occupied
TRN-03038,BLK-011389,2,78.2,Track Occupied
TRN-03039,BLK-023255,2,86.8,Track Occupied
TRN-03040,BLK-028445,3,67.6,Track Occupied
TRN-03041,BLK-030346,2,50.8,Track Occupied
TRN-03042,BLK-005968,2,70.6,Track Occupied
TRN-03043,BLK-031571,1,32.6,Track Occupied
TRN-03044,BLK-026227,3,35.6,Track Occupied
TRN-03045,BLK-029963,3,57.2,Track Occupied
TRN-03045,BLK-029964,3,57.2,Track Occupied
TRN-03046,BLK-009675,2,88.2,Track Occupied
TRN-03047,BLK-011550,3,87.2,Track Occupied
TRN-03048,BLK-004546,1,24.6,Track Occupied
TRN-03049,BLK-029169,2,71.0,Track Occupied
TRN-03049,BLK-029170,2,71.0,Track Occupied
TRN-03050,BLK-016340,2,98.7,Track Occupied
TRN-03051,BLK-005757,3,62.3,Track Occupied
TRN-03052,BLK-001130,2,74.1,Track Occupied
TRN-03053,BLK-023857,3,59.6,Track Occupied
TRN-03054,BLK-008420,3,81.7,Track Occupied
TRN-03055,BLK-013574,3,83.9,Track Occupied
TRN-03055,BLK-013575,3,83.9,Track Occupied
TRN-03056,BLK-007398,3,80.1,Track Occupied
TRN-03057,BLK-017759,3,69.2,Track Occupied
TRN-03058,BLK-004986,2,61.6,Track Occupied
TRN-03059,BLK-001544,1,8.4,Track Occupied
TRN-03060,BLK-000522,2,99.0,Track Occupied
TRN-03061,BLK-031187,3,48.1,Track Occupied
TRN-03062,BLK-022653,1,23.6,Track Occupied
TRN-03063,BLK-027829,3,65.3,Track Occupied
TRN-03064,BLK-011261,2,62.5,Track Occupied
TRN-03065,BLK-025681,3,87.4,Track Occupied
TRN-03066,BLK-001178,2,99.0,Track Occupied
TRN-03067,BLK-003940,2,92.5,Track Occupied
TRN-03068,BLK-012843,2,99.0,Track Occupied
TRN-03069,BLK-013234,3,81.2,Track Occupied
TRN-03070,BLK-015019,1,20.1,Track Occupied
TRN-03071,BLK-029075,3,87.8,Track Occupied
TRN-03071,BLK-029076,3,87.8,Track Occupied
TRN-03072,BLK-015253,2,66.8,Track Occupied
TRN-03073,BLK-015171,2,62.5,Track Occupied
TRN-03074,BLK-013777,1,55.8,Track Occupied
TRN-03075,BLK-032108,1,35.3,Track Occupied
TRN-03076,BLK-013760,2,71.0,Track Occupied
TRN-03076,BLK-013761,2,71.0,Track Occupied
TRN-03077,BLK-023874,3,80.6,Track Occupied
TRN-03078,BLK-027546,1,24.7,Track Occupied
TRN-03079,BLK-027393,3,71.6,Track Occupied
TRN-03080,BLK-032360,3,73.9,Track Occupied
TRN-03081,BLK-004543,3,59.4,Track Occupied
TRN-03082,BLK-022192,2,85.3,Track Occupied
TRN-03083,BLK-027357,1,77.3,Track Occupied
TRN-03083,BLK-027358,1,77.3,Track Occupied
TRN-03084,BLK-017841,2,80.3,Track Occupied
TRN-03085,BLK-005260,2,66.1,Track Occupied
TRN-03085,BLK-005261,2,66.1,Track Occupied
TRN-03086,BLK-004788,1,50.4,Track Occupied
TRN-03087,BLK-031539,1,49.9,Track Occupied
TRN-03087,BLK-031540,1,49.9,Track Occupied
TRN-03088,BLK-028971,2,89.7,Track Occupied
TRN-03089,BLK-015084,2,39.5,Track Occupied
TRN-03090,BLK-006036,1,65.8,Track Occupied
TRN-03091,BLK-019160,2,69.2,Track Occupied
TRN-03092,BLK-027309,1,30.7,Track Occupied
TRN-03093,BLK-006711,1,9.7,Track Occupied
TRN-03094,BLK-025564,2,75.5,Track Occupied
TRN-03095,BLK-024158,2,86.1,Track Occupied
TRN-03095,BLK-024159,2,86.1,Track Occupied
TRN-03096,BLK-030320,2,81.8,Track Occupied
TRN-03097,BLK-021808,3,74.0,Track Occupied
TRN-03098,BLK-007284,1,19.5,Track Occupied
TRN-03099,BLK-009355,1,58.4,Track Occupied
TRN-03100,BLK-024062,3,53.6,Track Occupied
TRN-03101,BLK-019144,2,64.6,Track Occupied
TRN-03102,BLK-007472,3,64.9,Track Occupied
TRN-03103,BLK-021476,3,81.5,Track Occupied
TRN-03104,BLK-020712,1,52.4,Track Occupied
TRN-03105,BLK-001854,1,49.4,Track Occupied
TRN-03106,BLK-022869,1,18.2,Track Occupied
TRN-03107,BLK-011164,3,70.0,Track Occupied
TRN-03108,BLK-001737,3,73.2,Track Occupied
TRN-03109,BLK-020730,1,24.8,Track Occupied
TRN-03109,BLK-020731,1,24.8,Track Occupied
TRN-03110,BLK-031440,3,63.3,Track Occupied
TRN-03111,BLK-007426,3,62.2,Track Occupied
TRN-03112,BLK-023112,3,52.6,Track Occupied
TRN-03113,BLK-033486,2,93.5,Track Occupied
TRN-03114,BLK-023214,2,73.1,Track Occupied
TRN-03115,BLK-025930,3,62.3,Track Occupied
TRN-03116,BLK-024469,3,73.0,Track Occupied
TRN-03117,BLK-022393,3,93.0,Track Occupied
TRN-03118,BLK-016969,2,70.8,Track Occupied
TRN-03119,BLK-001334,1,11.4,Track Occupied
TRN-03120,BLK-014240,3,65.6,Track Occupied
TRN-03121,BLK-017937,3,99.0,Track Occupied
TRN-03122,BLK-012474,1,33.9,Track Occupied
TRN-03123,BLK-027904,2,69.1,Track Occupied
TRN-03124,BLK-007300,2,47.6,Track Occupied
TRN-03125,BLK-020070,3,89.9,Track Occupied
TRN-03126,BLK-024483,2,76.7,Track Occupied
TRN-03127,BLK-011491,3,86.7,Track Occupied
TRN-03128,BLK-006743,2,59.3,Track Occupied
TRN-03129,BLK-000009,1,36.7,Track Occupied
TRN-03130,BLK-028437,2,80.1,Track Occupied
TRN-03131,BLK-011021,3,61.5,Track Occupied
TRN-03132,BLK-027533,3,87.0,Track Occupied
TRN-03133,BLK-022693,2,73.0,Track Occupied
TRN-03134,BLK-020503,3,39.2,Track Occupied
TRN-03135,BLK-008599,3,62.6,Track Occupied
TRN-03136,BLK-005176,2,82.4,Track Occupied
TRN-03137,BLK-009361,3,64.4,Track Occupied
TRN-03138,BLK-018774,1,27.6,Track Occupied
TRN-03139,BLK-024961,1,23.8,Track Occupied
TRN-03140,BLK-017410,2,94.1,Track Occupied
TRN-03141,BLK-033375,2,50.2,Track Occupied
TRN-03142,BLK-001186,3,52.3,Track Occupied
TRN-03143,BLK-006597,2,59.3,Track Occupied
TRN-03144,BLK-024673,3,48.5,Track Occupied
TRN-03145,BLK-016549,3,90.6,Track Occupied
TRN-03146,BLK-028151,3,64.9,Track Occupied
TRN-03147,BLK-015149,2,74.9,Track Occupied
TRN-03148,BLK-002187,3,61.1,Track Occupied
TRN-03149,BLK-019662,2,94.9,Track Occupied
TRN-03150,BLK-005612,3,46.5,Track Occupied
TRN-03151,BLK-027880,3,79.1,Track Occupied
TRN-03152,BLK-030159,3,68.2,Track Occupied
TRN-03153,BLK-029346,1,30.4,Track Occupied
TRN-03153,BLK-029347,1,30.4,Track Occupied
TRN-03154,BLK-027482,3,86.9,Track Occupied
TRN-03155,BLK-007681,3,47.4,Track Occupied
TRN-03156,BLK-033514,1,28.9,Track Occupied
TRN-03157,BLK-003766,2,84.9,Track Occupied
TRN-03158,BLK-018676,3,51.9,Track Occupied
TRN-03158,BLK-018677,3,51.9,Track Occupied
TRN-03159,BLK-016908,2,78.4,Track Occupied
TRN-03160,BLK-031767,3,64.0,Track Occupied
TRN-03161,BLK-005808,1,27.0,Track Occupied
TRN-03162,BLK-020901,3,82.9,Track Occupied
TRN-03163,BLK-023931,1,65.5,Track Occupied
TRN-03164,BLK-005459,1,12.4,Track Occupied
TRN-03165,BLK-019378,2,55.4,Track Occupied
TRN-03166,BLK-011223,2,68.1,Track Occupied
TRN-03167,BLK-008946,3,61.5,Track Occupied
TRN-03168,BLK-026969,2,83.4,Track Occupied
TRN-03169,BLK-019857,3,57.4,Track Occupied
TRN-03170,BLK-029253,2,64.6,Track Occupied
TRN-03171,BLK-009086,3,60.1,Track Occupied
TRN-03172,BLK-014016,3,72.2,Track Occupied
TRN-03173,BLK-026704,2,73.7,Track Occupied
TRN-03174,BLK-001407,2,52.8,Track Occupied
TRN-03175,BLK-018611,3,68.8,Track Occupied
TRN-03176,BLK-013743,3,67.9,Track Occupied
TRN-03177,BLK-017079,2,70.5,Track Occupied
TRN-03177,BLK-017080,2,70.5,Track Occupied
TRN-03178,BLK-010415,1,34.7,Track Occupied
TRN-03179,BLK-009382,3,68.7,Track Occupied
TRN-03180,BLK-030944,3,40.5,Track Occupied
TRN-03181,BLK-020195,3,82.0,Track Occupied
TRN-03182,BLK-013572,2,99.0,Track Occupied
TRN-03183,BLK-030014,1,25.9,Track Occupied
TRN-03184,BLK-030267,2,92.2,Track Occupied
TRN-03184,BLK-030268,2,92.2,Track Occupied
TRN-03185,BLK-007384,2,83.3,Track Occupied
TRN-03186,BLK-023844,2,79.7,Track Occupied
TRN-03187,BLK-010045,2,71.1,Track Occupied
TRN-03188,BLK-002413,2,55.6,Track Occupied
TRN-03189,BLK-018248,3,54.2,Track Occupied
TRN-03190,BLK-020528,1,44.5,Track Occupied
TRN-03191,BLK-017751,3,69.2,Track Occupied
TRN-03192,BLK-009586,3,63.3,Track Occupied
TRN-03193,BLK-026678,3,73.5,Track Occupied
TRN-03194,BLK-008467,2,78.1,Track Occupied
TRN-03194,BLK-008468,2,78.1,Track Occupied
TRN-03195,BLK-024750,2,72.3,Track Occupied
TRN-03195,BLK-024751,2,72.3,Track Occupied
TRN-03196,BLK-019450,3,80.6,Track Occupied
TRN-03197,BLK-006494,3,75.6,Track Occupied
TRN-03198,BLK-019224,2,76.9,Track Occupied
TRN-03199,BLK-032227,2,88.2,Track Occupied
TRN-03200,BLK-027527,3,66.5,Track Occupied
TRN-03201,BLK-026238,2,74.8,Track Occupied
TRN-03201,BLK-026239,2,74.8,Track Occupied
TRN-03202,BLK-011656,3,30.5,Track Occupied
TRN-03203,BLK-027580,2,72.2,Track Occupied
TRN-03204,BLK-012122,1,44.7,Track Occupied
TRN-03205,BLK-008082,3,70.2,Track Occupied
TRN-03206,BLK-018334,3,73.6,Track Occupied
TRN-03207,BLK-029257,2,99.0,Track Occupied
TRN-03208,BLK-019482,2,81.2,Track Occupied
TRN-03209,BLK-018947,2,53.3,Track Occupied
TRN-03210,BLK-024057,3,73.2,Track Occupied
TRN-03211,BLK-020971,3,91.6,Track Occupied
TRN-03212,BLK-024183,2,51.3,Track Occupied
TRN-03213,BLK-009114,3,69.8,Track Occupied
TRN-03214,BLK-013353,2,81.8,Track Occupied
TRN-03215,BLK-016760,2,69.2,Track Occupied
TRN-03216,BLK-018427,1,31.9,Track Occupied
TRN-03216,BLK-018428,1,31.9,Track Occupied
TRN-03217,BLK-016861,2,62.0,Track Occupied
TRN-03218,BLK-020229,1,14.1,Track Occupied
TRN-03219,BLK-002570,2,47.9,Track Occupied
TRN-03220,BLK-019134,3,84.3,Track Occupied
TRN-03221,BLK-012650,2,61.5,Track Occupied
TRN-03222,BLK-008419,3,61.2,Track Occupied
TRN-03223,BLK-029850,1,41.7,Track Occupied
TRN-03224,BLK-030524,3,69.1,Track Occupied
TRN-03225,BLK-032257,2,62.8,Track Occupied
TRN-03226,BLK-006804,2,65.2,Track Occupied
TRN-03227,BLK-028523,1,39.6,Track Occupied
TRN-03228,BLK-032251,1,34.1,Track Occupied
TRN-03229,BLK-025055,3,85.6,Track Occupied
TRN-03230,BLK-002352,2,65.8,Track Occupied
TRN-03231,BLK-003784,1,35.7,Track Occupied
TRN-03232,BLK-027313,3,84.8,Track Occupied
TRN-03233,BLK-013762,3,73.3,Track Occupied
TRN-03234,BLK-023061,2,88.6,Track Occupied
TRN-03235,BLK-002124,2,73.3,Track Occupied
TRN-03236,BLK-007286,3,99.0,Track Occupied
TRN-03237,BLK-019535,1,25.5,Track Occupied
TRN-03238,BLK-004108,3,83.2,Track Occupied
TRN-03239,BLK-019250,3,68.1,Track Occupied
TRN-03240,BLK-006984,2,68.6,Track Occupied
TRN-03241,BLK-026141,1,17.0,Track Occupied
TRN-03242,BLK-028626,2,61.1,Track Occupied
TRN-03243,BLK-010833,2,63.0,Track Occupied
TRN-03244,BLK-013516,2,51.0,Track Occupied
TRN-03245,BLK-014461,3,60.6,Track Occupied
TRN-03246,BLK-007499,2,58.8,Track Occupied
TRN-03247,BLK-006160,1,29.1,Track Occupied
TRN-03248,BLK-014212,3,59.0,Track Occupied
TRN-03249,BLK-008336,3,58.9,Track Occupied
TRN-03250,BLK-028801,3,99.0,Track Occupied
TRN-03251,BLK-019722,2,82.4,Track Occupied
TRN-03252,BLK-008672,3,67.1,Track Occupied
TRN-03253,BLK-026012,1,28.2,Track Occupied
TRN-03254,BLK-018348,3,60.9,Track Occupied
TRN-03255,BLK-023879,2,69.1,Track Occupied
TRN-03256,BLK-014539,3,73.2,Track Occupied
TRN-03257,BLK-033205,1,35.7,Track Occupied
TRN-03258,BLK-029489,3,91.0,Track Occupied
TRN-03258,BLK-029490,3,91.0,Track Occupied
TRN-03259,BLK-032941,2,86.5,Track Occupied
TRN-03259,BLK-032942,2,86.5,Track Occupied
TRN-03260,BLK-001611,2,70.3,Track Occupied
TRN-03261,BLK-012558,2,44.2,Track Occupied
TRN-03262,BLK-031921,3,59.5,Track Occupied
TRN-03263,BLK-025667,2,84.7,Track Occupied
TRN-03264,BLK-013773,2,50.2,Track Occupied
TRN-03265,BLK-012187,2,60.2,Track Occupied
TRN-03266,BLK-007520,2,64.3,Track Occupied
TRN-03267,BLK-025726,3,80.1,Track Occupied
TRN-03268,BLK-028244,3,43.6,Track Occupied
TRN-03269,BLK-027048,3,79.8,Track Occupied
TRN-03270,BLK-017315,3,83.4,Track Occupied
TRN-03271,BLK-021319,2,41.4,Track Occupied
TRN-03272,BLK-017525,3,64.6,Track Occupied
TRN-03273,BLK-027627,3,76.5,Track Occupied
TRN-03274,BLK-010804,2,99.0,Track Occupied
TRN-03275,BLK-007775,2,60.6,Track Occupied
TRN-03276,BLK-027931,1,34.2,Track Occupied
TRN-03277,BLK-016699,2,70.1,Track Occupied
TRN-03278,BLK-009210,3,72.0,Track Occupied
TRN-03279,BLK-030341,2,64.4,Track Occupied
TRN-03280,BLK-001744,2,79.0,Track Occupied
TRN-03281,BLK-025949,3,53.8,Track Occupied
TRN-03281,BLK-025950,3,53.8,Track Occupied
TRN-03282,BLK-017616,2,87.4,Track Occupied
TRN-03283,BLK-025500,1,36.4,Track Occupied
TRN-03284,BLK-010108,2,75.7,Track Occupied
TRN-03285,BLK-007092,3,61.3,Track Occupied
TRN-03286,BLK-027726,3,66.9,Track Occupied
TRN-03287,BLK-032342,1,23.8,Track Occupied
TRN-03288,BLK-003596,3,71.4,Track Occupied
TRN-03289,BLK-009946,2,54.3,Track Occupied
TRN-03290,BLK-026176,3,63.6,Track Occupied
TRN-03291,BLK-008803,3,66.4,Track Occupied
TRN-03292,BLK-032680,3,47.2,Track Occupied
TRN-03293,BLK-000660,2,60.8,Track Occupied
TRN-03294,BLK-031176,3,60.6,Track Occupied
TRN-03295,BLK-032564,2,77.8,Track Occupied
TRN-03296,BLK-001973,3,81.9,Track Occupied
TRN-03296,BLK-001974,3,81.9,Track Occupied
TRN-03297,BLK-000234,3,90.6,Track Occupied
TRN-03298,BLK-006800,2,37.6,Track Occupied
TRN-03299,BLK-033512,2,49.0,Track Occupied
TRN-03300,BLK-006291,2,86.7,Track Occupied
TRN-03301,BLK-027314,3,97.4,Track Occupied
TRN-03301,BLK-027315,3,97.4,Track Occupied
TRN-03302,BLK-017090,2,82.6,Track Occupied
TRN-03303,BLK-009650,3,65.6,Track Occupied
TRN-03304,BLK-013347,1,38.0,Track Occupied
TRN-03305,BLK-010253,3,99.0,Track Occupied
TRN-03306,BLK-023434,3,60.9,Track Occupied
TRN-03306,BLK-023435,3,60.9,Track Occupied
TRN-03307,BLK-023513,2,74.7,Track Occupied
TRN-03308,BLK-008791,3,79.8,Track Occupied
TRN-03309,BLK-023020,2,70.3,Track Occupied
TRN-03309,BLK-023021,2,70.3,Track Occupied
TRN-03310,BLK-024584,1,19.7,Track Occupied
TRN-03311,BLK-028730,1,5.0,Track Occupied
TRN-03312,BLK-008091,2,84.2,Track Occupied
TRN-03313,BLK-021268,2,86.1,Track Occupied
TRN-03314,BLK-011556,1,32.6,Track Occupied
TRN-03315,BLK-018079,3,76.3,Track Occupied
TRN-03316,BLK-026916,2,65.9,Track Occupied
TRN-03317,BLK-028719,3,53.7,Track Occupied
TRN-03318,BLK-028777,2,51.0,Track Occupied
TRN-03319,BLK-010248,3,66.9,Track Occupied
TRN-03320,BLK-004920,2,34.4,Track Occupied
TRN-03321,BLK-030964,1,28.8,Track Occupied
TRN-03322,BLK-007347,1,47.6,Track Occupied
TRN-03323,BLK-014991,1,43.4,Track Occupied
TRN-03324,BLK-018802,2,82.0,Track Occupied
TRN-03325,BLK-012372,3,95.8,Track Occupied
TRN-03326,BLK-000305,3,70.4,Track Occupied
TRN-03327,BLK-002756,2,82.3,Track Occupied
TRN-03328,BLK-011319,3,82.1,Track Occupied
TRN-03329,BLK-004078,3,44.5,Track Occupied
TRN-03329,BLK-004079,3,44.5,Track Occupied
TRN-03330,BLK-005186,1,21.8,Track Occupied
TRN-03331,BLK-031208,3,78.1,Track Occupied
TRN-03332,BLK-028809,1,53.8,Track Occupied
TRN-03332,BLK-028810,1,53.8,Track Occupied
TRN-03333,BLK-023849,3,99.0,Track Occupied
TRN-03334,BLK-029184,1,68.3,Track Occupied
TRN-03335,BLK-004775,2,99.0,Track Occupied
TRN-03336,BLK-030643,3,54.2,Track Occupied
TRN-03337,BLK-005586,3,76.8,Track Occupied
TRN-03338,BLK-023309,2,79.1,Track Occupied
TRN-03339,BLK-026517,2,80.0,Track Occupied
TRN-03340,BLK-028659,3,91.3,Track Occupied
TRN-03341,BLK-033024,2,72.2,Track Occupied
TRN-03342,BLK-028748,1,77.9,Track Occupied
TRN-03343,BLK-029976,3,72.0,Track Occupied
TRN-03344,BLK-029996,3,86.5,Track Occupied
TRN-03345,BLK-010509,3,43.5,Track Occupied
TRN-03346,BLK-017078,3,74.1,Track Occupied
TRN-03347,BLK-013634,3,49.9,Track Occupied
TRN-03348,BLK-016143,3,78.4,Track Occupied
TRN-03348,BLK-016144,3,78.4,Track Occupied
TRN-03349,BLK-005923,1,33.3,Track Occupied
TRN-03350,BLK-025805,1,48.5,Track Occupied
TRN-03351,BLK-022859,2,69.0,Track Occupied
TRN-03352,BLK-027022,3,94.6,Track Occupied
TRN-03353,BLK-026260,3,59.1,Track Occupied
TRN-03354,BLK-002018,3,70.1,Track Occupied
TRN-03355,BLK-017546,1,40.9,Track Occupied
TRN-03356,BLK-028513,3,79.2,Track Occupied
TRN-03357,BLK-018333,2,72.1,Track Occupied
TRN-03358,BLK-016944,2,76.0,Track Occupied
TRN-03359,BLK-010597,1,19.9,Track Occupied
TRN-03360,BLK-032503,2,47.1,Track Occupied
TRN-03360,BLK-032504,2,47.1,Track Occupied
TRN-03361,BLK-016873,1,31.1,Track Occupied
TRN-03362,BLK-002566,3,72.5,Track Occupied
TRN-03363,BLK-009839,3,59.1,Track Occupied
TRN-03364,BLK-029519,2,48.9,Track Occupied
TRN-03365,BLK-007244,3,47.1,Track Occupied
TRN-03366,BLK-032783,3,68.6,Track Occupied
TRN-03367,BLK-014506,3,82.1,Track Occupied
TRN-03368,BLK-005047,3,69.8,Track Occupied
TRN-03369,BLK-024992,3,77.2,Track Occupied
TRN-03370,BLK-018427,3,46.3,Track Occupied
TRN-03371,BLK-010292,2,49.5,Track Occupied
TRN-03372,BLK-032416,1,39.5,Track Occupied
TRN-03373,BLK-020558,2,62.2,Track Occupied
TRN-03374,BLK-012832,1,32.9,Track Occupied
TRN-03375,BLK-013553,1,34.8,Track Occupied
TRN-03376,BLK-017127,1,55.4,Track Occupied
TRN-03377,BLK-017932,2,80.2,Track Occupied
TRN-03378,BLK-023601,3,57.0,Track Occupied
TRN-03379,BLK-016229,3,54.2,Track Occupied
TRN-03380,BLK-030262,2,86.7,Track Occupied
TRN-03381,BLK-021396,2,68.7,Track Occupied
TRN-03382,BLK-031859,1,36.3,Track Occupied
TRN-03383,BLK-010268,2,93.1,Track Occupied
TRN-03384,BLK-008402,2,75.3,Track Occupied
TRN-03385,BLK-030791,2,60.5,Track Occupied
TRN-03386,BLK-006078,2,97.8,Track Occupied
TRN-03387,BLK-006038,1,32.8,Track Occupied
TRN-03388,BLK-026924,2,45.1,Track Occupied
TRN-03389,BLK-026183,3,82.3,Track Occupied
TRN-03389,BLK-026184,3,82.3,Track Occupied
TRN-03390,BLK-011449,2,79.4,Track Occupied
TRN-03391,BLK-032762,2,88.2,Track Occupied
TRN-03392,BLK-007932,3,90.1,Track Occupied
TRN-03393,BLK-028133,3,73.9,Track Occupied
TRN-03394,BLK-002472,3,51.6,Track Occupied
TRN-03395,BLK-006041,2,77.0,Track Occupied
TRN-03396,BLK-033557,3,68.9,Track Occupied
TRN-03397,BLK-009918,2,74.0,Track Occupied
TRN-03398,BLK-009735,2,76.0,Track Occupied
TRN-03399,BLK-013498,2,72.1,Track Occupied
TRN-03400,BLK-026761,3,96.9,Track Occupied
TRN-03401,BLK-023590,3,49.4,Track Occupied
TRN-03402,BLK-031790,2,53.9,Track Occupied
TRN-03403,BLK-003151,2,59.7,Track Occupied
TRN-03404,BLK-032076,1,47.6,Track Occupied
TRN-03405,BLK-001003,2,63.3,Track Occupied
TRN-03406,BLK-011848,2,74.0,Track Occupied
TRN-03407,BLK-012486,3,81.0,Track Occupied
TRN-03408,BLK-021778,3,56.4,Track Occupied
TRN-03409,BLK-032251,2,85.0,Track Occupied
TRN-03410,BLK-016589,2,72.2,Track Occupied
TRN-03411,BLK-006132,2,57.3,Track Occupied
TRN-03412,BLK-028535,1,49.3,Track Occupied
TRN-03413,BLK-016153,3,56.4,Track Occupied
TRN-03414,BLK-022251,3,73.7,Track Occupied
TRN-03414,BLK-022252,3,73.7,Track Occupied
TRN-03415,BLK-033083,2,74.4,Track Occupied
TRN-03416,BLK-027204,2,86.7,Track Occupied
TRN-03417,BLK-016436,3,75.3,Track Occupied
TRN-03417,BLK-016437,3,75.3,Track Occupied
TRN-03418,BLK-002734,3,91.9,Track Occupied
TRN-03419,BLK-013416,3,59.4,Track Occupied
TRN-03420,BLK-026604,2,83.6,Track Occupied
TRN-03421,BLK-003489,3,88.6,Track Occupied
TRN-03422,BLK-012241,3,88.6,Track Occupied
TRN-03423,BLK-020051,3,42.2,Track Occupied
TRN-03424,BLK-011362,2,57.6,Track Occupied
TRN-03425,BLK-019563,3,68.0,Track Occupied
TRN-03426,BLK-030356,3,89.8,Track Occupied
TRN-03427,BLK-032461,3,41.5,Track Occupied
TRN-03428,BLK-004775,2,25.0,Track Occupied
TRN-03429,BLK-013863,2,60.0,Track Occupied
TRN-03430,BLK-008149,2,76.2,Track Occupied
TRN-03431,BLK-005878,3,93.8,Track Occupied
TRN-03432,BLK-002098,2,79.6,Track Occupied
TRN-03432,BLK-002099,2,79.6,Track Occupied
TRN-03433,BLK-013183,1,10.2,Track Occupied
TRN-03433,BLK-013184,1,10.2,Track Occupied
TRN-03434,BLK-024219,3,77.3,Track Occupied
TRN-03435,BLK-025280,2,70.1,Track Occupied
TRN-03436,BLK-024540,2,61.3,Track Occupied
TRN-03437,BLK-021104,1,46.4,Track Occupied
TRN-03438,BLK-015496,1,34.8,Track Occupied
TRN-03439,BLK-032611,3,82.1,Track Occupied
TRN-03440,BLK-002394,2,99.0,Track Occupied
TRN-03441,BLK-025383,2,35.0,Track Occupied
TRN-03442,BLK-013262,1,36.8,Track Occupied
TRN-03443,BLK-018941,1,32.1,Track Occupied
TRN-03444,BLK-019745,3,29.6,Track Occupied
TRN-03445,BLK-029465,3,79.0,Track Occupied
TRN-03446,BLK-009711,3,79.9,Track Occupied
TRN-03447,BLK-008352,3,54.4,Track Occupied
TRN-03448,BLK-029145,3,78.4,Track Occupied
TRN-03449,BLK-031309,3,57.6,Track Occupied
TRN-03450,BLK-030824,2,25.0,Track Occupied
TRN-03451,BLK-006934,2,82.5,Track Occupied
TRN-03452,BLK-020339,2,60.9,Track Occupied
TRN-03453,BLK-021670,3,74.0,Track Occupied
TRN-03454,BLK-007594,2,56.0,Track Occupied
TRN-03455,BLK-024432,2,61.2,Track Occupied
TRN-03456,BLK-021614,3,48.8,Track Occupied
TRN-03457,BLK-008079,2,77.9,Track Occupied
TRN-03458,BLK-032524,3,85.2,Track Occupied
TRN-03459,BLK-004042,1,49.3,Track Occupied
TRN-03460,BLK-033186,2,58.8,Track Occupied
TRN-03461,BLK-018978,2,83.7,Track Occupied
TRN-03462,BLK-003036,1,11.0,Track Occupied
TRN-03463,BLK-028017,2,62.9,Track Occupied
TRN-03464,BLK-009959,2,81.6,Track Occupied
TRN-03465,BLK-016948,3,52.4,Track Occupied
TRN-03466,BLK-000383,2,99.0,Track Occupied
TRN-03467,BLK-029933,2,75.9,Track Occupied
TRN-03468,BLK-000912,2,62.6,Track Occupied
TRN-03469,BLK-024119,3,63.3,Track Occupied
TRN-03470,BLK-005365,3,99.0,Track Occupied
TRN-03471,BLK-015574,2,74.1,Track Occupied
TRN-03472,BLK-011022,2,48.2,Track Occupied
TRN-03472,BLK-011023,2,48.2,Track Occupied
TRN-03473,BLK-003706,2,54.8,Track Occupied
TRN-03474,BLK-024768,2,93.0,Track Occupied
TRN-03475,BLK-024887,3,64.7,Track Occupied
TRN-03476,BLK-011938,3,89.8,Track Occupied
TRN-03477,BLK-018978,3,95.1,Track Occupied
TRN-03478,BLK-018849,3,67.7,Track Occupied
TRN-03479,BLK-024353,3,74.0,Track Occupied
TRN-03480,BLK-027732,2,43.4,Track Occupied
TRN-03481,BLK-025510,3,64.8,Track Occupied
TRN-03482,BLK-029267,1,30.3,Track Occupied
TRN-03483,BLK-014690,2,88.6,Track Occupied
TRN-03483,BLK-014691,2,88.6,Track Occupied
TRN-03484,BLK-021174,3,67.3,Track Occupied
TRN-03485,BLK-011623,3,90.2,Track Occupied
TRN-03486,BLK-009282,2,52.8,Track Occupied
TRN-03487,BLK-004837,1,23.8,Track Occupied
TRN-03488,BLK-025544,2,81.8,Track Occupied
TRN-03489,BLK-010733,2,50.6,Track Occupied
TRN-03489,BLK-010734,2,50.6,Track Occupied
TRN-03490,BLK-031995,1,60.2,Track Occupied
TRN-03491,BLK-010449,3,99.0,Track Occupied
TRN-03492,BLK-030024,2,81.2,Track Occupied
TRN-03493,BLK-021958,2,83.9,Track Occupied
TRN-03494,BLK-006506,1,41.0,Track Occupied
TRN-03495,BLK-019240,2,80.5,Track Occupied
TRN-03496,BLK-028652,3,81.3,Track Occupied
TRN-03496,BLK-028653,3,81.3,Track Occupied
TRN-03497,BLK-000616,2,46.3,Track Occupied
TRN-03498,BLK-007689,3,83.9,Track Occupied
TRN-03499,BLK-031774,1,38.7,Track Occupied
TRN-03500,BLK-025171,2,57.8,Track Occupied
TRN-03501,BLK-029041,1,36.7,Track Occupied
TRN-03502,BLK-012916,3,43.5,Track Occupied
TRN-03503,BLK-006343,3,86.7,Track Occupied
TRN-03504,BLK-011240,3,63.8,Track Occupied
TRN-03505,BLK-024645,2,86.8,Track Occupied
TRN-03506,BLK-014113,2,82.5,Track Occupied
TRN-03507,BLK-012896,2,72.6,Track Occupied
TRN-03508,BLK-017883,1,25.0,Track Occupied
TRN-03509,BLK-014521,3,63.0,Track Occupied
TRN-03510,BLK-018496,2,87.4,Track Occupied
TRN-03511,BLK-006913,3,65.4,Track Occupied
TRN-03512,BLK-018164,2,97.6,Track Occupied
TRN-03513,BLK-015031,2,87.4,Track Occupied
TRN-03514,BLK-012827,3,72.1,Track Occupied
TRN-03515,BLK-005019,3,70.7,Track Occupied
TRN-03516,BLK-003758,3,67.2,Track Occupied
TRN-03517,BLK-033219,1,34.9,Track Occupied
TRN-03518,BLK-024677,1,38.3,Track Occupied
TRN-03519,BLK-032583,2,87.2,Track Occupied
TRN-03520,BLK-022066,2,64.3,Track Occupied
TRN-03520,BLK-022067,2,64.3,Track Occupied
TRN-03521,BLK-017592,3,74.9,Track Occupied
TRN-03522,BLK-026146,3,67.9,Track Occupied
TRN-03523,BLK-031370,1,39.0,Track Occupied
TRN-03524,BLK-032681,2,93.7,Track Occupied
TRN-03525,BLK-016800,2,87.0,Track Occupied
TRN-03526,BLK-020567,3,54.5,Track Occupied
TRN-03527,BLK-004467,2,96.4,Track Occupied
TRN-03528,BLK-021673,2,56.9,Track Occupied
TRN-03529,BLK-031811,2,56.7,Track Occupied
TRN-03530,BLK-007273,2,60.8,Track Occupied
TRN-03531,BLK-022235,3,66.8,Track Occupied
TRN-03532,BLK-024392,2,81.0,Track Occupied
TRN-03533,BLK-016373,3,79.9,Track Occupied
TRN-03534,BLK-028907,3,71.8,Track Occupied
TRN-03535,BLK-022233,3,76.0,Track Occupied
TRN-03536,BLK-025894,1,31.3,Track Occupied
TRN-03537,BLK-014501,3,80.1,Track Occupied
TRN-03538,BLK-023391,2,62.8,Track Occupied
TRN-03538,BLK-023392,2,62.8,Track Occupied
TRN-03539,BLK-018208,3,73.1,Track Occupied
TRN-03540,BLK-028513,1,33.6,Track Occupied
TRN-03541,BLK-019688,3,64.4,Track Occupied
TRN-03542,BLK-010694,3,99.0,Track Occupied
TRN-03543,BLK-023406,2,61.0,Track Occupied
TRN-03544,BLK-006953,3,78.5,Track Occupied
TRN-03545,BLK-019724,1,33.8,Track Occupied
TRN-03546,BLK-022805,3,60.9,Track Occupied
TRN-03547,BLK-005833,2,93.9,Track Occupied
TRN-03548,BLK-027934,2,82.7,Track Occupied
TRN-03549,BLK-022389,2,57.5,Track Occupied
TRN-03550,BLK-023490,3,70.9,Track Occupied
TRN-03551,BLK-029538,2,74.8,Track Occupied
TRN-03552,BLK-017527,2,74.3,Track Occupied
TRN-03553,BLK-009996,2,90.4,Track Occupied
TRN-03554,BLK-023654,3,96.3,Track Occupied
TRN-03555,BLK-026725,2,99.0,Track Occupied
TRN-03556,BLK-013309,3,81.8,Track Occupied
TRN-03557,BLK-004451,1,7.1,Track Occupied
TRN-03558,BLK-021055,2,88.9,Track Occupied
TRN-03559,BLK-031293,2,70.5,Track Occupied
TRN-03560,BLK-017886,3,71.9,Track Occupied
TRN-03561,BLK-012900,3,99.0,Track Occupied
TRN-03562,BLK-018514,1,44.2,Track Occupied
TRN-03563,BLK-010581,3,76.1,Track Occupied
TRN-03564,BLK-014738,2,79.4,Track Occupied
TRN-03565,BLK-019452,3,90.0,Track Occupied
TRN-03566,BLK-004714,2,48.8,Track Occupied
TRN-03567,BLK-016658,3,44.7,Track Occupied
TRN-03568,BLK-014094,3,69.2,Track Occupied
TRN-03569,BLK-009180,3,88.1,Track Occupied
TRN-03570,BLK-022151,2,71.1,Track Occupied
TRN-03571,BLK-005692,1,60.8,Track Occupied
TRN-03572,BLK-003877,2,51.2,Track Occupied
TRN-03573,BLK-028948,3,70.3,Track Occupied
TRN-03574,BLK-024633,2,90.1,Track Occupied
TRN-03575,BLK-009801,2,73.2,Track Occupied
TRN-03576,BLK-009575,1,55.9,Track Occupied
TRN-03577,BLK-032960,1,41.5,Track Occupied
TRN-03578,BLK-025528,3,51.9,Track Occupied
TRN-03579,BLK-020768,3,80.0,Track Occupied
TRN-03580,BLK-018623,2,53.0,Track Occupied
TRN-03581,BLK-008087,1,11.6,Track Occupied
TRN-03582,BLK-014092,2,66.7,Track Occupied
TRN-03583,BLK-026009,2,71.8,Track Occupied
TRN-03584,BLK-001574,3,82.4,Track Occupied
TRN-03585,BLK-027910,3,62.0,Track Occupied
TRN-03586,BLK-001916,2,47.4,Track Occupied
TRN-03587,BLK-011465,3,84.7,Track Occupied
TRN-03588,BLK-017955,2,55.7,Track Occupied
TRN-03589,BLK-029747,2,74.3,Track Occupied
TRN-03590,BLK-003856,1,35.4,Track Occupied
TRN-03590,BLK-003857,1,35.4,Track Occupied
TRN-03591,BLK-000905,1,49.5,Track Occupied
TRN-03592,BLK-021717,2,84.8,Track Occupied
TRN-03593,BLK-000905,3,82.3,Track Occupied
TRN-03594,BLK-019432,3,31.4,Track Occupied
TRN-03595,BLK-013081,2,63.7,Track Occupied
TRN-03596,BLK-028109,1,38.4,Track Occupied
TRN-03597,BLK-001394,1,55.7,Track Occupied
TRN-03598,BLK-017094,3,48.3,Track Occupied
TRN-03599,BLK-011108,2,41.6,Track Occupied
TRN-03600,BLK-001233,2,53.5,Track Occupied
TRN-03601,BLK-029653,3,86.1,Track Occupied
TRN-03601,BLK-029654,3,86.1,Track Occupied
TRN-03602,BLK-007476,2,58.3,Track Occupied
TRN-03603,BLK-015808,2,88.7,Track Occupied
TRN-03604,BLK-003317,3,85.0,Track Occupied
TRN-03605,BLK-013228,2,65.9,Track Occupied
TRN-03606,BLK-018404,2,77.7,Track Occupied
TRN-03607,BLK-014052,2,72.1,Track Occupied
TRN-03608,BLK-031243,3,74.2,Track Occupied
TRN-03609,BLK-024544,3,32.8,Track Occupied
TRN-03610,BLK-020218,1,35.1,Track Occupied
TRN-03611,BLK-032051,1,52.4,Track Occupied
TRN-03612,BLK-000168,2,82.4,Track Occupied
TRN-03613,BLK-024882,3,51.1,Track Occupied
TRN-03614,BLK-000079,2,65.7,Track Occupied
TRN-03615,BLK-007230,3,54.6,Track Occupied
TRN-03616,BLK-007300,1,32.4,Track Occupied
TRN-03617,BLK-012470,3,46.5,Track Occupied
TRN-03618,BLK-004985,3,46.0,Track Occupied
TRN-03619,BLK-001961,3,86.2,Track Occupied
TRN-03620,BLK-001609,2,66.8,Track Occupied
TRN-03621,BLK-006619,3,48.2,Track Occupied
TRN-03622,BLK-005790,2,67.3,Track Occupied
TRN-03623,BLK-002265,3,77.3,Track Occupied
TRN-03624,BLK-011334,2,86.1,Track Occupied
TRN-03625,BLK-029025,3,47.6,Track Occupied
TRN-03626,BLK-000102,2,85.0,Track Occupied
TRN-03627,BLK-021659,2,69.4,Track Occupied
TRN-03628,BLK-001074,1,40.0,Track Occupied
TRN-03629,BLK-025543,2,81.0,Track Occupied
TRN-03630,BLK-031888,1,65.8,Track Occupied
TRN-03631,BLK-027610,2,79.5,Track Occupied
TRN-03631,BLK-027611,2,79.5,Track Occupied
TRN-03632,BLK-009944,2,77.2,Track Occupied
TRN-03633,BLK-025035,3,60.4,Track Occupied
TRN-03634,BLK-014202,2,70.2,Track Occupied
TRN-03635,BLK-021505,2,74.9,Track Occupied
TRN-03636,BLK-031733,1,38.4,Track Occupied
TRN-03637,BLK-026551,3,63.5,Track Occupied
TRN-03638,BLK-015950,1,64.0,Track Occupied
TRN-03639,BLK-012896,3,81.7,Track Occupied
TRN-03640,BLK-011346,1,48.2,Track Occupied
TRN-03641,BLK-030166,3,74.0,Track Occupied
TRN-03642,BLK-005057,3,44.5,Track Occupied
TRN-03643,BLK-024474,2,96.5,Track Occupied
TRN-03644,BLK-015118,1,54.2,Track Occupied
TRN-03645,BLK-000311,2,94.2,Track Occupied
TRN-03646,BLK-032063,1,26.9,Track Occupied
TRN-03646,BLK-032064,1,26.9,Track Occupied
TRN-03647,BLK-005805,1,33.0,Track Occupied
TRN-03648,BLK-010844,3,66.4,Track Occupied
TRN-03649,BLK-027344,3,81.9,Track Occupied
TRN-03650,BLK-026321,2,48.6,Track Occupied
TRN-03651,BLK-016507,3,72.8,Track Occupied
TRN-03652,BLK-024545,2,89.1,Track Occupied
TRN-03653,BLK-030056,2,54.3,Track Occupied
TRN-03654,BLK-010973,3,68.5,Track Occupied
TRN-03655,BLK-000176,2,58.3,Track Occupied
TRN-03656,BLK-017796,2,76.1,Track Occupied
TRN-03657,BLK-016767,3,78.5,Track Occupied
TRN-03658,BLK-025963,3,80.8,Track Occupied
TRN-03659,BLK-014970,1,48.3,Track Occupied
TRN-03659,BLK-014971,1,48.3,Track Occupied
TRN-03660,BLK-021332,3,66.6,Track Occupied
TRN-03661,BLK-029373,3,46.7,Track Occupied
TRN-03662,BLK-011534,2,85.4,Track Occupied
TRN-03663,BLK-004460,1,33.3,Track Occupied
TRN-03664,BLK-021621,2,89.5,Track Occupied
TRN-03665,BLK-025066,2,62.6,Track Occupied
TRN-03666,BLK-006399,1,45.7,Track Occupied
TRN-03667,BLK-018761,1,16.8,Track Occupied
TRN-03667,BLK-018762,1,16.8,Track Occupied
TRN-03668,BLK-005375,2,83.0,Track Occupied
TRN-03669,BLK-007972,2,60.4,Track Occupied
TRN-03670,BLK-008559,3,67.3,Track Occupied
TRN-03671,BLK-019552,1,48.0,Track Occupied
TRN-03672,BLK-000718,2,75.0,Track Occupied
TRN-03673,BLK-014778,3,48.6,Track Occupied
TRN-03674,BLK-011576,3,64.0,Track Occupied
TRN-03675,BLK-016461,2,81.1,Track Occupied
TRN-03675,BLK-016462,2,81.1,Track Occupied
TRN-03676,BLK-009322,2,60.7,Track Occupied
TRN-03677,BLK-014840,2,49.2,Track Occupied
TRN-03678,BLK-025605,3,68.0,Track Occupied
TRN-03679,BLK-010669,2,70.1,Track Occupied
TRN-03680,BLK-030270,2,83.0,Track Occupied
TRN-03681,BLK-022109,2,60.4,Track Occupied
TRN-03682,BLK-011083,2,91.0,Track Occupied
TRN-03683,BLK-022317,1,31.5,Track Occupied
TRN-03684,BLK-015701,3,66.1,Track Occupied
TRN-03685,BLK-003952,2,62.9,Track Occupied
TRN-03686,BLK-021886,3,62.5,Track Occupied
TRN-03687,BLK-013652,3,72.4,Track Occupied
TRN-03688,BLK-004343,2,70.4,Track Occupied
TRN-03689,BLK-000696,2,75.0,Track Occupied
TRN-03690,BLK-007454,2,81.8,Track Occupied
TRN-03691,BLK-016874,2,64.7,Track Occupied
TRN-03691,BLK-016875,2,64.7,Track Occupied
TRN-03692,BLK-009728,2,69.3,Track Occupied
TRN-03692,BLK-009729,2,69.3,Track Occupied
TRN-03693,BLK-020710,1,36.7,Track Occupied
TRN-03694,BLK-006775,3,68.2,Track Occupied
TRN-03695,BLK-022506,3,65.3,Track Occupied
TRN-03696,BLK-011452,3,90.4,Track Occupied
TRN-03697,BLK-032126,3,59.4,Track Occupied
TRN-03698,BLK-030448,2,86.8,Track Occupied
TRN-03699,BLK-030565,3,66.3,Track Occupied
TRN-03700,BLK-006569,3,43.7,Track Occupied
TRN-03701,BLK-006612,3,68.4,Track Occupied
TRN-03702,BLK-015930,1,61.0,Track Occupied
TRN-03702,BLK-015931,1,61.0,Track Occupied
TRN-03703,BLK-017767,3,84.4,Track Occupied
TRN-03704,BLK-005092,3,58.1,Track Occupied
TRN-03705,BLK-031617,3,94.4,Track Occupied
TRN-03706,BLK-016897,2,71.8,Track Occupied
TRN-03706,BLK-016898,2,71.8,Track Occupied
TRN-03707,BLK-010791,2,70.2,Track Occupied
TRN-03708,BLK-020017,3,64.5,Track Occupied
TRN-03709,BLK-009116,3,97.7,Track Occupied
TRN-03710,BLK-031377,3,71.6,Track Occupied
TRN-03711,BLK-027878,1,34.7,Track Occupied
TRN-03712,BLK-031876,3,64.8,Track Occupied
TRN-03712,BLK-031877,3,64.8,Track Occupied
TRN-03713,BLK-006506,1,13.4,Track Occupied
TRN-03714,BLK-012326,1,40.5,Track Occupied
TRN-03715,BLK-011236,2,78.3,Track Occupied
TRN-03715,BLK-011237,2,78.3,Track Occupied
TRN-03716,BLK-013326,2,88.8,Track Occupied
TRN-03717,BLK-003244,1,34.2,Track Occupied
TRN-03718,BLK-018836,2,61.2,Track Occupied
TRN-03719,BLK-010273,2,83.6,Track Occupied
TRN-03720,BLK-009523,2,80.2,Track Occupied
TRN-03721,BLK-027130,3,99.0,Track Occupied
TRN-03722,BLK-029854,2,57.7,Track Occupied
TRN-03723,BLK-029438,3,73.5,Track Occupied
TRN-03724,BLK-016356,2,71.2,Track Occupied
TRN-03725,BLK-029089,2,66.9,Track Occupied
TRN-03726,BLK-028633,1,31.2,Track Occupied
TRN-03727,BLK-014043,3,70.0,Track Occupied
TRN-03728,BLK-031072,3,80.6,Track Occupied
TRN-03729,BLK-016050,2,95.2,Track Occupied
TRN-03730,BLK-014877,1,18.1,Track Occupied
TRN-03731,BLK-018599,2,53.5,Track Occupied
TRN-03732,BLK-006082,2,67.5,Track Occupied
TRN-03733,BLK-013896,1,35.0,Track Occupied
TRN-03734,BLK-000743,3,67.8,Track Occupied
TRN-03735,BLK-030034,3,99.0,Track Occupied
TRN-03736,BLK-005654,2,65.1,Track Occupied
TRN-03737,BLK-024790,2,55.8,Track Occupied
TRN-03738,BLK-030068,1,32.7,Track Occupied
TRN-03739,BLK-017196,2,78.9,Track Occupied
TRN-03740,BLK-016951,3,63.4,Track Occupied
TRN-03741,BLK-006929,1,40.5,Track Occupied
TRN-03742,BLK-011617,3,74.9,Track Occupied
TRN-03742,BLK-011618,3,74.9,Track Occupied
TRN-03743,BLK-027595,3,71.7,Track Occupied
TRN-03744,BLK-019051,2,80.7,Track Occupied
TRN-03745,BLK-028976,1,18.7,Track Occupied
TRN-03746,BLK-003073,2,64.2,Track Occupied
TRN-03747,BLK-015923,1,45.9,Track Occupied
TRN-03748,BLK-033106,3,45.5,Track Occupied
TRN-03749,BLK-027076,2,48.9,Track Occupied
TRN-03750,BLK-025058,3,76.0,Track Occupied
TRN-03751,BLK-023558,1,38.6,Track Occupied
TRN-03752,BLK-000239,1,21.3,Track Occupied
TRN-03753,BLK-020713,3,68.8,Track Occupied
TRN-03754,BLK-014901,1,15.0,Track Occupied
TRN-03755,BLK-010133,3,92.9,Track Occupied
TRN-03756,BLK-029503,3,25.0,Track Occupied
TRN-03757,BLK-004675,1,67.8,Track Occupied
TRN-03758,BLK-000927,2,75.0,Track Occupied
TRN-03759,BLK-009579,2,83.0,Track Occupied
TRN-03760,BLK-008518,1,54.6,Track Occupied
TRN-03761,BLK-010487,2,87.0,Track Occupied
TRN-03762,BLK-033152,1,40.0,Track Occupied
TRN-03763,BLK-006265,3,96.0,Track Occupied
TRN-03764,BLK-015189,3,76.5,Track Occupied
TRN-03764,BLK-015190,3,76.5,Track Occupied
TRN-03765,BLK-010810,2,57.2,Track Occupied
TRN-03766,BLK-011570,2,77.4,Track Occupied
TRN-03767,BLK-030684,2,96.9,Track Occupied
TRN-03768,BLK-025169,2,62.5,Track Occupied
TRN-03769,BLK-017840,1,37.3,Track Occupied
TRN-03769,BLK-017841,1,37.3,Track Occupied
TRN-03770,BLK-021606,3,54.7,Track Occupied
TRN-03771,BLK-007144,2,96.6,Track Occupied
TRN-03772,BLK-013848,3,91.1,Track Occupied
TRN-03773,BLK-030464,3,86.7,Track Occupied
TRN-03774,BLK-024215,1,31.1,Track Occupied
TRN-03775,BLK-005662,1,32.5,Track Occupied
TRN-03776,BLK-001627,3,53.6,Track Occupied
TRN-03776,BLK-001628,3,53.6,Track Occupied
TRN-03777,BLK-027712,3,68.9,Track Occupied
TRN-03778,BLK-019613,1,25.3,Track Occupied
TRN-03779,BLK-018415,1,39.6,Track Occupied
TRN-03780,BLK-015877,3,99.0,Track Occupied
TRN-03781,BLK-007194,2,78.6,Track Occupied
TRN-03782,BLK-016739,3,66.2,Track Occupied
TRN-03783,BLK-006148,2,57.4,Track Occupied
TRN-03784,BLK-022595,1,5.0,Track Occupied
TRN-03785,BLK-004661,2,61.9,Track Occupied
TRN-03786,BLK-020263,1,49.6,Track Occupied
TRN-03787,BLK-030161,2,69.3,Track Occupied
TRN-03788,BLK-010108,2,73.3,Track Occupied
TRN-03789,BLK-000819,2,80.9,Track Occupied
TRN-03790,BLK-009294,3,68.8,Track Occupied
TRN-03791,BLK-013810,2,87.4,Track Occupied
TRN-03792,BLK-031474,2,82.7,Track Occupied
TRN-03793,BLK-004746,2,86.6,Track Occupied
TRN-03794,BLK-010119,1,25.6,Track Occupied
TRN-03795,BLK-002769,2,80.0,Track Occupied
TRN-03796,BLK-001212,2,70.2,Track Occupied
TRN-03797,BLK-011230,2,61.8,Track Occupied
TRN-03798,BLK-011227,2,65.7,Track Occupied
TRN-03799,BLK-006335,2,85.2,Track Occupied
TRN-03800,BLK-031578,1,33.8,Track Occupied
TRN-03801,BLK-015706,3,57.7,Track Occupied
TRN-03802,BLK-019158,3,62.1,Track Occupied
TRN-03803,BLK-016651,3,56.4,Track Occupied
TRN-03804,BLK-007342,3,72.0,Track Occupied
TRN-03805,BLK-023758,3,64.3,Track Occupied
TRN-03806,BLK-024963,3,69.1,Track Occupied
TRN-03806,BLK-024964,3,69.1,Track Occupied
TRN-03807,BLK-022048,3,60.1,Track Occupied
TRN-03807,BLK-022049,3,60.1,Track Occupied
TRN-03808,BLK-009236,1,62.6,Track Occupied
TRN-03809,BLK-023083,1,31.2,Track Occupied
TRN-03809,BLK-023084,1,31.2,Track Occupied
TRN-03810,BLK-011513,2,80.6,Track Occupied
TRN-03811,BLK-006641,2,99.0,Track Occupied
TRN-03812,BLK-022514,1,46.4,Track Occupied
TRN-03813,BLK-030981,3,59.7,Track Occupied
TRN-03814,BLK-014022,2,56.0,Track Occupied
TRN-03815,BLK-006477,2,65.7,Track Occupied
TRN-03816,BLK-024868,2,74.0,Track Occupied
TRN-03817,BLK-021136,3,60.0,Track Occupied
TRN-03818,BLK-026696,3,68.7,Track Occupied
TRN-03819,BLK-007256,2,81.6,Track Occupied
TRN-03820,BLK-014281,1,31.1,Track Occupied
TRN-03821,BLK-022203,1,30.0,Track Occupied
TRN-03822,BLK-004468,2,74.0,Track Occupied
TRN-03823,BLK-019469,1,24.1,Track Occupied
TRN-03824,BLK-000646,2,70.8,Track Occupied
TRN-03825,BLK-022238,3,88.7,Track Occupied
TRN-03826,BLK-009522,3,48.2,Track Occupied
TRN-03827,BLK-028469,1,6.4,Track Occupied
TRN-03828,BLK-021341,2,61.2,Track Occupied
TRN-03829,BLK-022992,3,70.5,Track Occupied
TRN-03830,BLK-016855,2,25.0,Track Occupied
TRN-03831,BLK-015975,2,72.1,Track Occupied
TRN-03832,BLK-000164,2,54.2,Track Occupied
TRN-03833,BLK-029811,2,60.0,Track Occupied
TRN-03834,BLK-011331,3,51.0,Track Occupied
TRN-03835,BLK-010875,2,62.4,Track Occupied
TRN-03836,BLK-004917,2,41.3,Track Occupied
TRN-03837,BLK-018038,2,57.2,Track Occupied
TRN-03838,BLK-017503,3,72.8,Track Occupied
TRN-03839,BLK-006324,2,63.1,Track Occupied
TRN-03840,BLK-019633,3,89.3,Track Occupied
TRN-03841,BLK-023058,3,48.6,Track Occupied
TRN-03842,BLK-012292,2,60.0,Track Occupied
TRN-03843,BLK-006207,1,53.3,Track Occupied
TRN-03844,BLK-025244,3,76.6,Track Occupied
TRN-03845,BLK-000680,2,89.9,Track Occupied
TRN-03846,BLK-022603,2,99.0,Track Occupied
TRN-03847,BLK-000380,3,53.3,Track Occupied
TRN-03848,BLK-004555,2,86.1,Track Occupied
TRN-03849,BLK-023512,1,16.8,Track Occupied
TRN-03850,BLK-016829,1,5.0,Track Occupied
TRN-03850,BLK-016830,1,5.0,Track Occupied
TRN-03851,BLK-019520,3,86.9,Track Occupied
TRN-03852,BLK-013904,3,63.5,Track Occupied
TRN-03853,BLK-002602,1,25.7,Track Occupied
TRN-03854,BLK-021570,2,58.5,Track Occupied
TRN-03855,BLK-004140,2,64.5,Track Occupied
TRN-03856,BLK-022828,3,57.2,Track Occupied
TRN-03857,BLK-011787,1,27.8,Track Occupied
TRN-03858,BLK-012600,1,36.4,Track Occupied
TRN-03859,BLK-011193,3,90.9,Track Occupied
TRN-03859,BLK-011194,3,90.9,Track Occupied
TRN-03860,BLK-006725,1,35.3,Track Occupied
TRN-03861,BLK-020460,2,74.0,Track Occupied
TRN-03862,BLK-018758,2,79.1,Track Occupied
TRN-03863,BLK-022164,2,93.9,Track Occupied
TRN-03864,BLK-028834,1,39.4,Track Occupied
TRN-03864,BLK-028835,1,39.4,Track Occupied
TRN-03865,BLK-018874,3,86.7,Track Occupied
TRN-03866,BLK-004962,2,75.5,Track Occupied
TRN-03867,BLK-008907,2,69.5,Track Occupied
TRN-03868,BLK-006985,2,90.7,Track Occupied
TRN-03869,BLK-012354,2,69.6,Track Occupied
TRN-03870,BLK-032582,2,54.5,Track Occupied
TRN-03871,BLK-024460,1,37.0,Track Occupied
TRN-03872,BLK-016638,3,94.7,Track Occupied
TRN-03873,BLK-006409,3,50.9,Track Occupied
TRN-03874,BLK-025418,2,80.0,Track Occupied
TRN-03875,BLK-013566,3,67.6,Track Occupied
TRN-03876,BLK-000304,3,65.4,Track Occupied
TRN-03877,BLK-011195,3,69.9,Track Occupied
TRN-03878,BLK-018355,2,64.0,Track Occupied
TRN-03879,BLK-016186,2,90.9,Track Occupied
TRN-03880,BLK-003605,3,74.7,Track Occupied
TRN-03881,BLK-022527,3,70.1,Track Occupied
TRN-03882,BLK-033407,2,82.6,Track Occupied
TRN-03883,BLK-025269,2,64.2,Track Occupied
TRN-03884,BLK-010256,3,76.0,Track Occupied
TRN-03884,BLK-010257,3,76.0,Track Occupied
TRN-03885,BLK-014077,3,54.5,Track Occupied
TRN-03886,BLK-013157,2,99.0,Track Occupied
TRN-03886,BLK-013158,2,99.0,Track Occupied
TRN-03887,BLK-012744,1,19.8,Track Occupied
TRN-03888,BLK-031103,3,43.4,Track Occupied
TRN-03889,BLK-026833,3,99.0,Track Occupied
TRN-03890,BLK-029797,2,80.6,Track Occupied
TRN-03891,BLK-033064,2,68.3,Track Occupied
TRN-03892,BLK-008854,3,63.5,Track Occupied
TRN-03893,BLK-001890,3,79.9,Track Occupied
TRN-03894,BLK-018608,2,62.1,Track Occupied
TRN-03895,BLK-002830,1,5.0,Track Occupied
TRN-03896,BLK-015814,2,58.9,Track Occupied
TRN-03897,BLK-023131,3,85.2,Track Occupied
TRN-03898,BLK-033279,3,46.1,Track Occupied
TRN-03899,BLK-005103,3,50.9,Track Occupied
TRN-03900,BLK-022001,2,85.4,Track Occupied
TRN-03901,BLK-032883,2,75.4,Track Occupied
TRN-03902,BLK-026679,3,89.3,Track Occupied
TRN-03903,BLK-004699,2,81.9,Track Occupied
TRN-03904,BLK-014834,3,46.1,Track Occupied
TRN-03905,BLK-009492,1,54.1,Track Occupied
TRN-03906,BLK-003098,2,99.0,Track Occupied
TRN-03907,BLK-010532,2,82.8,Track Occupied
TRN-03908,BLK-031576,2,72.4,Track Occupied
TRN-03909,BLK-023694,1,25.1,Track Occupied
TRN-03910,BLK-021525,2,74.9,Track Occupied
TRN-03911,BLK-026665,3,67.4,Track Occupied
TRN-03912,BLK-032781,1,37.7,Track Occupied
TRN-03913,BLK-007905,1,42.7,Track Occupied
TRN-03914,BLK-007220,1,27.1,Track Occupied
TRN-03915,BLK-007405,3,69.8,Track Occupied
TRN-03916,BLK-022146,2,73.9,Track Occupied
TRN-03917,BLK-019536,2,70.6,Track Occupied
TRN-03918,BLK-002087,3,99.0,Track Occupied
TRN-03919,BLK-026505,3,78.5,Track Occupied
TRN-03920,BLK-011130,1,33.1,Track Occupied
TRN-03921,BLK-028171,1,52.4,Track Occupied
TRN-03922,BLK-030922,2,72.4,Track Occupied
TRN-03923,BLK-025050,2,75.7,Track Occupied
TRN-03924,BLK-008101,3,85.5,Track Occupied
TRN-03924,BLK-008102,3,85.5,Track Occupied
TRN-03925,BLK-031738,2,72.1,Track Occupied
TRN-03926,BLK-000866,3,59.5,Track Occupied
TRN-03927,BLK-023021,2,58.7,Track Occupied
TRN-03928,BLK-011177,3,89.0,Track Occupied
TRN-03929,BLK-017451,3,64.8,Track Occupied
TRN-03930,BLK-003049,3,72.5,Track Occupied
TRN-03931,BLK-023470,1,7.3,Track Occupied
TRN-03932,BLK-021545,2,78.0,Track Occupied
TRN-03933,BLK-023178,2,70.6,Track Occupied
TRN-03934,BLK-001721,3,96.4,Track Occupied
TRN-03935,BLK-025591,2,82.8,Track Occupied
TRN-03936,BLK-029669,3,83.2,Track Occupied
TRN-03937,BLK-029609,3,81.6,Track Occupied
TRN-03938,BLK-012170,2,89.7,Track Occupied
TRN-03939,BLK-003390,1,41.9,Track Occupied
TRN-03940,BLK-028768,3,94.4,Track Occupied
TRN-03941,BLK-019504,1,35.0,Track Occupied
TRN-03942,BLK-002629,1,39.0,Track Occupied
TRN-03943,BLK-004448,1,13.1,Track Occupied
TRN-03944,BLK-028514,3,79.0,Track Occupied
TRN-03945,BLK-006132,3,64.2,Track Occupied
TRN-03946,BLK-022562,3,86.2,Track Occupied
TRN-03947,BLK-007442,1,42.1,Track Occupied
TRN-03948,BLK-007775,2,99.0,Track Occupied
TRN-03949,BLK-009217,3,95.8,Track Occupied
TRN-03950,BLK-030557,2,58.7,Track Occupied
TRN-03950,BLK-030558,2,58.7,Track Occupied
TRN-03951,BLK-015195,2,50.8,Track Occupied
TRN-03952,BLK-007700,2,75.7,Track Occupied
TRN-03953,BLK-010451,3,55.6,Track Occupied
TRN-03954,BLK-005291,1,18.2,Track Occupied
TRN-03955,BLK-007060,1,52.6,Track Occupied
TRN-03956,BLK-030399,2,83.5,Track Occupied
TRN-03957,BLK-015215,1,33.6,Track Occupied
TRN-03958,BLK-020190,2,94.9,Track Occupied
TRN-03959,BLK-014132,2,73.5,Track Occupied
TRN-03959,BLK-014133,2,73.5,Track Occupied
TRN-03960,BLK-015246,2,64.9,Track Occupied
TRN-03961,BLK-018876,2,81.9,Track Occupied
TRN-03962,BLK-027745,2,74.2,Track Occupied
TRN-03963,BLK-007011,2,61.6,Track Occupied
TRN-03964,BLK-007274,2,55.9,Track Occupied
TRN-03965,BLK-013163,3,76.5,Track Occupied
TRN-03966,BLK-013188,3,89.5,Track Occupied
TRN-03967,BLK-010909,2,57.5,Track Occupied
TRN-03968,BLK-003068,3,72.8,Track Occupied
TRN-03969,BLK-005451,3,45.3,Track Occupied
TRN-03970,BLK-026982,3,78.4,Track Occupied
TRN-03971,BLK-029233,3,57.8,Track Occupied
TRN-03972,BLK-030903,2,66.0,Track Occupied
TRN-03973,BLK-028085,3,75.3,Track Occupied
TRN-03974,BLK-014909,2,70.2,Track Occupied
TRN-03975,BLK-010520,3,90.3,Track Occupied
TRN-03976,BLK-000491,2,65.0,Track Occupied
TRN-03977,BLK-010807,2,63.2,Track Occupied
TRN-03978,BLK-011711,2,78.6,Track Occupied
TRN-03978,BLK-011712,2,78.6,Track Occupied
TRN-03979,BLK-025306,3,99.0,Track Occupied
TRN-03980,BLK-025120,3,99.0,Track Occupied
TRN-03981,BLK-022537,2,79.2,Track Occupied
TRN-03982,BLK-003485,3,75.5,Track Occupied
TRN-03983,BLK-009105,2,99.0,Track Occupied
TRN-03984,BLK-007051,1,13.1,Track Occupied
TRN-03985,BLK-011345,3,54.8,Track Occupied
TRN-03986,BLK-006619,2,61.2,Track Occupied
TRN-03987,BLK-028940,2,81.7,Track Occupied
TRN-03988,BLK-030451,3,78.1,Track Occupied
TRN-03989,BLK-020002,2,75.8,Track Occupied
TRN-03990,BLK-013567,2,68.9,Track Occupied
TRN-03991,BLK-013319,2,57.2,Track Occupied
TRN-03992,BLK-030278,2,73.4,Track Occupied
TRN-03993,BLK-003316,2,63.6,Track Occupied
TRN-03994,BLK-025971,3,74.8,Track Occupied
TRN-03995,BLK-024095,2,77.4,Track Occupied
TRN-03996,BLK-022986,2,71.1,Track Occupied
TRN-03997,BLK-002911,2,73.9,Track Occupied
TRN-03998,BLK-003906,1,57.4,Track Occupied
TRN-03999,BLK-000035,2,50.6,Track Occupied
TRN-04000,BLK-032603,3,59.5,Track Occupied
TRN-04001,BLK-024062,2,70.0,Track Occupied
TRN-04002,BLK-008236,2,66.6,Track Occupied
TRN-04003,BLK-016591,3,50.6,Track Occupied
TRN-04004,BLK-018951,3,65.2,Track Occupied
TRN-04005,BLK-017813,3,55.5,Track Occupied
TRN-04006,BLK-010473,3,68.2,Track Occupied
TRN-04007,BLK-033035,2,84.5,Track Occupied
TRN-04007,BLK-033036,2,84.5,Track Occupied
TRN-04008,BLK-031838,3,73.0,Track Occupied
TRN-04009,BLK-005821,3,73.9,Track Occupied
TRN-04009,BLK-005822,3,73.9,Track Occupied
TRN-04010,BLK-012578,2,56.4,Track Occupied
TRN-04011,BLK-003164,3,90.4,Track Occupied
TRN-04012,BLK-011461,3,82.6,Track Occupied
TRN-04013,BLK-014855,3,86.6,Track Occupied
TRN-04014,BLK-022538,1,16.5,Track Occupied
TRN-04015,BLK-020114,3,53.1,Track Occupied
TRN-04016,BLK-010513,3,80.6,Track Occupied
TRN-04016,BLK-010514,3,80.6,Track Occupied
TRN-04017,BLK-005376,3,61.4,Track Occupied
TRN-04018,BLK-014563,2,51.6,Track Occupied
TRN-04019,BLK-010687,1,41.4,Track Occupied
TRN-04020,BLK-026408,3,53.2,Track Occupied
TRN-04021,BLK-026838,3,66.3,Track Occupied
TRN-04022,BLK-007497,2,72.0,Track Occupied
TRN-04023,BLK-013091,2,89.2,Track Occupied
TRN-04024,BLK-029815,1,72.8,Track Occupied
TRN-04025,BLK-031830,3,96.5,Track Occupied
TRN-04026,BLK-000562,1,23.8,Track Occupied
TRN-04026,BLK-000563,1,23.8,Track Occupied
TRN-04027,BLK-013316,3,84.7,Track Occupied
TRN-04028,BLK-025352,1,26.3,Track Occupied
TRN-04029,BLK-004633,3,62.0,Track Occupied
TRN-04030,BLK-026596,2,67.8,Track Occupied
TRN-04031,BLK-010684,3,81.7,Track Occupied
TRN-04032,BLK-031484,1,28.8,Track Occupied
TRN-04033,BLK-017257,3,65.6,Track Occupied
TRN-04034,BLK-010927,3,78.7,Track Occupied
TRN-04035,BLK-027706,2,64.0,Track Occupied
TRN-04036,BLK-032645,2,75.0,Track Occupied
TRN-04036,BLK-032646,2,75.0,Track Occupied
TRN-04037,BLK-019370,1,12.9,Track Occupied
TRN-04038,BLK-024808,1,40.6,Track Occupied
TRN-04039,BLK-031419,3,75.0,Track Occupied
TRN-04039,BLK-031420,3,75.0,Track Occupied
TRN-04040,BLK-020840,1,17.7,Track Occupied
TRN-04041,BLK-012227,2,91.3,Track Occupied
TRN-04042,BLK-019217,3,72.8,Track Occupied
TRN-04043,BLK-009272,2,62.2,Track Occupied
TRN-04044,BLK-012032,1,34.4,Track Occupied
TRN-04045,BLK-020326,1,49.0,Track Occupied
TRN-04046,BLK-013984,1,38.5,Track Occupied
TRN-04047,BLK-023291,3,77.4,Track Occupied
TRN-04048,BLK-005995,2,55.4,Track Occupied
TRN-04048,BLK-005996,2,55.4,Track Occupied
TRN-04049,BLK-020910,2,56.4,Track Occupied
TRN-04050,BLK-022701,1,8.9,Track Occupied
TRN-04051,BLK-009732,2,61.3,Track Occupied
TRN-04052,BLK-010696,3,64.1,Track Occupied
TRN-04053,BLK-031151,3,99.0,Track Occupied
TRN-04054,BLK-008476,1,30.1,Track Occupied
TRN-04055,BLK-022498,2,64.5,Track Occupied
TRN-04056,BLK-026115,2,81.1,Track Occupied
TRN-04057,BLK-028148,2,84.8,Track Occupied
TRN-04058,BLK-005642,2,82.1,Track Occupied
TRN-04059,BLK-030104,3,74.8,Track Occupied
TRN-04060,BLK-000819,1,43.7,Track Occupied
TRN-04060,BLK-000820,1,43.7,Track Occupied
TRN-04061,BLK-031533,3,69.1,Track Occupied
TRN-04062,BLK-000071,2,77.4,Track Occupied
TRN-04063,BLK-020493,2,81.9,Track Occupied
TRN-04064,BLK-026430,3,65.4,Track Occupied
TRN-04065,BLK-010380,2,69.8,Track Occupied
TRN-04066,BLK-030858,2,74.8,Track Occupied
TRN-04067,BLK-009613,1,62.8,Track Occupied
TRN-04068,BLK-003356,3,53.1,Track Occupied
TRN-04069,BLK-020200,2,41.5,Track Occupied
TRN-04070,BLK-004835,3,68.1,Track Occupied
TRN-04071,BLK-002209,3,68.6,Track Occupied
TRN-04072,BLK-020987,3,31.8,Track Occupied
TRN-04073,BLK-026466,1,37.1,Track Occupied
TRN-04074,BLK-005342,2,58.6,Track Occupied
TRN-04074,BLK-005343,2,58.6,Track Occupied
TRN-04075,BLK-027903,3,53.5,Track Occupied
TRN-04076,BLK-001014,3,66.8,Track Occupied
TRN-04077,BLK-030792,3,72.4,Track Occupied
TRN-04078,BLK-006501,3,61.0,Track Occupied
TRN-04079,BLK-015910,1,17.7,Track Occupied
TRN-04080,BLK-026628,3,72.9,Track Occupied
TRN-04081,BLK-023759,3,99.0,Track Occupied
TRN-04082,BLK-006747,3,77.5,Track Occupied
TRN-04083,BLK-019677,3,63.8,Track Occupied
TRN-04084,BLK-031187,3,74.2,Track Occupied
TRN-04085,BLK-017945,3,76.5,Track Occupied
TRN-04086,BLK-022382,3,82.2,Track Occupied
TRN-04087,BLK-005629,2,83.8,Track Occupied
TRN-04088,BLK-008005,3,80.0,Track Occupied
TRN-04089,BLK-030764,3,57.8,Track Occupied
TRN-04090,BLK-005046,3,54.0,Track Occupied
TRN-04091,BLK-030234,2,77.8,Track Occupied
TRN-04092,BLK-004380,1,39.6,Track Occupied
TRN-04093,BLK-029076,2,63.7,Track Occupied
TRN-04094,BLK-025654,2,80.2,Track Occupied
TRN-04095,BLK-003004,3,99.0,Track Occupied
TRN-04096,BLK-013369,3,74.8,Track Occupied
TRN-04097,BLK-029178,2,73.4,Track Occupied
TRN-04098,BLK-002155,3,43.5,Track Occupied
TRN-04099,BLK-004058,3,66.1,Track Occupied
TRN-04100,BLK-001928,2,91.3,Track Occupied
TRN-04100,BLK-001929,2,91.3,Track Occupied
TRN-04101,BLK-000677,1,42.9,Track Occupied
TRN-04102,BLK-016696,2,61.5,Track Occupied
TRN-04103,BLK-006494,2,71.8,Track Occupied
TRN-04104,BLK-013461,2,99.0,Track Occupied
TRN-04105,BLK-004049,3,54.1,Track Occupied
TRN-04105,BLK-004050,3,54.1,Track Occupied
TRN-04106,BLK-025125,2,74.9,Track Occupied
TRN-04107,BLK-009411,1,18.9,Track Occupied
TRN-04108,BLK-003798,3,80.4,Track Occupied
TRN-04109,BLK-013368,3,74.6,Track Occupied
TRN-04110,BLK-027622,3,88.1,Track Occupied
TRN-04111,BLK-005337,1,14.0,Track Occupied
TRN-04112,BLK-029082,1,34.6,Track Occupied
TRN-04113,BLK-001879,2,98.5,Track Occupied
TRN-04114,BLK-000544,2,98.6,Track Occupied
TRN-04115,BLK-019773,3,85.9,Track Occupied
TRN-04116,BLK-011781,1,26.9,Track Occupied
TRN-04117,BLK-016768,2,65.2,Track Occupied
TRN-04118,BLK-026657,2,71.8,Track Occupied
TRN-04119,BLK-019188,2,81.9,Track Occupied
TRN-04120,BLK-010626,1,5.0,Track Occupied
TRN-04121,BLK-004173,3,48.1,Track Occupied
TRN-04122,BLK-027956,2,93.3,Track Occupied
TRN-04123,BLK-002514,3,97.8,Track Occupied
TRN-04124,BLK-030365,3,89.9,Track Occupied
TRN-04125,BLK-008695,2,46.2,Track Occupied
TRN-04126,BLK-006362,2,80.8,Track Occupied
TRN-04127,BLK-001092,2,72.8,Track Occupied
TRN-04128,BLK-031289,2,71.9,Track Occupied
TRN-04129,BLK-005089,1,42.3,Track Occupied
TRN-04129,BLK-005090,1,42.3,Track Occupied
TRN-04130,BLK-027759,1,44.3,Track Occupied
TRN-04131,BLK-029106,1,50.3,Track Occupied
TRN-04132,BLK-001031,1,44.7,Track Occupied
TRN-04133,BLK-025141,3,64.2,Track Occupied
TRN-04133,BLK-025142,3,64.2,Track Occupied
TRN-04134,BLK-018913,1,30.0,Track Occupied
TRN-04135,BLK-028763,3,51.7,Track Occupied
TRN-04136,BLK-007893,2,84.6,Track Occupied
TRN-04137,BLK-016273,1,7.2,Track Occupied
TRN-04138,BLK-007990,3,78.6,Track Occupied
TRN-04139,BLK-013037,3,70.3,Track Occupied
TRN-04140,BLK-000216,2,60.2,Track Occupied
TRN-04141,BLK-001591,1,40.9,Track Occupied
TRN-04142,BLK-014870,3,67.3,Track Occupied
TRN-04143,BLK-026167,3,59.5,Track Occupied
TRN-04144,BLK-027700,3,78.8,Track Occupied
TRN-04144,BLK-027701,3,78.8,Track Occupied
TRN-04145,BLK-019968,2,58.4,Track Occupied
TRN-04146,BLK-012036,1,57.0,Track Occupied
TRN-04147,BLK-002323,3,68.5,Track Occupied
TRN-04148,BLK-000592,3,91.1,Track Occupied
TRN-04149,BLK-021916,3,59.5,Track Occupied
TRN-04150,BLK-026615,2,54.0,Track Occupied
TRN-04150,BLK-026616,2,54.0,Track Occupied
TRN-04151,BLK-032914,1,13.3,Track Occupied
TRN-04152,BLK-016154,2,99.0,Track Occupied
TRN-04153,BLK-008556,2,71.3,Track Occupied
TRN-04154,BLK-004020,2,83.6,Track Occupied
TRN-04155,BLK-009543,3,45.0,Track Occupied
TRN-04156,BLK-007956,3,67.4,Track Occupied
TRN-04157,BLK-012343,3,70.2,Track Occupied
TRN-04158,BLK-021985,2,39.1,Track Occupied
TRN-04159,BLK-005201,2,78.9,Track Occupied
TRN-04160,BLK-003656,2,94.4,Track Occupied
TRN-04161,BLK-022084,3,73.0,Track Occupied
TRN-04162,BLK-023430,2,63.7,Track Occupied
TRN-04163,BLK-020569,3,87.2,Track Occupied
TRN-04164,BLK-014257,3,60.5,Track Occupied
TRN-04165,BLK-003806,3,84.7,Track Occupied
TRN-04166,BLK-020826,3,66.0,Track Occupied
TRN-04167,BLK-002810,2,73.7,Track Occupied
TRN-04168,BLK-002792,1,53.2,Track Occupied
TRN-04169,BLK-020644,3,57.0,Track Occupied
TRN-04170,BLK-000923,3,65.5,Track Occupied
TRN-04171,BLK-032824,1,31.1,Track Occupied
TRN-04172,BLK-001222,1,34.9,Track Occupied
TRN-04173,BLK-028373,2,46.7,Track Occupied
TRN-04174,BLK-002991,1,64.1,Track Occupied
TRN-04175,BLK-009621,3,89.3,Track Occupied
TRN-04176,BLK-000710,1,26.4,Track Occupied
TRN-04177,BLK-026519,3,67.4,Track Occupied
TRN-04177,BLK-026520,3,67.4,Track Occupied
TRN-04178,BLK-022743,1,20.3,Track Occupied
TRN-04179,BLK-007108,3,64.8,Track Occupied
TRN-04180,BLK-011462,2,71.2,Track Occupied
TRN-04181,BLK-003134,3,56.5,Track Occupied
TRN-04182,BLK-012291,3,99.0,Track Occupied
TRN-04183,BLK-019808,2,69.4,Track Occupied
TRN-04184,BLK-031960,3,88.2,Track Occupied
TRN-04184,BLK-031961,3,88.2,Track Occupied
TRN-04185,BLK-023549,3,52.2,Track Occupied
TRN-04186,BLK-031920,3,88.1,Track Occupied
TRN-04187,BLK-024511,3,96.9,Track Occupied
TRN-04188,BLK-017375,2,84.3,Track Occupied
TRN-04189,BLK-027395,3,99.0,Track Occupied
TRN-04190,BLK-009565,3,43.7,Track Occupied
TRN-04191,BLK-014879,3,89.7,Track Occupied
TRN-04191,BLK-014880,3,89.7,Track Occupied
TRN-04192,BLK-010972,2,85.7,Track Occupied
TRN-04192,BLK-010973,2,85.7,Track Occupied
TRN-04193,BLK-016430,3,70.5,Track Occupied
TRN-04194,BLK-018562,3,59.0,Track Occupied
TRN-04195,BLK-030516,1,5.5,Track Occupied
TRN-04196,BLK-018334,3,67.1,Track Occupied
TRN-04197,BLK-000689,1,37.0,Track Occupied
TRN-04197,BLK-000690,1,37.0,Track Occupied
TRN-04198,BLK-027677,1,39.7,Track Occupied
TRN-04199,BLK-003972,3,99.0,Track Occupied
TRN-04200,BLK-021394,3,92.9,Track Occupied
TRN-04201,BLK-013327,1,46.7,Track Occupied
TRN-04202,BLK-011247,2,96.6,Track Occupied
TRN-04203,BLK-020056,2,79.1,Track Occupied
TRN-04204,BLK-020138,2,83.5,Track Occupied
TRN-04205,BLK-027311,3,89.6,Track Occupied
TRN-04206,BLK-031244,3,91.4,Track Occupied
TRN-04207,BLK-011331,1,14.0,Track Occupied
TRN-04208,BLK-003883,2,99.0,Track Occupied
TRN-04209,BLK-027667,2,82.5,Track Occupied
TRN-04210,BLK-023642,2,59.5,Track Occupied
TRN-04211,BLK-007216,3,57.2,Track Occupied
TRN-04212,BLK-020360,1,45.1,Track Occupied
TRN-04213,BLK-024933,2,79.2,Track Occupied
TRN-04214,BLK-030116,2,42.3,Track Occupied
TRN-04215,BLK-014786,3,78.2,Track Occupied
TRN-04216,BLK-023673,1,53.4,Track Occupied
TRN-04217,BLK-009305,3,81.7,Track Occupied
TRN-04218,BLK-009441,3,50.4,Track Occupied
TRN-04219,BLK-031414,2,53.2,Track Occupied
TRN-04220,BLK-024419,3,69.1,Track Occupied
TRN-04220,BLK-024420,3,69.1,Track Occupied
TRN-04221,BLK-010774,2,63.7,Track Occupied
TRN-04222,BLK-026676,2,94.4,Track Occupied
TRN-04223,BLK-028118,1,63.2,Track Occupied
TRN-04224,BLK-009161,3,65.2,Track Occupied
TRN-04225,BLK-023096,1,34.3,Track Occupied
TRN-04226,BLK-001009,1,19.5,Track Occupied
TRN-04226,BLK-001010,1,19.5,Track Occupied
TRN-04227,BLK-005042,2,56.5,Track Occupied
TRN-04228,BLK-021574,2,63.3,Track Occupied
TRN-04229,BLK-016258,2,72.5,Track Occupied
TRN-04230,BLK-030869,3,81.3,Track Occupied
TRN-04231,BLK-005607,3,79.4,Track Occupied
TRN-04232,BLK-018367,2,88.7,Track Occupied
TRN-04233,BLK-002714,2,63.3,Track Occupied
TRN-04233,BLK-002715,2,63.3,Track Occupied
TRN-04234,BLK-017493,2,75.0,Track Occupied
TRN-04235,BLK-018425,2,74.9,Track Occupied
TRN-04236,BLK-005035,2,54.7,Track Occupied
TRN-04237,BLK-003906,2,50.6,Track Occupied
TRN-04238,BLK-033525,2,93.5,Track Occupied
TRN-04239,BLK-020796,2,68.6,Track Occupied
TRN-04240,BLK-025516,2,81.9,Track Occupied
TRN-04241,BLK-025658,2,75.7,Track Occupied
TRN-04242,BLK-024544,2,56.8,Track Occupied
TRN-04242,BLK-024545,2,56.8,Track Occupied
TRN-04243,BLK-014163,3,50.5,Track Occupied
TRN-04244,BLK-018392,3,69.3,Track Occupied
TRN-04245,BLK-006719,3,73.5,Track Occupied
TRN-04246,BLK-025042,3,66.6,Track Occupied
TRN-04247,BLK-001127,3,99.0,Track Occupied
TRN-04248,BLK-021325,2,78.4,Track Occupied
TRN-04249,BLK-008445,3,28.6,Track Occupied
TRN-04250,BLK-012355,2,69.5,Track Occupied
TRN-04251,BLK-027288,2,83.9,Track Occupied
TRN-04252,BLK-002039,1,31.4,Track Occupied
TRN-04253,BLK-002269,3,78.1,Track Occupied
TRN-04254,BLK-013803,2,73.7,Track Occupied
TRN-04255,BLK-032714,2,57.6,Track Occupied
TRN-04256,BLK-033222,2,93.0,Track Occupied
TRN-04257,BLK-005145,3,71.9,Track Occupied
TRN-04257,BLK-005146,3,71.9,Track Occupied
TRN-04258,BLK-006418,1,46.5,Track Occupied
TRN-04259,BLK-013482,2,65.9,Track Occupied
TRN-04260,BLK-027271,1,26.0,Track Occupied
TRN-04261,BLK-013099,3,71.4,Track Occupied
TRN-04262,BLK-027314,2,66.1,Track Occupied
TRN-04262,BLK-027315,2,66.1,Track Occupied
TRN-04263,BLK-031214,2,56.2,Track Occupied
TRN-04264,BLK-001539,2,58.9,Track Occupied
TRN-04265,BLK-004813,3,89.6,Track Occupied
TRN-04266,BLK-015495,2,56.0,Track Occupied
TRN-04267,BLK-006626,3,66.5,Track Occupied
TRN-04268,BLK-015078,2,92.3,Track Occupied
TRN-04269,BLK-011177,3,84.8,Track Occupied
TRN-04270,BLK-028144,2,68.0,Track Occupied
TRN-04271,BLK-004365,1,28.3,Track Occupied
TRN-04272,BLK-024504,2,60.6,Track Occupied
TRN-04273,BLK-013086,2,98.7,Track Occupied
TRN-04274,BLK-000852,3,75.7,Track Occupied
TRN-04275,BLK-023761,2,77.4,Track Occupied
TRN-04276,BLK-010808,2,55.6,Track Occupied
TRN-04276,BLK-010809,2,55.6,Track Occupied
TRN-04277,BLK-027659,3,61.5,Track Occupied
TRN-04278,BLK-014330,2,66.7,Track Occupied
TRN-04279,BLK-033450,3,74.9,Track Occupied
TRN-04279,BLK-033451,3,74.9,Track Occupied
TRN-04280,BLK-003230,3,79.9,Track Occupied
TRN-04281,BLK-000216,2,55.7,Track Occupied
TRN-04282,BLK-022186,2,74.9,Track Occupied
TRN-04283,BLK-012994,2,70.2,Track Occupied
TRN-04284,BLK-021582,2,76.4,Track Occupied
TRN-04285,BLK-032796,2,53.3,Track Occupied
TRN-04286,BLK-023810,3,80.8,Track Occupied
TRN-04287,BLK-027401,3,79.2,Track Occupied
TRN-04288,BLK-014128,3,64.0,Track Occupied
TRN-04289,BLK-018849,3,48.3,Track Occupied
TRN-04290,BLK-029970,3,69.9,Track Occupied
TRN-04291,BLK-024412,2,59.3,Track Occupied
TRN-04292,BLK-032887,3,46.7,Track Occupied
TRN-04293,BLK-009288,3,66.0,Track Occupied
TRN-04294,BLK-026578,2,57.1,Track Occupied
TRN-04295,BLK-002735,2,53.2,Track Occupied
TRN-04296,BLK-010272,2,82.8,Track Occupied
TRN-04297,BLK-009689,2,64.2,Track Occupied
TRN-04298,BLK-016753,3,72.7,Track Occupied
TRN-04299,BLK-005984,2,61.6,Track Occupied
TRN-04300,BLK-003911,3,65.9,Track Occupied
TRN-04301,BLK-024716,2,74.6,Track Occupied
TRN-04302,BLK-009344,1,47.5,Track Occupied
TRN-04303,BLK-025688,3,34.3,Track Occupied
TRN-04304,BLK-011237,2,77.9,Track Occupied
TRN-04305,BLK-007447,3,66.0,Track Occupied
TRN-04306,BLK-013081,2,99.0,Track Occupied
TRN-04307,BLK-027603,3,61.9,Track Occupied
TRN-04308,BLK-013223,3,59.7,Track Occupied
TRN-04309,BLK-014307,2,71.7,Track Occupied
TRN-04310,BLK-000816,2,87.2,Track Occupied
TRN-04311,BLK-027637,3,68.4,Track Occupied
TRN-04312,BLK-030430,2,99.0,Track Occupied
TRN-04313,BLK-002037,3,82.5,Track Occupied
TRN-04314,BLK-005936,3,88.7,Track Occupied
TRN-04315,BLK-004837,3,77.9,Track Occupied
TRN-04316,BLK-002380,3,91.9,Track Occupied
TRN-04317,BLK-022114,3,67.7,Track Occupied
TRN-04318,BLK-023728,3,77.2,Track Occupied
TRN-04319,BLK-011964,2,57.6,Track Occupied
TRN-04320,BLK-031712,3,68.6,Track Occupied
TRN-04321,BLK-017211,2,85.0,Track Occupied
TRN-04322,BLK-025068,3,94.1,Track Occupied
TRN-04323,BLK-009240,3,59.2,Track Occupied
TRN-04324,BLK-007470,2,51.5,Track Occupied
TRN-04325,BLK-019870,2,74.8,Track Occupied
TRN-04326,BLK-018631,2,80.3,Track Occupied
TRN-04327,BLK-033200,2,72.2,Track Occupied
TRN-04328,BLK-001622,2,63.3,Track Occupied
TRN-04329,BLK-017189,2,70.9,Track Occupied
TRN-04330,BLK-011854,1,8.2,Track Occupied
TRN-04331,BLK-006915,2,63.7,Track Occupied
TRN-04332,BLK-026443,3,89.5,Track Occupied
TRN-04333,BLK-021243,2,78.1,Track Occupied
TRN-04334,BLK-018422,3,45.7,Track Occupied
TRN-04335,BLK-003408,2,77.6,Track Occupied
TRN-04336,BLK-018329,1,50.5,Track Occupied
TRN-04337,BLK-022379,3,63.3,Track Occupied
TRN-04337,BLK-022380,3,63.3,Track Occupied
TRN-04338,BLK-033497,3,43.6,Track Occupied
TRN-04339,BLK-008610,2,73.8,Track Occupied
TRN-04340,BLK-006949,2,50.9,Track Occupied
TRN-04341,BLK-017624,1,41.5,Track Occupied
TRN-04342,BLK-028969,2,73.4,Track Occupied
TRN-04342,BLK-028970,2,73.4,Track Occupied
TRN-04343,BLK-033585,2,72.9,Track Occupied
TRN-04344,BLK-014077,3,69.9,Track Occupied
TRN-04345,BLK-008568,2,74.6,Track Occupied
TRN-04346,BLK-033441,2,67.9,Track Occupied
TRN-04347,BLK-014645,2,84.5,Track Occupied
TRN-04348,BLK-006468,1,59.2,Track Occupied
TRN-04349,BLK-022158,2,99.0,Track Occupied
TRN-04350,BLK-015211,2,77.1,Track Occupied
TRN-04351,BLK-006490,3,66.5,Track Occupied
TRN-04352,BLK-001517,3,68.6,Track Occupied
TRN-04353,BLK-031943,2,97.1,Track Occupied
TRN-04354,BLK-016119,3,94.3,Track Occupied
TRN-04355,BLK-027499,3,89.1,Track Occupied
TRN-04356,BLK-026243,3,48.8,Track Occupied
TRN-04357,BLK-015290,3,49.9,Track Occupied
TRN-04358,BLK-000063,2,98.5,Track Occupied
TRN-04359,BLK-007239,2,53.7,Track Occupied
TRN-04360,BLK-018362,3,65.9,Track Occupied
TRN-04361,BLK-008689,1,36.9,Track Occupied
TRN-04362,BLK-016815,1,6.2,Track Occupied
TRN-04363,BLK-008058,1,17.2,Track Occupied
TRN-04364,BLK-001554,1,14.5,Track Occupied
TRN-04365,BLK-007183,2,99.0,Track Occupied
TRN-04366,BLK-029316,2,90.2,Track Occupied
TRN-04367,BLK-025789,1,30.8,Track Occupied
TRN-04368,BLK-012013,3,53.0,Track Occupied
TRN-04369,BLK-033120,2,66.3,Track Occupied
TRN-04370,BLK-032397,3,73.7,Track Occupied
TRN-04371,BLK-008063,3,66.0,Track Occupied
TRN-04372,BLK-028577,2,99.0,Track Occupied
TRN-04373,BLK-008959,3,69.4,Track Occupied
TRN-04374,BLK-032671,2,56.7,Track Occupied
TRN-04375,BLK-012661,3,52.0,Track Occupied
TRN-04376,BLK-001710,3,52.8,Track Occupied
TRN-04377,BLK-025541,2,99.0,Track Occupied
TRN-04378,BLK-014890,3,68.0,Track Occupied
TRN-04379,BLK-032831,1,29.6,Track Occupied
TRN-04379,BLK-032832,1,29.6,Track Occupied
TRN-04380,BLK-029162,3,62.6,Track Occupied
TRN-04381,BLK-011558,2,96.2,Track Occupied
TRN-04382,BLK-021435,2,83.1,Track Occupied
TRN-04383,BLK-007702,3,92.9,Track Occupied
TRN-04384,BLK-008914,2,65.1,Track Occupied
TRN-04385,BLK-009931,2,81.7,Track Occupied
TRN-04386,BLK-008144,2,55.9,Track Occupied
TRN-04387,BLK-007989,1,41.1,Track Occupied
TRN-04388,BLK-020405,2,61.6,Track Occupied
TRN-04389,BLK-026192,1,43.8,Track Occupied
TRN-04390,BLK-021440,3,94.6,Track Occupied
TRN-04390,BLK-021441,3,94.6,Track Occupied
TRN-04391,BLK-016956,3,85.9,Track Occupied
TRN-04392,BLK-001848,2,69.1,Track Occupied
TRN-04393,BLK-024631,1,5.0,Track Occupied
TRN-04394,BLK-010796,2,64.5,Track Occupied
TRN-04395,BLK-023642,2,88.3,Track Occupied
TRN-04396,BLK-002532,2,65.4,Track Occupied
TRN-04397,BLK-018334,2,65.1,Track Occupied
TRN-04398,BLK-032175,3,53.1,Track Occupied
TRN-04399,BLK-026646,1,24.4,Track Occupied
TRN-04400,BLK-003857,3,72.1,Track Occupied
TRN-04401,BLK-019989,2,99.0,Track Occupied
TRN-04402,BLK-012013,2,42.5,Track Occupied
TRN-04403,BLK-003386,1,35.1,Track Occupied
TRN-04404,BLK-017858,3,73.0,Track Occupied
TRN-04404,BLK-017859,3,73.0,Track Occupied
TRN-04405,BLK-002153,2,54.3,Track Occupied
TRN-04405,BLK-002154,2,54.3,Track Occupied
TRN-04406,BLK-010473,3,73.0,Track Occupied
TRN-04407,BLK-018111,2,60.1,Track Occupied
TRN-04408,BLK-011086,3,75.8,Track Occupied
TRN-04409,BLK-010302,2,77.6,Track Occupied
TRN-04410,BLK-006235,3,70.6,Track Occupied
TRN-04411,BLK-005380,2,67.1,Track Occupied
TRN-04412,BLK-018930,1,22.9,Track Occupied
TRN-04413,BLK-010892,2,99.0,Track Occupied
TRN-04414,BLK-016918,1,14.8,Track Occupied
TRN-04415,BLK-025881,2,75.4,Track Occupied
TRN-04416,BLK-000332,2,86.5,Track Occupied
TRN-04417,BLK-004803,3,76.6,Track Occupied
TRN-04418,BLK-008953,2,46.1,Track Occupied
TRN-04419,BLK-019370,2,53.1,Track Occupied
TRN-04420,BLK-003930,1,46.8,Track Occupied
TRN-04421,BLK-026251,2,88.9,Track Occupied
TRN-04422,BLK-011964,2,71.5,Track Occupied
TRN-04423,BLK-027417,3,60.8,Track Occupied
TRN-04424,BLK-007835,1,40.4,Track Occupied
TRN-04425,BLK-017540,1,6.0,Track Occupied
TRN-04426,BLK-020599,2,89.9,Track Occupied
TRN-04427,BLK-023138,1,29.4,Track Occupied
TRN-04428,BLK-005220,1,44.0,Track Occupied
TRN-04429,BLK-032920,3,86.6,Track Occupied
TRN-04430,BLK-019956,1,5.6,Track Occupied
TRN-04431,BLK-008752,2,83.5,Track Occupied
TRN-04432,BLK-018761,3,85.8,Track Occupied
TRN-04432,BLK-018762,3,85.8,Track Occupied
TRN-04433,BLK-017849,2,79.3,Track Occupied
TRN-04434,BLK-024398,2,50.9,Track Occupied
TRN-04435,BLK-015517,1,15.4,Track Occupied
TRN-04436,BLK-016775,2,35.9,Track Occupied
TRN-04437,BLK-015227,3,68.2,Track Occupied
TRN-04437,BLK-015228,3,68.2,Track Occupied
TRN-04438,BLK-000614,3,49.2,Track Occupied
TRN-04439,BLK-029333,3,68.9,Track Occupied
TRN-04440,BLK-004355,1,32.9,Track Occupied
TRN-04441,BLK-033341,3,61.5,Track Occupied
TRN-04442,BLK-007215,2,50.9,Track Occupied
TRN-04443,BLK-012582,3,54.9,Track Occupied
TRN-04444,BLK-009944,2,86.1,Track Occupied
TRN-04445,BLK-008886,2,59.4,Track Occupied
TRN-04446,BLK-031363,1,9.6,Track Occupied
TRN-04447,BLK-000270,2,48.2,Track Occupied
TRN-04448,BLK-027260,3,49.1,Track Occupied
TRN-04448,BLK-027261,3,49.1,Track Occupied
TRN-04449,BLK-022818,3,72.0,Track Occupied
TRN-04450,BLK-031490,2,66.9,Track Occupied
TRN-04451,BLK-029647,3,63.3,Track Occupied
TRN-04452,BLK-027138,1,44.7,Track Occupied
TRN-04453,BLK-017161,2,84.8,Track Occupied
TRN-04454,BLK-016807,3,53.2,Track Occupied
TRN-04455,BLK-019143,3,99.0,Track Occupied
TRN-04456,BLK-016093,3,68.7,Track Occupied
TRN-04457,BLK-013306,2,71.9,Track Occupied
TRN-04458,BLK-007973,3,47.6,Track Occupied
TRN-04459,BLK-005334,2,75.6,Track Occupied
TRN-04460,BLK-014234,1,57.3,Track Occupied
TRN-04461,BLK-017675,2,79.9,Track Occupied
TRN-04462,BLK-033072,2,55.3,Track Occupied
TRN-04463,BLK-001787,3,49.7,Track Occupied
TRN-04464,BLK-010353,3,55.1,Track Occupied
TRN-04465,BLK-021824,3,68.8,Track Occupied
TRN-04466,BLK-009754,1,26.2,Track Occupied
TRN-04467,BLK-009905,2,76.6,Track Occupied
TRN-04468,BLK-024336,2,68.5,Track Occupied
TRN-04469,BLK-029788,1,34.0,Track Occupied
TRN-04470,BLK-011873,3,99.0,Track Occupied
TRN-04471,BLK-007492,3,62.4,Track Occupied
TRN-04472,BLK-025524,1,54.2,Track Occupied
TRN-04473,BLK-017344,3,78.0,Track Occupied
TRN-04474,BLK-020950,3,75.2,Track Occupied
TRN-04475,BLK-009500,3,81.6,Track Occupied
TRN-04476,BLK-002225,3,77.8,Track Occupied
TRN-04477,BLK-015233,2,67.3,Track Occupied
TRN-04478,BLK-015265,1,22.2,Track Occupied
TRN-04479,BLK-029483,3,52.7,Track Occupied
TRN-04480,BLK-026963,2,50.0,Track Occupied
TRN-04480,BLK-026964,2,50.0,Track Occupied
TRN-04481,BLK-000701,2,53.5,Track Occupied
TRN-04482,BLK-002094,3,83.4,Track Occupied
TRN-04483,BLK-016334,2,74.1,Track Occupied
TRN-04484,BLK-015983,1,28.5,Track Occupied
TRN-04485,BLK-024568,2,63.0,Track Occupied
TRN-04486,BLK-021223,3,66.4,Track Occupied
TRN-04487,BLK-031964,2,93.2,Track Occupied
TRN-04488,BLK-004168,1,24.1,Track Occupied
TRN-04489,BLK-025648,2,88.3,Track Occupied
TRN-04490,BLK-013776,3,54.5,Track Occupied
TRN-04491,BLK-011247,1,7.4,Track Occupied
TRN-04492,BLK-000445,2,87.9,Track Occupied
TRN-04493,BLK-027758,2,79.5,Track Occupied
TRN-04494,BLK-015751,2,44.6,Track Occupied
TRN-04495,BLK-002942,2,82.0,Track Occupied
TRN-04496,BLK-031997,3,83.5,Track Occupied
TRN-04497,BLK-025622,3,54.2,Track Occupied
TRN-04498,BLK-029716,2,51.0,Track Occupied
TRN-04499,BLK-029579,3,87.4,Track Occupied
TRN-04500,BLK-027044,3,54.0,Track Occupied
TRN-04501,BLK-019646,3,92.9,Track Occupied
TRN-04502,BLK-001679,3,77.1,Track Occupied
TRN-04503,BLK-007757,2,80.1,Track Occupied
TRN-04504,BLK-017837,2,77.5,Track Occupied
TRN-04505,BLK-013222,3,51.4,Track Occupied
TRN-04506,BLK-017308,3,60.2,Track Occupied
TRN-04507,BLK-013247,3,71.2,Track Occupied
TRN-04507,BLK-013248,3,71.2,Track Occupied
TRN-04508,BLK-001215,1,43.1,Track Occupied
TRN-04509,BLK-000528,2,70.7,Track Occupied
TRN-04510,BLK-008622,1,59.3,Track Occupied
TRN-04511,BLK-002935,1,16.4,Track Occupied
TRN-04512,BLK-008771,2,73.1,Track Occupied
TRN-04513,BLK-025470,3,63.4,Track Occupied
TRN-04514,BLK-027024,2,65.2,Track Occupied
TRN-04515,BLK-029835,1,18.8,Track Occupied
TRN-04516,BLK-001745,1,23.3,Track Occupied
TRN-04517,BLK-017387,3,82.5,Track Occupied
TRN-04518,BLK-021128,3,54.5,Track Occupied
TRN-04519,BLK-003643,2,90.4,Track Occupied
TRN-04520,BLK-004798,2,48.8,Track Occupied
TRN-04521,BLK-033151,3,99.0,Track Occupied
TRN-04522,BLK-008123,1,18.8,Track Occupied
TRN-04523,BLK-022589,2,89.7,Track Occupied
TRN-04524,BLK-026746,3,72.6,Track Occupied
TRN-04525,BLK-026962,3,59.4,Track Occupied
TRN-04526,BLK-019641,2,60.1,Track Occupied
TRN-04526,BLK-019642,2,60.1,Track Occupied
TRN-04527,BLK-015891,3,79.2,Track Occupied
TRN-04528,BLK-009446,2,25.0,Track Occupied
TRN-04529,BLK-021320,3,83.9,Track Occupied
TRN-04530,BLK-028797,2,64.8,Track Occupied
TRN-04531,BLK-018448,2,65.8,Track Occupied
TRN-04532,BLK-015737,3,65.3,Track Occupied
TRN-04533,BLK-021154,3,66.0,Track Occupied
TRN-04534,BLK-001742,1,34.3,Track Occupied
TRN-04535,BLK-027037,3,64.9,Track Occupied
TRN-04536,BLK-000687,3,70.9,Track Occupied
TRN-04537,BLK-016625,1,36.4,Track Occupied
TRN-04538,BLK-003860,2,54.2,Track Occupied
TRN-04539,BLK-017129,2,83.8,Track Occupied
TRN-04540,BLK-027472,3,99.0,Track Occupied
TRN-04541,BLK-019525,3,65.4,Track Occupied
TRN-04542,BLK-003623,3,62.4,Track Occupied
TRN-04543,BLK-001581,3,70.1,Track Occupied
TRN-04544,BLK-019815,3,80.7,Track Occupied
TRN-04545,BLK-014537,2,64.8,Track Occupied
TRN-04545,BLK-014538,2,64.8,Track Occupied
TRN-04546,BLK-013491,1,41.6,Track Occupied
TRN-04547,BLK-012221,3,94.0,Track Occupied
TRN-04548,BLK-002898,3,80.9,Track Occupied
TRN-04549,BLK-017129,3,25.0,Track Occupied
TRN-04550,BLK-011596,1,24.4,Track Occupied
TRN-04551,BLK-007987,1,18.0,Track Occupied
TRN-04552,BLK-007510,3,77.6,Track Occupied
TRN-04553,BLK-008936,1,73.8,Track Occupied
TRN-04554,BLK-004253,2,54.0,Track Occupied
TRN-04555,BLK-009292,3,74.7,Track Occupied
TRN-04556,BLK-024791,3,73.9,Track Occupied
TRN-04557,BLK-018605,3,60.5,Track Occupied
TRN-04557,BLK-018606,3,60.5,Track Occupied
TRN-04558,BLK-017174,1,44.5,Track Occupied
TRN-04559,BLK-030702,2,77.7,Track Occupied
TRN-04560,BLK-015470,1,34.9,Track Occupied
TRN-04561,BLK-031415,2,48.0,Track Occupied
TRN-04561,BLK-031416,2,48.0,Track Occupied
TRN-04562,BLK-014683,2,99.0,Track Occupied
TRN-04563,BLK-008486,2,58.9,Track Occupied
TRN-04564,BLK-019746,1,20.5,Track Occupied
TRN-04565,BLK-001646,3,78.6,Track Occupied
TRN-04566,BLK-025684,2,72.7,Track Occupied
TRN-04567,BLK-032303,1,35.7,Track Occupied
TRN-04568,BLK-007745,1,52.5,Track Occupied
TRN-04569,BLK-019962,3,76.0,Track Occupied
TRN-04570,BLK-032013,3,54.9,Track Occupied
TRN-04571,BLK-023115,3,52.3,Track Occupied
TRN-04572,BLK-026427,3,41.1,Track Occupied
TRN-04573,BLK-006694,3,77.9,Track Occupied
TRN-04574,BLK-014729,3,64.3,Track Occupied
TRN-04575,BLK-018019,3,73.5,Track Occupied
TRN-04576,BLK-004004,3,92.9,Track Occupied
TRN-04577,BLK-010181,3,72.8,Track Occupied
TRN-04578,BLK-009044,2,99.0,Track Occupied
TRN-04579,BLK-013464,1,23.6,Track Occupied
TRN-04580,BLK-014560,1,40.9,Track Occupied
TRN-04581,BLK-024591,2,59.8,Track Occupied
TRN-04582,BLK-002467,2,66.4,Track Occupied
TRN-04583,BLK-027714,2,39.9,Track Occupied
TRN-04584,BLK-027462,2,67.6,Track Occupied
TRN-04585,BLK-012485,1,15.9,Track Occupied
TRN-04586,BLK-009980,3,67.7,Track Occupied
TRN-04587,BLK-028712,2,73.3,Track Occupied
TRN-04588,BLK-009367,1,26.8,Track Occupied
TRN-04589,BLK-024272,2,76.1,Track Occupied
TRN-04590,BLK-031078,1,21.1,Track Occupied
TRN-04590,BLK-031079,1,21.1,Track Occupied
TRN-04591,BLK-017450,2,43.8,Track Occupied
TRN-04592,BLK-004297,3,93.4,Track Occupied
TRN-04592,BLK-004298,3,93.4,Track Occupied
TRN-04593,BLK-013076,3,67.0,Track Occupied
TRN-04594,BLK-008755,2,84.4,Track Occupied
TRN-04595,BLK-000785,2,87.3,Track Occupied
TRN-04596,BLK-027333,3,97.3,Track Occupied
TRN-04597,BLK-025994,3,49.9,Track Occupied
TRN-04598,BLK-006989,3,82.7,Track Occupied
TRN-04599,BLK-014838,3,61.9,Track Occupied
TRN-04600,BLK-004438,3,72.4,Track Occupied
TRN-04600,BLK-004439,3,72.4,Track Occupied
TRN-04601,BLK-020030,2,52.0,Track Occupied
TRN-04602,BLK-031041,3,69.2,Track Occupied
TRN-04603,BLK-007382,3,64.2,Track Occupied
TRN-04604,BLK-001496,3,79.5,Track Occupied
TRN-04605,BLK-004763,2,61.9,Track Occupied
TRN-04606,BLK-012071,2,90.2,Track Occupied
TRN-04606,BLK-012072,2,90.2,Track Occupied
TRN-04607,BLK-010394,2,99.0,Track Occupied
TRN-04608,BLK-014258,3,68.4,Track Occupied
TRN-04609,BLK-012038,3,52.7,Track Occupied
TRN-04610,BLK-029139,3,72.2,Track Occupied
TRN-04611,BLK-027472,2,52.6,Track Occupied
TRN-04612,BLK-033533,2,87.4,Track Occupied
TRN-04613,BLK-007419,2,67.7,Track Occupied
TRN-04614,BLK-001592,3,73.1,Track Occupied
TRN-04615,BLK-002311,1,36.4,Track Occupied
TRN-04616,BLK-001714,2,71.6,Track Occupied
TRN-04617,BLK-015466,2,99.0,Track Occupied
TRN-04618,BLK-027276,1,33.1,Track Occupied
TRN-04619,BLK-011496,3,75.6,Track Occupied
TRN-04620,BLK-021356,1,24.4,Track Occupied
TRN-04621,BLK-024791,1,44.9,Track Occupied
TRN-04622,BLK-021989,3,47.6,Track Occupied
TRN-04622,BLK-021990,3,47.6,Track Occupied
TRN-04623,BLK-010381,2,78.1,Track Occupied
TRN-04624,BLK-006249,3,93.7,Track Occupied
TRN-04625,BLK-006050,2,98.6,Track Occupied
TRN-04626,BLK-010048,3,59.3,Track Occupied
TRN-04627,BLK-019642,1,23.5,Track Occupied
TRN-04627,BLK-019643,1,23.5,Track Occupied
TRN-04628,BLK-010622,2,56.4,Track Occupied
TRN-04629,BLK-018023,3,91.0,Track Occupied
TRN-04630,BLK-021835,1,29.9,Track Occupied
TRN-04631,BLK-026892,2,84.8,Track Occupied
TRN-04632,BLK-005598,2,57.6,Track Occupied
TRN-04633,BLK-002984,1,52.9,Track Occupied
TRN-04634,BLK-025692,3,59.6,Track Occupied
TRN-04635,BLK-016375,2,87.3,Track Occupied
TRN-04636,BLK-002862,3,63.2,Track Occupied
TRN-04637,BLK-019179,3,83.3,Track Occupied
TRN-04638,BLK-012805,2,85.5,Track Occupied
TRN-04639,BLK-014277,1,25.5,Track Occupied
TRN-04640,BLK-009942,1,65.4,Track Occupied
TRN-04641,BLK-006775,3,58.3,Track Occupied
TRN-04642,BLK-024264,2,88.6,Track Occupied
TRN-04643,BLK-026262,3,76.3,Track Occupied
TRN-04644,BLK-010898,1,58.5,Track Occupied
TRN-04645,BLK-024995,2,62.1,Track Occupied
TRN-04646,BLK-018636,2,99.0,Track Occupied
TRN-04647,BLK-021123,3,55.4,Track Occupied
TRN-04647,BLK-021124,3,55.4,Track Occupied
TRN-04648,BLK-017925,3,39.7,Track Occupied
TRN-04649,BLK-012406,2,55.7,Track Occupied
TRN-04649,BLK-012407,2,55.7,Track Occupied
TRN-04650,BLK-005584,2,90.3,Track Occupied
TRN-04651,BLK-006411,1,26.3,Track Occupied
TRN-04652,BLK-031799,3,73.3,Track Occupied
TRN-04653,BLK-021289,2,91.7,Track Occupied
TRN-04654,BLK-027578,2,62.9,Track Occupied
TRN-04655,BLK-015601,2,70.8,Track Occupied
TRN-04655,BLK-015602,2,70.8,Track Occupied
TRN-04656,BLK-015643,1,5.0,Track Occupied
TRN-04657,BLK-010965,2,69.8,Track Occupied
TRN-04658,BLK-027481,3,73.9,Track Occupied
TRN-04659,BLK-023615,2,93.7,Track Occupied
TRN-04660,BLK-026774,1,49.9,Track Occupied
TRN-04661,BLK-031677,1,76.5,Track Occupied
TRN-04662,BLK-028822,3,52.2,Track Occupied
TRN-04663,BLK-026341,3,72.9,Track Occupied
TRN-04664,BLK-021724,1,38.0,Track Occupied
TRN-04665,BLK-023900,2,61.4,Track Occupied
TRN-04666,BLK-025642,1,52.8,Track Occupied
TRN-04667,BLK-013862,3,82.7,Track Occupied
TRN-04668,BLK-015054,3,67.9,Track Occupied
TRN-04669,BLK-030105,3,61.7,Track Occupied
TRN-04670,BLK-004098,1,20.0,Track Occupied
TRN-04671,BLK-007392,3,78.4,Track Occupied
TRN-04672,BLK-030112,2,63.8,Track Occupied
TRN-04673,BLK-002348,2,61.2,Track Occupied
TRN-04674,BLK-013696,1,35.6,Track Occupied
TRN-04675,BLK-024621,3,71.1,Track Occupied
TRN-04676,BLK-031741,3,58.4,Track Occupied
TRN-04676,BLK-031742,3,58.4,Track Occupied
TRN-04677,BLK-000926,3,75.5,Track Occupied
TRN-04677,BLK-000927,3,75.5,Track Occupied
TRN-04678,BLK-012138,3,64.4,Track Occupied
TRN-04678,BLK-012139,3,64.4,Track Occupied
TRN-04679,BLK-021739,2,46.1,Track Occupied
TRN-04680,BLK-026163,2,78.2,Track Occupied
TRN-04681,BLK-011813,2,73.0,Track Occupied
TRN-04682,BLK-015957,1,31.5,Track Occupied
TRN-04683,BLK-032831,3,54.5,Track Occupied
TRN-04683,BLK-032832,3,54.5,Track Occupied
TRN-04684,BLK-023930,1,8.7,Track Occupied
TRN-04685,BLK-031866,3,49.8,Track Occupied
TRN-04686,BLK-012053,2,85.7,Track Occupied
TRN-04686,BLK-012054,2,85.7,Track Occupied
TRN-04687,BLK-001112,2,84.5,Track Occupied
TRN-04688,BLK-018835,3,71.4,Track Occupied
TRN-04689,BLK-019767,1,36.1,Track Occupied
TRN-04690,BLK-020013,2,34.5,Track Occupied
TRN-04691,BLK-003500,2,67.1,Track Occupied
TRN-04692,BLK-031822,3,69.7,Track Occupied
TRN-04693,BLK-009374,2,68.7,Track Occupied
TRN-04694,BLK-030901,2,67.8,Track Occupied
TRN-04695,BLK-023559,2,72.1,Track Occupied
TRN-04695,BLK-023560,2,72.1,Track Occupied
TRN-04696,BLK-032400,3,78.4,Track Occupied
TRN-04697,BLK-011203,3,97.9,Track Occupied
TRN-04698,BLK-018574,3,67.0,Track Occupied
TRN-04699,BLK-018302,1,29.5,Track Occupied
TRN-04700,BLK-027818,2,85.3,Track Occupied
TRN-04701,BLK-018001,2,84.9,Track Occupied
TRN-04702,BLK-018474,2,60.9,Track Occupied
TRN-04703,BLK-027746,2,80.8,Track Occupied
TRN-04704,BLK-007516,2,97.2,Track Occupied
TRN-04704,BLK-007517,2,97.2,Track Occupied
TRN-04705,BLK-016075,2,93.0,Track Occupied
TRN-04706,BLK-015108,1,22.1,Track Occupied
TRN-04707,BLK-007570,3,75.0,Track Occupied
TRN-04708,BLK-017080,1,70.3,Track Occupied
TRN-04709,BLK-003675,3,25.0,Track Occupied
TRN-04710,BLK-012552,2,89.0,Track Occupied
TRN-04711,BLK-006744,3,55.1,Track Occupied
TRN-04712,BLK-014091,3,62.3,Track Occupied
TRN-04713,BLK-014725,2,95.4,Track Occupied
TRN-04714,BLK-024491,1,10.9,Track Occupied
TRN-04715,BLK-032688,3,52.7,Track Occupied
TRN-04716,BLK-017271,2,73.9,Track Occupied
TRN-04717,BLK-015082,2,98.5,Track Occupied
TRN-04718,BLK-006075,2,53.2,Track Occupied
TRN-04719,BLK-003386,2,85.8,Track Occupied
TRN-04720,BLK-022364,3,79.4,Track Occupied
TRN-04721,BLK-026467,3,58.0,Track Occupied
TRN-04722,BLK-015821,3,82.2,Track Occupied
TRN-04723,BLK-032420,3,54.4,Track Occupied
TRN-04724,BLK-008991,3,96.0,Track Occupied
TRN-04725,BLK-004859,2,96.0,Track Occupied
TRN-04726,BLK-003614,1,41.5,Track Occupied
TRN-04726,BLK-003615,1,41.5,Track Occupied
TRN-04727,BLK-029035,3,53.9,Track Occupied
TRN-04728,BLK-021113,1,25.6,Track Occupied
TRN-04729,BLK-028893,3,53.5,Track Occupied
TRN-04730,BLK-002238,3,68.3,Track Occupied
TRN-04731,BLK-015596,3,99.0,Track Occupied
TRN-04732,BLK-024149,2,78.0,Track Occupied
TRN-04733,BLK-027427,2,86.4,Track Occupied
TRN-04734,BLK-009974,3,61.7,Track Occupied
TRN-04735,BLK-017772,3,70.9,Track Occupied
TRN-04736,BLK-017859,2,84.3,Track Occupied
TRN-04737,BLK-024838,2,47.0,Track Occupied
TRN-04738,BLK-013482,3,79.1,Track Occupied
TRN-04739,BLK-013018,3,38.7,Track Occupied
TRN-04739,BLK-013019,3,38.7,Track Occupied
TRN-04740,BLK-004387,2,99.0,Track Occupied
TRN-04741,BLK-031299,3,73.0,Track Occupied
TRN-04742,BLK-001156,3,75.7,Track Occupied
TRN-04743,BLK-030621,2,62.3,Track Occupied
TRN-04744,BLK-029961,3,56.7,Track Occupied
TRN-04744,BLK-029962,3,56.7,Track Occupied
TRN-04745,BLK-009751,2,98.4,Track Occupied
TRN-04746,BLK-001559,3,57.8,Track Occupied
TRN-04746,BLK-001560,3,57.8,Track Occupied
TRN-04747,BLK-017206,3,81.1,Track Occupied
TRN-04748,BLK-018682,3,97.7,Track Occupied
TRN-04749,BLK-033563,3,84.8,Track Occupied
TRN-04749,BLK-033564,3,84.8,Track Occupied
TRN-04750,BLK-020599,1,34.9,Track Occupied
TRN-04751,BLK-014047,3,71.5,Track Occupied
TRN-04752,BLK-000823,3,66.2,Track Occupied
TRN-04753,BLK-004553,2,59.1,Track Occupied
TRN-04754,BLK-009939,3,69.5,Track Occupied
TRN-04755,BLK-009301,2,83.5,Track Occupied
TRN-04756,BLK-022766,2,60.8,Track Occupied
TRN-04757,BLK-014257,3,76.9,Track Occupied
TRN-04758,BLK-022534,1,31.3,Track Occupied
TRN-04759,BLK-002452,2,61.0,Track Occupied
TRN-04760,BLK-008347,2,53.2,Track Occupied
TRN-04761,BLK-010695,3,70.7,Track Occupied
TRN-04762,BLK-006838,2,85.0,Track Occupied
TRN-04763,BLK-007055,3,77.4,Track Occupied
TRN-04764,BLK-027504,1,35.3,Track Occupied
TRN-04765,BLK-024343,1,5.0,Track Occupied
TRN-04766,BLK-018179,2,52.0,Track Occupied
TRN-04767,BLK-018001,3,52.8,Track Occupied
TRN-04768,BLK-011860,3,76.7,Track Occupied
TRN-04769,BLK-016150,3,67.8,Track Occupied
TRN-04770,BLK-025010,3,64.4,Track Occupied
TRN-04771,BLK-023840,2,71.3,Track Occupied
TRN-04772,BLK-018498,3,49.6,Track Occupied
TRN-04773,BLK-007951,1,5.0,Track Occupied
TRN-04774,BLK-017209,3,51.3,Track Occupied
TRN-04775,BLK-012049,3,69.3,Track Occupied
TRN-04776,BLK-033490,2,63.0,Track Occupied
TRN-04777,BLK-016332,2,61.1,Track Occupied
TRN-04778,BLK-018944,2,82.2,Track Occupied
TRN-04779,BLK-002843,3,56.0,Track Occupied
TRN-04780,BLK-025526,1,42.8,Track Occupied
TRN-04781,BLK-010804,2,55.4,Track Occupied
TRN-04782,BLK-018593,2,82.7,Track Occupied
TRN-04783,BLK-027718,2,73.3,Track Occupied
TRN-04784,BLK-004223,3,89.6,Track Occupied
TRN-04784,BLK-004224,3,89.6,Track Occupied
TRN-04785,BLK-015143,3,47.8,Track Occupied
TRN-04786,BLK-028833,2,85.6,Track Occupied
TRN-04787,BLK-028274,2,56.0,Track Occupied
TRN-04788,BLK-000355,1,70.6,Track Occupied
TRN-04789,BLK-009721,1,23.5,Track Occupied
TRN-04790,BLK-031271,3,50.7,Track Occupied
TRN-04791,BLK-006873,3,98.7,Track Occupied
TRN-04792,BLK-011657,2,51.6,Track Occupied
TRN-04793,BLK-009333,2,87.3,Track Occupied
TRN-04793,BLK-009334,2,87.3,Track Occupied
TRN-04794,BLK-000097,3,39.6,Track Occupied
TRN-04795,BLK-030805,1,19.1,Track Occupied
TRN-04796,BLK-019634,2,94.5,Track Occupied
TRN-04797,BLK-032315,1,18.8,Track Occupied
TRN-04798,BLK-032459,2,99.0,Track Occupied
TRN-04799,BLK-033527,3,86.3,Track Occupied
TRN-04800,BLK-016516,2,73.3,Track Occupied
TRN-04801,BLK-008632,2,63.5,Track Occupied
TRN-04802,BLK-009694,3,91.3,Track Occupied
TRN-04803,BLK-029019,3,64.2,Track Occupied
TRN-04804,BLK-026611,2,64.6,Track Occupied
TRN-04805,BLK-029190,2,78.1,Track Occupied
TRN-04806,BLK-012551,2,62.4,Track Occupied
TRN-04806,BLK-012552,2,62.4,Track Occupied
TRN-04807,BLK-019942,2,68.1,Track Occupied
TRN-04808,BLK-016412,3,74.7,Track Occupied
TRN-04809,BLK-011169,3,73.4,Track Occupied
TRN-04810,BLK-025415,3,27.0,Track Occupied
TRN-04811,BLK-017127,1,16.8,Track Occupied
TRN-04812,BLK-017503,3,88.1,Track Occupied
TRN-04813,BLK-021889,2,71.1,Track Occupied
TRN-04814,BLK-025594,3,99.0,Track Occupied
TRN-04815,BLK-025659,2,68.0,Track Occupied
TRN-04816,BLK-010443,2,83.4,Track Occupied
TRN-04817,BLK-032609,2,77.7,Track Occupied
TRN-04818,BLK-012410,1,43.2,Track Occupied
TRN-04819,BLK-005308,2,57.7,Track Occupied
TRN-04820,BLK-029450,1,50.7,Track Occupied
TRN-04821,BLK-002568,3,99.0,Track Occupied
TRN-04822,BLK-008392,3,34.7,Track Occupied
TRN-04823,BLK-004207,3,69.7,Track Occupied
TRN-04824,BLK-025712,3,53.5,Track Occupied
TRN-04825,BLK-019565,1,30.5,Track Occupied
TRN-04826,BLK-010428,1,9.8,Track Occupied
TRN-04827,BLK-020114,2,99.0,Track Occupied
TRN-04828,BLK-030978,3,93.7,Track Occupied
TRN-04829,BLK-030530,2,63.1,Track Occupied
TRN-04830,BLK-028840,1,33.8,Track Occupied
TRN-04831,BLK-027220,1,51.1,Track Occupied
TRN-04832,BLK-018916,1,46.2,Track Occupied
TRN-04832,BLK-018917,1,46.2,Track Occupied
TRN-04833,BLK-019075,2,58.9,Track Occupied
TRN-04834,BLK-003177,3,56.5,Track Occupied
TRN-04834,BLK-003178,3,56.5,Track Occupied
TRN-04835,BLK-014123,2,94.8,Track Occupied
TRN-04836,BLK-024011,2,58.9,Track Occupied
TRN-04837,BLK-027934,3,69.9,Track Occupied
TRN-04838,BLK-003130,3,49.2,Track Occupied
TRN-04839,BLK-022193,2,88.4,Track Occupied
TRN-04840,BLK-033051,3,70.8,Track Occupied
TRN-04841,BLK-001831,2,70.6,Track Occupied
TRN-04842,BLK-018228,1,58.9,Track Occupied
TRN-04843,BLK-020327,2,63.2,Track Occupied
TRN-04844,BLK-029830,2,84.2,Track Occupied
TRN-04845,BLK-011102,2,86.2,Track Occupied
TRN-04846,BLK-021624,1,25.8,Track Occupied
TRN-04847,BLK-006225,2,87.4,Track Occupied
TRN-04848,BLK-004252,1,49.8,Track Occupied
TRN-04849,BLK-005021,3,65.2,Track Occupied
TRN-04850,BLK-002767,1,50.9,Track Occupied
TRN-04851,BLK-027054,1,26.8,Track Occupied
TRN-04852,BLK-027290,2,64.0,Track Occupied
TRN-04853,BLK-017219,2,86.7,Track Occupied
TRN-04854,BLK-025440,3,56.5,Track Occupied
TRN-04855,BLK-004621,3,59.8,Track Occupied
TRN-04856,BLK-024179,3,36.4,Track Occupied
TRN-04857,BLK-009500,2,50.1,Track Occupied
TRN-04858,BLK-027075,2,80.9,Track Occupied
TRN-04859,BLK-014396,2,87.7,Track Occupied
TRN-04860,BLK-018398,3,92.5,Track Occupied
TRN-04861,BLK-025714,3,57.2,Track Occupied
TRN-04862,BLK-015150,3,82.3,Track Occupied
TRN-04862,BLK-015151,3,82.3,Track Occupied
TRN-04863,BLK-000286,3,54.3,Track Occupied
TRN-04864,BLK-010530,1,34.6,Track Occupied
TRN-04865,BLK-016528,2,79.2,Track Occupied
TRN-04866,BLK-025181,1,41.2,Track Occupied
TRN-04867,BLK-011937,2,99.0,Track Occupied
TRN-04868,BLK-007423,3,68.4,Track Occupied
TRN-04869,BLK-029259,3,71.8,Track Occupied
TRN-04870,BLK-005145,3,72.6,Track Occupied
TRN-04871,BLK-031338,2,96.4,Track Occupied
TRN-04872,BLK-028751,2,99.0,Track Occupied
TRN-04873,BLK-012919,3,44.3,Track Occupied
TRN-04874,BLK-008324,3,58.0,Track Occupied
TRN-04875,BLK-020433,1,42.1,Track Occupied
TRN-04876,BLK-002822,3,99.0,Track Occupied
TRN-04877,BLK-013707,2,59.6,Track Occupied
TRN-04878,BLK-004317,3,61.2,Track Occupied
TRN-04879,BLK-002017,3,93.2,Track Occupied
TRN-04880,BLK-023761,3,65.8,Track Occupied
TRN-04880,BLK-023762,3,65.8,Track Occupied
TRN-04881,BLK-017338,2,54.8,Track Occupied
TRN-04882,BLK-020063,3,55.2,Track Occupied
TRN-04883,BLK-032713,3,90.1,Track Occupied
TRN-04884,BLK-013585,2,60.1,Track Occupied
TRN-04885,BLK-018945,2,52.4,Track Occupied
TRN-04886,BLK-003458,2,87.1,Track Occupied
TRN-04887,BLK-003859,1,82.0,Track Occupied
TRN-04888,BLK-011021,3,95.4,Track Occupied
TRN-04889,BLK-016819,2,70.5,Track Occupied
TRN-04890,BLK-027050,2,71.3,Track Occupied
TRN-04891,BLK-022992,3,89.0,Track Occupied
TRN-04892,BLK-008296,3,56.3,Track Occupied
TRN-04893,BLK-028321,1,30.9,Track Occupied
TRN-04894,BLK-017450,3,87.9,Track Occupied
TRN-04895,BLK-008879,2,62.1,Track Occupied
TRN-04896,BLK-030936,2,95.3,Track Occupied
TRN-04897,BLK-009444,1,36.2,Track Occupied
TRN-04898,BLK-027183,3,81.3,Track Occupied
TRN-04899,BLK-022540,1,61.6,Track Occupied
TRN-04900,BLK-026231,1,5.0,Track Occupied
TRN-04901,BLK-000210,3,57.5,Track Occupied
TRN-04901,BLK-000211,3,57.5,Track Occupied
TRN-04902,BLK-020346,2,51.7,Track Occupied
TRN-04903,BLK-008491,2,91.9,Track Occupied
TRN-04904,BLK-000070,3,74.9,Track Occupied
TRN-04905,BLK-007137,3,87.9,Track Occupied
TRN-04906,BLK-014143,1,37.9,Track Occupied
TRN-04906,BLK-014144,1,37.9,Track Occupied
TRN-04907,BLK-029067,3,80.5,Track Occupied
TRN-04908,BLK-026051,2,63.0,Track Occupied
TRN-04909,BLK-008290,3,88.2,Track Occupied
TRN-04910,BLK-015007,2,74.9,Track Occupied
TRN-04911,BLK-017292,2,94.6,Track Occupied
TRN-04912,BLK-031728,2,70.2,Track Occupied
TRN-04913,BLK-000447,2,69.1,Track Occupied
TRN-04914,BLK-007630,2,64.1,Track Occupied
TRN-04915,BLK-004573,3,70.5,Track Occupied
TRN-04916,BLK-005336,2,66.7,Track Occupied
TRN-04917,BLK-016279,2,52.5,Track Occupied
TRN-04918,BLK-003699,1,42.9,Track Occupied
TRN-04919,BLK-023313,3,63.1,Track Occupied
TRN-04920,BLK-028863,2,72.6,Track Occupied
TRN-04921,BLK-004119,2,86.9,Track Occupied
TRN-04922,BLK-004890,2,87.4,Track Occupied
TRN-04923,BLK-007677,2,60.0,Track Occupied
TRN-04923,BLK-007678,2,60.0,Track Occupied
TRN-04924,BLK-010170,2,57.8,Track Occupied
TRN-04925,BLK-021235,2,68.0,Track Occupied
TRN-04925,BLK-021236,2,68.0,Track Occupied
TRN-04926,BLK-010032,3,83.2,Track Occupied
TRN-04927,BLK-007228,2,96.8,Track Occupied
TRN-04928,BLK-010776,1,45.2,Track Occupied
TRN-04929,BLK-004476,3,98.3,Track Occupied
TRN-04930,BLK-019666,2,68.4,Track Occupied
TRN-04931,BLK-029025,3,76.2,Track Occupied
TRN-04932,BLK-013406,3,86.3,Track Occupied
TRN-04932,BLK-013407,3,86.3,Track Occupied
TRN-04933,BLK-021858,3,82.3,Track Occupied
TRN-04934,BLK-029907,2,57.0,Track Occupied
TRN-04935,BLK-016595,3,76.0,Track Occupied
TRN-04936,BLK-024685,2,56.6,Track Occupied
TRN-04937,BLK-022539,1,74.0,Track Occupied
TRN-04938,BLK-032986,3,99.0,Track Occupied
TRN-04939,BLK-024414,3,84.8,Track Occupied
TRN-04939,BLK-024415,3,84.8,Track Occupied
TRN-04940,BLK-010560,2,61.2,Track Occupied
TRN-04941,BLK-028307,2,56.2,Track Occupied
TRN-04942,BLK-016362,3,47.6,Track Occupied
TRN-04943,BLK-028359,3,73.8,Track Occupied
TRN-04944,BLK-000031,3,51.9,Track Occupied
TRN-04945,BLK-001667,2,83.9,Track Occupied
TRN-04946,BLK-001579,3,75.3,Track Occupied
TRN-04946,BLK-001580,3,75.3,Track Occupied
TRN-04947,BLK-023978,3,69.4,Track Occupied
TRN-04948,BLK-013426,3,84.5,Track Occupied
TRN-04949,BLK-011758,1,12.0,Track Occupied
TRN-04950,BLK-028796,1,22.1,Track Occupied
TRN-04950,BLK-028797,1,22.1,Track Occupied
TRN-04951,BLK-015845,2,78.9,Track Occupied
TRN-04952,BLK-029891,2,79.7,Track Occupied
TRN-04953,BLK-015020,3,81.3,Track Occupied
TRN-04954,BLK-000664,2,70.6,Track Occupied
TRN-04955,BLK-025773,2,70.2,Track Occupied
TRN-04955,BLK-025774,2,70.2,Track Occupied
TRN-04956,BLK-029061,3,74.3,Track Occupied
TRN-04957,BLK-019107,1,30.4,Track Occupied
TRN-04958,BLK-020644,2,67.1,Track Occupied
TRN-04959,BLK-026232,3,80.1,Track Occupied
TRN-04960,BLK-029698,1,33.9,Track Occupied
TRN-04961,BLK-026224,1,55.7,Track Occupied
TRN-04962,BLK-007621,2,65.5,Track Occupied
TRN-04963,BLK-009345,1,34.6,Track Occupied
TRN-04964,BLK-020580,2,52.4,Track Occupied
TRN-04965,BLK-033525,1,45.4,Track Occupied
TRN-04966,BLK-028315,3,51.5,Track Occupied
TRN-04967,BLK-027622,3,86.2,Track Occupied
TRN-04968,BLK-004042,2,59.2,Track Occupied
TRN-04969,BLK-013506,3,54.4,Track Occupied
TRN-04970,BLK-001529,2,81.3,Track Occupied
TRN-04971,BLK-004877,1,6.0,Track Occupied
TRN-04972,BLK-002585,2,99.0,Track Occupied
TRN-04972,BLK-002586,2,99.0,Track Occupied
TRN-04973,BLK-002527,3,79.9,Track Occupied
TRN-04974,BLK-021353,1,33.1,Track Occupied
TRN-04975,BLK-019327,1,25.1,Track Occupied
TRN-04976,BLK-007590,1,5.0,Track Occupied
TRN-04977,BLK-032424,3,87.6,Track Occupied
TRN-04978,BLK-009353,2,78.5,Track Occupied
TRN-04978,BLK-009354,2,78.5,Track Occupied
TRN-04979,BLK-030703,2,43.1,Track Occupied
TRN-04980,BLK-029431,3,62.6,Track Occupied
TRN-04981,BLK-028401,2,54.9,Track Occupied
TRN-04982,BLK-013126,2,64.1,Track Occupied
TRN-04983,BLK-027223,2,99.0,Track Occupied
TRN-04984,BLK-022937,3,96.3,Track Occupied
TRN-04985,BLK-003973,3,72.4,Track Occupied
TRN-04986,BLK-012867,2,78.6,Track Occupied
TRN-04987,BLK-008104,2,88.0,Track Occupied
TRN-04987,BLK-008105,2,88.0,Track Occupied
TRN-04988,BLK-018719,3,99.0,Track Occupied
TRN-04988,BLK-018720,3,99.0,Track Occupied
TRN-04989,BLK-003144,1,27.9,Track Occupied
TRN-04990,BLK-010068,2,54.1,Track Occupied
TRN-04991,BLK-012367,3,69.2,Track Occupied
TRN-04992,BLK-021294,2,64.8,Track Occupied
TRN-04993,BLK-009734,3,60.0,Track Occupied
TRN-04993,BLK-009735,3,60.0,Track Occupied
TRN-04994,BLK-018128,1,20.3,Track Occupied
TRN-04994,BLK-018129,1,20.3,Track Occupied
TRN-04995,BLK-007697,2,60.0,Track Occupied
TRN-04996,BLK-031812,2,64.6,Track Occupied
TRN-04997,BLK-003262,2,90.4,Track Occupied
TRN-04998,BLK-023680,3,92.4,Track Occupied
TRN-04999,BLK-010745,3,68.2,Track Occupied
TRN-04999,BLK-010746,3,68.2,Track Occupied
TRN-05000,BLK-007297,2,79.3,Track Occupied
TRN-05001,BLK-006205,2,83.2,Track Occupied
TRN-05002,BLK-009824,1,25.7,Track Occupied
TRN-05003,BLK-019170,1,36.2,Track Occupied
TRN-05004,BLK-026796,2,65.1,Track Occupied
TRN-05005,BLK-014048,2,58.2,Track Occupied
TRN-05006,BLK-020413,1,41.3,Track Occupied
TRN-05007,BLK-001079,3,63.1,Track Occupied
TRN-05008,BLK-029489,3,74.0,Track Occupied
TRN-05008,BLK-029490,3,74.0,Track Occupied
TRN-05009,BLK-011849,1,32.5,Track Occupied
TRN-05010,BLK-005955,3,67.5,Track Occupied
TRN-05011,BLK-017691,3,77.6,Track Occupied
TRN-05012,BLK-018248,2,54.3,Track Occupied
TRN-05013,BLK-033559,2,87.2,Track Occupied
TRN-05014,BLK-004423,3,71.3,Track Occupied
TRN-05015,BLK-026185,2,71.0,Track Occupied
TRN-05015,BLK-026186,2,71.0,Track Occupied
TRN-05016,BLK-009626,3,99.0,Track Occupied
TRN-05017,BLK-011198,3,86.9,Track Occupied
TRN-05018,BLK-004520,3,70.9,Track Occupied
TRN-05019,BLK-024845,2,64.8,Track Occupied
TRN-05020,BLK-024824,3,54.6,Track Occupied
TRN-05021,BLK-029522,3,89.5,Track Occupied
TRN-05022,BLK-032908,3,99.0,Track Occupied
TRN-05023,BLK-023280,2,93.9,Track Occupied
TRN-05024,BLK-032089,2,68.6,Track Occupied
TRN-05025,BLK-018614,3,56.9,Track Occupied
TRN-05026,BLK-017018,1,27.9,Track Occupied
TRN-05027,BLK-012979,3,64.9,Track Occupied
TRN-05028,BLK-026479,3,70.6,Track Occupied
TRN-05029,BLK-019769,1,22.5,Track Occupied
TRN-05030,BLK-012280,2,94.9,Track Occupied
TRN-05031,BLK-002551,2,56.3,Track Occupied
TRN-05032,BLK-027728,2,32.4,Track Occupied
TRN-05033,BLK-032627,1,44.5,Track Occupied
TRN-05034,BLK-007852,2,76.3,Track Occupied
TRN-05035,BLK-028361,3,69.3,Track Occupied
TRN-05036,BLK-029889,1,18.1,Track Occupied
TRN-05037,BLK-015218,2,60.5,Track Occupied
TRN-05038,BLK-015496,1,39.1,Track Occupied
TRN-05039,BLK-028259,3,51.0,Track Occupied
TRN-05040,BLK-001767,1,5.0,Track Occupied
TRN-05041,BLK-007889,3,99.0,Track Occupied
TRN-05042,BLK-012206,1,35.6,Track Occupied
TRN-05043,BLK-016002,1,23.2,Track Occupied
TRN-05044,BLK-018555,3,69.2,Track Occupied
TRN-05044,BLK-018556,3,69.2,Track Occupied
TRN-05045,BLK-032406,3,59.6,Track Occupied
TRN-05046,BLK-014057,2,55.0,Track Occupied
TRN-05047,BLK-029923,2,99.0,Track Occupied
TRN-05048,BLK-002890,2,56.6,Track Occupied
TRN-05048,BLK-002891,2,56.6,Track Occupied
TRN-05049,BLK-012810,3,80.9,Track Occupied
TRN-05050,BLK-010264,3,73.2,Track Occupied
TRN-05051,BLK-001528,1,37.4,Track Occupied
TRN-05052,BLK-030545,2,84.3,Track Occupied
TRN-05053,BLK-021512,3,88.9,Track Occupied
TRN-05054,BLK-015279,1,59.8,Track Occupied
TRN-05055,BLK-024647,1,23.0,Track Occupied
TRN-05056,BLK-015066,2,84.7,Track Occupied
TRN-05057,BLK-006818,2,74.9,Track Occupied
TRN-05058,BLK-004521,2,92.9,Track Occupied
TRN-05059,BLK-004863,3,99.0,Track Occupied
TRN-05060,BLK-016518,2,55.1,Track Occupied
TRN-05061,BLK-000058,1,26.1,Track Occupied
TRN-05062,BLK-023282,2,84.7,Track Occupied
TRN-05063,BLK-024348,3,92.3,Track Occupied
TRN-05064,BLK-020678,2,77.6,Track Occupied
TRN-05065,BLK-011543,2,90.3,Track Occupied
TRN-05066,BLK-020658,1,55.1,Track Occupied
TRN-05067,BLK-022477,1,52.2,Track Occupied
TRN-05068,BLK-014968,3,63.3,Track Occupied
TRN-05069,BLK-004889,3,72.9,Track Occupied
TRN-05070,BLK-029708,2,76.9,Track Occupied
TRN-05071,BLK-018648,3,75.1,Track Occupied
TRN-05072,BLK-019005,1,16.3,Track Occupied
TRN-05073,BLK-022218,2,66.5,Track Occupied
TRN-05074,BLK-002642,3,99.0,Track Occupied
TRN-05075,BLK-025065,2,64.4,Track Occupied
TRN-05076,BLK-019993,2,99.0,Track Occupied
TRN-05077,BLK-020705,3,88.5,Track Occupied
TRN-05078,BLK-032820,2,73.9,Track Occupied
TRN-05079,BLK-021752,1,32.7,Track Occupied
TRN-05080,BLK-002603,2,65.2,Track Occupied
TRN-05081,BLK-032253,3,48.7,Track Occupied
TRN-05082,BLK-002340,3,59.4,Track Occupied
TRN-05083,BLK-005356,3,76.9,Track Occupied
TRN-05084,BLK-012284,2,69.2,Track Occupied
TRN-05085,BLK-002758,3,45.4,Track Occupied
TRN-05086,BLK-021383,2,44.8,Track Occupied
TRN-05087,BLK-029668,2,73.0,Track Occupied
TRN-05088,BLK-017529,1,21.7,Track Occupied
TRN-05089,BLK-016256,2,98.5,Track Occupied
TRN-05090,BLK-029768,2,97.0,Track Occupied
TRN-05091,BLK-018317,2,72.7,Track Occupied
TRN-05092,BLK-016864,1,25.8,Track Occupied
TRN-05093,BLK-008726,2,65.5,Track Occupied
TRN-05094,BLK-010828,3,70.3,Track Occupied
TRN-05094,BLK-010829,3,70.3,Track Occupied
TRN-05095,BLK-022139,2,56.9,Track Occupied
TRN-05096,BLK-013831,1,26.4,Track Occupied
TRN-05097,BLK-026175,1,40.1,Track Occupied
TRN-05098,BLK-032205,3,72.6,Track Occupied
TRN-05099,BLK-017457,3,60.1,Track Occupied
TRN-05100,BLK-014266,3,76.0,Track Occupied
TRN-05101,BLK-020680,2,85.3,Track Occupied
TRN-05102,BLK-033400,3,89.4,Track Occupied
TRN-05103,BLK-029033,1,38.2,Track Occupied
TRN-05104,BLK-003509,1,26.3,Track Occupied
TRN-05105,BLK-029392,2,62.9,Track Occupied
TRN-05106,BLK-017150,3,49.0,Track Occupied
TRN-05107,BLK-017557,1,44.2,Track Occupied
TRN-05108,BLK-008227,1,22.0,Track Occupied
TRN-05109,BLK-020912,1,37.1,Track Occupied
TRN-05110,BLK-023287,3,73.7,Track Occupied
TRN-05111,BLK-030366,3,53.7,Track Occupied
TRN-05112,BLK-006229,2,51.9,Track Occupied
TRN-05113,BLK-000270,3,93.3,Track Occupied
TRN-05113,BLK-000271,3,93.3,Track Occupied
TRN-05114,BLK-031737,3,99.0,Track Occupied
TRN-05115,BLK-015498,2,87.7,Track Occupied
TRN-05116,BLK-003284,2,83.7,Track Occupied
TRN-05116,BLK-003285,2,83.7,Track Occupied
TRN-05117,BLK-026783,1,46.7,Track Occupied
TRN-05118,BLK-002302,3,67.5,Track Occupied
TRN-05119,BLK-004389,3,52.1,Track Occupied
TRN-05120,BLK-017545,3,75.3,Track Occupied
TRN-05120,BLK-017546,3,75.3,Track Occupied
TRN-05121,BLK-007914,3,47.6,Track Occupied
TRN-05121,BLK-007915,3,47.6,Track Occupied
TRN-05122,BLK-008326,2,87.1,Track Occupied
TRN-05123,BLK-020721,2,88.7,Track Occupied
TRN-05124,BLK-023058,3,63.2,Track Occupied
TRN-05125,BLK-025575,2,67.3,Track Occupied
TRN-05126,BLK-025158,2,82.3,Track Occupied
TRN-05127,BLK-032400,1,63.5,Track Occupied
TRN-05128,BLK-011376,3,71.2,Track Occupied
TRN-05129,BLK-022467,3,79.1,Track Occupied
TRN-05130,BLK-023400,2,99.0,Track Occupied
TRN-05131,BLK-025984,2,99.0,Track Occupied
TRN-05132,BLK-026632,1,34.7,Track Occupied
TRN-05133,BLK-019220,2,68.0,Track Occupied
TRN-05134,BLK-017641,1,55.1,Track Occupied
TRN-05135,BLK-001545,3,63.8,Track Occupied
TRN-05136,BLK-011275,3,45.2,Track Occupied
TRN-05137,BLK-006137,1,23.7,Track Occupied
TRN-05137,BLK-006138,1,23.7,Track Occupied
TRN-05138,BLK-006837,2,84.0,Track Occupied
TRN-05139,BLK-023043,2,45.8,Track Occupied
TRN-05139,BLK-023044,2,45.8,Track Occupied
TRN-05140,BLK-007364,1,14.7,Track Occupied
TRN-05140,BLK-007365,1,14.7,Track Occupied
TRN-05141,BLK-028606,3,56.0,Track Occupied
TRN-05142,BLK-027791,2,71.0,Track Occupied
TRN-05143,BLK-003774,2,73.2,Track Occupied
TRN-05144,BLK-000383,2,33.1,Track Occupied
TRN-05145,BLK-005073,3,79.0,Track Occupied
TRN-05146,BLK-005200,3,99.0,Track Occupied
TRN-05147,BLK-018423,3,54.5,Track Occupied
TRN-05148,BLK-022969,2,79.6,Track Occupied
TRN-05149,BLK-024750,1,53.8,Track Occupied
TRN-05150,BLK-033088,1,15.0,Track Occupied
TRN-05151,BLK-005966,2,73.0,Track Occupied
TRN-05152,BLK-019216,3,93.4,Track Occupied
TRN-05153,BLK-003072,3,91.5,Track Occupied
TRN-05154,BLK-020912,3,83.8,Track Occupied
TRN-05155,BLK-032735,2,91.8,Track Occupied
TRN-05156,BLK-032695,1,10.4,Track Occupied
TRN-05157,BLK-017618,2,80.8,Track Occupied
TRN-05157,BLK-017619,2,80.8,Track Occupied
TRN-05158,BLK-000271,3,71.2,Track Occupied
TRN-05159,BLK-019334,3,77.0,Track Occupied
TRN-05160,BLK-023435,2,69.6,Track Occupied
TRN-05161,BLK-018293,2,93.3,Track Occupied
TRN-05162,BLK-006099,2,77.8,Track Occupied
TRN-05163,BLK-018228,2,41.5,Track Occupied
TRN-05164,BLK-003589,1,57.5,Track Occupied
TRN-05164,BLK-003590,1,57.5,Track Occupied
TRN-05165,BLK-004197,1,26.6,Track Occupied
TRN-05166,BLK-019778,3,92.2,Track Occupied
TRN-05167,BLK-012394,3,44.7,Track Occupied
TRN-05168,BLK-015698,2,52.2,Track Occupied
TRN-05169,BLK-009566,3,58.5,Track Occupied
TRN-05170,BLK-001109,2,64.1,Track Occupied
TRN-05171,BLK-003742,1,33.7,Track Occupied
TRN-05172,BLK-031954,1,44.3,Track Occupied
TRN-05173,BLK-031406,1,33.0,Track Occupied
TRN-05174,BLK-002159,3,79.4,Track Occupied
TRN-05174,BLK-002160,3,79.4,Track Occupied
TRN-05175,BLK-016770,3,72.8,Track Occupied
TRN-05176,BLK-007985,2,73.8,Track Occupied
TRN-05177,BLK-016606,3,81.7,Track Occupied
TRN-05178,BLK-028151,2,76.7,Track Occupied
TRN-05179,BLK-008584,3,70.2,Track Occupied
TRN-05180,BLK-007498,1,28.1,Track Occupied
TRN-05181,BLK-026178,2,65.1,Track Occupied
TRN-05182,BLK-012099,2,78.8,Track Occupied
TRN-05183,BLK-007184,3,74.3,Track Occupied
TRN-05184,BLK-003296,3,56.2,Track Occupied
TRN-05185,BLK-000848,3,64.1,Track Occupied
TRN-05186,BLK-010933,2,49.1,Track Occupied
TRN-05187,BLK-020732,3,76.3,Track Occupied
TRN-05188,BLK-018382,1,40.2,Track Occupied
TRN-05189,BLK-015123,2,76.8,Track Occupied
TRN-05190,BLK-029996,3,84.7,Track Occupied
TRN-05191,BLK-008089,2,78.3,Track Occupied
TRN-05192,BLK-016656,3,81.0,Track Occupied
TRN-05193,BLK-018196,3,68.4,Track Occupied
TRN-05194,BLK-005720,3,79.4,Track Occupied
TRN-05195,BLK-008996,3,79.9,Track Occupied
TRN-05196,BLK-004944,3,36.4,Track Occupied
TRN-05197,BLK-020011,3,63.3,Track Occupied
TRN-05198,BLK-016401,3,81.1,Track Occupied
TRN-05198,BLK-016402,3,81.1,Track Occupied
TRN-05199,BLK-011204,2,81.3,Track Occupied
TRN-05200,BLK-003824,1,23.6,Track Occupied
TRN-05201,BLK-012090,1,5.0,Track Occupied
TRN-05202,BLK-021040,3,50.6,Track Occupied
TRN-05203,BLK-008614,2,54.6,Track Occupied
TRN-05204,BLK-028593,2,73.7,Track Occupied
TRN-05205,BLK-017913,3,62.0,Track Occupied
TRN-05206,BLK-007359,1,10.5,Track Occupied
TRN-05207,BLK-032038,2,81.8,Track Occupied
TRN-05208,BLK-029685,3,98.6,Track Occupied
TRN-05209,BLK-013665,1,5.0,Track Occupied
TRN-05210,BLK-008079,3,87.8,Track Occupied
TRN-05211,BLK-029917,3,82.1,Track Occupied
TRN-05212,BLK-027822,3,69.9,Track Occupied
TRN-05213,BLK-033044,2,81.5,Track Occupied
TRN-05214,BLK-003263,3,86.4,Track Occupied
TRN-05214,BLK-003264,3,86.4,Track Occupied
TRN-05215,BLK-003032,3,88.6,Track Occupied
TRN-05216,BLK-024058,2,57.0,Track Occupied
TRN-05217,BLK-012391,3,56.8,Track Occupied
TRN-05218,BLK-003752,3,96.7,Track Occupied
TRN-05219,BLK-027199,1,43.5,Track Occupied
TRN-05220,BLK-028854,2,90.5,Track Occupied
TRN-05221,BLK-020027,1,37.5,Track Occupied
TRN-05222,BLK-031442,1,40.2,Track Occupied
TRN-05223,BLK-028481,3,51.2,Track Occupied
TRN-05224,BLK-023434,3,99.0,Track Occupied
TRN-05225,BLK-022605,2,66.7,Track Occupied
TRN-05226,BLK-018732,2,81.1,Track Occupied
TRN-05227,BLK-009058,1,43.3,Track Occupied
TRN-05228,BLK-003815,3,71.5,Track Occupied
TRN-05229,BLK-032384,2,55.0,Track Occupied
TRN-05230,BLK-019582,2,69.1,Track Occupied
TRN-05231,BLK-009883,2,81.4,Track Occupied
TRN-05232,BLK-017268,3,62.7,Track Occupied
TRN-05233,BLK-011818,3,78.3,Track Occupied
TRN-05234,BLK-017912,3,77.4,Track Occupied
TRN-05235,BLK-001891,3,45.7,Track Occupied
TRN-05236,BLK-028872,2,92.1,Track Occupied
TRN-05237,BLK-013391,2,65.8,Track Occupied
TRN-05237,BLK-013392,2,65.8,Track Occupied
TRN-05238,BLK-011794,2,87.2,Track Occupied
TRN-05239,BLK-019000,3,42.9,Track Occupied
TRN-05240,BLK-017863,2,76.4,Track Occupied
TRN-05241,BLK-007108,2,75.1,Track Occupied
TRN-05241,BLK-007109,2,75.1,Track Occupied
TRN-05242,BLK-005479,2,68.7,Track Occupied
TRN-05243,BLK-000070,1,43.9,Track Occupied
TRN-05244,BLK-032173,3,44.3,Track Occupied
TRN-05245,BLK-011790,2,75.3,Track Occupied
TRN-05246,BLK-030007,1,23.6,Track Occupied
TRN-05247,BLK-022684,2,52.8,Track Occupied
TRN-05248,BLK-002353,3,79.5,Track Occupied
TRN-05249,BLK-012536,2,70.1,Track Occupied
TRN-05250,BLK-018561,2,75.8,Track Occupied
TRN-05251,BLK-003444,3,72.0,Track Occupied
TRN-05252,BLK-028661,2,65.1,Track Occupied
TRN-05253,BLK-006871,2,42.5,Track Occupied
TRN-05254,BLK-024116,3,70.7,Track Occupied
TRN-05255,BLK-020206,2,51.8,Track Occupied
TRN-05256,BLK-019207,2,52.1,Track Occupied
TRN-05257,BLK-017533,3,65.3,Track Occupied
TRN-05258,BLK-032505,3,43.3,Track Occupied
TRN-05259,BLK-017691,3,97.9,Track Occupied
TRN-05260,BLK-006392,3,78.7,Track Occupied
TRN-05260,BLK-006393,3,78.7,Track Occupied
TRN-05261,BLK-001505,3,59.6,Track Occupied
TRN-05262,BLK-011624,3,82.4,Track Occupied
TRN-05263,BLK-021979,2,78.8,Track Occupied
TRN-05264,BLK-019613,2,37.5,Track Occupied
TRN-05265,BLK-009643,2,79.8,Track Occupied
TRN-05266,BLK-009146,2,85.0,Track Occupied
TRN-05267,BLK-006727,3,91.6,Track Occupied
TRN-05268,BLK-029713,1,19.8,Track Occupied
TRN-05269,BLK-017528,2,80.7,Track Occupied
TRN-05270,BLK-002450,3,64.6,Track Occupied
TRN-05271,BLK-033147,2,66.3,Track Occupied
TRN-05272,BLK-033243,2,78.0,Track Occupied
TRN-05273,BLK-023519,3,74.4,Track Occupied
TRN-05273,BLK-023520,3,74.4,Track Occupied
TRN-05274,BLK-014677,3,33.9,Track Occupied
TRN-05275,BLK-032854,2,80.2,Track Occupied
TRN-05276,BLK-006892,2,62.2,Track Occupied
TRN-05277,BLK-003480,3,53.5,Track Occupied
TRN-05278,BLK-022416,1,11.7,Track Occupied
TRN-05279,BLK-023977,3,69.6,Track Occupied
TRN-05280,BLK-000314,2,80.2,Track Occupied
TRN-05281,BLK-009602,3,54.6,Track Occupied
TRN-05282,BLK-014945,3,87.1,Track Occupied
TRN-05283,BLK-000208,3,80.2,Track Occupied
TRN-05284,BLK-000646,2,66.2,Track Occupied
TRN-05285,BLK-032492,2,45.1,Track Occupied
TRN-05286,BLK-020889,1,48.9,Track Occupied
TRN-05287,BLK-021724,2,80.0,Track Occupied
TRN-05288,BLK-031738,3,76.0,Track Occupied
TRN-05289,BLK-009945,2,63.8,Track Occupied
TRN-05290,BLK-004872,1,30.9,Track Occupied
TRN-05291,BLK-009290,3,72.5,Track Occupied
TRN-05292,BLK-015247,2,90.5,Track Occupied
TRN-05293,BLK-012900,1,39.0,Track Occupied
TRN-05294,BLK-031248,3,91.0,Track Occupied
TRN-05295,BLK-020355,2,79.4,Track Occupied
TRN-05296,BLK-019555,3,91.4,Track Occupied
TRN-05296,BLK-019556,3,91.4,Track Occupied
TRN-05297,BLK-024993,2,85.4,Track Occupied
TRN-05298,BLK-000178,3,52.4,Track Occupied
TRN-05299,BLK-032129,1,28.8,Track Occupied
TRN-05300,BLK-016681,2,59.4,Track Occupied
TRN-05301,BLK-001117,2,89.9,Track Occupied
TRN-05302,BLK-008070,3,63.2,Track Occupied
TRN-05303,BLK-003329,3,79.6,Track Occupied
TRN-05304,BLK-030716,1,34.2,Track Occupied
TRN-05305,BLK-002836,2,87.6,Track Occupied
TRN-05306,BLK-016974,2,63.0,Track Occupied
TRN-05307,BLK-018036,2,51.7,Track Occupied
TRN-05308,BLK-030458,2,70.9,Track Occupied
TRN-05309,BLK-001861,3,50.1,Track Occupied
TRN-05310,BLK-002574,3,83.8,Track Occupied
TRN-05311,BLK-007566,3,75.1,Track Occupied
TRN-05312,BLK-029211,3,83.4,Track Occupied
TRN-05313,BLK-016359,3,91.2,Track Occupied
TRN-05314,BLK-026439,2,75.3,Track Occupied
TRN-05315,BLK-019840,2,58.3,Track Occupied
TRN-05316,BLK-013777,3,84.5,Track Occupied
TRN-05317,BLK-025611,2,58.6,Track Occupied
TRN-05318,BLK-023524,1,29.1,Track Occupied
TRN-05319,BLK-033289,3,94.1,Track Occupied
TRN-05320,BLK-031097,3,76.1,Track Occupied
TRN-05321,BLK-023666,3,79.3,Track Occupied
TRN-05322,BLK-003456,3,71.4,Track Occupied
TRN-05323,BLK-017736,3,55.0,Track Occupied
TRN-05324,BLK-013192,1,29.3,Track Occupied
TRN-05325,BLK-002826,2,48.6,Track Occupied
TRN-05326,BLK-010400,3,66.1,Track Occupied
TRN-05327,BLK-005259,3,73.9,Track Occupied
TRN-05328,BLK-021193,1,30.5,Track Occupied
TRN-05329,BLK-004538,3,74.2,Track Occupied
TRN-05330,BLK-016165,3,60.8,Track Occupied
TRN-05331,BLK-017089,3,54.7,Track Occupied
TRN-05332,BLK-008962,3,75.9,Track Occupied
TRN-05333,BLK-033508,3,71.5,Track Occupied
TRN-05334,BLK-008722,1,29.5,Track Occupied
TRN-05335,BLK-032548,3,68.4,Track Occupied
TRN-05336,BLK-004396,2,87.2,Track Occupied
TRN-05337,BLK-032349,2,82.5,Track Occupied
TRN-05338,BLK-025469,3,44.0,Track Occupied
TRN-05339,BLK-010365,3,57.8,Track Occupied
TRN-05339,BLK-010366,3,57.8,Track Occupied
TRN-05340,BLK-010134,2,64.1,Track Occupied
TRN-05341,BLK-000660,3,54.2,Track Occupied
TRN-05342,BLK-017563,2,76.6,Track Occupied
TRN-05343,BLK-032477,3,72.5,Track Occupied
TRN-05344,BLK-001569,3,25.0,Track Occupied
TRN-05345,BLK-029468,1,30.1,Track Occupied
TRN-05346,BLK-017958,3,55.2,Track Occupied
TRN-05347,BLK-004392,2,60.9,Track Occupied
TRN-05348,BLK-026808,1,45.4,Track Occupied
TRN-05349,BLK-008809,3,88.3,Track Occupied
TRN-05350,BLK-022771,2,49.1,Track Occupied
TRN-05351,BLK-016453,3,57.3,Track Occupied
TRN-05352,BLK-025774,2,51.4,Track Occupied
TRN-05353,BLK-007038,3,73.8,Track Occupied
TRN-05353,BLK-007039,3,73.8,Track Occupied
TRN-05354,BLK-025436,3,74.1,Track Occupied
TRN-05354,BLK-025437,3,74.1,Track Occupied
TRN-05355,BLK-003431,2,74.2,Track Occupied
TRN-05356,BLK-029076,2,50.5,Track Occupied
TRN-05357,BLK-032307,3,88.2,Track Occupied
TRN-05358,BLK-024956,2,85.7,Track Occupied
TRN-05359,BLK-018160,2,66.0,Track Occupied
TRN-05360,BLK-012990,2,79.9,Track Occupied
TRN-05361,BLK-024595,2,65.4,Track Occupied
TRN-05362,BLK-011889,2,69.2,Track Occupied
TRN-05363,BLK-003554,1,40.6,Track Occupied
TRN-05364,BLK-009685,3,77.5,Track Occupied
TRN-05365,BLK-002274,2,67.2,Track Occupied
TRN-05366,BLK-033137,3,62.5,Track Occupied
TRN-05367,BLK-029655,3,67.9,Track Occupied
TRN-05368,BLK-005561,3,64.1,Track Occupied
TRN-05369,BLK-000006,3,59.1,Track Occupied
TRN-05370,BLK-002547,2,80.7,Track Occupied
TRN-05371,BLK-005592,2,57.8,Track Occupied
TRN-05372,BLK-009011,2,75.5,Track Occupied
TRN-05373,BLK-029004,3,54.0,Track Occupied
TRN-05374,BLK-033117,3,66.3,Track Occupied
TRN-05375,BLK-026787,1,53.8,Track Occupied
TRN-05376,BLK-028508,2,84.7,Track Occupied
TRN-05377,BLK-000480,2,65.1,Track Occupied
TRN-05378,BLK-017825,1,17.1,Track Occupied
TRN-05378,BLK-017826,1,17.1,Track Occupied
TRN-05379,BLK-002845,3,48.4,Track Occupied
TRN-05380,BLK-018281,2,64.6,Track Occupied
TRN-05381,BLK-030507,2,90.1,Track Occupied
TRN-05382,BLK-030260,1,8.5,Track Occupied
TRN-05383,BLK-026635,2,81.9,Track Occupied
TRN-05384,BLK-026564,2,54.2,Track Occupied
TRN-05385,BLK-018965,2,91.7,Track Occupied
TRN-05386,BLK-025637,1,35.4,Track Occupied
TRN-05387,BLK-001991,2,70.9,Track Occupied
TRN-05388,BLK-022038,3,72.7,Track Occupied
TRN-05389,BLK-003098,2,71.1,Track Occupied
TRN-05390,BLK-012222,1,21.5,Track Occupied
TRN-05391,BLK-028373,3,70.8,Track Occupied
TRN-05392,BLK-020814,2,87.0,Track Occupied
TRN-05393,BLK-009762,3,71.5,Track Occupied
TRN-05394,BLK-024225,1,65.4,Track Occupied
TRN-05394,BLK-024226,1,65.4,Track Occupied
TRN-05395,BLK-029488,1,42.3,Track Occupied
TRN-05396,BLK-015210,3,64.5,Track Occupied
TRN-05397,BLK-021256,3,73.1,Track Occupied
TRN-05398,BLK-023560,2,73.0,Track Occupied
TRN-05399,BLK-018220,3,64.8,Track Occupied
TRN-05400,BLK-030698,3,61.7,Track Occupied
TRN-05401,BLK-004171,3,28.7,Track Occupied
TRN-05402,BLK-018086,2,74.1,Track Occupied
TRN-05403,BLK-017243,2,71.1,Track Occupied
TRN-05403,BLK-017244,2,71.1,Track Occupied
TRN-05404,BLK-003051,1,54.9,Track Occupied
TRN-05405,BLK-017871,2,76.7,Track Occupied
TRN-05406,BLK-008366,3,46.1,Track Occupied
TRN-05407,BLK-029470,3,73.3,Track Occupied
TRN-05408,BLK-001213,3,75.2,Track Occupied
TRN-05409,BLK-003198,1,17.4,Track Occupied
TRN-05409,BLK-003199,1,17.4,Track Occupied
TRN-05410,BLK-022697,3,83.4,Track Occupied
TRN-05411,BLK-001403,3,69.0,Track Occupied
TRN-05412,BLK-001502,3,40.7,Track Occupied
TRN-05413,BLK-003236,3,99.0,Track Occupied
TRN-05414,BLK-022784,1,44.8,Track Occupied
TRN-05415,BLK-008120,2,56.1,Track Occupied
TRN-05416,BLK-027848,2,56.5,Track Occupied
TRN-05417,BLK-003856,3,56.9,Track Occupied
TRN-05418,BLK-000141,3,79.5,Track Occupied
TRN-05419,BLK-002809,1,21.1,Track Occupied
TRN-05420,BLK-026587,3,99.0,Track Occupied
TRN-05421,BLK-017884,3,72.7,Track Occupied
TRN-05422,BLK-004702,3,89.4,Track Occupied
TRN-05423,BLK-026190,2,99.0,Track Occupied
TRN-05424,BLK-025011,3,68.6,Track Occupied
TRN-05425,BLK-023390,2,70.7,Track Occupied
TRN-05426,BLK-015502,2,76.6,Track Occupied
TRN-05427,BLK-000589,3,99.0,Track Occupied
TRN-05428,BLK-009209,2,67.0,Track Occupied
TRN-05429,BLK-001317,2,64.5,Track Occupied
TRN-05430,BLK-015061,3,75.8,Track Occupied
TRN-05431,BLK-023524,3,75.8,Track Occupied
TRN-05432,BLK-001595,3,65.5,Track Occupied
TRN-05433,BLK-008385,3,93.0,Track Occupied
TRN-05434,BLK-029863,2,89.1,Track Occupied
TRN-05434,BLK-029864,2,89.1,Track Occupied
TRN-05435,BLK-008138,2,65.3,Track Occupied
TRN-05436,BLK-019475,2,74.5,Track Occupied
TRN-05437,BLK-025601,2,92.8,Track Occupied
TRN-05438,BLK-016874,2,77.0,Track Occupied
TRN-05439,BLK-028762,2,74.8,Track Occupied
TRN-05440,BLK-007088,2,37.5,Track Occupied
TRN-05440,BLK-007089,2,37.5,Track Occupied
TRN-05441,BLK-003216,3,64.9,Track Occupied
TRN-05442,BLK-006723,1,26.6,Track Occupied
TRN-05443,BLK-022075,3,75.3,Track Occupied
TRN-05444,BLK-004173,3,45.8,Track Occupied
TRN-05445,BLK-015333,3,82.1,Track Occupied
TRN-05446,BLK-025697,2,58.1,Track Occupied
TRN-05447,BLK-007999,1,24.2,Track Occupied
TRN-05448,BLK-028161,2,59.9,Track Occupied
TRN-05449,BLK-005784,2,52.1,Track Occupied
TRN-05450,BLK-004114,3,55.5,Track Occupied
TRN-05451,BLK-032516,2,49.0,Track Occupied
TRN-05452,BLK-013569,2,36.5,Track Occupied
TRN-05453,BLK-024215,2,99.0,Track Occupied
TRN-05454,BLK-008626,3,50.9,Track Occupied
TRN-05455,BLK-020927,3,44.0,Track Occupied
TRN-05456,BLK-013168,2,56.3,Track Occupied
TRN-05457,BLK-028224,3,67.6,Track Occupied
TRN-05458,BLK-009693,2,50.9,Track Occupied
TRN-05459,BLK-016787,3,80.7,Track Occupied
TRN-05460,BLK-010732,3,68.2,Track Occupied
TRN-05461,BLK-022330,1,24.3,Track Occupied
TRN-05462,BLK-032567,3,54.6,Track Occupied
TRN-05463,BLK-007388,2,71.2,Track Occupied
TRN-05463,BLK-007389,2,71.2,Track Occupied
TRN-05464,BLK-026821,2,80.1,Track Occupied
TRN-05465,BLK-021313,3,44.2,Track Occupied
TRN-05466,BLK-011897,3,44.5,Track Occupied
TRN-05467,BLK-006502,3,79.5,Track Occupied
TRN-05468,BLK-005424,3,50.7,Track Occupied
TRN-05469,BLK-031703,2,75.1,Track Occupied
TRN-05470,BLK-000056,2,65.3,Track Occupied
TRN-05471,BLK-021898,3,59.1,Track Occupied
TRN-05472,BLK-028948,2,54.9,Track Occupied
TRN-05473,BLK-022851,2,60.1,Track Occupied
TRN-05474,BLK-020950,3,79.8,Track Occupied
TRN-05475,BLK-031636,1,39.9,Track Occupied
TRN-05476,BLK-025612,1,32.7,Track Occupied
TRN-05477,BLK-007539,1,46.4,Track Occupied
TRN-05478,BLK-005881,2,77.8,Track Occupied
TRN-05479,BLK-021962,2,50.6,Track Occupied
TRN-05480,BLK-010021,3,75.9,Track Occupied
TRN-05481,BLK-014825,2,85.7,Track Occupied
TRN-05482,BLK-028857,3,68.9,Track Occupied
TRN-05483,BLK-027354,2,76.3,Track Occupied
TRN-05484,BLK-015175,2,68.6,Track Occupied
TRN-05485,BLK-007992,2,82.5,Track Occupied
TRN-05486,BLK-005005,2,67.7,Track Occupied
TRN-05487,BLK-000937,2,60.9,Track Occupied
TRN-05487,BLK-000938,2,60.9,Track Occupied
TRN-05488,BLK-020585,2,80.4,Track Occupied
TRN-05489,BLK-010261,2,78.2,Track Occupied
TRN-05490,BLK-030947,2,80.2,Track Occupied
TRN-05490,BLK-030948,2,80.2,Track Occupied
TRN-05491,BLK-014951,3,59.2,Track Occupied
TRN-05492,BLK-016249,2,77.7,Track Occupied
TRN-05493,BLK-026690,1,41.9,Track Occupied
TRN-05494,BLK-026848,3,73.5,Track Occupied
TRN-05494,BLK-026849,3,73.5,Track Occupied
TRN-05495,BLK-025593,2,58.3,Track Occupied
TRN-05496,BLK-000342,3,85.5,Track Occupied
TRN-05497,BLK-024507,1,34.9,Track Occupied
TRN-05498,BLK-023803,2,93.9,Track Occupied
TRN-05499,BLK-016654,2,78.2,Track Occupied
TRN-05499,BLK-016655,2,78.2,Track Occupied
TRN-05500,BLK-002980,2,79.6,Track Occupied
TRN-05501,BLK-029775,2,62.1,Track Occupied
TRN-05502,BLK-025088,2,41.6,Track Occupied
TRN-05503,BLK-009882,3,66.0,Track Occupied
TRN-05503,BLK-009883,3,66.0,Track Occupied
TRN-05504,BLK-020732,3,75.0,Track Occupied
TRN-05505,BLK-031557,2,81.5,Track Occupied
TRN-05506,BLK-008679,3,91.3,Track Occupied
TRN-05507,BLK-031098,3,70.6,Track Occupied
TRN-05508,BLK-005428,2,86.2,Track Occupied
TRN-05508,BLK-005429,2,86.2,Track Occupied
TRN-05509,BLK-014287,3,99.0,Track Occupied
TRN-05510,BLK-029008,3,43.2,Track Occupied
TRN-05511,BLK-006830,2,42.0,Track Occupied
TRN-05512,BLK-016733,3,78.5,Track Occupied
TRN-05513,BLK-015288,2,76.2,Track Occupied
TRN-05514,BLK-001053,2,59.0,Track Occupied
TRN-05515,BLK-019678,2,71.6,Track Occupied
TRN-05516,BLK-002173,3,95.3,Track Occupied
TRN-05517,BLK-032965,1,24.9,Track Occupied
TRN-05518,BLK-011307,1,38.3,Track Occupied
TRN-05519,BLK-012052,1,27.2,Track Occupied
TRN-05520,BLK-001323,2,54.6,Track Occupied
TRN-05521,BLK-013546,3,53.2,Track Occupied
TRN-05522,BLK-015517,2,76.4,Track Occupied
TRN-05523,BLK-001450,1,45.2,Track Occupied
TRN-05524,BLK-024243,3,78.2,Track Occupied
TRN-05525,BLK-012853,2,71.6,Track Occupied
TRN-05526,BLK-029698,3,76.5,Track Occupied
TRN-05527,BLK-029834,2,69.3,Track Occupied
TRN-05528,BLK-003632,2,74.7,Track Occupied
TRN-05529,BLK-008649,2,81.3,Track Occupied
TRN-05530,BLK-025822,3,69.5,Track Occupied
TRN-05530,BLK-025823,3,69.5,Track Occupied
TRN-05531,BLK-004955,2,51.4,Track Occupied
TRN-05532,BLK-027553,1,28.6,Track Occupied
TRN-05533,BLK-004455,2,88.9,Track Occupied
TRN-05534,BLK-018201,1,48.8,Track Occupied
TRN-05534,BLK-018202,1,48.8,Track Occupied
TRN-05535,BLK-011468,2,72.4,Track Occupied
TRN-05536,BLK-018197,2,74.8,Track Occupied
TRN-05537,BLK-012865,2,83.4,Track Occupied
TRN-05538,BLK-014319,1,32.5,Track Occupied
TRN-05539,BLK-010299,1,34.1,Track Occupied
TRN-05539,BLK-010300,1,34.1,Track Occupied
TRN-05540,BLK-022883,2,84.5,Track Occupied
TRN-05541,BLK-009953,2,96.2,Track Occupied
TRN-05542,BLK-004373,2,88.9,Track Occupied
TRN-05543,BLK-006792,2,70.3,Track Occupied
TRN-05544,BLK-029878,1,21.7,Track Occupied
TRN-05545,BLK-004220,3,45.7,Track Occupied
TRN-05546,BLK-027786,1,41.8,Track Occupied
TRN-05547,BLK-032125,3,83.3,Track Occupied
TRN-05548,BLK-014804,1,54.0,Track Occupied
TRN-05549,BLK-003465,3,47.0,Track Occupied
TRN-05550,BLK-014047,2,66.5,Track Occupied
TRN-05551,BLK-026440,3,89.8,Track Occupied
TRN-05552,BLK-020741,2,85.6,Track Occupied
TRN-05553,BLK-030178,1,33.6,Track Occupied
TRN-05554,BLK-009641,3,52.0,Track Occupied
TRN-05555,BLK-006252,2,59.8,Track Occupied
TRN-05556,BLK-015147,2,61.3,Track Occupied
TRN-05557,BLK-003504,2,87.6,Track Occupied
TRN-05558,BLK-026621,1,51.9,Track Occupied
TRN-05559,BLK-002070,3,59.2,Track Occupied
TRN-05560,BLK-026358,3,52.8,Track Occupied
TRN-05561,BLK-003657,3,93.4,Track Occupied
TRN-05562,BLK-031060,2,53.1,Track Occupied
TRN-05563,BLK-025808,3,69.9,Track Occupied
TRN-05564,BLK-027630,3,99.0,Track Occupied
TRN-05565,BLK-002503,2,48.5,Track Occupied
TRN-05566,BLK-019398,2,94.4,Track Occupied
TRN-05567,BLK-017937,3,43.6,Track Occupied
TRN-05568,BLK-000064,2,76.8,Track Occupied
TRN-05569,BLK-017722,3,52.6,Track Occupied
TRN-05570,BLK-005340,2,99.0,Track Occupied
TRN-05571,BLK-004981,1,22.6,Track Occupied
TRN-05572,BLK-017946,3,83.6,Track Occupied
TRN-05573,BLK-019021,2,86.1,Track Occupied
TRN-05574,BLK-016106,2,46.9,Track Occupied
TRN-05575,BLK-030629,3,99.0,Track Occupied
TRN-05576,BLK-003333,3,50.1,Track Occupied
TRN-05577,BLK-031796,2,78.7,Track Occupied
TRN-05578,BLK-011503,3,99.0,Track Occupied
TRN-05579,BLK-008565,2,74.2,Track Occupied
TRN-05580,BLK-013949,3,72.1,Track Occupied
TRN-05581,BLK-028043,2,63.2,Track Occupied
TRN-05582,BLK-026503,1,52.6,Track Occupied
TRN-05583,BLK-000630,3,59.9,Track Occupied
TRN-05584,BLK-020479,2,86.5,Track Occupied
TRN-05585,BLK-010072,1,38.9,Track Occupied
TRN-05586,BLK-027704,2,79.1,Track Occupied
TRN-05587,BLK-016766,3,84.5,Track Occupied
TRN-05588,BLK-017961,2,85.6,Track Occupied
TRN-05588,BLK-017962,2,85.6,Track Occupied
TRN-05589,BLK-014189,3,96.9,Track Occupied
TRN-05590,BLK-032440,2,89.8,Track Occupied
TRN-05591,BLK-008167,2,65.8,Track Occupied
TRN-05592,BLK-025992,1,15.6,Track Occupied
TRN-05593,BLK-031999,1,5.0,Track Occupied
TRN-05594,BLK-000506,3,52.2,Track Occupied
TRN-05595,BLK-004884,2,95.7,Track Occupied
TRN-05596,BLK-024631,2,83.6,Track Occupied
TRN-05597,BLK-010195,3,52.5,Track Occupied
TRN-05598,BLK-020298,2,72.0,Track Occupied
TRN-05599,BLK-022590,1,21.3,Track Occupied
TRN-05600,BLK-028198,2,33.1,Track Occupied
TRN-05601,BLK-002224,1,35.3,Track Occupied
TRN-05602,BLK-026785,2,96.0,Track Occupied
TRN-05603,BLK-022184,1,59.8,Track Occupied
TRN-05604,BLK-032262,3,56.8,Track Occupied
TRN-05605,BLK-016147,3,63.6,Track Occupied
TRN-05606,BLK-011076,3,93.2,Track Occupied
TRN-05607,BLK-025096,2,83.3,Track Occupied
TRN-05608,BLK-012292,3,72.9,Track Occupied
TRN-05609,BLK-031022,3,69.0,Track Occupied
TRN-05610,BLK-005194,1,26.4,Track Occupied
TRN-05610,BLK-005195,1,26.4,Track Occupied
TRN-05611,BLK-020183,2,69.8,Track Occupied
TRN-05612,BLK-003046,2,90.0,Track Occupied
TRN-05613,BLK-032456,1,14.5,Track Occupied
TRN-05614,BLK-025535,2,69.2,Track Occupied
TRN-05615,BLK-011889,3,76.8,Track Occupied
TRN-05616,BLK-019673,2,93.2,Track Occupied
TRN-05617,BLK-023752,1,25.8,Track Occupied
TRN-05618,BLK-025172,3,63.3,Track Occupied
TRN-05619,BLK-019154,3,61.4,Track Occupied
TRN-05620,BLK-016902,1,27.7,Track Occupied
TRN-05620,BLK-016903,1,27.7,Track Occupied
TRN-05621,BLK-022527,1,15.4,Track Occupied
TRN-05622,BLK-024480,2,53.5,Track Occupied
TRN-05623,BLK-007268,2,53.1,Track Occupied
TRN-05624,BLK-018101,2,78.7,Track Occupied
TRN-05625,BLK-028393,3,67.9,Track Occupied
TRN-05626,BLK-001253,3,59.1,Track Occupied
TRN-05627,BLK-028552,2,97.9,Track Occupied
TRN-05628,BLK-031528,3,69.5,Track Occupied
TRN-05629,BLK-013227,2,40.9,Track Occupied
TRN-05630,BLK-025151,1,5.0,Track Occupied
TRN-05631,BLK-020620,1,41.0,Track Occupied
TRN-05632,BLK-023114,3,56.1,Track Occupied
TRN-05633,BLK-014884,3,55.9,Track Occupied
TRN-05634,BLK-022665,3,51.5,Track Occupied
TRN-05635,BLK-014844,1,38.2,Track Occupied
TRN-05636,BLK-029215,3,44.6,Track Occupied
TRN-05637,BLK-032665,2,78.8,Track Occupied
TRN-05638,BLK-012590,3,71.4,Track Occupied
TRN-05639,BLK-011921,1,22.1,Track Occupied
TRN-05640,BLK-023527,1,16.6,Track Occupied
TRN-05641,BLK-004942,3,58.0,Track Occupied
TRN-05642,BLK-028817,1,35.9,Track Occupied
TRN-05643,BLK-031343,1,56.1,Track Occupied
TRN-05644,BLK-029275,3,83.3,Track Occupied
TRN-05645,BLK-029711,1,28.6,Track Occupied
TRN-05645,BLK-029712,1,28.6,Track Occupied
TRN-05646,BLK-025311,3,47.5,Track Occupied
TRN-05647,BLK-029628,2,71.4,Track Occupied
TRN-05648,BLK-011195,3,84.8,Track Occupied
TRN-05649,BLK-027662,2,52.2,Track Occupied
TRN-05650,BLK-012667,3,72.3,Track Occupied
TRN-05651,BLK-021240,2,99.0,Track Occupied
TRN-05652,BLK-006666,2,99.0,Track Occupied
TRN-05653,BLK-026159,2,50.8,Track Occupied
TRN-05654,BLK-000646,3,65.4,Track Occupied
TRN-05655,BLK-022021,2,66.8,Track Occupied
TRN-05656,BLK-000074,2,71.3,Track Occupied
TRN-05657,BLK-019663,2,67.1,Track Occupied
TRN-05658,BLK-000499,2,77.6,Track Occupied
TRN-05659,BLK-008753,3,89.9,Track Occupied
TRN-05660,BLK-008067,1,19.1,Track Occupied
TRN-05661,BLK-010008,2,99.0,Track Occupied
TRN-05662,BLK-025405,2,67.8,Track Occupied
TRN-05662,BLK-025406,2,67.8,Track Occupied
TRN-05663,BLK-031856,3,82.3,Track Occupied
TRN-05664,BLK-010328,2,75.3,Track Occupied
TRN-05665,BLK-002746,2,87.0,Track Occupied
TRN-05666,BLK-011683,2,68.1,Track Occupied
TRN-05666,BLK-011684,2,68.1,Track Occupied
TRN-05667,BLK-008093,2,70.9,Track Occupied
TRN-05668,BLK-008580,3,72.6,Track Occupied
TRN-05669,BLK-017863,2,52.6,Track Occupied
TRN-05669,BLK-017864,2,52.6,Track Occupied
TRN-05670,BLK-005733,3,48.9,Track Occupied
TRN-05671,BLK-028981,3,58.5,Track Occupied
TRN-05672,BLK-004711,1,21.6,Track Occupied
TRN-05673,BLK-009877,3,75.1,Track Occupied
TRN-05674,BLK-013752,2,46.2,Track Occupied
TRN-05675,BLK-005732,2,66.8,Track Occupied
TRN-05676,BLK-024295,3,61.7,Track Occupied
TRN-05676,BLK-024296,3,61.7,Track Occupied
TRN-05677,BLK-003345,3,73.6,Track Occupied
TRN-05678,BLK-032599,2,69.0,Track Occupied
TRN-05679,BLK-029308,3,99.0,Track Occupied
TRN-05680,BLK-020275,3,83.9,Track Occupied
TRN-05681,BLK-031617,2,75.7,Track Occupied
TRN-05682,BLK-018326,2,69.1,Track Occupied
TRN-05683,BLK-007919,2,60.8,Track Occupied
TRN-05684,BLK-002010,2,74.0,Track Occupied
TRN-05685,BLK-030391,3,81.1,Track Occupied
TRN-05686,BLK-029874,2,95.6,Track Occupied
TRN-05687,BLK-002442,3,69.3,Track Occupied
TRN-05687,BLK-002443,3,69.3,Track Occupied
TRN-05688,BLK-009592,3,73.6,Track Occupied
TRN-05689,BLK-028317,2,69.8,Track Occupied
TRN-05690,BLK-032520,3,45.7,Track Occupied
TRN-05691,BLK-018522,3,58.6,Track Occupied
TRN-05692,BLK-031066,3,41.2,Track Occupied
TRN-05693,BLK-005870,2,75.2,Track Occupied
TRN-05694,BLK-007201,3,77.8,Track Occupied
TRN-05695,BLK-011072,1,11.8,Track Occupied
TRN-05695,BLK-011073,1,11.8,Track Occupied
TRN-05696,BLK-015218,2,83.1,Track Occupied
TRN-05697,BLK-024087,3,64.1,Track Occupied
TRN-05698,BLK-033132,2,74.3,Track Occupied
TRN-05699,BLK-031526,3,58.7,Track Occupied
TRN-05700,BLK-019958,3,51.1,Track Occupied
TRN-05701,BLK-027501,3,86.3,Track Occupied
TRN-05702,BLK-010087,3,83.2,Track Occupied
TRN-05703,BLK-006642,3,75.3,Track Occupied
TRN-05704,BLK-020631,2,54.0,Track Occupied
TRN-05705,BLK-013653,3,79.3,Track Occupied
TRN-05706,BLK-006940,2,73.0,Track Occupied
TRN-05707,BLK-014204,3,81.5,Track Occupied
TRN-05708,BLK-007320,3,66.3,Track Occupied
TRN-05709,BLK-021818,2,98.1,Track Occupied
TRN-05710,BLK-023553,2,75.7,Track Occupied
TRN-05711,BLK-010163,3,61.6,Track Occupied
TRN-05712,BLK-020032,3,73.9,Track Occupied
TRN-05713,BLK-024020,3,85.2,Track Occupied
TRN-05713,BLK-024021,3,85.2,Track Occupied
TRN-05714,BLK-031196,3,88.2,Track Occupied
TRN-05715,BLK-015158,3,58.3,Track Occupied
TRN-05716,BLK-016119,2,76.0,Track Occupied
TRN-05717,BLK-001251,2,66.0,Track Occupied
TRN-05718,BLK-025312,3,80.7,Track Occupied
TRN-05719,BLK-006662,3,70.4,Track Occupied
TRN-05720,BLK-023952,2,66.3,Track Occupied
TRN-05721,BLK-019383,2,64.6,Track Occupied
TRN-05722,BLK-032147,2,64.4,Track Occupied
TRN-05723,BLK-029103,1,34.7,Track Occupied
TRN-05724,BLK-010971,3,53.2,Track Occupied
TRN-05725,BLK-028430,2,66.5,Track Occupied
TRN-05726,BLK-011460,3,79.5,Track Occupied
TRN-05727,BLK-024678,1,7.0,Track Occupied
TRN-05728,BLK-031112,3,81.9,Track Occupied
TRN-05729,BLK-029368,3,80.7,Track Occupied
TRN-05730,BLK-017806,2,57.9,Track Occupied
TRN-05730,BLK-017807,2,57.9,Track Occupied
TRN-05731,BLK-022572,3,70.4,Track Occupied
TRN-05732,BLK-007423,2,59.3,Track Occupied
TRN-05733,BLK-016593,2,59.1,Track Occupied
TRN-05734,BLK-014763,2,83.5,Track Occupied
TRN-05735,BLK-001131,3,91.9,Track Occupied
TRN-05736,BLK-017132,1,6.3,Track Occupied
TRN-05737,BLK-028172,2,76.8,Track Occupied
TRN-05738,BLK-016839,1,24.8,Track Occupied
TRN-05739,BLK-005020,3,84.0,Track Occupied
TRN-05740,BLK-011328,1,64.9,Track Occupied
TRN-05741,BLK-010452,2,85.5,Track Occupied
TRN-05742,BLK-002481,2,55.6,Track Occupied
TRN-05742,BLK-002482,2,55.6,Track Occupied
TRN-05743,BLK-007487,1,54.9,Track Occupied
TRN-05744,BLK-003605,1,37.4,Track Occupied
TRN-05745,BLK-006056,1,39.1,Track Occupied
TRN-05746,BLK-028019,2,98.6,Track Occupied
TRN-05747,BLK-003698,3,53.8,Track Occupied
TRN-05748,BLK-008488,2,62.6,Track Occupied
TRN-05749,BLK-005709,1,47.0,Track Occupied
TRN-05750,BLK-001920,2,41.2,Track Occupied
TRN-05751,BLK-019370,3,54.5,Track Occupied
TRN-05752,BLK-010562,2,70.9,Track Occupied
TRN-05753,BLK-011027,3,92.1,Track Occupied
TRN-05754,BLK-006121,2,65.3,Track Occupied
TRN-05755,BLK-025125,1,36.4,Track Occupied
TRN-05756,BLK-023256,2,66.7,Track Occupied
TRN-05757,BLK-018758,1,42.2,Track Occupied
TRN-05757,BLK-018759,1,42.2,Track Occupied
TRN-05758,BLK-009832,3,65.1,Track Occupied
TRN-05759,BLK-012095,1,26.1,Track Occupied
TRN-05760,BLK-018009,3,88.4,Track Occupied
TRN-05761,BLK-019247,2,54.4,Track Occupied
TRN-05762,BLK-005607,1,9.5,Track Occupied
TRN-05762,BLK-005608,1,9.5,Track Occupied
TRN-05763,BLK-013576,2,56.1,Track Occupied
TRN-05764,BLK-031643,1,37.8,Track Occupied
TRN-05765,BLK-029214,2,44.7,Track Occupied
TRN-05766,BLK-031793,2,83.8,Track Occupied
TRN-05767,BLK-023075,3,77.9,Track Occupied
TRN-05768,BLK-021087,2,50.4,Track Occupied
TRN-05768,BLK-021088,2,50.4,Track Occupied
TRN-05769,BLK-028154,3,60.7,Track Occupied
TRN-05770,BLK-016773,1,17.1,Track Occupied
TRN-05771,BLK-027253,1,8.1,Track Occupied
TRN-05772,BLK-013971,2,62.9,Track Occupied
TRN-05772,BLK-013972,2,62.9,Track Occupied
TRN-05773,BLK-031114,3,80.5,Track Occupied
TRN-05774,BLK-012200,3,85.3,Track Occupied
TRN-05775,BLK-022631,2,81.3,Track Occupied
TRN-05776,BLK-002485,3,76.1,Track Occupied
TRN-05777,BLK-006673,3,41.1,Track Occupied
TRN-05778,BLK-027702,2,73.5,Track Occupied
TRN-05779,BLK-007225,1,15.2,Track Occupied
TRN-05780,BLK-020790,1,35.1,Track Occupied
TRN-05781,BLK-007616,3,77.6,Track Occupied
TRN-05782,BLK-009348,2,56.8,Track Occupied
TRN-05783,BLK-028107,2,94.7,Track Occupied
TRN-05784,BLK-015923,3,55.9,Track Occupied
TRN-05785,BLK-016746,3,65.7,Track Occupied
TRN-05786,BLK-005574,3,79.5,Track Occupied
TRN-05787,BLK-012115,1,31.4,Track Occupied
TRN-05788,BLK-003255,1,33.7,Track Occupied
TRN-05789,BLK-031735,3,86.6,Track Occupied
TRN-05790,BLK-025160,3,59.8,Track Occupied
TRN-05791,BLK-032328,3,62.3,Track Occupied
TRN-05792,BLK-021719,2,80.5,Track Occupied
TRN-05793,BLK-001391,2,55.7,Track Occupied
TRN-05794,BLK-006321,2,70.8,Track Occupied
TRN-05795,BLK-007786,3,85.6,Track Occupied
TRN-05796,BLK-010942,2,76.7,Track Occupied
TRN-05797,BLK-023530,3,57.8,Track Occupied
TRN-05798,BLK-005118,2,86.9,Track Occupied
TRN-05799,BLK-006189,2,64.2,Track Occupied
TRN-05800,BLK-027094,2,83.3,Track Occupied
TRN-05801,BLK-028641,3,42.9,Track Occupied
TRN-05802,BLK-003541,1,48.3,Track Occupied
TRN-05803,BLK-017203,2,54.7,Track Occupied
TRN-05804,BLK-000872,2,85.4,Track Occupied
TRN-05805,BLK-003018,3,57.0,Track Occupied
TRN-05806,BLK-007346,1,37.0,Track Occupied
TRN-05807,BLK-022330,2,25.0,Track Occupied
TRN-05808,BLK-025873,3,44.6,Track Occupied
TRN-05809,BLK-011019,3,66.2,Track Occupied
TRN-05810,BLK-017489,2,78.1,Track Occupied
TRN-05810,BLK-017490,2,78.1,Track Occupied
TRN-05811,BLK-017635,3,67.6,Track Occupied
TRN-05812,BLK-022613,2,73.6,Track Occupied
TRN-05813,BLK-007105,3,80.3,Track Occupied
TRN-05814,BLK-021480,2,75.9,Track Occupied
TRN-05815,BLK-030370,2,45.1,Track Occupied
TRN-05816,BLK-012389,3,70.5,Track Occupied
TRN-05817,BLK-019135,1,68.9,Track Occupied
TRN-05818,BLK-000423,3,52.0,Track Occupied
TRN-05819,BLK-032157,2,77.7,Track Occupied
TRN-05820,BLK-014625,1,47.6,Track Occupied
TRN-05821,BLK-021092,1,24.7,Track Occupied
TRN-05822,BLK-008337,2,94.9,Track Occupied
TRN-05823,BLK-020191,1,42.7,Track Occupied
TRN-05824,BLK-022991,2,62.9,Track Occupied
TRN-05825,BLK-025958,1,41.5,Track Occupied
TRN-05826,BLK-026511,3,68.5,Track Occupied
TRN-05827,BLK-012923,3,60.4,Track Occupied
TRN-05828,BLK-016718,3,85.7,Track Occupied
TRN-05829,BLK-032096,1,42.9,Track Occupied
TRN-05829,BLK-032097,1,42.9,Track Occupied
TRN-05830,BLK-009315,3,69.2,Track Occupied
TRN-05831,BLK-020736,2,78.3,Track Occupied
TRN-05832,BLK-003873,2,41.7,Track Occupied
TRN-05833,BLK-032708,1,65.5,Track Occupied
TRN-05834,BLK-031928,2,99.0,Track Occupied
TRN-05835,BLK-020083,1,27.9,Track Occupied
TRN-05836,BLK-000574,1,43.1,Track Occupied
TRN-05837,BLK-005459,2,81.9,Track Occupied
TRN-05838,BLK-008532,2,59.7,Track Occupied
TRN-05839,BLK-020682,2,53.3,Track Occupied
TRN-05840,BLK-011185,2,83.0,Track Occupied
TRN-05841,BLK-004037,2,45.5,Track Occupied
TRN-05842,BLK-011070,2,65.2,Track Occupied
TRN-05843,BLK-020124,2,57.0,Track Occupied
TRN-05844,BLK-016540,3,46.8,Track Occupied
TRN-05845,BLK-003530,3,69.5,Track Occupied
TRN-05846,BLK-031386,3,83.1,Track Occupied
TRN-05847,BLK-021878,3,62.3,Track Occupied
TRN-05848,BLK-029904,2,60.1,Track Occupied
TRN-05849,BLK-021397,3,73.8,Track Occupied
TRN-05850,BLK-016178,3,35.1,Track Occupied
TRN-05851,BLK-009722,3,44.4,Track Occupied
TRN-05852,BLK-026284,1,29.8,Track Occupied
TRN-05853,BLK-004436,1,20.1,Track Occupied
TRN-05853,BLK-004437,1,20.1,Track Occupied
TRN-05854,BLK-022640,2,63.2,Track Occupied
TRN-05855,BLK-002090,3,43.2,Track Occupied
TRN-05856,BLK-033236,1,29.4,Track Occupied
TRN-05857,BLK-022028,3,62.2,Track Occupied
TRN-05858,BLK-028209,2,72.7,Track Occupied
TRN-05859,BLK-015136,3,91.3,Track Occupied
TRN-05860,BLK-006907,2,70.4,Track Occupied
TRN-05861,BLK-026434,1,27.3,Track Occupied
TRN-05862,BLK-033018,1,30.5,Track Occupied
TRN-05863,BLK-001767,1,45.7,Track Occupied
TRN-05864,BLK-024622,1,16.5,Track Occupied
TRN-05864,BLK-024623,1,16.5,Track Occupied
TRN-05865,BLK-005233,3,39.2,Track Occupied
TRN-05866,BLK-005999,2,75.0,Track Occupied
TRN-05867,BLK-028602,3,70.2,Track Occupied
TRN-05868,BLK-025044,2,91.5,Track Occupied
TRN-05869,BLK-019728,3,73.4,Track Occupied
TRN-05870,BLK-005001,3,55.6,Track Occupied
TRN-05871,BLK-016032,3,60.5,Track Occupied
TRN-05872,BLK-022897,1,20.4,Track Occupied
TRN-05873,BLK-015203,2,71.9,Track Occupied
TRN-05873,BLK-015204,2,71.9,Track Occupied
TRN-05874,BLK-009858,1,20.2,Track Occupied
TRN-05874,BLK-009859,1,20.2,Track Occupied
TRN-05875,BLK-015455,3,84.1,Track Occupied
TRN-05876,BLK-018887,2,91.3,Track Occupied
TRN-05877,BLK-031339,3,73.2,Track Occupied
TRN-05878,BLK-010789,1,35.2,Track Occupied
TRN-05878,BLK-010790,1,35.2,Track Occupied
TRN-05879,BLK-008813,2,59.0,Track Occupied
TRN-05880,BLK-027203,3,59.3,Track Occupied
TRN-05881,BLK-030997,2,74.7,Track Occupied
TRN-05882,BLK-002123,3,68.4,Track Occupied
TRN-05882,BLK-002124,3,68.4,Track Occupied
TRN-05883,BLK-009517,2,80.9,Track Occupied
TRN-05884,BLK-001472,3,89.5,Track Occupied
TRN-05885,BLK-028349,1,16.5,Track Occupied
TRN-05886,BLK-020075,3,58.7,Track Occupied
TRN-05887,BLK-007531,2,51.9,Track Occupied
TRN-05888,BLK-025961,2,50.5,Track Occupied
TRN-05889,BLK-003168,3,65.3,Track Occupied
TRN-05890,BLK-016335,2,53.1,Track Occupied
TRN-05891,BLK-030689,2,64.9,Track Occupied
TRN-05892,BLK-024495,2,33.6,Track Occupied
TRN-05893,BLK-005593,1,37.0,Track Occupied
TRN-05894,BLK-009695,2,72.4,Track Occupied
TRN-05895,BLK-032001,2,56.7,Track Occupied
TRN-05896,BLK-011279,2,29.6,Track Occupied
TRN-05897,BLK-033401,3,79.6,Track Occupied
TRN-05898,BLK-023529,2,73.7,Track Occupied
TRN-05899,BLK-012708,2,90.4,Track Occupied
TRN-05900,BLK-024543,3,73.4,Track Occupied
TRN-05901,BLK-024378,3,61.1,Track Occupied
TRN-05902,BLK-023701,2,67.8,Track Occupied
TRN-05903,BLK-009303,2,88.6,Track Occupied
TRN-05904,BLK-000942,3,99.0,Track Occupied
TRN-05905,BLK-012912,2,42.1,Track Occupied
TRN-05906,BLK-030792,3,67.0,Track Occupied
TRN-05907,BLK-032929,3,80.4,Track Occupied
TRN-05907,BLK-032930,3,80.4,Track Occupied
TRN-05908,BLK-029556,2,25.0,Track Occupied
TRN-05909,BLK-002532,3,69.8,Track Occupied
TRN-05910,BLK-015695,2,99.0,Track Occupied
TRN-05911,BLK-020301,3,64.9,Track Occupied
TRN-05912,BLK-019646,2,89.2,Track Occupied
TRN-05913,BLK-026063,1,43.1,Track Occupied
TRN-05914,BLK-000320,2,68.4,Track Occupied
TRN-05915,BLK-012169,2,64.7,Track Occupied
TRN-05915,BLK-012170,2,64.7,Track Occupied
TRN-05916,BLK-003083,2,87.1,Track Occupied
TRN-05917,BLK-001937,2,78.3,Track Occupied
TRN-05917,BLK-001938,2,78.3,Track Occupied
TRN-05918,BLK-004390,2,70.3,Track Occupied
TRN-05919,BLK-007111,1,47.1,Track Occupied
TRN-05920,BLK-027193,3,59.3,Track Occupied
TRN-05921,BLK-015834,3,88.3,Track Occupied
TRN-05922,BLK-014746,2,31.7,Track Occupied
TRN-05922,BLK-014747,2,31.7,Track Occupied
TRN-05923,BLK-000297,2,84.0,Track Occupied
TRN-05924,BLK-021389,2,88.4,Track Occupied
TRN-05925,BLK-028891,3,81.7,Track Occupied
TRN-05926,BLK-033079,2,34.3,Track Occupied
TRN-05927,BLK-031342,1,27.6,Track Occupied
TRN-05928,BLK-025170,1,25.9,Track Occupied
TRN-05929,BLK-015897,2,99.0,Track Occupied
TRN-05930,BLK-025745,2,78.1,Track Occupied
TRN-05931,BLK-008936,3,63.8,Track Occupied
TRN-05932,BLK-005998,1,50.2,Track Occupied
TRN-05933,BLK-012626,2,80.1,Track Occupied
TRN-05934,BLK-000634,3,77.7,Track Occupied
TRN-05935,BLK-009806,3,74.3,Track Occupied
TRN-05936,BLK-012990,3,95.7,Track Occupied
TRN-05937,BLK-011121,2,45.1,Track Occupied
TRN-05938,BLK-013147,3,76.3,Track Occupied
TRN-05939,BLK-024104,3,92.5,Track Occupied
TRN-05940,BLK-021654,3,98.3,Track Occupied
TRN-05941,BLK-002557,2,80.9,Track Occupied
TRN-05942,BLK-007727,2,72.7,Track Occupied
TRN-05943,BLK-000249,3,52.0,Track Occupied
TRN-05944,BLK-018434,2,65.7,Track Occupied
TRN-05945,BLK-021094,2,93.9,Track Occupied
TRN-05946,BLK-029478,2,62.5,Track Occupied
TRN-05947,BLK-014598,2,84.9,Track Occupied
TRN-05948,BLK-002890,2,94.6,Track Occupied
TRN-05949,BLK-020099,3,81.1,Track Occupied
TRN-05950,BLK-008290,3,52.7,Track Occupied
TRN-05951,BLK-013596,3,70.8,Track Occupied
TRN-05952,BLK-006217,1,42.2,Track Occupied
TRN-05953,BLK-008374,1,41.7,Track Occupied
TRN-05954,BLK-008619,3,77.8,Track Occupied
TRN-05955,BLK-011640,3,65.6,Track Occupied
TRN-05956,BLK-011775,2,78.0,Track Occupied
TRN-05957,BLK-027908,2,76.7,Track Occupied
TRN-05958,BLK-017002,3,46.1,Track Occupied
TRN-05959,BLK-009647,2,80.2,Track Occupied
TRN-05960,BLK-027713,3,68.2,Track Occupied
TRN-05961,BLK-033232,2,61.1,Track Occupied
TRN-05961,BLK-033233,2,61.1,Track Occupied
TRN-05962,BLK-008707,2,61.4,Track Occupied
TRN-05963,BLK-027486,1,64.9,Track Occupied
TRN-05963,BLK-027487,1,64.9,Track Occupied
TRN-05964,BLK-007877,2,77.7,Track Occupied
TRN-05965,BLK-019792,2,76.2,Track Occupied
TRN-05966,BLK-019897,2,69.2,Track Occupied
TRN-05967,BLK-023566,1,30.0,Track Occupied
TRN-05968,BLK-012266,3,83.1,Track Occupied
TRN-05969,BLK-019652,3,58.8,Track Occupied
TRN-05970,BLK-016007,2,95.2,Track Occupied
TRN-05971,BLK-008902,1,27.8,Track Occupied
TRN-05972,BLK-012934,2,51.6,Track Occupied
TRN-05973,BLK-016202,2,90.4,Track Occupied
TRN-05974,BLK-025927,2,62.4,Track Occupied
TRN-05975,BLK-015164,1,69.5,Track Occupied
TRN-05976,BLK-030848,3,70.5,Track Occupied
TRN-05977,BLK-031739,2,46.6,Track Occupied
TRN-05978,BLK-010600,1,41.7,Track Occupied
TRN-05979,BLK-010628,1,31.2,Track Occupied
TRN-05980,BLK-012094,1,14.2,Track Occupied
TRN-05981,BLK-003593,2,80.4,Track Occupied
TRN-05982,BLK-022594,3,65.8,Track Occupied
TRN-05983,BLK-005125,2,56.8,Track Occupied
TRN-05984,BLK-014364,3,85.5,Track Occupied
TRN-05985,BLK-022037,3,65.8,Track Occupied
TRN-05986,BLK-032283,2,59.0,Track Occupied
TRN-05987,BLK-012707,2,85.5,Track Occupied
TRN-05988,BLK-026211,2,52.7,Track Occupied
TRN-05989,BLK-019093,2,52.9,Track Occupied
TRN-05990,BLK-007267,3,54.0,Track Occupied
TRN-05991,BLK-001790,2,68.5,Track Occupied
TRN-05992,BLK-025797,3,55.8,Track Occupied
TRN-05993,BLK-009558,1,26.9,Track Occupied
TRN-05994,BLK-008881,3,75.0,Track Occupied
TRN-05995,BLK-019807,1,37.3,Track Occupied
TRN-05996,BLK-029398,2,72.1,Track Occupied
TRN-05997,BLK-026495,3,54.9,Track Occupied
TRN-05998,BLK-027963,3,81.2,Track Occupied
TRN-05999,BLK-004565,3,64.2,Track Occupied
TRN-06000,BLK-018628,1,44.3,Track Occupied
TRN-06001,BLK-008795,2,88.7,Track Occupied
TRN-06002,BLK-014033,3,48.6,Track Occupied
TRN-06003,BLK-030111,2,50.9,Track Occupied
TRN-06004,BLK-031708,2,35.1,Track Occupied
TRN-06004,BLK-031709,2,35.1,Track Occupied
TRN-06005,BLK-021242,3,83.5,Track Occupied
TRN-06006,BLK-033186,1,5.0,Track Occupied
TRN-06006,BLK-033187,1,5.0,Track Occupied
TRN-06007,BLK-015339,3,59.2,Track Occupied
TRN-06008,BLK-000814,2,77.3,Track Occupied
TRN-06009,BLK-025568,3,64.4,Track Occupied
TRN-06010,BLK-020360,1,60.8,Track Occupied
TRN-06011,BLK-025252,3,98.7,Track Occupied
TRN-06012,BLK-003077,3,76.7,Track Occupied
TRN-06013,BLK-014141,1,45.2,Track Occupied
TRN-06014,BLK-028454,2,43.9,Track Occupied
TRN-06015,BLK-030054,2,65.6,Track Occupied
TRN-06016,BLK-026726,2,67.5,Track Occupied
TRN-06017,BLK-009222,3,58.8,Track Occupied
TRN-06018,BLK-019593,3,50.9,Track Occupied
TRN-06019,BLK-021354,2,77.6,Track Occupied
TRN-06020,BLK-006543,2,54.6,Track Occupied
TRN-06021,BLK-032725,3,76.3,Track Occupied
TRN-06022,BLK-011905,3,65.8,Track Occupied
TRN-06023,BLK-019775,2,64.1,Track Occupied
TRN-06024,BLK-032804,2,76.7,Track Occupied
TRN-06025,BLK-007930,3,54.9,Track Occupied
TRN-06026,BLK-029575,1,37.2,Track Occupied
TRN-06027,BLK-015314,2,97.0,Track Occupied
TRN-06028,BLK-016609,2,78.9,Track Occupied
TRN-06029,BLK-005426,2,73.6,Track Occupied
TRN-06030,BLK-012409,2,61.0,Track Occupied
TRN-06031,BLK-015184,2,88.8,Track Occupied
TRN-06032,BLK-018112,3,87.9,Track Occupied
TRN-06033,BLK-008968,1,19.5,Track Occupied
TRN-06034,BLK-033371,2,60.1,Track Occupied
TRN-06035,BLK-014266,3,46.6,Track Occupied
TRN-06035,BLK-014267,3,46.6,Track Occupied
TRN-06036,BLK-004295,2,78.0,Track Occupied
TRN-06037,BLK-008711,3,83.2,Track Occupied
TRN-06038,BLK-022669,2,60.6,Track Occupied
TRN-06039,BLK-003293,3,71.5,Track Occupied
TRN-06040,BLK-007490,3,86.1,Track Occupied
TRN-06041,BLK-021610,2,68.9,Track Occupied
TRN-06042,BLK-015446,3,78.6,Track Occupied
TRN-06043,BLK-031945,2,58.6,Track Occupied
TRN-06044,BLK-030092,3,99.0,Track Occupied
TRN-06044,BLK-030093,3,99.0,Track Occupied
TRN-06045,BLK-005379,3,62.2,Track Occupied
TRN-06046,BLK-016884,1,33.7,Track Occupied
TRN-06047,BLK-020206,3,45.6,Track Occupied
TRN-06048,BLK-027335,3,66.8,Track Occupied
TRN-06049,BLK-016222,3,45.6,Track Occupied
TRN-06050,BLK-009935,1,50.2,Track Occupied
TRN-06051,BLK-019742,1,53.9,Track Occupied
TRN-06052,BLK-020302,2,72.6,Track Occupied
TRN-06053,BLK-014309,2,84.3,Track Occupied
TRN-06054,BLK-006030,2,64.3,Track Occupied
TRN-06054,BLK-006031,2,64.3,Track Occupied
TRN-06055,BLK-028679,2,71.2,Track Occupied
TRN-06056,BLK-016181,1,21.2,Track Occupied
TRN-06057,BLK-009575,2,96.3,Track Occupied
TRN-06058,BLK-028168,3,53.0,Track Occupied
TRN-06059,BLK-026545,3,25.1,Track Occupied
TRN-06060,BLK-003407,2,77.3,Track Occupied
TRN-06061,BLK-033075,2,95.8,Track Occupied
TRN-06062,BLK-015208,2,78.2,Track Occupied
TRN-06063,BLK-021159,3,57.4,Track Occupied
TRN-06064,BLK-010120,3,79.5,Track Occupied
TRN-06065,BLK-014199,3,73.5,Track Occupied
TRN-06066,BLK-024624,2,75.9,Track Occupied
TRN-06067,BLK-028154,3,64.7,Track Occupied
TRN-06068,BLK-004710,2,99.0,Track Occupied
TRN-06069,BLK-021817,2,42.7,Track Occupied
TRN-06070,BLK-018949,2,94.6,Track Occupied
TRN-06071,BLK-015962,2,72.1,Track Occupied
TRN-06072,BLK-018376,2,60.5,Track Occupied
TRN-06072,BLK-018377,2,60.5,Track Occupied
TRN-06073,BLK-006193,3,99.0,Track Occupied
TRN-06074,BLK-024364,3,78.0,Track Occupied
TRN-06075,BLK-027481,1,34.6,Track Occupied
TRN-06076,BLK-005960,2,71.1,Track Occupied
TRN-06077,BLK-020874,3,71.8,Track Occupied
TRN-06078,BLK-016078,3,94.7,Track Occupied
TRN-06079,BLK-033025,3,83.8,Track Occupied
TRN-06080,BLK-015580,2,76.9,Track Occupied
TRN-06081,BLK-007048,3,69.1,Track Occupied
TRN-06082,BLK-002870,2,95.3,Track Occupied
TRN-06083,BLK-002352,3,82.9,Track Occupied
TRN-06084,BLK-029592,3,80.1,Track Occupied
TRN-06085,BLK-010905,1,34.2,Track Occupied
TRN-06086,BLK-028500,2,88.8,Track Occupied
TRN-06087,BLK-012503,3,71.2,Track Occupied
TRN-06088,BLK-009952,3,63.8,Track Occupied
TRN-06089,BLK-020032,2,53.1,Track Occupied
TRN-06090,BLK-000050,1,30.9,Track Occupied
TRN-06091,BLK-012084,3,93.8,Track Occupied
TRN-06092,BLK-032675,1,15.5,Track Occupied
TRN-06093,BLK-008644,3,47.7,Track Occupied
TRN-06094,BLK-031711,3,89.4,Track Occupied
TRN-06095,BLK-015791,3,69.1,Track Occupied
TRN-06096,BLK-008797,1,52.9,Track Occupied
TRN-06097,BLK-004482,3,71.0,Track Occupied
TRN-06098,BLK-000011,1,31.9,Track Occupied
TRN-06098,BLK-000012,1,31.9,Track Occupied
TRN-06099,BLK-013186,1,46.9,Track Occupied
TRN-06100,BLK-006927,1,22.8,Track Occupied
TRN-06101,BLK-026453,2,78.9,Track Occupied
TRN-06102,BLK-013542,3,94.2,Track Occupied
TRN-06103,BLK-020585,2,95.5,Track Occupied
TRN-06104,BLK-003658,3,82.7,Track Occupied
TRN-06105,BLK-002412,3,64.1,Track Occupied
TRN-06106,BLK-003059,1,41.8,Track Occupied
TRN-06107,BLK-025042,3,86.2,Track Occupied
TRN-06108,BLK-031599,3,80.1,Track Occupied
TRN-06109,BLK-018484,1,34.8,Track Occupied
TRN-06110,BLK-025225,3,95.8,Track Occupied
TRN-06111,BLK-021244,3,85.7,Track Occupied
TRN-06112,BLK-016201,3,74.9,Track Occupied
TRN-06112,BLK-016202,3,74.9,Track Occupied
TRN-06113,BLK-007331,2,99.0,Track Occupied
TRN-06114,BLK-008903,2,73.0,Track Occupied
TRN-06115,BLK-019854,2,58.4,Track Occupied
TRN-06116,BLK-005857,3,99.0,Track Occupied
TRN-06117,BLK-026789,3,54.7,Track Occupied
TRN-06118,BLK-007346,2,68.7,Track Occupied
TRN-06119,BLK-014799,1,38.0,Track Occupied
TRN-06120,BLK-028859,2,75.7,Track Occupied
TRN-06120,BLK-028860,2,75.7,Track Occupied
TRN-06121,BLK-005272,2,86.0,Track Occupied
TRN-06122,BLK-004677,2,65.7,Track Occupied
TRN-06123,BLK-001567,1,35.0,Track Occupied
TRN-06124,BLK-019348,2,75.4,Track Occupied
TRN-06125,BLK-025593,2,80.0,Track Occupied
TRN-06126,BLK-006754,2,75.7,Track Occupied
TRN-06127,BLK-024035,1,42.4,Track Occupied
TRN-06128,BLK-015851,1,17.0,Track Occupied
TRN-06129,BLK-004045,2,63.6,Track Occupied
TRN-06130,BLK-001818,2,83.2,Track Occupied
TRN-06131,BLK-006184,3,65.2,Track Occupied
TRN-06132,BLK-033042,3,99.0,Track Occupied
TRN-06133,BLK-010702,2,64.1,Track Occupied
TRN-06134,BLK-001459,2,82.5,Track Occupied
TRN-06135,BLK-002854,2,82.7,Track Occupied
TRN-06136,BLK-008474,2,54.5,Track Occupied
TRN-06137,BLK-027328,2,58.6,Track Occupied
TRN-06138,BLK-006812,2,85.8,Track Occupied
TRN-06139,BLK-009664,2,79.9,Track Occupied
TRN-06140,BLK-015898,3,61.4,Track Occupied
TRN-06141,BLK-005888,2,76.5,Track Occupied
TRN-06142,BLK-031293,3,71.0,Track Occupied
TRN-06143,BLK-001840,2,51.0,Track Occupied
TRN-06144,BLK-001400,3,54.8,Track Occupied
TRN-06145,BLK-002925,2,61.6,Track Occupied
TRN-06146,BLK-000617,2,46.3,Track Occupied
TRN-06147,BLK-013039,2,63.9,Track Occupied
TRN-06148,BLK-000983,3,70.1,Track Occupied
TRN-06149,BLK-021096,3,57.2,Track Occupied
TRN-06150,BLK-033332,2,75.2,Track Occupied
TRN-06151,BLK-017106,2,54.8,Track Occupied
TRN-06152,BLK-012896,3,66.8,Track Occupied
TRN-06153,BLK-014283,2,40.9,Track Occupied
TRN-06154,BLK-009107,2,51.3,Track Occupied
TRN-06155,BLK-007777,1,56.1,Track Occupied
TRN-06155,BLK-007778,1,56.1,Track Occupied
TRN-06156,BLK-007302,3,57.8,Track Occupied
TRN-06157,BLK-032139,2,69.2,Track Occupied
TRN-06157,BLK-032140,2,69.2,Track Occupied
TRN-06158,BLK-002441,2,85.4,Track Occupied
TRN-06159,BLK-031220,2,62.3,Track Occupied
TRN-06160,BLK-025067,2,54.9,Track Occupied
TRN-06161,BLK-014405,3,79.0,Track Occupied
TRN-06162,BLK-024160,2,40.1,Track Occupied
TRN-06163,BLK-033502,2,95.8,Track Occupied
TRN-06164,BLK-001370,2,94.6,Track Occupied
TRN-06165,BLK-023965,3,39.2,Track Occupied
TRN-06166,BLK-020742,2,67.7,Track Occupied
TRN-06167,BLK-026176,2,53.3,Track Occupied
TRN-06168,BLK-032742,3,75.9,Track Occupied
TRN-06169,BLK-017532,3,68.4,Track Occupied
TRN-06170,BLK-028227,3,67.5,Track Occupied
TRN-06170,BLK-028228,3,67.5,Track Occupied
TRN-06171,BLK-004043,3,82.3,Track Occupied
TRN-06172,BLK-000649,1,30.4,Track Occupied
TRN-06173,BLK-029304,2,72.9,Track Occupied
TRN-06174,BLK-021068,2,92.8,Track Occupied
TRN-06175,BLK-028228,3,72.5,Track Occupied
TRN-06176,BLK-001680,3,46.1,Track Occupied
TRN-06177,BLK-031780,3,61.3,Track Occupied
TRN-06178,BLK-024727,1,34.6,Track Occupied
TRN-06179,BLK-029006,2,76.0,Track Occupied
TRN-06180,BLK-004194,2,69.8,Track Occupied
TRN-06181,BLK-028054,2,76.6,Track Occupied
TRN-06182,BLK-033350,3,62.7,Track Occupied
TRN-06183,BLK-014644,2,74.3,Track Occupied
TRN-06184,BLK-009451,3,83.6,Track Occupied
TRN-06185,BLK-032223,3,75.3,Track Occupied
TRN-06186,BLK-017583,1,25.2,Track Occupied
TRN-06187,BLK-012786,1,40.2,Track Occupied
TRN-06188,BLK-009854,3,53.3,Track Occupied
TRN-06189,BLK-027730,2,65.1,Track Occupied
TRN-06189,BLK-027731,2,65.1,Track Occupied
TRN-06190,BLK-029701,2,75.5,Track Occupied
TRN-06191,BLK-015486,1,46.8,Track Occupied
TRN-06192,BLK-033211,1,41.2,Track Occupied
TRN-06193,BLK-029239,1,32.8,Track Occupied
TRN-06194,BLK-002667,3,43.9,Track Occupied
TRN-06195,BLK-010433,2,82.5,Track Occupied
TRN-06196,BLK-023527,3,73.1,Track Occupied
TRN-06197,BLK-013921,3,34.6,Track Occupied
TRN-06198,BLK-019665,2,96.1,Track Occupied
TRN-06199,BLK-014534,3,81.0,Track Occupied
TRN-06200,BLK-029070,2,87.2,Track Occupied
TRN-06201,BLK-014504,3,77.4,Track Occupied
TRN-06202,BLK-024690,3,56.9,Track Occupied
TRN-06203,BLK-027581,1,28.6,Track Occupied
TRN-06204,BLK-032888,2,61.8,Track Occupied
TRN-06205,BLK-026746,3,72.8,Track Occupied
TRN-06206,BLK-016017,3,83.3,Track Occupied
TRN-06207,BLK-003101,2,53.2,Track Occupied
TRN-06208,BLK-021990,3,86.4,Track Occupied
TRN-06209,BLK-006765,2,56.6,Track Occupied
TRN-06210,BLK-020396,3,63.3,Track Occupied
TRN-06211,BLK-009992,2,70.5,Track Occupied
TRN-06212,BLK-014984,3,81.1,Track Occupied
TRN-06213,BLK-019057,3,87.5,Track Occupied
TRN-06213,BLK-019058,3,87.5,Track Occupied
TRN-06214,BLK-019075,2,95.9,Track Occupied
TRN-06215,BLK-028481,1,52.0,Track Occupied
TRN-06216,BLK-032036,1,31.2,Track Occupied
TRN-06217,BLK-013397,3,77.4,Track Occupied
TRN-06218,BLK-021134,3,95.6,Track Occupied
TRN-06219,BLK-003046,3,73.2,Track Occupied
TRN-06219,BLK-003047,3,73.2,Track Occupied
TRN-06220,BLK-011157,2,91.2,Track Occupied
TRN-06221,BLK-017724,1,18.3,Track Occupied
TRN-06222,BLK-026621,3,67.2,Track Occupied
TRN-06223,BLK-033317,1,45.6,Track Occupied
TRN-06224,BLK-011363,1,29.3,Track Occupied
TRN-06225,BLK-003758,3,99.0,Track Occupied
TRN-06226,BLK-020093,2,73.6,Track Occupied
TRN-06227,BLK-019465,2,84.7,Track Occupied
TRN-06228,BLK-000685,2,74.3,Track Occupied
TRN-06229,BLK-024348,1,14.2,Track Occupied
TRN-06230,BLK-015497,1,13.5,Track Occupied
TRN-06231,BLK-032549,3,68.8,Track Occupied
TRN-06232,BLK-025191,3,82.3,Track Occupied
TRN-06233,BLK-024128,3,61.9,Track Occupied
TRN-06234,BLK-003726,3,58.5,Track Occupied
TRN-06235,BLK-012872,3,88.8,Track Occupied
TRN-06236,BLK-022726,3,81.5,Track Occupied
TRN-06237,BLK-018561,3,68.8,Track Occupied
TRN-06238,BLK-011903,2,72.1,Track Occupied
TRN-06239,BLK-012542,3,70.3,Track Occupied
TRN-06240,BLK-016943,1,31.9,Track Occupied
TRN-06241,BLK-018924,3,63.7,Track Occupied
TRN-06242,BLK-026313,2,99.0,Track Occupied
TRN-06243,BLK-023083,2,76.4,Track Occupied
TRN-06244,BLK-010127,3,94.2,Track Occupied
TRN-06245,BLK-007210,3,55.4,Track Occupied
TRN-06246,BLK-021203,2,74.9,Track Occupied
TRN-06247,BLK-014053,1,49.6,Track Occupied
TRN-06248,BLK-021615,1,26.3,Track Occupied
TRN-06249,BLK-004073,2,61.7,Track Occupied
TRN-06250,BLK-010278,3,99.0,Track Occupied
TRN-06251,BLK-002829,3,89.5,Track Occupied
TRN-06252,BLK-023079,2,62.3,Track Occupied
TRN-06253,BLK-008591,1,28.4,Track Occupied
TRN-06254,BLK-013771,2,71.0,Track Occupied
TRN-06255,BLK-022776,2,56.6,Track Occupied
TRN-06256,BLK-026912,2,51.6,Track Occupied
TRN-06257,BLK-029126,3,99.0,Track Occupied
TRN-06258,BLK-024074,1,27.0,Track Occupied
TRN-06259,BLK-003208,2,86.2,Track Occupied
TRN-06260,BLK-029504,2,97.6,Track Occupied
TRN-06261,BLK-021778,1,37.0,Track Occupied
TRN-06262,BLK-023870,2,75.2,Track Occupied
TRN-06263,BLK-008357,2,52.0,Track Occupied
TRN-06264,BLK-007830,1,36.0,Track Occupied
TRN-06265,BLK-026208,2,79.7,Track Occupied
TRN-06266,BLK-023148,3,67.2,Track Occupied
TRN-06267,BLK-027996,3,99.0,Track Occupied
TRN-06268,BLK-016665,3,78.8,Track Occupied
TRN-06269,BLK-016299,3,76.5,Track Occupied
TRN-06270,BLK-027612,2,72.5,Track Occupied
TRN-06271,BLK-024548,3,79.1,Track Occupied
TRN-06272,BLK-029414,3,62.7,Track Occupied
TRN-06272,BLK-029415,3,62.7,Track Occupied
TRN-06273,BLK-030559,1,19.3,Track Occupied
TRN-06274,BLK-002229,1,21.7,Track Occupied
TRN-06275,BLK-002346,3,75.3,Track Occupied
TRN-06276,BLK-017886,1,5.0,Track Occupied
TRN-06277,BLK-032566,2,62.1,Track Occupied
TRN-06278,BLK-015160,2,91.2,Track Occupied
TRN-06279,BLK-014265,3,60.1,Track Occupied
TRN-06279,BLK-014266,3,60.1,Track Occupied
TRN-06280,BLK-026724,3,60.5,Track Occupied
TRN-06281,BLK-011871,2,92.4,Track Occupied
TRN-06282,BLK-001675,2,60.2,Track Occupied
TRN-06283,BLK-016709,3,88.6,Track Occupied
TRN-06284,BLK-011175,3,91.3,Track Occupied
TRN-06285,BLK-018474,3,68.4,Track Occupied
TRN-06286,BLK-005497,2,64.7,Track Occupied
TRN-06287,BLK-011535,2,48.2,Track Occupied
TRN-06288,BLK-024134,3,72.0,Track Occupied
TRN-06289,BLK-012159,3,79.8,Track Occupied
TRN-06289,BLK-012160,3,79.8,Track Occupied
TRN-06290,BLK-030226,2,59.9,Track Occupied
TRN-06291,BLK-014728,3,88.5,Track Occupied
TRN-06292,BLK-014137,1,52.3,Track Occupied
TRN-06293,BLK-009931,2,48.4,Track Occupied
TRN-06294,BLK-015931,1,13.6,Track Occupied
TRN-06295,BLK-015606,3,64.0,Track Occupied
TRN-06296,BLK-006612,2,72.9,Track Occupied
TRN-06297,BLK-029809,3,86.1,Track Occupied
TRN-06298,BLK-009522,2,63.4,Track Occupied
TRN-06299,BLK-013055,2,66.3,Track Occupied
TRN-06300,BLK-022173,2,25.0,Track Occupied
TRN-06301,BLK-022819,3,58.8,Track Occupied
TRN-06301,BLK-022820,3,58.8,Track Occupied
TRN-06302,BLK-022421,2,89.9,Track Occupied
TRN-06303,BLK-000828,1,25.8,Track Occupied
TRN-06304,BLK-032211,3,88.1,Track Occupied
TRN-06305,BLK-005131,2,73.6,Track Occupied
TRN-06306,BLK-019138,2,74.7,Track Occupied
TRN-06307,BLK-015530,2,55.4,Track Occupied
TRN-06308,BLK-027992,3,99.0,Track Occupied
TRN-06309,BLK-004138,3,76.9,Track Occupied
TRN-06310,BLK-012061,3,99.0,Track Occupied
TRN-06311,BLK-016928,3,74.6,Track Occupied
TRN-06312,BLK-013130,2,78.9,Track Occupied
TRN-06313,BLK-023305,3,81.4,Track Occupied
TRN-06314,BLK-019856,2,44.8,Track Occupied
TRN-06315,BLK-027171,3,99.0,Track Occupied
TRN-06316,BLK-008755,3,62.7,Track Occupied
TRN-06317,BLK-001714,1,41.5,Track Occupied
TRN-06318,BLK-017733,1,33.4,Track Occupied
TRN-06319,BLK-016137,1,34.9,Track Occupied
TRN-06320,BLK-016091,2,63.7,Track Occupied
TRN-06321,BLK-030536,1,38.5,Track Occupied
TRN-06321,BLK-030537,1,38.5,Track Occupied
TRN-06322,BLK-026156,1,21.3,Track Occupied
TRN-06323,BLK-007051,3,79.4,Track Occupied
TRN-06324,BLK-016005,1,27.3,Track Occupied
TRN-06325,BLK-000906,2,74.9,Track Occupied
TRN-06326,BLK-025639,3,57.3,Track Occupied
TRN-06327,BLK-018999,3,82.0,Track Occupied
TRN-06328,BLK-018738,2,59.9,Track Occupied
TRN-06329,BLK-026893,3,47.9,Track Occupied
TRN-06330,BLK-016819,3,68.4,Track Occupied
TRN-06331,BLK-002334,2,87.8,Track Occupied
TRN-06332,BLK-000158,2,88.4,Track Occupied
TRN-06333,BLK-017905,2,76.7,Track Occupied
TRN-06334,BLK-027345,1,50.5,Track Occupied
TRN-06335,BLK-024817,3,58.9,Track Occupied
TRN-06336,BLK-029202,2,77.2,Track Occupied
TRN-06337,BLK-018610,1,15.4,Track Occupied
TRN-06338,BLK-021078,2,80.9,Track Occupied
TRN-06339,BLK-011237,2,87.1,Track Occupied
TRN-06340,BLK-031883,3,75.7,Track Occupied
TRN-06340,BLK-031884,3,75.7,Track Occupied
TRN-06341,BLK-031935,3,67.9,Track Occupied
TRN-06342,BLK-001023,3,55.4,Track Occupied
TRN-06342,BLK-001024,3,55.4,Track Occupied
TRN-06343,BLK-017272,3,56.7,Track Occupied
TRN-06344,BLK-011475,2,66.3,Track Occupied
TRN-06345,BLK-024580,3,69.1,Track Occupied
TRN-06346,BLK-012421,2,52.8,Track Occupied
TRN-06347,BLK-020416,1,8.8,Track Occupied
TRN-06348,BLK-027924,2,80.3,Track Occupied
TRN-06349,BLK-020861,1,61.8,Track Occupied
TRN-06350,BLK-032700,2,57.0,Track Occupied
TRN-06351,BLK-030683,3,57.4,Track Occupied
TRN-06352,BLK-014317,2,34.7,Track Occupied
TRN-06353,BLK-032557,3,87.6,Track Occupied
TRN-06354,BLK-029979,1,35.7,Track Occupied
TRN-06355,BLK-001469,3,66.3,Track Occupied
TRN-06356,BLK-032467,2,72.7,Track Occupied
TRN-06357,BLK-009145,2,62.2,Track Occupied
TRN-06358,BLK-002143,2,87.5,Track Occupied
TRN-06359,BLK-012168,2,59.4,Track Occupied
TRN-06360,BLK-029639,3,77.4,Track Occupied
TRN-06361,BLK-012801,3,80.8,Track Occupied
TRN-06362,BLK-018483,3,75.2,Track Occupied
TRN-06363,BLK-019705,2,74.6,Track Occupied
TRN-06364,BLK-007134,3,99.0,Track Occupied
TRN-06365,BLK-005896,1,43.0,Track Occupied
TRN-06366,BLK-014973,3,59.9,Track Occupied
TRN-06366,BLK-014974,3,59.9,Track Occupied
TRN-06367,BLK-026068,3,65.9,Track Occupied
TRN-06368,BLK-005269,3,55.8,Track Occupied
TRN-06369,BLK-014323,3,77.6,Track Occupied
TRN-06370,BLK-004350,1,38.4,Track Occupied
TRN-06371,BLK-023877,3,56.9,Track Occupied
TRN-06372,BLK-032823,2,86.0,Track Occupied
TRN-06373,BLK-019057,3,84.0,Track Occupied
TRN-06374,BLK-024393,3,55.4,Track Occupied
TRN-06375,BLK-011662,3,82.1,Track Occupied
TRN-06376,BLK-010644,2,69.5,Track Occupied
TRN-06377,BLK-030481,2,83.0,Track Occupied
TRN-06378,BLK-009741,2,82.5,Track Occupied
TRN-06379,BLK-021380,2,99.0,Track Occupied
TRN-06380,BLK-014811,3,74.1,Track Occupied
TRN-06381,BLK-011039,2,72.1,Track Occupied
TRN-06382,BLK-026932,2,82.0,Track Occupied
TRN-06383,BLK-029226,3,43.6,Track Occupied
TRN-06384,BLK-014540,2,59.5,Track Occupied
TRN-06385,BLK-005378,2,92.5,Track Occupied
TRN-06386,BLK-015951,2,94.8,Track Occupied
TRN-06387,BLK-020965,1,37.7,Track Occupied
TRN-06388,BLK-031455,2,85.3,Track Occupied
TRN-06389,BLK-008171,1,23.1,Track Occupied
TRN-06390,BLK-008481,3,90.4,Track Occupied
TRN-06391,BLK-000136,2,73.7,Track Occupied
TRN-06392,BLK-022094,3,44.9,Track Occupied
TRN-06393,BLK-031185,3,60.3,Track Occupied
TRN-06394,BLK-010165,3,73.1,Track Occupied
TRN-06395,BLK-025545,2,68.6,Track Occupied
TRN-06396,BLK-000627,1,60.7,Track Occupied
TRN-06396,BLK-000628,1,60.7,Track Occupied
TRN-06397,BLK-001036,3,64.9,Track Occupied
TRN-06398,BLK-002439,2,74.5,Track Occupied
TRN-06398,BLK-002440,2,74.5,Track Occupied
TRN-06399,BLK-012844,2,71.7,Track Occupied
TRN-06399,BLK-012845,2,71.7,Track Occupied
TRN-06400,BLK-004635,2,80.5,Track Occupied
TRN-06401,BLK-030824,2,51.1,Track Occupied
TRN-06401,BLK-030825,2,51.1,Track Occupied
TRN-06402,BLK-025808,2,59.6,Track Occupied
TRN-06403,BLK-024955,3,93.9,Track Occupied
TRN-06404,BLK-016593,1,46.4,Track Occupied
TRN-06405,BLK-011523,3,78.9,Track Occupied
TRN-06406,BLK-019458,2,58.9,Track Occupied
TRN-06407,BLK-002701,2,66.1,Track Occupied
TRN-06408,BLK-033208,2,73.5,Track Occupied
TRN-06409,BLK-015252,2,60.6,Track Occupied
TRN-06410,BLK-007704,1,50.6,Track Occupied
TRN-06411,BLK-028844,3,70.9,Track Occupied
TRN-06412,BLK-012405,2,87.1,Track Occupied
TRN-06413,BLK-011171,2,63.7,Track Occupied
TRN-06414,BLK-015643,3,95.2,Track Occupied
TRN-06415,BLK-016823,2,66.4,Track Occupied
TRN-06416,BLK-024034,1,31.0,Track Occupied
TRN-06417,BLK-019404,2,61.3,Track Occupied
TRN-06418,BLK-013989,2,61.5,Track Occupied
TRN-06419,BLK-000561,2,68.2,Track Occupied
TRN-06420,BLK-006688,3,70.8,Track Occupied
TRN-06421,BLK-006812,2,93.8,Track Occupied
TRN-06422,BLK-016293,2,99.0,Track Occupied
TRN-06423,BLK-009521,2,82.6,Track Occupied
TRN-06424,BLK-006990,2,84.8,Track Occupied
TRN-06425,BLK-007112,2,77.7,Track Occupied
TRN-06426,BLK-031361,2,62.4,Track Occupied
TRN-06427,BLK-033566,2,75.9,Track Occupied
TRN-06428,BLK-011285,2,84.7,Track Occupied
TRN-06429,BLK-018228,2,80.7,Track Occupied
TRN-06430,BLK-017774,2,62.6,Track Occupied
TRN-06431,BLK-018665,3,89.0,Track Occupied
TRN-06432,BLK-028896,2,87.0,Track Occupied
TRN-06433,BLK-009490,2,89.7,Track Occupied
TRN-06434,BLK-026328,2,99.0,Track Occupied
TRN-06435,BLK-001530,2,48.7,Track Occupied
TRN-06436,BLK-019633,3,98.6,Track Occupied
TRN-06437,BLK-009949,3,67.6,Track Occupied
TRN-06438,BLK-013023,2,64.6,Track Occupied
TRN-06439,BLK-002982,1,35.6,Track Occupied
TRN-06440,BLK-002325,2,66.7,Track Occupied
TRN-06441,BLK-004161,3,44.0,Track Occupied
TRN-06442,BLK-022488,2,63.8,Track Occupied
TRN-06443,BLK-025853,3,99.0,Track Occupied
TRN-06444,BLK-016693,2,51.2,Track Occupied
TRN-06444,BLK-016694,2,51.2,Track Occupied
TRN-06445,BLK-013916,3,60.0,Track Occupied
TRN-06446,BLK-004989,3,52.1,Track Occupied
TRN-06447,BLK-004132,3,59.4,Track Occupied
TRN-06448,BLK-006375,3,45.3,Track Occupied
TRN-06449,BLK-014648,3,99.0,Track Occupied
TRN-06449,BLK-014649,3,99.0,Track Occupied
TRN-06450,BLK-023698,1,47.9,Track Occupied
TRN-06451,BLK-014100,2,59.9,Track Occupied
TRN-06452,BLK-031702,3,76.5,Track Occupied
TRN-06453,BLK-033349,2,73.9,Track Occupied
TRN-06454,BLK-003435,3,65.6,Track Occupied
TRN-06455,BLK-019859,1,44.3,Track Occupied
TRN-06456,BLK-018436,2,76.6,Track Occupied
TRN-06457,BLK-023935,2,80.5,Track Occupied
TRN-06458,BLK-022438,3,81.2,Track Occupied
TRN-06459,BLK-027067,2,74.3,Track Occupied
TRN-06460,BLK-015728,3,68.9,Track Occupied
TRN-06461,BLK-004725,1,46.7,Track Occupied
TRN-06462,BLK-025117,1,14.0,Track Occupied
TRN-06463,BLK-026589,2,56.8,Track Occupied
TRN-06464,BLK-019050,2,77.5,Track Occupied
TRN-06465,BLK-022663,2,63.6,Track Occupied
TRN-06466,BLK-015316,2,75.6,Track Occupied
TRN-06467,BLK-030687,3,81.5,Track Occupied
TRN-06468,BLK-032852,1,34.4,Track Occupied
TRN-06469,BLK-001896,3,39.0,Track Occupied
TRN-06470,BLK-015209,2,64.3,Track Occupied
TRN-06471,BLK-009982,2,39.5,Track Occupied
TRN-06472,BLK-006352,3,77.9,Track Occupied
TRN-06473,BLK-006991,3,83.0,Track Occupied
TRN-06473,BLK-006992,3,83.0,Track Occupied
TRN-06474,BLK-025524,3,68.8,Track Occupied
TRN-06475,BLK-010053,2,84.6,Track Occupied
TRN-06476,BLK-013245,2,59.0,Track Occupied
TRN-06477,BLK-012944,2,52.4,Track Occupied
TRN-06478,BLK-022342,1,49.2,Track Occupied
TRN-06479,BLK-030238,2,86.1,Track Occupied
TRN-06480,BLK-028901,3,56.9,Track Occupied
TRN-06481,BLK-018486,1,36.6,Track Occupied
TRN-06481,BLK-018487,1,36.6,Track Occupied
TRN-06482,BLK-022026,2,79.4,Track Occupied
TRN-06483,BLK-022360,2,95.6,Track Occupied
TRN-06484,BLK-004545,3,77.4,Track Occupied
TRN-06484,BLK-004546,3,77.4,Track Occupied
TRN-06485,BLK-011205,3,81.2,Track Occupied
TRN-06486,BLK-007157,3,76.8,Track Occupied
TRN-06487,BLK-017236,1,16.2,Track Occupied
TRN-06487,BLK-017237,1,16.2,Track Occupied
TRN-06488,BLK-004431,1,12.7,Track Occupied
TRN-06489,BLK-020879,2,61.9,Track Occupied
TRN-06490,BLK-020039,2,89.3,Track Occupied
TRN-06491,BLK-017916,2,96.0,Track Occupied
TRN-06492,BLK-001254,3,68.7,Track Occupied
TRN-06493,BLK-002647,2,87.0,Track Occupied
TRN-06494,BLK-020614,1,12.4,Track Occupied
TRN-06495,BLK-004234,3,99.0,Track Occupied
TRN-06495,BLK-004235,3,99.0,Track Occupied
TRN-06496,BLK-031153,1,21.8,Track Occupied
TRN-06497,BLK-014491,2,73.5,Track Occupied
TRN-06498,BLK-009461,2,88.3,Track Occupied
TRN-06499,BLK-012588,3,48.1,Track Occupied
TRN-06500,BLK-003895,3,72.8,Track Occupied
TRN-06501,BLK-003534,2,47.6,Track Occupied
TRN-06502,BLK-012836,3,76.5,Track Occupied
TRN-06503,BLK-013475,3,85.2,Track Occupied
TRN-06504,BLK-019684,2,82.6,Track Occupied
TRN-06505,BLK-017971,2,86.7,Track Occupied
TRN-06506,BLK-032248,2,88.7,Track Occupied
TRN-06507,BLK-002127,2,97.8,Track Occupied
TRN-06508,BLK-017754,2,99.0,Track Occupied
TRN-06509,BLK-017384,3,95.7,Track Occupied
TRN-06510,BLK-004418,2,67.8,Track Occupied
TRN-06511,BLK-023494,2,72.4,Track Occupied
TRN-06512,BLK-022871,3,63.0,Track Occupied
TRN-06513,BLK-030805,1,49.7,Track Occupied
TRN-06514,BLK-020995,2,43.6,Track Occupied
TRN-06515,BLK-008467,3,74.7,Track Occupied
TRN-06516,BLK-007041,3,88.7,Track Occupied
TRN-06517,BLK-016441,1,18.4,Track Occupied
TRN-06518,BLK-015689,1,26.6,Track Occupied
TRN-06519,BLK-029307,2,76.4,Track Occupied
TRN-06519,BLK-029308,2,76.4,Track Occupied
TRN-06520,BLK-018446,3,55.0,Track Occupied
TRN-06521,BLK-017266,3,69.4,Track Occupied
TRN-06522,BLK-018855,2,73.6,Track Occupied
TRN-06523,BLK-010540,2,45.6,Track Occupied
TRN-06524,BLK-011068,2,80.2,Track Occupied
TRN-06525,BLK-012102,1,27.6,Track Occupied
TRN-06526,BLK-012122,1,31.0,Track Occupied
TRN-06527,BLK-022564,2,66.6,Track Occupied
TRN-06527,BLK-022565,2,66.6,Track Occupied
TRN-06528,BLK-018826,2,60.8,Track Occupied
TRN-06529,BLK-018356,3,95.2,Track Occupied
TRN-06530,BLK-006086,3,84.0,Track Occupied
TRN-06531,BLK-027311,2,69.4,Track Occupied
TRN-06532,BLK-029680,2,67.7,Track Occupied
TRN-06533,BLK-010847,1,25.2,Track Occupied
TRN-06534,BLK-006768,3,94.7,Track Occupied
TRN-06535,BLK-019838,1,62.7,Track Occupied
TRN-06536,BLK-027743,3,72.2,Track Occupied
TRN-06537,BLK-031357,3,54.8,Track Occupied
TRN-06538,BLK-006500,3,73.5,Track Occupied
TRN-06539,BLK-002559,2,48.2,Track Occupied
TRN-06540,BLK-007016,2,62.4,Track Occupied
TRN-06541,BLK-014225,3,72.2,Track Occupied
TRN-06542,BLK-032122,3,93.9,Track Occupied
TRN-06543,BLK-031653,2,54.1,Track Occupied
TRN-06544,BLK-022712,2,79.0,Track Occupied
TRN-06545,BLK-025170,2,69.3,Track Occupied
TRN-06546,BLK-029976,2,73.0,Track Occupied
TRN-06547,BLK-021579,3,50.6,Track Occupied
TRN-06548,BLK-001743,2,81.8,Track Occupied
TRN-06549,BLK-026385,3,64.2,Track Occupied
TRN-06550,BLK-029078,3,99.0,Track Occupied
TRN-06551,BLK-011230,3,86.1,Track Occupied
TRN-06552,BLK-008913,2,75.5,Track Occupied
TRN-06553,BLK-008596,2,53.6,Track Occupied
TRN-06554,BLK-008556,2,80.8,Track Occupied
TRN-06555,BLK-026259,1,32.5,Track Occupied
TRN-06556,BLK-024742,3,85.4,Track Occupied
TRN-06557,BLK-031703,1,27.8,Track Occupied
TRN-06558,BLK-015017,2,53.9,Track Occupied
TRN-06559,BLK-007404,2,71.7,Track Occupied
TRN-06560,BLK-024210,3,60.9,Track Occupied
TRN-06561,BLK-019517,3,63.2,Track Occupied
TRN-06562,BLK-011605,3,79.9,Track Occupied
TRN-06562,BLK-011606,3,79.9,Track Occupied
TRN-06563,BLK-025787,3,56.6,Track Occupied
TRN-06563,BLK-025788,3,56.6,Track Occupied
TRN-06564,BLK-027613,3,68.8,Track Occupied
TRN-06565,BLK-005818,1,31.2,Track Occupied
TRN-06566,BLK-020842,2,87.8,Track Occupied
TRN-06566,BLK-020843,2,87.8,Track Occupied
TRN-06567,BLK-009315,1,25.2,Track Occupied
TRN-06568,BLK-027610,2,52.2,Track Occupied
TRN-06569,BLK-013900,1,12.1,Track Occupied
TRN-06570,BLK-028914,2,72.4,Track Occupied
TRN-06571,BLK-009379,2,62.7,Track Occupied
TRN-06572,BLK-007378,3,43.5,Track Occupied
TRN-06573,BLK-018095,3,64.4,Track Occupied
TRN-06574,BLK-029146,3,52.4,Track Occupied
TRN-06575,BLK-026646,3,51.7,Track Occupied
TRN-06576,BLK-004106,3,68.8,Track Occupied
TRN-06577,BLK-011319,3,66.7,Track Occupied
TRN-06578,BLK-013668,2,99.0,Track Occupied
TRN-06579,BLK-014369,2,54.2,Track Occupied
TRN-06580,BLK-032061,1,46.6,Track Occupied
TRN-06581,BLK-019516,2,75.0,Track Occupied
TRN-06582,BLK-023122,3,68.6,Track Occupied
TRN-06583,BLK-026396,2,69.7,Track Occupied
TRN-06584,BLK-009141,3,77.1,Track Occupied
TRN-06584,BLK-009142,3,77.1,Track Occupied
TRN-06585,BLK-000213,2,50.4,Track Occupied
TRN-06586,BLK-014691,2,68.5,Track Occupied
TRN-06587,BLK-000835,2,55.0,Track Occupied
TRN-06588,BLK-021723,2,56.7,Track Occupied
TRN-06589,BLK-004233,2,95.1,Track Occupied
TRN-06590,BLK-032828,2,69.2,Track Occupied
TRN-06591,BLK-018903,1,16.7,Track Occupied
TRN-06592,BLK-019792,1,19.2,Track Occupied
TRN-06593,BLK-032683,3,99.0,Track Occupied
TRN-06594,BLK-032263,1,49.1,Track Occupied
TRN-06595,BLK-025167,3,62.8,Track Occupied
TRN-06596,BLK-013619,3,77.8,Track Occupied
TRN-06597,BLK-004704,3,71.2,Track Occupied
TRN-06598,BLK-030899,1,36.0,Track Occupied
TRN-06599,BLK-003085,3,61.1,Track Occupied
TRN-06600,BLK-003577,3,85.2,Track Occupied
TRN-06601,BLK-013698,2,56.4,Track Occupied
TRN-06602,BLK-014794,3,83.5,Track Occupied
TRN-06603,BLK-020074,2,76.9,Track Occupied
TRN-06604,BLK-013342,2,76.5,Track Occupied
TRN-06604,BLK-013343,2,76.5,Track Occupied
TRN-06605,BLK-028895,1,51.1,Track Occupied
TRN-06605,BLK-028896,1,51.1,Track Occupied
TRN-06606,BLK-005480,3,85.5,Track Occupied
TRN-06607,BLK-000525,3,46.0,Track Occupied
TRN-06608,BLK-024517,2,80.8,Track Occupied
TRN-06608,BLK-024518,2,80.8,Track Occupied
TRN-06609,BLK-033044,1,33.9,Track Occupied
TRN-06610,BLK-014177,2,68.7,Track Occupied
TRN-06611,BLK-030499,3,45.9,Track Occupied
TRN-06612,BLK-013777,3,97.5,Track Occupied
TRN-06613,BLK-029074,2,99.0,Track Occupied
TRN-06614,BLK-007079,2,78.4,Track Occupied
TRN-06615,BLK-006434,2,93.4,Track Occupied
TRN-06616,BLK-027634,1,44.6,Track Occupied
TRN-06617,BLK-024163,2,73.2,Track Occupied
TRN-06618,BLK-001012,2,60.7,Track Occupied
TRN-06619,BLK-024821,3,78.5,Track Occupied
TRN-06619,BLK-024822,3,78.5,Track Occupied
TRN-06620,BLK-025870,1,42.7,Track Occupied
TRN-06621,BLK-006222,3,90.8,Track Occupied
TRN-06621,BLK-006223,3,90.8,Track Occupied
TRN-06622,BLK-008926,1,32.6,Track Occupied
TRN-06623,BLK-001028,3,99.0,Track Occupied
TRN-06624,BLK-026119,3,55.7,Track Occupied
TRN-06625,BLK-006144,3,63.3,Track Occupied
TRN-06626,BLK-016733,1,38.7,Track Occupied
TRN-06627,BLK-024412,2,61.9,Track Occupied
TRN-06628,BLK-031360,2,47.0,Track Occupied
TRN-06629,BLK-030788,3,89.5,Track Occupied
TRN-06630,BLK-029014,1,58.7,Track Occupied
TRN-06630,BLK-029015,1,58.7,Track Occupied
TRN-06631,BLK-018258,2,69.3,Track Occupied
TRN-06632,BLK-021821,3,78.5,Track Occupied
TRN-06633,BLK-020240,2,78.4,Track Occupied
TRN-06633,BLK-020241,2,78.4,Track Occupied
TRN-06634,BLK-029417,3,75.6,Track Occupied
TRN-06635,BLK-007321,3,60.3,Track Occupied
TRN-06636,BLK-025401,1,16.4,Track Occupied
TRN-06637,BLK-019833,3,69.5,Track Occupied
TRN-06638,BLK-001562,2,65.3,Track Occupied
TRN-06639,BLK-021634,3,58.7,Track Occupied
TRN-06640,BLK-024933,2,66.2,Track Occupied
TRN-06641,BLK-023748,1,30.2,Track Occupied
TRN-06642,BLK-022487,3,62.4,Track Occupied
TRN-06643,BLK-014605,3,99.0,Track Occupied
TRN-06644,BLK-000604,3,31.7,Track Occupied
TRN-06645,BLK-017588,3,69.9,Track Occupied
TRN-06646,BLK-013425,2,36.4,Track Occupied
TRN-06647,BLK-006881,3,90.7,Track Occupied
TRN-06648,BLK-011213,3,57.2,Track Occupied
TRN-06649,BLK-025893,2,99.0,Track Occupied
TRN-06649,BLK-025894,2,99.0,Track Occupied
TRN-06650,BLK-011003,1,28.3,Track Occupied
TRN-06651,BLK-027881,3,80.9,Track Occupied
TRN-06652,BLK-001701,3,70.7,Track Occupied
TRN-06653,BLK-007866,2,83.1,Track Occupied
TRN-06654,BLK-015745,3,69.0,Track Occupied
TRN-06655,BLK-022347,3,64.4,Track Occupied
TRN-06656,BLK-031106,3,40.6,Track Occupied
TRN-06657,BLK-009150,3,80.7,Track Occupied
TRN-06658,BLK-019584,3,55.1,Track Occupied
TRN-06659,BLK-012485,1,36.2,Track Occupied
TRN-06660,BLK-027014,3,96.3,Track Occupied
TRN-06661,BLK-020876,2,59.6,Track Occupied
TRN-06662,BLK-029447,2,65.5,Track Occupied
TRN-06663,BLK-008364,3,61.3,Track Occupied
TRN-06664,BLK-012813,2,66.9,Track Occupied
TRN-06665,BLK-023793,1,7.6,Track Occupied
TRN-06666,BLK-002161,3,79.7,Track Occupied
TRN-06667,BLK-025168,3,79.8,Track Occupied
TRN-06668,BLK-016621,3,99.0,Track Occupied
TRN-06669,BLK-018958,3,55.8,Track Occupied
TRN-06670,BLK-022279,2,69.5,Track Occupied
TRN-06671,BLK-011807,2,65.7,Track Occupied
TRN-06672,BLK-015466,3,57.4,Track Occupied
TRN-06673,BLK-025399,3,72.0,Track Occupied
TRN-06674,BLK-004628,2,59.2,Track Occupied
TRN-06675,BLK-020452,3,72.5,Track Occupied
TRN-06676,BLK-019851,2,63.2,Track Occupied
TRN-06676,BLK-019852,2,63.2,Track Occupied
TRN-06677,BLK-014813,1,32.5,Track Occupied
TRN-06678,BLK-015298,3,66.8,Track Occupied
TRN-06679,BLK-013372,2,73.2,Track Occupied
TRN-06680,BLK-019650,3,41.6,Track Occupied
TRN-06681,BLK-024145,3,77.8,Track Occupied
TRN-06681,BLK-024146,3,77.8,Track Occupied
TRN-06682,BLK-003070,2,94.8,Track Occupied
TRN-06683,BLK-019486,2,39.8,Track Occupied
TRN-06684,BLK-009511,2,82.5,Track Occupied
TRN-06685,BLK-016752,3,53.4,Track Occupied
TRN-06686,BLK-024734,1,34.7,Track Occupied
TRN-06687,BLK-028752,3,87.7,Track Occupied
TRN-06688,BLK-025413,2,67.1,Track Occupied
TRN-06689,BLK-000737,2,69.3,Track Occupied
TRN-06690,BLK-015467,1,26.9,Track Occupied
TRN-06691,BLK-014148,2,99.0,Track Occupied
TRN-06692,BLK-027990,3,90.3,Track Occupied
TRN-06693,BLK-020099,2,91.3,Track Occupied
TRN-06694,BLK-021182,1,32.8,Track Occupied
TRN-06695,BLK-000051,3,83.6,Track Occupied
TRN-06696,BLK-012621,2,53.3,Track Occupied
TRN-06697,BLK-016236,3,78.6,Track Occupied
TRN-06698,BLK-011667,2,60.7,Track Occupied
TRN-06699,BLK-026900,1,51.9,Track Occupied
TRN-06700,BLK-019200,3,56.8,Track Occupied
TRN-06701,BLK-015107,3,65.2,Track Occupied
TRN-06702,BLK-020063,2,58.7,Track Occupied
TRN-06703,BLK-008946,3,66.4,Track Occupied
TRN-06704,BLK-005455,3,59.9,Track Occupied
TRN-06704,BLK-005456,3,59.9,Track Occupied
TRN-06705,BLK-026580,1,30.1,Track Occupied
TRN-06706,BLK-027374,1,69.4,Track Occupied
TRN-06706,BLK-027375,1,69.4,Track Occupied
TRN-06707,BLK-003520,3,71.7,Track Occupied
TRN-06708,BLK-002773,1,46.2,Track Occupied
TRN-06709,BLK-026669,2,71.2,Track Occupied
TRN-06710,BLK-025644,1,63.2,Track Occupied
TRN-06711,BLK-010630,3,84.1,Track Occupied
TRN-06712,BLK-000795,2,64.2,Track Occupied
TRN-06713,BLK-017511,2,83.9,Track Occupied
TRN-06714,BLK-008224,3,32.5,Track Occupied
TRN-06715,BLK-022580,2,78.7,Track Occupied
TRN-06716,BLK-026833,2,94.6,Track Occupied
TRN-06717,BLK-028311,1,44.2,Track Occupied
TRN-06718,BLK-004719,3,49.0,Track Occupied
TRN-06719,BLK-021373,1,23.6,Track Occupied
TRN-06720,BLK-022837,2,82.5,Track Occupied
TRN-06721,BLK-018599,3,74.6,Track Occupied
TRN-06722,BLK-021158,3,53.3,Track Occupied
TRN-06723,BLK-027374,3,93.4,Track Occupied
TRN-06724,BLK-013744,1,20.7,Track Occupied
TRN-06725,BLK-033398,3,70.6,Track Occupied
TRN-06726,BLK-005062,1,15.9,Track Occupied
TRN-06727,BLK-005627,2,88.3,Track Occupied
TRN-06728,BLK-007707,2,90.6,Track Occupied
TRN-06729,BLK-031671,2,51.1,Track Occupied
TRN-06730,BLK-019631,2,63.5,Track Occupied
TRN-06731,BLK-015792,2,61.6,Track Occupied
TRN-06732,BLK-003193,3,71.9,Track Occupied
TRN-06733,BLK-033193,2,80.5,Track Occupied
TRN-06734,BLK-003853,1,34.5,Track Occupied
TRN-06735,BLK-013358,3,53.9,Track Occupied
TRN-06736,BLK-001313,2,69.9,Track Occupied
TRN-06736,BLK-001314,2,69.9,Track Occupied
TRN-06737,BLK-023770,3,79.4,Track Occupied
TRN-06738,BLK-003268,3,60.8,Track Occupied
TRN-06739,BLK-005921,2,72.8,Track Occupied
TRN-06740,BLK-000697,3,66.7,Track Occupied
TRN-06741,BLK-011530,3,76.9,Track Occupied
TRN-06742,BLK-024293,2,97.8,Track Occupied
TRN-06743,BLK-006625,2,75.0,Track Occupied
TRN-06744,BLK-002986,2,62.6,Track Occupied
TRN-06745,BLK-030041,3,59.0,Track Occupied
TRN-06746,BLK-006511,3,68.9,Track Occupied
TRN-06747,BLK-011794,3,55.3,Track Occupied
TRN-06748,BLK-000545,3,77.6,Track Occupied
TRN-06749,BLK-016196,2,77.7,Track Occupied
TRN-06750,BLK-005446,1,36.8,Track Occupied
TRN-06751,BLK-022269,3,99.0,Track Occupied
TRN-06752,BLK-030374,3,46.4,Track Occupied
TRN-06753,BLK-023992,3,77.6,Track Occupied
TRN-06754,BLK-018336,2,60.5,Track Occupied
TRN-06755,BLK-003974,1,27.1,Track Occupied
TRN-06756,BLK-012598,2,51.8,Track Occupied
TRN-06756,BLK-012599,2,51.8,Track Occupied
TRN-06757,BLK-013660,3,69.3,Track Occupied
TRN-06758,BLK-005588,2,89.3,Track Occupied
TRN-06759,BLK-022832,3,67.3,Track Occupied
TRN-06760,BLK-032748,3,70.6,Track Occupied
TRN-06761,BLK-031550,3,67.9,Track Occupied
TRN-06761,BLK-031551,3,67.9,Track Occupied
TRN-06762,BLK-023598,2,73.2,Track Occupied
TRN-06763,BLK-008132,2,52.0,Track Occupied
TRN-06764,BLK-020913,1,26.3,Track Occupied
TRN-06765,BLK-011519,2,61.5,Track Occupied
TRN-06766,BLK-021031,1,22.1,Track Occupied
TRN-06766,BLK-021032,1,22.1,Track Occupied
TRN-06767,BLK-033531,1,43.9,Track Occupied
TRN-06768,BLK-013026,2,72.5,Track Occupied
TRN-06769,BLK-013658,2,92.6,Track Occupied
TRN-06770,BLK-014103,1,44.5,Track Occupied
TRN-06771,BLK-019233,2,52.6,Track Occupied
TRN-06772,BLK-008025,3,86.8,Track Occupied
TRN-06773,BLK-008741,2,58.9,Track Occupied
TRN-06773,BLK-008742,2,58.9,Track Occupied
TRN-06774,BLK-016025,1,49.8,Track Occupied
TRN-06775,BLK-019839,1,14.1,Track Occupied
TRN-06776,BLK-016840,2,57.0,Track Occupied
TRN-06777,BLK-011566,3,84.9,Track Occupied
TRN-06778,BLK-020981,2,81.6,Track Occupied
TRN-06779,BLK-006911,1,14.0,Track Occupied
TRN-06779,BLK-006912,1,14.0,Track Occupied
TRN-06780,BLK-010099,3,50.4,Track Occupied
TRN-06781,BLK-018996,2,97.2,Track Occupied
TRN-06782,BLK-032353,3,67.8,Track Occupied
TRN-06783,BLK-018712,2,64.2,Track Occupied
TRN-06784,BLK-013615,2,95.3,Track Occupied
TRN-06785,BLK-011221,2,67.6,Track Occupied
TRN-06786,BLK-004764,3,74.0,Track Occupied
TRN-06787,BLK-021001,1,48.0,Track Occupied
TRN-06788,BLK-007394,3,55.2,Track Occupied
TRN-06789,BLK-014603,1,77.8,Track Occupied
TRN-06790,BLK-014832,1,5.0,Track Occupied
TRN-06791,BLK-021574,3,85.8,Track Occupied
TRN-06792,BLK-031111,2,68.7,Track Occupied
TRN-06792,BLK-031112,2,68.7,Track Occupied
TRN-06793,BLK-004935,3,60.0,Track Occupied
TRN-06794,BLK-016177,2,46.1,Track Occupied
TRN-06795,BLK-006451,1,26.8,Track Occupied
TRN-06796,BLK-006425,3,64.1,Track Occupied
TRN-06796,BLK-006426,3,64.1,Track Occupied
TRN-06797,BLK-014158,2,79.5,Track Occupied
TRN-06798,BLK-028805,2,56.7,Track Occupied
TRN-06799,BLK-022194,2,64.9,Track Occupied
TRN-06800,BLK-013964,2,61.8,Track Occupied
TRN-06801,BLK-024527,3,64.3,Track Occupied
TRN-06802,BLK-004684,2,67.1,Track Occupied
TRN-06803,BLK-015429,1,10.7,Track Occupied
TRN-06803,BLK-015430,1,10.7,Track Occupied
TRN-06804,BLK-006612,1,56.1,Track Occupied
TRN-06805,BLK-014194,3,62.9,Track Occupied
TRN-06805,BLK-014195,3,62.9,Track Occupied
TRN-06806,BLK-033046,2,52.1,Track Occupied
TRN-06807,BLK-010819,3,76.9,Track Occupied
TRN-06808,BLK-029289,1,26.3,Track Occupied
TRN-06808,BLK-029290,1,26.3,Track Occupied
TRN-06809,BLK-001423,2,49.8,Track Occupied
TRN-06810,BLK-009927,3,69.1,Track Occupied
TRN-06811,BLK-023374,2,81.5,Track Occupied
TRN-06812,BLK-031760,3,99.0,Track Occupied
TRN-06813,BLK-000450,1,32.2,Track Occupied
TRN-06814,BLK-025454,2,91.2,Track Occupied
TRN-06815,BLK-020394,1,58.6,Track Occupied
TRN-06816,BLK-001507,2,79.2,Track Occupied
TRN-06817,BLK-025372,2,84.7,Track Occupied
TRN-06818,BLK-006538,2,77.4,Track Occupied
TRN-06819,BLK-010265,3,79.8,Track Occupied
TRN-06820,BLK-021565,2,53.4,Track Occupied
TRN-06821,BLK-027293,3,81.3,Track Occupied
TRN-06822,BLK-012386,1,61.6,Track Occupied
TRN-06823,BLK-010026,2,76.1,Track Occupied
TRN-06824,BLK-021496,1,12.8,Track Occupied
TRN-06824,BLK-021497,1,12.8,Track Occupied
TRN-06825,BLK-010390,2,76.4,Track Occupied
TRN-06826,BLK-017246,3,64.4,Track Occupied
TRN-06827,BLK-016335,2,70.7,Track Occupied
TRN-06828,BLK-017259,3,62.7,Track Occupied
TRN-06829,BLK-033323,2,65.7,Track Occupied
TRN-06830,BLK-033315,1,35.0,Track Occupied
TRN-06831,BLK-002102,3,58.7,Track Occupied
TRN-06831,BLK-002103,3,58.7,Track Occupied
TRN-06832,BLK-012257,2,73.7,Track Occupied
TRN-06833,BLK-005448,3,72.9,Track Occupied
TRN-06834,BLK-031996,3,70.7,Track Occupied
TRN-06835,BLK-026152,1,23.8,Track Occupied
TRN-06835,BLK-026153,1,23.8,Track Occupied
TRN-06836,BLK-017981,1,20.5,Track Occupied
TRN-06837,BLK-015829,3,79.5,Track Occupied
TRN-06838,BLK-012201,2,70.5,Track Occupied
TRN-06839,BLK-004816,3,79.2,Track Occupied
TRN-06840,BLK-001698,3,70.7,Track Occupied
TRN-06841,BLK-031095,3,99.0,Track Occupied
TRN-06842,BLK-026019,2,43.9,Track Occupied
TRN-06843,BLK-031833,3,76.2,Track Occupied
TRN-06844,BLK-020795,2,79.6,Track Occupied
TRN-06844,BLK-020796,2,79.6,Track Occupied
TRN-06845,BLK-005450,2,98.5,Track Occupied
TRN-06846,BLK-026704,1,27.9,Track Occupied
TRN-06847,BLK-008780,2,92.9,Track Occupied
TRN-06847,BLK-008781,2,92.9,Track Occupied
TRN-06848,BLK-020361,2,67.9,Track Occupied
TRN-06849,BLK-003112,1,60.5,Track Occupied
TRN-06850,BLK-017315,3,77.3,Track Occupied
TRN-06851,BLK-005113,3,85.8,Track Occupied
TRN-06852,BLK-004940,3,78.9,Track Occupied
TRN-06853,BLK-004993,3,84.3,Track Occupied
TRN-06854,BLK-020682,1,17.1,Track Occupied
TRN-06855,BLK-009617,3,43.4,Track Occupied
TRN-06856,BLK-001764,1,29.3,Track Occupied
TRN-06857,BLK-007162,2,54.6,Track Occupied
TRN-06858,BLK-008232,3,60.8,Track Occupied
TRN-06859,BLK-015736,1,21.0,Track Occupied
TRN-06860,BLK-029258,1,30.2,Track Occupied
TRN-06861,BLK-002415,3,93.1,Track Occupied
TRN-06862,BLK-030334,2,53.1,Track Occupied
TRN-06863,BLK-017299,3,80.4,Track Occupied
TRN-06864,BLK-010189,3,53.6,Track Occupied
TRN-06864,BLK-010190,3,53.6,Track Occupied
TRN-06865,BLK-030806,2,63.6,Track Occupied
TRN-06866,BLK-020462,2,51.4,Track Occupied
TRN-06867,BLK-017739,3,79.6,Track Occupied
TRN-06867,BLK-017740,3,79.6,Track Occupied
TRN-06868,BLK-011837,3,50.1,Track Occupied
TRN-06869,BLK-021641,3,99.0,Track Occupied
TRN-06870,BLK-012219,3,76.1,Track Occupied
TRN-06870,BLK-012220,3,76.1,Track Occupied
TRN-06871,BLK-006611,2,73.6,Track Occupied
TRN-06872,BLK-017211,1,40.2,Track Occupied
TRN-06873,BLK-029147,3,79.3,Track Occupied
TRN-06874,BLK-016104,3,69.7,Track Occupied
TRN-06875,BLK-027120,2,51.2,Track Occupied
TRN-06876,BLK-015250,2,75.7,Track Occupied
TRN-06877,BLK-012368,2,73.2,Track Occupied
TRN-06878,BLK-007741,2,69.7,Track Occupied
TRN-06879,BLK-032233,1,17.7,Track Occupied
TRN-06880,BLK-017388,2,68.6,Track Occupied
TRN-06881,BLK-032824,1,60.1,Track Occupied
TRN-06882,BLK-023680,1,15.1,Track Occupied
TRN-06883,BLK-025302,3,71.6,Track Occupied
TRN-06884,BLK-025601,3,73.5,Track Occupied
TRN-06885,BLK-028895,1,5.0,Track Occupied
TRN-06885,BLK-028896,1,5.0,Track Occupied
TRN-06886,BLK-012325,2,42.1,Track Occupied
TRN-06887,BLK-014141,3,68.3,Track Occupied
TRN-06888,BLK-029108,2,88.0,Track Occupied
TRN-06889,BLK-033344,1,19.8,Track Occupied
TRN-06890,BLK-010714,3,90.6,Track Occupied
TRN-06890,BLK-010715,3,90.6,Track Occupied
TRN-06891,BLK-025822,3,89.1,Track Occupied
TRN-06892,BLK-015739,2,48.4,Track Occupied
TRN-06893,BLK-022276,2,49.9,Track Occupied
TRN-06894,BLK-028391,3,99.0,Track Occupied
TRN-06895,BLK-005165,2,68.1,Track Occupied
TRN-06896,BLK-027253,3,53.2,Track Occupied
TRN-06897,BLK-025069,1,46.9,Track Occupied
TRN-06898,BLK-030413,2,77.0,Track Occupied
TRN-06899,BLK-016137,3,82.4,Track Occupied
TRN-06900,BLK-022596,2,57.7,Track Occupied
TRN-06901,BLK-003554,3,58.3,Track Occupied
TRN-06902,BLK-019867,1,37.9,Track Occupied
TRN-06903,BLK-024792,2,59.6,Track Occupied
TRN-06904,BLK-023617,2,96.2,Track Occupied
TRN-06905,BLK-017454,3,66.5,Track Occupied
TRN-06906,BLK-014491,2,99.0,Track Occupied
TRN-06907,BLK-028827,3,83.0,Track Occupied
TRN-06908,BLK-015227,2,85.9,Track Occupied
TRN-06909,BLK-025446,2,99.0,Track Occupied
TRN-06910,BLK-000963,3,85.8,Track Occupied
TRN-06911,BLK-028910,2,73.9,Track Occupied
TRN-06912,BLK-019126,3,81.3,Track Occupied
TRN-06913,BLK-015179,2,70.3,Track Occupied
TRN-06914,BLK-006020,3,58.4,Track Occupied
TRN-06915,BLK-001991,3,82.0,Track Occupied
TRN-06916,BLK-002609,3,92.2,Track Occupied
TRN-06917,BLK-020853,3,99.0,Track Occupied
TRN-06917,BLK-020854,3,99.0,Track Occupied
TRN-06918,BLK-024371,3,67.8,Track Occupied
TRN-06919,BLK-026617,3,62.9,Track Occupied
TRN-06920,BLK-011195,3,25.0,Track Occupied
TRN-06921,BLK-000157,3,66.3,Track Occupied
TRN-06922,BLK-004519,3,69.0,Track Occupied
TRN-06923,BLK-030350,3,76.3,Track Occupied
TRN-06924,BLK-008000,1,19.3,Track Occupied
TRN-06925,BLK-007385,3,75.5,Track Occupied
TRN-06926,BLK-005261,2,64.6,Track Occupied
TRN-06927,BLK-011236,3,84.8,Track Occupied
TRN-06927,BLK-011237,3,84.8,Track Occupied
TRN-06928,BLK-001639,3,64.6,Track Occupied
TRN-06929,BLK-028303,2,25.0,Track Occupied
TRN-06930,BLK-033133,1,72.5,Track Occupied
TRN-06931,BLK-017492,3,79.5,Track Occupied
TRN-06931,BLK-017493,3,79.5,Track Occupied
TRN-06932,BLK-020862,2,86.8,Track Occupied
TRN-06933,BLK-015705,2,82.8,Track Occupied
TRN-06934,BLK-003599,2,60.1,Track Occupied
TRN-06935,BLK-026231,2,67.0,Track Occupied
TRN-06936,BLK-010186,1,35.5,Track Occupied
TRN-06937,BLK-016696,1,27.8,Track Occupied
TRN-06938,BLK-000123,2,56.2,Track Occupied
TRN-06938,BLK-000124,2,56.2,Track Occupied
TRN-06939,BLK-023376,1,55.5,Track Occupied
TRN-06940,BLK-005034,2,69.5,Track Occupied
TRN-06941,BLK-007258,1,24.3,Track Occupied
TRN-06942,BLK-022978,1,39.3,Track Occupied
TRN-06943,BLK-007624,1,18.9,Track Occupied
TRN-06944,BLK-028282,2,80.6,Track Occupied
TRN-06945,BLK-024040,1,51.8,Track Occupied
TRN-06946,BLK-013512,2,92.8,Track Occupied
TRN-06947,BLK-014733,2,96.1,Track Occupied
TRN-06948,BLK-018480,2,72.9,Track Occupied
TRN-06949,BLK-001657,3,53.8,Track Occupied
TRN-06950,BLK-025335,2,73.5,Track Occupied
TRN-06950,BLK-025336,2,73.5,Track Occupied
TRN-06951,BLK-006425,2,38.8,Track Occupied
TRN-06952,BLK-004322,2,63.4,Track Occupied
TRN-06953,BLK-018574,3,79.8,Track Occupied
TRN-06954,BLK-021558,3,78.5,Track Occupied
TRN-06955,BLK-010188,1,29.7,Track Occupied
TRN-06956,BLK-030656,2,67.1,Track Occupied
TRN-06957,BLK-024220,3,54.7,Track Occupied
TRN-06958,BLK-023834,3,52.7,Track Occupied
TRN-06959,BLK-023263,2,84.2,Track Occupied
TRN-06960,BLK-019452,2,57.8,Track Occupied
TRN-06961,BLK-026744,1,48.2,Track Occupied
TRN-06962,BLK-005095,2,72.2,Track Occupied
TRN-06963,BLK-014371,2,75.0,Track Occupied
TRN-06964,BLK-012977,2,79.8,Track Occupied
TRN-06965,BLK-030411,2,61.0,Track Occupied
TRN-06966,BLK-007086,3,86.2,Track Occupied
TRN-06967,BLK-020408,2,61.9,Track Occupied
TRN-06968,BLK-004715,3,75.9,Track Occupied
TRN-06969,BLK-015132,2,55.2,Track Occupied
TRN-06970,BLK-010937,1,29.7,Track Occupied
TRN-06971,BLK-027735,2,60.8,Track Occupied
TRN-06971,BLK-027736,2,60.8,Track Occupied
TRN-06972,BLK-007399,3,97.2,Track Occupied
TRN-06973,BLK-016769,3,46.6,Track Occupied
TRN-06974,BLK-010227,3,58.9,Track Occupied
TRN-06975,BLK-008350,1,31.0,Track Occupied
TRN-06976,BLK-019204,2,36.4,Track Occupied
TRN-06977,BLK-009246,2,84.4,Track Occupied
TRN-06978,BLK-031115,3,51.3,Track Occupied
TRN-06979,BLK-018030,3,62.9,Track Occupied
TRN-06980,BLK-008217,3,75.8,Track Occupied
TRN-06981,BLK-024959,2,82.4,Track Occupied
TRN-06982,BLK-032533,1,19.0,Track Occupied
TRN-06983,BLK-016355,2,71.6,Track Occupied
TRN-06984,BLK-008535,3,51.1,Track Occupied
TRN-06985,BLK-000590,2,78.4,Track Occupied
TRN-06986,BLK-017761,2,69.2,Track Occupied
TRN-06987,BLK-013292,2,69.3,Track Occupied
TRN-06988,BLK-017978,3,99.0,Track Occupied
TRN-06989,BLK-020965,3,99.0,Track Occupied
TRN-06990,BLK-011880,1,39.5,Track Occupied
TRN-06991,BLK-010021,1,45.9,Track Occupied
TRN-06992,BLK-020260,2,53.6,Track Occupied
TRN-06993,BLK-003654,3,41.2,Track Occupied
TRN-06994,BLK-025845,2,81.4,Track Occupied
TRN-06994,BLK-025846,2,81.4,Track Occupied
TRN-06995,BLK-023611,2,91.1,Track Occupied
TRN-06996,BLK-020298,2,78.1,Track Occupied
TRN-06997,BLK-022971,3,99.0,Track Occupied
TRN-06998,BLK-033483,2,66.5,Track Occupied
TRN-06999,BLK-029130,3,72.4,Track Occupied
TRN-07000,BLK-016896,3,59.5,Track Occupied
TRN-07001,BLK-004217,2,53.9,Track Occupied
TRN-07001,BLK-004218,2,53.9,Track Occupied
TRN-07002,BLK-005762,3,79.5,Track Occupied
TRN-07003,BLK-013644,2,90.0,Track Occupied
TRN-07004,BLK-016272,3,80.6,Track Occupied
TRN-07005,BLK-015895,1,7.6,Track Occupied
TRN-07006,BLK-001770,2,84.9,Track Occupied
TRN-07007,BLK-021264,3,68.2,Track Occupied
TRN-07008,BLK-006714,2,92.3,Track Occupied
TRN-07009,BLK-008704,2,59.4,Track Occupied
TRN-07010,BLK-013299,1,49.1,Track Occupied
TRN-07011,BLK-002078,3,53.0,Track Occupied
TRN-07012,BLK-007076,3,64.8,Track Occupied
TRN-07013,BLK-019549,2,71.1,Track Occupied
TRN-07014,BLK-027550,2,80.5,Track Occupied
TRN-07015,BLK-020676,2,72.8,Track Occupied
TRN-07016,BLK-008228,2,74.5,Track Occupied
TRN-07017,BLK-000621,1,21.1,Track Occupied
TRN-07018,BLK-003266,2,74.0,Track Occupied
TRN-07019,BLK-003630,3,72.7,Track Occupied
TRN-07020,BLK-009251,2,99.0,Track Occupied
TRN-07020,BLK-009252,2,99.0,Track Occupied
TRN-07021,BLK-004610,2,89.5,Track Occupied
TRN-07022,BLK-023523,1,28.4,Track Occupied
TRN-07023,BLK-012738,1,30.8,Track Occupied
TRN-07024,BLK-006137,1,34.3,Track Occupied
TRN-07024,BLK-006138,1,34.3,Track Occupied
TRN-07025,BLK-024963,2,89.9,Track Occupied
TRN-07025,BLK-024964,2,89.9,Track Occupied
TRN-07026,BLK-004278,3,61.0,Track Occupied
TRN-07027,BLK-022639,2,58.8,Track Occupied
TRN-07028,BLK-008395,1,30.0,Track Occupied
TRN-07028,BLK-008396,1,30.0,Track Occupied
TRN-07029,BLK-016229,2,90.3,Track Occupied
TRN-07030,BLK-020249,3,78.5,Track Occupied
TRN-07031,BLK-003379,3,86.8,Track Occupied
TRN-07032,BLK-010281,2,82.8,Track Occupied
TRN-07032,BLK-010282,2,82.8,Track Occupied
TRN-07033,BLK-010954,2,41.7,Track Occupied
TRN-07033,BLK-010955,2,41.7,Track Occupied
TRN-07034,BLK-030459,1,40.1,Track Occupied
TRN-07035,BLK-007245,2,80.1,Track Occupied
TRN-07035,BLK-007246,2,80.1,Track Occupied
TRN-07036,BLK-032428,3,64.7,Track Occupied
TRN-07037,BLK-003365,2,76.5,Track Occupied
TRN-07038,BLK-011426,2,52.1,Track Occupied
TRN-07039,BLK-028114,3,38.2,Track Occupied
TRN-07040,BLK-024571,3,67.3,Track Occupied
TRN-07041,BLK-003529,1,23.4,Track Occupied
TRN-07042,BLK-023507,1,29.5,Track Occupied
TRN-07043,BLK-016066,2,99.0,Track Occupied
TRN-07044,BLK-001988,3,75.9,Track Occupied
TRN-07045,BLK-028666,1,14.7,Track Occupied
TRN-07046,BLK-025113,1,38.2,Track Occupied
TRN-07047,BLK-002464,3,52.3,Track Occupied
TRN-07048,BLK-003688,3,85.0,Track Occupied
TRN-07049,BLK-010896,2,78.7,Track Occupied
TRN-07050,BLK-031327,3,51.9,Track Occupied
TRN-07051,BLK-006147,3,89.6,Track Occupied
TRN-07052,BLK-018952,2,63.3,Track Occupied
TRN-07053,BLK-005994,3,67.2,Track Occupied
TRN-07054,BLK-031004,3,78.8,Track Occupied
TRN-07055,BLK-020805,1,38.1,Track Occupied
TRN-07056,BLK-012328,3,71.1,Track Occupied
TRN-07057,BLK-018720,2,65.3,Track Occupied
TRN-07058,BLK-029222,2,89.1,Track Occupied
TRN-07059,BLK-026673,1,72.0,Track Occupied
TRN-07060,BLK-007718,2,44.9,Track Occupied
TRN-07060,BLK-007719,2,44.9,Track Occupied
TRN-07061,BLK-008101,3,89.5,Track Occupied
TRN-07062,BLK-018433,2,70.8,Track Occupied
TRN-07062,BLK-018434,2,70.8,Track Occupied
TRN-07063,BLK-013987,2,73.4,Track Occupied
TRN-07064,BLK-010361,2,74.9,Track Occupied
TRN-07065,BLK-008633,3,77.3,Track Occupied
TRN-07066,BLK-005852,2,56.0,Track Occupied
TRN-07067,BLK-013570,1,37.8,Track Occupied
TRN-07067,BLK-013571,1,37.8,Track Occupied
TRN-07068,BLK-014340,3,59.4,Track Occupied
TRN-07069,BLK-017191,2,99.0,Track Occupied
TRN-07070,BLK-005962,3,90.4,Track Occupied
TRN-07071,BLK-022585,2,46.6,Track Occupied
TRN-07072,BLK-013044,1,14.1,Track Occupied
TRN-07073,BLK-008757,2,76.4,Track Occupied
TRN-07074,BLK-032627,2,49.0,Track Occupied
TRN-07074,BLK-032628,2,49.0,Track Occupied
TRN-07075,BLK-010069,3,73.0,Track Occupied
TRN-07076,BLK-028230,1,37.0,Track Occupied
TRN-07077,BLK-026712,3,73.7,Track Occupied
TRN-07078,BLK-004977,2,54.9,Track Occupied
TRN-07079,BLK-008593,2,67.5,Track Occupied
TRN-07080,BLK-000290,1,23.7,Track Occupied
TRN-07081,BLK-029103,3,78.9,Track Occupied
TRN-07082,BLK-016866,2,79.2,Track Occupied
TRN-07083,BLK-001640,2,83.7,Track Occupied
TRN-07084,BLK-025448,3,69.9,Track Occupied
TRN-07085,BLK-011521,2,81.4,Track Occupied
TRN-07086,BLK-018349,2,84.0,Track Occupied
TRN-07087,BLK-030097,2,71.2,Track Occupied
TRN-07087,BLK-030098,2,71.2,Track Occupied
TRN-07088,BLK-003082,2,75.7,Track Occupied
TRN-07089,BLK-026793,2,47.4,Track Occupied
TRN-07090,BLK-019497,2,64.5,Track Occupied
TRN-07091,BLK-028157,3,72.8,Track Occupied
TRN-07092,BLK-030053,1,39.9,Track Occupied
TRN-07093,BLK-026842,3,65.1,Track Occupied
TRN-07094,BLK-027076,3,91.8,Track Occupied
TRN-07095,BLK-000175,2,79.2,Track Occupied
TRN-07096,BLK-029883,3,72.8,Track Occupied
TRN-07096,BLK-029884,3,72.8,Track Occupied
TRN-07097,BLK-029637,1,28.0,Track Occupied
TRN-07098,BLK-021814,3,61.1,Track Occupied
TRN-07099,BLK-006046,3,89.7,Track Occupied
TRN-07100,BLK-018359,3,79.3,Track Occupied
TRN-07101,BLK-005537,3,86.3,Track Occupied
TRN-07101,BLK-005538,3,86.3,Track Occupied
TRN-07102,BLK-032997,1,37.5,Track Occupied
TRN-07103,BLK-027955,3,65.8,Track Occupied
TRN-07104,BLK-017224,3,91.0,Track Occupied
TRN-07105,BLK-002221,3,85.4,Track Occupied
TRN-07106,BLK-031247,3,39.0,Track Occupied
TRN-07107,BLK-028650,3,65.8,Track Occupied
TRN-07107,BLK-028651,3,65.8,Track Occupied
TRN-07108,BLK-019219,2,71.1,Track Occupied
TRN-07109,BLK-014643,3,74.4,Track Occupied
TRN-07110,BLK-032310,3,84.2,Track Occupied
TRN-07111,BLK-019285,2,52.0,Track Occupied
TRN-07112,BLK-002679,3,82.7,Track Occupied
TRN-07113,BLK-007894,2,85.5,Track Occupied
TRN-07114,BLK-012638,2,71.0,Track Occupied
TRN-07115,BLK-003671,2,64.6,Track Occupied
TRN-07116,BLK-004541,2,90.8,Track Occupied
TRN-07117,BLK-002234,2,52.4,Track Occupied
TRN-07118,BLK-008961,3,72.8,Track Occupied
TRN-07119,BLK-030071,2,64.6,Track Occupied
TRN-07120,BLK-025208,2,81.9,Track Occupied
TRN-07121,BLK-020812,2,68.5,Track Occupied
TRN-07122,BLK-029750,2,67.0,Track Occupied
TRN-07123,BLK-026766,3,59.4,Track Occupied
TRN-07124,BLK-024554,2,61.4,Track Occupied
TRN-07125,BLK-016105,3,47.2,Track Occupied
TRN-07126,BLK-028008,2,95.6,Track Occupied
TRN-07127,BLK-021229,2,82.8,Track Occupied
TRN-07128,BLK-031903,3,87.4,Track Occupied
TRN-07129,BLK-009929,2,85.0,Track Occupied
TRN-07130,BLK-020080,3,99.0,Track Occupied
TRN-07130,BLK-020081,3,99.0,Track Occupied
TRN-07131,BLK-001577,3,89.2,Track Occupied
TRN-07132,BLK-014318,1,31.0,Track Occupied
TRN-07133,BLK-006514,2,69.8,Track Occupied
TRN-07134,BLK-002205,3,99.0,Track Occupied
TRN-07135,BLK-008057,2,66.9,Track Occupied
TRN-07136,BLK-020752,1,58.8,Track Occupied
TRN-07137,BLK-025183,1,40.8,Track Occupied
TRN-07138,BLK-005550,2,73.6,Track Occupied
TRN-07139,BLK-022852,2,72.0,Track Occupied
TRN-07140,BLK-004511,3,86.2,Track Occupied
TRN-07141,BLK-012212,1,18.2,Track Occupied
TRN-07142,BLK-028584,1,39.2,Track Occupied
TRN-07143,BLK-022474,3,47.7,Track Occupied
TRN-07144,BLK-032627,1,10.3,Track Occupied
TRN-07145,BLK-012394,2,99.0,Track Occupied
TRN-07146,BLK-016766,3,74.2,Track Occupied
TRN-07147,BLK-018454,1,30.9,Track Occupied
TRN-07148,BLK-001190,3,96.4,Track Occupied
TRN-07149,BLK-005324,2,73.5,Track Occupied
TRN-07150,BLK-014149,2,60.7,Track Occupied
TRN-07150,BLK-014150,2,60.7,Track Occupied
TRN-07151,BLK-001724,3,99.0,Track Occupied
TRN-07152,BLK-027741,3,66.5,Track Occupied
TRN-07153,BLK-030496,2,78.6,Track Occupied
TRN-07154,BLK-022520,2,55.2,Track Occupied
TRN-07155,BLK-020477,2,73.2,Track Occupied
TRN-07155,BLK-020478,2,73.2,Track Occupied
TRN-07156,BLK-026011,3,72.8,Track Occupied
TRN-07157,BLK-007923,3,67.4,Track Occupied
TRN-07158,BLK-004856,2,60.6,Track Occupied
TRN-07159,BLK-016082,3,68.2,Track Occupied
TRN-07160,BLK-033487,1,42.2,Track Occupied
TRN-07161,BLK-006880,3,55.6,Track Occupied
TRN-07162,BLK-028460,2,65.0,Track Occupied
TRN-07163,BLK-032336,2,79.6,Track Occupied
TRN-07164,BLK-005371,3,68.1,Track Occupied
TRN-07165,BLK-032964,2,95.8,Track Occupied
TRN-07166,BLK-020770,2,69.0,Track Occupied
TRN-07167,BLK-022902,2,72.2,Track Occupied
TRN-07168,BLK-031404,3,89.4,Track Occupied
TRN-07169,BLK-031184,3,41.7,Track Occupied
TRN-07170,BLK-025818,3,79.4,Track Occupied
TRN-07171,BLK-013552,2,84.4,Track Occupied
TRN-07172,BLK-004494,1,20.4,Track Occupied
TRN-07173,BLK-025832,1,43.8,Track Occupied
TRN-07174,BLK-022440,2,63.1,Track Occupied
TRN-07175,BLK-032714,2,90.2,Track Occupied
TRN-07175,BLK-032715,2,90.2,Track Occupied
TRN-07176,BLK-005823,3,67.9,Track Occupied
TRN-07177,BLK-026992,3,86.2,Track Occupied
TRN-07178,BLK-001106,3,71.5,Track Occupied
TRN-07179,BLK-021027,1,63.8,Track Occupied
TRN-07180,BLK-015138,2,73.5,Track Occupied
TRN-07181,BLK-006299,3,99.0,Track Occupied
TRN-07182,BLK-013466,2,56.8,Track Occupied
TRN-07183,BLK-032602,2,79.7,Track Occupied
TRN-07184,BLK-029631,3,48.7,Track Occupied
TRN-07185,BLK-018700,2,88.3,Track Occupied
TRN-07186,BLK-032265,3,88.7,Track Occupied
TRN-07186,BLK-032266,3,88.7,Track Occupied
TRN-07187,BLK-025910,2,72.4,Track Occupied
TRN-07188,BLK-014375,3,69.5,Track Occupied
TRN-07189,BLK-003162,2,69.2,Track Occupied
TRN-07190,BLK-018967,2,72.5,Track Occupied
TRN-07191,BLK-029034,3,66.2,Track Occupied
TRN-07191,BLK-029035,3,66.2,Track Occupied
TRN-07192,BLK-017020,3,69.2,Track Occupied
TRN-07193,BLK-032587,3,82.6,Track Occupied
TRN-07194,BLK-021146,2,64.2,Track Occupied
TRN-07195,BLK-024448,2,42.0,Track Occupied
TRN-07195,BLK-024449,2,42.0,Track Occupied
TRN-07196,BLK-016483,1,77.0,Track Occupied
TRN-07197,BLK-005474,2,99.0,Track Occupied
TRN-07198,BLK-032885,2,81.7,Track Occupied
TRN-07198,BLK-032886,2,81.7,Track Occupied
TRN-07199,BLK-013747,2,91.0,Track Occupied
TRN-07200,BLK-029392,3,95.6,Track Occupied
TRN-07201,BLK-007671,3,45.6,Track Occupied
TRN-07202,BLK-019055,2,98.6,Track Occupied
TRN-07202,BLK-019056,2,98.6,Track Occupied
TRN-07203,BLK-027737,3,55.3,Track Occupied
TRN-07204,BLK-029246,2,80.7,Track Occupied
TRN-07205,BLK-002371,2,81.8,Track Occupied
TRN-07206,BLK-021766,3,64.8,Track Occupied
TRN-07207,BLK-033109,1,18.0,Track Occupied
TRN-07208,BLK-003552,2,34.0,Track Occupied
TRN-07209,BLK-008741,3,76.1,Track Occupied
TRN-07210,BLK-003123,2,55.2,Track Occupied
TRN-07210,BLK-003124,2,55.2,Track Occupied
TRN-07211,BLK-029057,3,86.1,Track Occupied
TRN-07212,BLK-006522,2,53.5,Track Occupied
TRN-07213,BLK-002273,2,50.1,Track Occupied
TRN-07214,BLK-020375,3,74.0,Track Occupied
TRN-07215,BLK-019221,2,87.8,Track Occupied
TRN-07216,BLK-013833,2,65.7,Track Occupied
TRN-07217,BLK-016284,3,63.3,Track Occupied
TRN-07218,BLK-007939,3,67.8,Track Occupied
TRN-07218,BLK-007940,3,67.8,Track Occupied
TRN-07219,BLK-032799,2,57.1,Track Occupied
TRN-07220,BLK-010949,2,54.6,Track Occupied
TRN-07221,BLK-003889,3,80.5,Track Occupied
TRN-07222,BLK-024838,3,87.9,Track Occupied
TRN-07223,BLK-025698,2,82.3,Track Occupied
TRN-07223,BLK-025699,2,82.3,Track Occupied
TRN-07224,BLK-019978,1,5.6,Track Occupied
TRN-07225,BLK-030669,3,58.8,Track Occupied
TRN-07226,BLK-032866,2,85.2,Track Occupied
TRN-07227,BLK-006858,1,29.7,Track Occupied
TRN-07228,BLK-014470,1,47.8,Track Occupied
TRN-07229,BLK-031958,2,99.0,Track Occupied
TRN-07230,BLK-010556,2,70.2,Track Occupied
TRN-07231,BLK-011514,2,46.8,Track Occupied
TRN-07232,BLK-029484,1,47.8,Track Occupied
TRN-07233,BLK-030657,2,73.9,Track Occupied
TRN-07234,BLK-026776,3,65.8,Track Occupied
TRN-07235,BLK-021926,3,73.4,Track Occupied
TRN-07236,BLK-003136,2,77.0,Track Occupied
TRN-07237,BLK-005146,2,80.9,Track Occupied
TRN-07238,BLK-000135,2,35.1,Track Occupied
TRN-07239,BLK-009746,3,57.6,Track Occupied
TRN-07240,BLK-023323,2,94.6,Track Occupied
TRN-07240,BLK-023324,2,94.6,Track Occupied
TRN-07241,BLK-023476,2,40.6,Track Occupied
TRN-07242,BLK-031793,2,82.7,Track Occupied
TRN-07243,BLK-004382,2,80.6,Track Occupied
TRN-07244,BLK-028051,2,84.5,Track Occupied
TRN-07245,BLK-017150,3,79.7,Track Occupied
TRN-07246,BLK-000147,3,52.2,Track Occupied
TRN-07247,BLK-028989,2,90.3,Track Occupied
TRN-07248,BLK-003572,3,53.8,Track Occupied
TRN-07249,BLK-024508,2,73.1,Track Occupied
TRN-07249,BLK-024509,2,73.1,Track Occupied
TRN-07250,BLK-014598,2,93.0,Track Occupied
TRN-07251,BLK-014718,3,87.7,Track Occupied
TRN-07252,BLK-009939,2,62.9,Track Occupied
TRN-07253,BLK-025949,3,61.9,Track Occupied
TRN-07254,BLK-007092,3,70.8,Track Occupied
TRN-07255,BLK-014953,2,57.4,Track Occupied
TRN-07256,BLK-004521,3,59.8,Track Occupied
TRN-07257,BLK-024751,2,67.8,Track Occupied
TRN-07258,BLK-010987,2,83.0,Track Occupied
TRN-07259,BLK-001709,3,69.8,Track Occupied
TRN-07260,BLK-006376,3,72.5,Track Occupied
TRN-07261,BLK-023366,3,65.7,Track Occupied
TRN-07262,BLK-031745,2,66.3,Track Occupied
TRN-07263,BLK-030603,2,79.2,Track Occupied
TRN-07264,BLK-003873,2,98.5,Track Occupied
TRN-07265,BLK-006087,2,61.5,Track Occupied
TRN-07266,BLK-022425,1,39.9,Track Occupied
TRN-07267,BLK-033472,3,73.0,Track Occupied
TRN-07268,BLK-033590,1,32.9,Track Occupied
TRN-07269,BLK-031391,2,76.1,Track Occupied
TRN-07270,BLK-023585,2,99.0,Track Occupied
TRN-07271,BLK-012853,3,60.0,Track Occupied
TRN-07272,BLK-024387,2,66.9,Track Occupied
TRN-07273,BLK-013388,2,68.1,Track Occupied
TRN-07274,BLK-011930,1,38.3,Track Occupied
TRN-07275,BLK-016156,3,75.1,Track Occupied
TRN-07275,BLK-016157,3,75.1,Track Occupied
TRN-07276,BLK-012920,1,41.4,Track Occupied
TRN-07277,BLK-033246,2,83.8,Track Occupied
TRN-07278,BLK-008715,3,74.8,Track Occupied
TRN-07279,BLK-022964,3,57.6,Track Occupied
TRN-07280,BLK-030177,3,54.4,Track Occupied
TRN-07281,BLK-025544,2,57.2,Track Occupied
TRN-07282,BLK-011509,3,66.9,Track Occupied
TRN-07283,BLK-029807,3,36.6,Track Occupied
TRN-07284,BLK-019607,2,52.7,Track Occupied
TRN-07285,BLK-016365,3,85.5,Track Occupied
TRN-07286,BLK-006927,2,81.1,Track Occupied
TRN-07287,BLK-003989,2,68.0,Track Occupied
TRN-07287,BLK-003990,2,68.0,Track Occupied
TRN-07288,BLK-023568,3,84.1,Track Occupied
TRN-07289,BLK-007365,2,81.5,Track Occupied
TRN-07290,BLK-011216,1,11.6,Track Occupied
TRN-07291,BLK-011718,3,98.3,Track Occupied
TRN-07292,BLK-024321,1,25.4,Track Occupied
TRN-07293,BLK-001948,2,80.0,Track Occupied
TRN-07294,BLK-010528,2,87.5,Track Occupied
TRN-07295,BLK-022803,3,55.7,Track Occupied
TRN-07296,BLK-025147,2,74.9,Track Occupied
TRN-07297,BLK-000687,2,58.0,Track Occupied
TRN-07297,BLK-000688,2,58.0,Track Occupied
TRN-07298,BLK-031248,1,33.2,Track Occupied
TRN-07299,BLK-009128,3,64.5,Track Occupied
TRN-07300,BLK-030085,1,23.3,Track Occupied
TRN-07301,BLK-005902,3,73.9,Track Occupied
TRN-07302,BLK-000665,1,57.8,Track Occupied
TRN-07303,BLK-029082,3,74.7,Track Occupied
TRN-07304,BLK-004132,3,62.6,Track Occupied
TRN-07304,BLK-004133,3,62.6,Track Occupied
TRN-07305,BLK-023743,2,85.0,Track Occupied
TRN-07306,BLK-013003,2,66.4,Track Occupied
TRN-07307,BLK-016035,1,32.9,Track Occupied
TRN-07308,BLK-010459,3,61.0,Track Occupied
TRN-07309,BLK-011413,3,72.2,Track Occupied
TRN-07310,BLK-012905,3,54.9,Track Occupied
TRN-07311,BLK-012615,3,55.1,Track Occupied
TRN-07312,BLK-015454,3,64.2,Track Occupied
TRN-07313,BLK-008777,2,66.0,Track Occupied
TRN-07314,BLK-016110,3,72.7,Track Occupied
TRN-07315,BLK-020056,2,93.6,Track Occupied
TRN-07315,BLK-020057,2,93.6,Track Occupied
TRN-07316,BLK-030425,2,81.4,Track Occupied
TRN-07317,BLK-029026,3,77.8,Track Occupied
TRN-07318,BLK-013129,1,46.1,Track Occupied
TRN-07319,BLK-023881,2,60.9,Track Occupied
TRN-07320,BLK-031083,1,45.8,Track Occupied
TRN-07320,BLK-031084,1,45.8,Track Occupied
TRN-07321,BLK-004264,3,93.3,Track Occupied
TRN-07322,BLK-003993,3,76.1,Track Occupied
TRN-07323,BLK-027911,2,50.6,Track Occupied
TRN-07323,BLK-027912,2,50.6,Track Occupied
TRN-07324,BLK-013467,3,65.3,Track Occupied
TRN-07325,BLK-002466,2,50.4,Track Occupied
TRN-07326,BLK-003396,1,44.0,Track Occupied
TRN-07327,BLK-014378,2,88.7,Track Occupied
TRN-07328,BLK-029839,3,99.0,Track Occupied
TRN-07329,BLK-008511,1,28.4,Track Occupied
TRN-07330,BLK-000746,3,72.5,Track Occupied
TRN-07331,BLK-022350,1,54.6,Track Occupied
TRN-07332,BLK-012715,2,56.3,Track Occupied
TRN-07333,BLK-002866,3,75.9,Track Occupied
TRN-07333,BLK-002867,3,75.9,Track Occupied
TRN-07334,BLK-010950,3,82.6,Track Occupied
TRN-07335,BLK-023657,3,59.8,Track Occupied
TRN-07336,BLK-025149,2,90.2,Track Occupied
TRN-07337,BLK-018768,2,66.9,Track Occupied
TRN-07338,BLK-005590,1,19.0,Track Occupied
TRN-07339,BLK-006226,3,96.4,Track Occupied
TRN-07339,BLK-006227,3,96.4,Track Occupied
TRN-07340,BLK-009902,2,85.4,Track Occupied
TRN-07341,BLK-022954,1,36.8,Track Occupied
TRN-07342,BLK-024861,3,69.3,Track Occupied
TRN-07343,BLK-018544,3,66.0,Track Occupied
TRN-07344,BLK-009344,3,81.8,Track Occupied
TRN-07345,BLK-023536,2,64.0,Track Occupied
TRN-07346,BLK-001039,3,30.5,Track Occupied
TRN-07347,BLK-008267,3,51.9,Track Occupied
TRN-07348,BLK-013129,3,63.5,Track Occupied
TRN-07349,BLK-032699,2,86.9,Track Occupied
TRN-07350,BLK-026713,2,60.6,Track Occupied
TRN-07351,BLK-027808,2,25.0,Track Occupied
TRN-07352,BLK-020247,3,79.5,Track Occupied
TRN-07353,BLK-033518,3,41.5,Track Occupied
TRN-07354,BLK-010799,3,56.5,Track Occupied
TRN-07355,BLK-028590,3,59.6,Track Occupied
TRN-07356,BLK-028891,2,90.7,Track Occupied
TRN-07357,BLK-012765,2,78.1,Track Occupied
TRN-07358,BLK-015680,2,84.7,Track Occupied
TRN-07359,BLK-022310,2,76.1,Track Occupied
TRN-07360,BLK-001183,1,40.2,Track Occupied
TRN-07361,BLK-002485,2,79.9,Track Occupied
TRN-07362,BLK-003005,3,41.3,Track Occupied
TRN-07363,BLK-033544,2,48.9,Track Occupied
TRN-07364,BLK-021075,3,92.1,Track Occupied
TRN-07365,BLK-023230,3,82.9,Track Occupied
TRN-07366,BLK-030817,3,52.9,Track Occupied
TRN-07367,BLK-007597,3,62.9,Track Occupied
TRN-07368,BLK-018830,2,66.3,Track Occupied
TRN-07369,BLK-020478,1,38.0,Track Occupied
TRN-07370,BLK-002291,2,60.0,Track Occupied
TRN-07371,BLK-007059,2,80.7,Track Occupied
TRN-07372,BLK-018916,1,28.5,Track Occupied
TRN-07373,BLK-007955,2,67.2,Track Occupied
TRN-07374,BLK-014267,2,71.6,Track Occupied
TRN-07375,BLK-019079,3,88.7,Track Occupied
TRN-07376,BLK-025240,3,90.5,Track Occupied
TRN-07377,BLK-013745,2,99.0,Track Occupied
TRN-07378,BLK-020143,2,66.8,Track Occupied
TRN-07379,BLK-017133,3,77.9,Track Occupied
TRN-07380,BLK-003500,2,88.7,Track Occupied
TRN-07381,BLK-008579,3,75.8,Track Occupied
TRN-07382,BLK-033074,1,31.1,Track Occupied
TRN-07383,BLK-006142,1,37.8,Track Occupied
TRN-07384,BLK-009167,3,64.0,Track Occupied
TRN-07385,BLK-015099,2,77.9,Track Occupied
TRN-07386,BLK-018505,2,59.9,Track Occupied
TRN-07387,BLK-011322,1,5.0,Track Occupied
TRN-07388,BLK-007596,2,82.2,Track Occupied
TRN-07389,BLK-029124,3,69.9,Track Occupied
TRN-07390,BLK-004467,1,36.2,Track Occupied
TRN-07391,BLK-018937,1,43.2,Track Occupied
TRN-07392,BLK-004132,2,71.3,Track Occupied
TRN-07393,BLK-029797,2,75.9,Track Occupied
TRN-07394,BLK-011158,3,56.4,Track Occupied
TRN-07395,BLK-030584,2,74.2,Track Occupied
TRN-07396,BLK-018980,3,73.4,Track Occupied
TRN-07397,BLK-024259,2,70.2,Track Occupied
TRN-07398,BLK-018980,1,11.9,Track Occupied
TRN-07399,BLK-026759,3,82.6,Track Occupied
TRN-07400,BLK-004791,2,78.2,Track Occupied
TRN-07401,BLK-027680,2,70.6,Track Occupied
TRN-07402,BLK-022404,2,78.3,Track Occupied
TRN-07403,BLK-002930,3,95.7,Track Occupied
TRN-07404,BLK-010513,3,80.9,Track Occupied
TRN-07405,BLK-007910,2,65.2,Track Occupied
TRN-07406,BLK-018092,3,68.2,Track Occupied
TRN-07407,BLK-031397,2,83.6,Track Occupied
TRN-07408,BLK-025589,1,45.2,Track Occupied
TRN-07409,BLK-022626,3,53.8,Track Occupied
TRN-07410,BLK-020015,3,75.5,Track Occupied
TRN-07411,BLK-015331,3,52.3,Track Occupied
TRN-07412,BLK-022124,1,38.9,Track Occupied
TRN-07413,BLK-008550,2,53.8,Track Occupied
TRN-07414,BLK-009321,2,62.8,Track Occupied
TRN-07415,BLK-017363,2,99.0,Track Occupied
TRN-07416,BLK-003700,2,72.6,Track Occupied
TRN-07417,BLK-019755,3,77.7,Track Occupied
TRN-07418,BLK-007517,3,65.8,Track Occupied
TRN-07419,BLK-019697,1,5.0,Track Occupied
TRN-07420,BLK-000708,2,88.3,Track Occupied
TRN-07421,BLK-010479,2,96.8,Track Occupied
TRN-07422,BLK-014043,3,68.2,Track Occupied
TRN-07423,BLK-032360,2,99.0,Track Occupied
TRN-07424,BLK-023881,2,75.8,Track Occupied
TRN-07425,BLK-012552,2,60.5,Track Occupied
TRN-07426,BLK-017389,2,77.2,Track Occupied
TRN-07427,BLK-025428,2,52.1,Track Occupied
TRN-07428,BLK-011277,2,68.2,Track Occupied
TRN-07429,BLK-004805,1,26.5,Track Occupied
TRN-07430,BLK-012919,2,71.6,Track Occupied
TRN-07431,BLK-003896,2,77.1,Track Occupied
TRN-07432,BLK-014671,1,20.9,Track Occupied
TRN-07433,BLK-030059,3,74.1,Track Occupied
TRN-07434,BLK-028622,3,70.6,Track Occupied
TRN-07435,BLK-017488,3,77.5,Track Occupied
TRN-07436,BLK-007887,1,32.4,Track Occupied
TRN-07437,BLK-027042,3,39.1,Track Occupied
TRN-07438,BLK-011843,3,70.4,Track Occupied
TRN-07439,BLK-000248,3,99.0,Track Occupied
TRN-07440,BLK-025043,2,94.3,Track Occupied
TRN-07441,BLK-011612,2,57.1,Track Occupied
TRN-07442,BLK-025982,2,88.7,Track Occupied
TRN-07443,BLK-016234,1,22.0,Track Occupied
TRN-07444,BLK-003098,3,81.4,Track Occupied
TRN-07445,BLK-023883,2,79.7,Track Occupied
TRN-07445,BLK-023884,2,79.7,Track Occupied
TRN-07446,BLK-016339,3,74.0,Track Occupied
TRN-07447,BLK-019564,2,60.0,Track Occupied
TRN-07448,BLK-009375,3,70.5,Track Occupied
TRN-07449,BLK-019413,2,48.7,Track Occupied
TRN-07450,BLK-023499,2,51.5,Track Occupied
TRN-07451,BLK-024875,3,79.4,Track Occupied
TRN-07452,BLK-001968,3,62.5,Track Occupied
TRN-07453,BLK-028174,1,85.0,Track Occupied
TRN-07454,BLK-032781,3,83.1,Track Occupied
TRN-07455,BLK-011915,3,46.4,Track Occupied
TRN-07456,BLK-023772,3,73.1,Track Occupied
TRN-07457,BLK-012703,3,55.1,Track Occupied
TRN-07458,BLK-013734,2,91.0,Track Occupied
TRN-07459,BLK-029101,2,51.3,Track Occupied
TRN-07460,BLK-001741,3,70.1,Track Occupied
TRN-07461,BLK-009180,3,79.0,Track Occupied
TRN-07462,BLK-025870,2,56.2,Track Occupied
TRN-07463,BLK-027115,3,54.5,Track Occupied
TRN-07464,BLK-023981,1,9.7,Track Occupied
TRN-07465,BLK-001623,3,96.1,Track Occupied
TRN-07466,BLK-002010,3,90.1,Track Occupied
TRN-07467,BLK-013346,3,57.2,Track Occupied
TRN-07468,BLK-003221,1,30.7,Track Occupied
TRN-07469,BLK-028237,3,66.8,Track Occupied
TRN-07470,BLK-009214,2,99.0,Track Occupied
TRN-07471,BLK-003147,3,59.9,Track Occupied
TRN-07472,BLK-028596,1,44.7,Track Occupied
TRN-07473,BLK-023830,2,65.1,Track Occupied
TRN-07474,BLK-015363,3,99.0,Track Occupied
TRN-07475,BLK-023564,3,67.2,Track Occupied
TRN-07476,BLK-020502,3,79.0,Track Occupied
TRN-07477,BLK-020565,2,55.3,Track Occupied
TRN-07478,BLK-030300,2,91.6,Track Occupied
TRN-07479,BLK-022386,2,73.9,Track Occupied
TRN-07480,BLK-016979,2,87.8,Track Occupied
TRN-07481,BLK-019599,3,42.3,Track Occupied
TRN-07482,BLK-019849,3,66.9,Track Occupied
TRN-07483,BLK-020891,3,99.0,Track Occupied
TRN-07484,BLK-003491,1,34.1,Track Occupied
TRN-07485,BLK-018551,2,62.1,Track Occupied
TRN-07486,BLK-020374,3,40.6,Track Occupied
TRN-07486,BLK-020375,3,40.6,Track Occupied
TRN-07487,BLK-011296,2,71.9,Track Occupied
TRN-07488,BLK-028140,3,69.0,Track Occupied
TRN-07489,BLK-022152,3,64.6,Track Occupied
TRN-07490,BLK-033053,1,29.5,Track Occupied
TRN-07491,BLK-006227,2,75.7,Track Occupied
TRN-07492,BLK-031416,1,25.2,Track Occupied
TRN-07493,BLK-029310,2,49.6,Track Occupied
TRN-07494,BLK-024905,3,91.2,Track Occupied
TRN-07495,BLK-010257,2,86.2,Track Occupied
TRN-07496,BLK-021033,3,57.9,Track Occupied
TRN-07497,BLK-023629,2,90.1,Track Occupied
TRN-07498,BLK-020324,3,52.0,Track Occupied
TRN-07499,BLK-027427,2,71.7,Track Occupied
TRN-07499,BLK-027428,2,71.7,Track Occupied
TRN-07500,BLK-012718,2,99.0,Track Occupied
TRN-07501,BLK-013750,2,77.5,Track Occupied
TRN-07502,BLK-016798,2,51.9,Track Occupied
TRN-07503,BLK-008953,2,83.0,Track Occupied
TRN-07504,BLK-002620,3,71.9,Track Occupied
TRN-07504,BLK-002621,3,71.9,Track Occupied
TRN-07505,BLK-031534,2,67.6,Track Occupied
TRN-07506,BLK-024886,2,74.9,Track Occupied
TRN-07507,BLK-020632,1,64.7,Track Occupied
TRN-07508,BLK-004274,3,61.8,Track Occupied
TRN-07509,BLK-032524,2,99.0,Track Occupied
TRN-07510,BLK-014799,2,99.0,Track Occupied
TRN-07511,BLK-029476,3,69.8,Track Occupied
TRN-07512,BLK-017528,2,98.8,Track Occupied
TRN-07513,BLK-026375,1,40.7,Track Occupied
TRN-07514,BLK-009478,2,77.4,Track Occupied
TRN-07514,BLK-009479,2,77.4,Track Occupied
TRN-07515,BLK-004022,3,64.9,Track Occupied
TRN-07516,BLK-012594,2,56.6,Track Occupied
TRN-07516,BLK-012595,2,56.6,Track Occupied
TRN-07517,BLK-003698,1,63.0,Track Occupied
TRN-07517,BLK-003699,1,63.0,Track Occupied
TRN-07518,BLK-002203,3,69.0,Track Occupied
TRN-07519,BLK-009691,2,53.7,Track Occupied
TRN-07520,BLK-020385,3,84.4,Track Occupied
TRN-07521,BLK-021009,2,59.9,Track Occupied
TRN-07522,BLK-005708,3,53.7,Track Occupied
TRN-07523,BLK-029773,2,45.7,Track Occupied
TRN-07524,BLK-026625,3,55.8,Track Occupied
TRN-07524,BLK-026626,3,55.8,Track Occupied
TRN-07525,BLK-009651,3,87.6,Track Occupied
TRN-07525,BLK-009652,3,87.6,Track Occupied
TRN-07526,BLK-024659,1,36.1,Track Occupied
TRN-07527,BLK-031931,2,54.1,Track Occupied
TRN-07528,BLK-013122,1,43.5,Track Occupied
TRN-07529,BLK-004943,1,36.9,Track Occupied
TRN-07530,BLK-012439,2,78.0,Track Occupied
TRN-07531,BLK-026731,2,41.1,Track Occupied
TRN-07532,BLK-028250,2,57.8,Track Occupied
TRN-07533,BLK-020096,2,83.6,Track Occupied
TRN-07534,BLK-004922,1,65.7,Track Occupied
TRN-07535,BLK-024830,2,99.0,Track Occupied
TRN-07536,BLK-002097,2,51.2,Track Occupied
TRN-07537,BLK-004619,1,60.0,Track Occupied
TRN-07538,BLK-018124,2,78.7,Track Occupied
TRN-07539,BLK-000785,3,74.2,Track Occupied
TRN-07539,BLK-000786,3,74.2,Track Occupied
TRN-07540,BLK-031793,2,49.7,Track Occupied
TRN-07541,BLK-017093,1,35.3,Track Occupied
TRN-07542,BLK-017732,3,91.4,Track Occupied
TRN-07543,BLK-012057,1,30.9,Track Occupied
TRN-07544,BLK-010192,3,76.4,Track Occupied
TRN-07545,BLK-003035,1,54.2,Track Occupied
TRN-07546,BLK-019491,3,77.4,Track Occupied
TRN-07547,BLK-031813,3,59.7,Track Occupied
TRN-07548,BLK-010038,3,72.8,Track Occupied
TRN-07549,BLK-026787,3,68.3,Track Occupied
TRN-07550,BLK-006903,3,99.0,Track Occupied
TRN-07551,BLK-017652,2,89.8,Track Occupied
TRN-07552,BLK-027655,2,87.0,Track Occupied
TRN-07553,BLK-025262,2,84.7,Track Occupied
TRN-07554,BLK-009622,2,56.3,Track Occupied
TRN-07555,BLK-015630,3,60.4,Track Occupied
TRN-07556,BLK-027379,2,61.4,Track Occupied
TRN-07557,BLK-000399,3,69.1,Track Occupied
TRN-07558,BLK-024204,2,62.6,Track Occupied
TRN-07559,BLK-016958,2,44.5,Track Occupied
TRN-07560,BLK-019608,3,59.8,Track Occupied
TRN-07561,BLK-023959,3,88.8,Track Occupied
TRN-07562,BLK-007162,2,67.4,Track Occupied
TRN-07563,BLK-009917,2,38.7,Track Occupied
TRN-07564,BLK-013036,2,58.3,Track Occupied
TRN-07565,BLK-009592,3,84.6,Track Occupied
TRN-07566,BLK-010327,1,18.9,Track Occupied
TRN-07567,BLK-016797,3,43.2,Track Occupied
TRN-07568,BLK-013107,3,94.8,Track Occupied
TRN-07569,BLK-008638,2,55.0,Track Occupied
TRN-07570,BLK-030561,3,80.9,Track Occupied
TRN-07571,BLK-004161,1,52.4,Track Occupied
TRN-07572,BLK-014556,3,77.2,Track Occupied
TRN-07573,BLK-001981,3,94.5,Track Occupied
TRN-07574,BLK-005089,3,77.1,Track Occupied
TRN-07575,BLK-017530,3,93.0,Track Occupied
TRN-07576,BLK-020012,1,58.7,Track Occupied
TRN-07577,BLK-007097,3,45.0,Track Occupied
TRN-07578,BLK-010434,2,62.2,Track Occupied
TRN-07579,BLK-021934,1,31.7,Track Occupied
TRN-07580,BLK-014633,3,99.0,Track Occupied
TRN-07581,BLK-029039,2,68.7,Track Occupied
TRN-07582,BLK-023006,2,51.6,Track Occupied
TRN-07583,BLK-019119,1,55.4,Track Occupied
TRN-07584,BLK-011494,2,66.3,Track Occupied
TRN-07585,BLK-015503,3,86.3,Track Occupied
TRN-07586,BLK-000638,1,41.1,Track Occupied
TRN-07587,BLK-002129,2,71.7,Track Occupied
TRN-07588,BLK-004914,3,81.0,Track Occupied
TRN-07589,BLK-028222,2,70.0,Track Occupied
TRN-07590,BLK-024940,3,99.0,Track Occupied
TRN-07591,BLK-026355,1,21.6,Track Occupied
TRN-07591,BLK-026356,1,21.6,Track Occupied
TRN-07592,BLK-024263,2,41.6,Track Occupied
TRN-07593,BLK-020479,2,73.9,Track Occupied
TRN-07594,BLK-014390,2,59.3,Track Occupied
TRN-07595,BLK-027961,3,51.9,Track Occupied
TRN-07596,BLK-003530,3,90.0,Track Occupied
TRN-07597,BLK-003771,2,65.6,Track Occupied
TRN-07598,BLK-033440,2,57.1,Track Occupied
TRN-07599,BLK-020698,2,99.0,Track Occupied
TRN-07600,BLK-030531,1,5.0,Track Occupied
TRN-07601,BLK-008404,2,89.8,Track Occupied
TRN-07602,BLK-003418,3,54.6,Track Occupied
TRN-07603,BLK-017070,3,80.6,Track Occupied
TRN-07604,BLK-032353,3,46.4,Track Occupied
TRN-07605,BLK-006552,2,84.4,Track Occupied
TRN-07606,BLK-011782,3,73.3,Track Occupied
TRN-07607,BLK-029575,3,65.7,Track Occupied
TRN-07608,BLK-032972,3,61.3,Track Occupied
TRN-07609,BLK-026680,1,40.0,Track Occupied
TRN-07610,BLK-004106,2,84.2,Track Occupied
TRN-07611,BLK-032983,3,69.2,Track Occupied
TRN-07612,BLK-029919,2,42.8,Track Occupied
TRN-07613,BLK-015907,2,68.9,Track Occupied
TRN-07614,BLK-002171,3,58.0,Track Occupied
TRN-07615,BLK-000337,2,57.0,Track Occupied
TRN-07616,BLK-014503,3,88.2,Track Occupied
TRN-07617,BLK-011435,3,48.6,Track Occupied
TRN-07618,BLK-002167,3,60.2,Track Occupied
TRN-07619,BLK-001944,2,69.3,Track Occupied
TRN-07620,BLK-013386,3,73.4,Track Occupied
TRN-07621,BLK-024600,1,66.9,Track Occupied
TRN-07622,BLK-003327,2,54.2,Track Occupied
TRN-07623,BLK-002091,3,57.5,Track Occupied
TRN-07623,BLK-002092,3,57.5,Track Occupied
TRN-07624,BLK-032331,2,42.7,Track Occupied
TRN-07625,BLK-024920,2,70.5,Track Occupied
TRN-07626,BLK-000410,3,73.7,Track Occupied
TRN-07627,BLK-017165,2,99.0,Track Occupied
TRN-07628,BLK-001030,3,88.6,Track Occupied
TRN-07629,BLK-031691,2,60.4,Track Occupied
TRN-07630,BLK-031381,2,80.9,Track Occupied
TRN-07631,BLK-003701,1,30.7,Track Occupied
TRN-07632,BLK-033291,3,60.2,Track Occupied
TRN-07633,BLK-014629,3,96.3,Track Occupied
TRN-07634,BLK-012296,3,82.4,Track Occupied
TRN-07635,BLK-030942,2,65.8,Track Occupied
TRN-07635,BLK-030943,2,65.8,Track Occupied
TRN-07636,BLK-001680,2,69.7,Track Occupied
TRN-07637,BLK-009560,2,87.4,Track Occupied
TRN-07638,BLK-025894,2,50.3,Track Occupied
TRN-07639,BLK-013973,2,84.5,Track Occupied
TRN-07640,BLK-011734,3,65.8,Track Occupied
TRN-07641,BLK-010256,3,87.1,Track Occupied
TRN-07642,BLK-014719,2,49.3,Track Occupied
TRN-07643,BLK-006638,2,53.7,Track Occupied
TRN-07644,BLK-028592,2,88.7,Track Occupied
TRN-07645,BLK-002593,3,74.1,Track Occupied
TRN-07646,BLK-001187,2,82.3,Track Occupied
TRN-07647,BLK-015728,2,79.8,Track Occupied
TRN-07648,BLK-029029,2,83.6,Track Occupied
TRN-07649,BLK-025872,2,54.3,Track Occupied
TRN-07650,BLK-018763,2,74.9,Track Occupied
TRN-07651,BLK-032946,3,49.9,Track Occupied
TRN-07652,BLK-001049,2,76.9,Track Occupied
TRN-07653,BLK-030427,3,82.8,Track Occupied
TRN-07653,BLK-030428,3,82.8,Track Occupied
TRN-07654,BLK-024447,2,75.8,Track Occupied
TRN-07655,BLK-007319,2,79.0,Track Occupied
TRN-07656,BLK-008979,3,51.4,Track Occupied
TRN-07657,BLK-007971,3,90.8,Track Occupied
TRN-07658,BLK-014841,3,84.4,Track Occupied
TRN-07659,BLK-023883,2,54.4,Track Occupied
TRN-07660,BLK-007638,3,80.2,Track Occupied
TRN-07661,BLK-003524,2,88.9,Track Occupied
TRN-07662,BLK-004490,1,5.0,Track Occupied
TRN-07663,BLK-008801,2,57.5,Track Occupied
TRN-07664,BLK-031656,2,33.3,Track Occupied
TRN-07665,BLK-000963,3,56.5,Track Occupied
TRN-07666,BLK-010738,2,90.0,Track Occupied
TRN-07667,BLK-033541,2,70.3,Track Occupied
TRN-07667,BLK-033542,2,70.3,Track Occupied
TRN-07668,BLK-000174,2,50.3,Track Occupied
TRN-07669,BLK-018086,3,73.3,Track Occupied
TRN-07670,BLK-015339,2,76.0,Track Occupied
TRN-07671,BLK-025897,2,53.7,Track Occupied
TRN-07672,BLK-022443,1,18.7,Track Occupied
TRN-07673,BLK-015805,3,58.9,Track Occupied
TRN-07674,BLK-033269,3,70.2,Track Occupied
TRN-07675,BLK-023478,3,82.0,Track Occupied
TRN-07676,BLK-015909,3,76.8,Track Occupied
TRN-07677,BLK-007935,3,70.7,Track Occupied
TRN-07678,BLK-012462,3,65.3,Track Occupied
TRN-07679,BLK-027217,1,14.6,Track Occupied
TRN-07680,BLK-019711,2,51.7,Track Occupied
TRN-07681,BLK-002541,1,48.8,Track Occupied
TRN-07682,BLK-015301,2,50.6,Track Occupied
TRN-07682,BLK-015302,2,50.6,Track Occupied
TRN-07683,BLK-007797,3,54.5,Track Occupied
TRN-07684,BLK-024366,3,78.0,Track Occupied
TRN-07685,BLK-014096,2,73.0,Track Occupied
TRN-07686,BLK-025151,2,71.9,Track Occupied
TRN-07687,BLK-004930,3,80.8,Track Occupied
TRN-07688,BLK-010192,1,18.8,Track Occupied
TRN-07689,BLK-012719,3,72.7,Track Occupied
TRN-07690,BLK-020389,2,80.6,Track Occupied
TRN-07691,BLK-027187,2,68.4,Track Occupied
TRN-07691,BLK-027188,2,68.4,Track Occupied
TRN-07692,BLK-026924,3,62.6,Track Occupied
TRN-07693,BLK-002370,3,57.1,Track Occupied
TRN-07694,BLK-013596,2,48.4,Track Occupied
TRN-07695,BLK-024366,2,45.5,Track Occupied
TRN-07696,BLK-018945,1,48.3,Track Occupied
TRN-07697,BLK-030286,2,46.2,Track Occupied
TRN-07698,BLK-010465,2,58.8,Track Occupied
TRN-07699,BLK-001059,2,73.0,Track Occupied
TRN-07700,BLK-001991,2,63.7,Track Occupied
TRN-07701,BLK-025781,1,40.2,Track Occupied
TRN-07702,BLK-005899,1,8.2,Track Occupied
TRN-07703,BLK-021207,2,52.8,Track Occupied
TRN-07704,BLK-032276,3,71.5,Track Occupied
TRN-07705,BLK-003896,2,79.0,Track Occupied
TRN-07706,BLK-023675,3,56.4,Track Occupied
TRN-07707,BLK-010113,2,84.3,Track Occupied
TRN-07708,BLK-010776,3,99.0,Track Occupied
TRN-07709,BLK-032293,3,69.9,Track Occupied
TRN-07710,BLK-002756,1,11.4,Track Occupied
TRN-07711,BLK-003416,3,80.0,Track Occupied
TRN-07711,BLK-003417,3,80.0,Track Occupied
TRN-07712,BLK-018068,2,72.1,Track Occupied
TRN-07713,BLK-024457,2,75.8,Track Occupied
TRN-07714,BLK-008988,2,47.8,Track Occupied
TRN-07715,BLK-030245,3,65.9,Track Occupied
TRN-07716,BLK-022903,2,83.7,Track Occupied
TRN-07717,BLK-030955,3,84.2,Track Occupied
TRN-07717,BLK-030956,3,84.2,Track Occupied
TRN-07718,BLK-021610,3,64.2,Track Occupied
TRN-07719,BLK-028125,1,15.9,Track Occupied
TRN-07720,BLK-017580,2,84.1,Track Occupied
TRN-07721,BLK-005641,3,88.6,Track Occupied
TRN-07722,BLK-028933,2,70.6,Track Occupied
TRN-07723,BLK-032667,3,63.0,Track Occupied
TRN-07724,BLK-018585,2,57.9,Track Occupied
TRN-07724,BLK-018586,2,57.9,Track Occupied
TRN-07725,BLK-016784,2,59.5,Track Occupied
TRN-07726,BLK-030726,1,23.3,Track Occupied
TRN-07727,BLK-004656,2,74.7,Track Occupied
TRN-07728,BLK-011277,3,64.7,Track Occupied
TRN-07729,BLK-017198,2,86.7,Track Occupied
TRN-07730,BLK-022615,2,68.1,Track Occupied
TRN-07731,BLK-001917,3,62.6,Track Occupied
TRN-07732,BLK-003553,2,96.4,Track Occupied
TRN-07733,BLK-006555,1,27.1,Track Occupied
TRN-07734,BLK-024142,3,60.1,Track Occupied
TRN-07735,BLK-017725,2,84.7,Track Occupied
TRN-07736,BLK-005033,3,77.0,Track Occupied
TRN-07737,BLK-014445,2,91.2,Track Occupied
TRN-07738,BLK-029719,3,87.6,Track Occupied
TRN-07739,BLK-031223,3,94.4,Track Occupied
TRN-07740,BLK-014503,3,66.5,Track Occupied
TRN-07741,BLK-029920,2,73.7,Track Occupied
TRN-07742,BLK-027816,1,20.9,Track Occupied
TRN-07743,BLK-012844,2,87.3,Track Occupied
TRN-07744,BLK-018233,1,46.9,Track Occupied
TRN-07745,BLK-018195,3,75.8,Track Occupied
TRN-07746,BLK-008510,2,62.6,Track Occupied
TRN-07747,BLK-023268,2,68.6,Track Occupied
TRN-07748,BLK-008579,2,69.0,Track Occupied
TRN-07749,BLK-026241,3,50.0,Track Occupied
TRN-07750,BLK-010890,2,65.0,Track Occupied
TRN-07751,BLK-007232,3,97.3,Track Occupied
TRN-07752,BLK-022528,1,22.1,Track Occupied
TRN-07753,BLK-012253,2,59.9,Track Occupied
TRN-07754,BLK-014968,2,87.0,Track Occupied
TRN-07755,BLK-029216,3,61.5,Track Occupied
TRN-07756,BLK-001458,3,99.0,Track Occupied
TRN-07757,BLK-014484,3,76.0,Track Occupied
TRN-07758,BLK-002407,3,69.9,Track Occupied
TRN-07759,BLK-020889,1,12.1,Track Occupied
TRN-07760,BLK-006208,3,64.0,Track Occupied
TRN-07761,BLK-006757,2,57.6,Track Occupied
TRN-07762,BLK-021001,2,78.4,Track Occupied
TRN-07763,BLK-013096,1,23.5,Track Occupied
TRN-07764,BLK-009941,2,76.5,Track Occupied
TRN-07765,BLK-023138,3,53.8,Track Occupied
TRN-07766,BLK-018629,1,31.6,Track Occupied
TRN-07767,BLK-007655,1,30.3,Track Occupied
TRN-07768,BLK-013315,2,62.0,Track Occupied
TRN-07769,BLK-005850,2,83.1,Track Occupied
TRN-07770,BLK-032500,2,64.0,Track Occupied
TRN-07771,BLK-007941,2,64.0,Track Occupied
TRN-07772,BLK-001774,2,57.5,Track Occupied
TRN-07773,BLK-013803,1,34.2,Track Occupied
TRN-07774,BLK-024408,3,78.4,Track Occupied
TRN-07775,BLK-031029,1,59.6,Track Occupied
TRN-07776,BLK-021940,1,43.4,Track Occupied
TRN-07777,BLK-017433,3,76.5,Track Occupied
TRN-07778,BLK-027173,1,44.9,Track Occupied
TRN-07779,BLK-000209,3,92.9,Track Occupied
TRN-07780,BLK-027552,3,86.3,Track Occupied
TRN-07781,BLK-001517,2,51.5,Track Occupied
TRN-07782,BLK-030473,1,29.5,Track Occupied
TRN-07783,BLK-020130,3,94.6,Track Occupied
TRN-07784,BLK-000391,3,99.0,Track Occupied
TRN-07785,BLK-025065,1,37.4,Track Occupied
TRN-07786,BLK-009139,3,83.9,Track Occupied
TRN-07787,BLK-011387,1,50.9,Track Occupied
TRN-07788,BLK-005042,3,69.9,Track Occupied
TRN-07789,BLK-003124,2,92.3,Track Occupied
TRN-07790,BLK-004947,3,62.9,Track Occupied
TRN-07791,BLK-014656,3,87.2,Track Occupied
TRN-07792,BLK-005124,3,47.9,Track Occupied
TRN-07793,BLK-015835,3,75.6,Track Occupied
TRN-07794,BLK-017029,1,37.8,Track Occupied
TRN-07795,BLK-010450,3,76.6,Track Occupied
TRN-07796,BLK-009179,2,61.5,Track Occupied
TRN-07796,BLK-009180,2,61.5,Track Occupied
TRN-07797,BLK-016811,2,76.1,Track Occupied
TRN-07798,BLK-014910,2,98.3,Track Occupied
TRN-07799,BLK-007442,3,60.5,Track Occupied
TRN-07800,BLK-012489,2,57.0,Track Occupied
TRN-07801,BLK-007410,2,86.5,Track Occupied
TRN-07802,BLK-005969,3,93.5,Track Occupied
TRN-07803,BLK-015100,2,60.6,Track Occupied
TRN-07804,BLK-027155,3,68.6,Track Occupied
TRN-07805,BLK-014374,1,42.7,Track Occupied
TRN-07806,BLK-006109,2,55.3,Track Occupied
TRN-07807,BLK-021318,3,78.3,Track Occupied
TRN-07808,BLK-025278,3,90.3,Track Occupied
TRN-07809,BLK-014007,3,64.0,Track Occupied
TRN-07810,BLK-000371,2,50.3,Track Occupied
TRN-07811,BLK-005762,2,63.3,Track Occupied
TRN-07812,BLK-009366,1,19.3,Track Occupied
TRN-07813,BLK-025201,3,51.5,Track Occupied
TRN-07814,BLK-030535,3,49.9,Track Occupied
TRN-07815,BLK-031690,2,35.8,Track Occupied
TRN-07816,BLK-004776,1,32.1,Track Occupied
TRN-07817,BLK-003500,1,30.1,Track Occupied
TRN-07817,BLK-003501,1,30.1,Track Occupied
TRN-07818,BLK-001041,2,64.4,Track Occupied
TRN-07819,BLK-018685,3,64.6,Track Occupied
TRN-07820,BLK-004407,2,76.5,Track Occupied
TRN-07821,BLK-002694,3,65.1,Track Occupied
TRN-07822,BLK-007413,2,65.8,Track Occupied
TRN-07823,BLK-001221,3,54.5,Track Occupied
TRN-07824,BLK-017276,2,63.9,Track Occupied
TRN-07825,BLK-010423,3,80.6,Track Occupied
TRN-07826,BLK-019150,2,77.6,Track Occupied
TRN-07827,BLK-009996,3,91.4,Track Occupied
TRN-07828,BLK-016296,3,73.7,Track Occupied
TRN-07829,BLK-001064,2,70.2,Track Occupied
TRN-07830,BLK-021546,2,56.9,Track Occupied
TRN-07831,BLK-000270,3,70.0,Track Occupied
TRN-07832,BLK-005457,2,74.9,Track Occupied
TRN-07833,BLK-002665,3,64.5,Track Occupied
TRN-07834,BLK-010791,3,46.2,Track Occupied
TRN-07835,BLK-033007,2,53.9,Track Occupied
TRN-07835,BLK-033008,2,53.9,Track Occupied
TRN-07836,BLK-006198,3,73.6,Track Occupied
TRN-07837,BLK-008884,3,99.0,Track Occupied
TRN-07838,BLK-018017,3,55.1,Track Occupied
TRN-07839,BLK-015742,1,36.4,Track Occupied
TRN-07840,BLK-027012,3,73.2,Track Occupied
TRN-07841,BLK-005828,3,68.9,Track Occupied
TRN-07842,BLK-015094,3,93.3,Track Occupied
TRN-07843,BLK-005068,1,45.4,Track Occupied
TRN-07844,BLK-014898,3,72.9,Track Occupied
TRN-07845,BLK-021077,3,46.9,Track Occupied
TRN-07846,BLK-012267,3,72.2,Track Occupied
TRN-07847,BLK-014788,3,75.5,Track Occupied
TRN-07848,BLK-020405,1,29.2,Track Occupied
TRN-07849,BLK-019766,2,64.3,Track Occupied
TRN-07850,BLK-011622,2,94.2,Track Occupied
TRN-07851,BLK-029152,3,73.9,Track Occupied
TRN-07852,BLK-026772,2,91.3,Track Occupied
TRN-07853,BLK-009595,3,58.7,Track Occupied
TRN-07854,BLK-018106,1,31.1,Track Occupied
TRN-07855,BLK-016929,3,96.2,Track Occupied
TRN-07856,BLK-029393,2,99.0,Track Occupied
TRN-07857,BLK-032247,3,88.4,Track Occupied
TRN-07857,BLK-032248,3,88.4,Track Occupied
TRN-07858,BLK-027411,1,18.5,Track Occupied
TRN-07859,BLK-004831,2,92.2,Track Occupied
TRN-07860,BLK-032051,2,68.1,Track Occupied
TRN-07861,BLK-015976,3,86.6,Track Occupied
TRN-07862,BLK-027322,3,80.5,Track Occupied
TRN-07863,BLK-019285,2,54.5,Track Occupied
TRN-07864,BLK-019412,3,63.6,Track Occupied
TRN-07865,BLK-010124,3,47.2,Track Occupied
TRN-07866,BLK-005306,3,89.7,Track Occupied
TRN-07867,BLK-025818,3,80.6,Track Occupied
TRN-07868,BLK-017811,2,84.1,Track Occupied
TRN-07869,BLK-011565,3,32.5,Track Occupied
TRN-07870,BLK-007430,1,43.5,Track Occupied
TRN-07871,BLK-009230,2,63.3,Track Occupied
TRN-07872,BLK-023300,1,43.2,Track Occupied
TRN-07873,BLK-002324,3,72.9,Track Occupied
TRN-07874,BLK-033495,2,87.7,Track Occupied
TRN-07875,BLK-011795,2,84.1,Track Occupied
TRN-07876,BLK-029669,2,48.5,Track Occupied
TRN-07877,BLK-007501,3,75.0,Track Occupied
TRN-07878,BLK-024927,2,58.0,Track Occupied
TRN-07879,BLK-002878,2,40.4,Track Occupied
TRN-07879,BLK-002879,2,40.4,Track Occupied
TRN-07880,BLK-022247,3,70.2,Track Occupied
TRN-07881,BLK-028656,2,68.9,Track Occupied
TRN-07882,BLK-005535,3,63.9,Track Occupied
TRN-07883,BLK-021248,2,98.1,Track Occupied
TRN-07883,BLK-021249,2,98.1,Track Occupied
TRN-07884,BLK-017373,2,66.3,Track Occupied
TRN-07884,BLK-017374,2,66.3,Track Occupied
TRN-07885,BLK-026091,2,65.1,Track Occupied
TRN-07886,BLK-006938,2,91.5,Track Occupied
TRN-07886,BLK-006939,2,91.5,Track Occupied
TRN-07887,BLK-029759,1,59.2,Track Occupied
TRN-07888,BLK-010168,3,79.4,Track Occupied
TRN-07889,BLK-026799,3,68.7,Track Occupied
TRN-07890,BLK-006888,2,77.4,Track Occupied
TRN-07891,BLK-020201,2,76.8,Track Occupied
TRN-07892,BLK-031071,2,88.3,Track Occupied
TRN-07893,BLK-002670,3,95.8,Track Occupied
TRN-07894,BLK-018251,3,76.5,Track Occupied
TRN-07895,BLK-030622,2,81.7,Track Occupied
TRN-07896,BLK-025981,2,45.2,Track Occupied
TRN-07897,BLK-007034,2,54.9,Track Occupied
TRN-07898,BLK-026355,2,62.0,Track Occupied
TRN-07899,BLK-018953,2,84.8,Track Occupied
TRN-07900,BLK-027214,2,50.6,Track Occupied
TRN-07900,BLK-027215,2,50.6,Track Occupied
TRN-07901,BLK-005832,1,27.1,Track Occupied
TRN-07902,BLK-020935,3,84.9,Track Occupied
TRN-07903,BLK-008740,3,62.5,Track Occupied
TRN-07904,BLK-023438,1,37.3,Track Occupied
TRN-07905,BLK-006351,2,90.6,Track Occupied
TRN-07906,BLK-031376,2,51.0,Track Occupied
TRN-07907,BLK-014087,3,84.4,Track Occupied
TRN-07908,BLK-014621,3,55.5,Track Occupied
TRN-07909,BLK-006517,2,68.3,Track Occupied
TRN-07910,BLK-022306,3,79.1,Track Occupied
TRN-07910,BLK-022307,3,79.1,Track Occupied
TRN-07911,BLK-027714,2,65.8,Track Occupied
TRN-07912,BLK-014750,3,63.9,Track Occupied
TRN-07913,BLK-025832,2,76.2,Track Occupied
TRN-07914,BLK-011389,2,79.4,Track Occupied
TRN-07915,BLK-004470,3,81.5,Track Occupied
TRN-07916,BLK-029331,3,33.2,Track Occupied
TRN-07917,BLK-019843,1,40.0,Track Occupied
TRN-07918,BLK-000592,1,5.0,Track Occupied
TRN-07918,BLK-000593,1,5.0,Track Occupied
TRN-07919,BLK-027621,2,85.7,Track Occupied
TRN-07920,BLK-019196,2,65.2,Track Occupied
TRN-07921,BLK-030397,2,91.2,Track Occupied
TRN-07922,BLK-003853,3,57.4,Track Occupied
TRN-07923,BLK-007697,2,57.7,Track Occupied
TRN-07924,BLK-013642,2,75.6,Track Occupied
TRN-07925,BLK-018969,1,22.7,Track Occupied
TRN-07926,BLK-023368,1,50.5,Track Occupied
TRN-07927,BLK-008233,2,90.7,Track Occupied
TRN-07928,BLK-033273,2,66.3,Track Occupied
TRN-07929,BLK-017552,3,86.0,Track Occupied
TRN-07930,BLK-017610,1,48.7,Track Occupied
TRN-07930,BLK-017611,1,48.7,Track Occupied
TRN-07931,BLK-025553,2,84.3,Track Occupied
TRN-07932,BLK-000459,3,99.0,Track Occupied
TRN-07933,BLK-018634,2,65.0,Track Occupied
TRN-07934,BLK-005703,1,56.0,Track Occupied
TRN-07935,BLK-016356,2,86.9,Track Occupied
TRN-07936,BLK-022515,2,47.0,Track Occupied
TRN-07937,BLK-014893,3,91.8,Track Occupied
TRN-07938,BLK-009505,2,98.5,Track Occupied
TRN-07939,BLK-001599,1,45.7,Track Occupied
TRN-07940,BLK-015701,3,48.8,Track Occupied
TRN-07940,BLK-015702,3,48.8,Track Occupied
TRN-07941,BLK-020532,2,68.4,Track Occupied
TRN-07942,BLK-029233,3,83.0,Track Occupied
TRN-07943,BLK-010461,2,68.6,Track Occupied
TRN-07944,BLK-017527,2,48.0,Track Occupied
TRN-07945,BLK-008358,3,60.2,Track Occupied
TRN-07946,BLK-002089,2,54.9,Track Occupied
TRN-07947,BLK-029544,2,51.1,Track Occupied
TRN-07948,BLK-000156,3,58.3,Track Occupied
TRN-07949,BLK-001617,2,58.5,Track Occupied
TRN-07950,BLK-010254,1,18.8,Track Occupied
TRN-07951,BLK-007987,1,26.0,Track Occupied
TRN-07951,BLK-007988,1,26.0,Track Occupied
TRN-07952,BLK-012426,2,78.3,Track Occupied
TRN-07953,BLK-023306,2,99.0,Track Occupied
TRN-07954,BLK-001995,1,45.2,Track Occupied
TRN-07955,BLK-019884,2,51.4,Track Occupied
TRN-07956,BLK-007414,1,26.1,Track Occupied
TRN-07956,BLK-007415,1,26.1,Track Occupied
TRN-07957,BLK-017564,1,9.4,Track Occupied
TRN-07957,BLK-017565,1,9.4,Track Occupied
TRN-07958,BLK-006619,3,51.3,Track Occupied
TRN-07958,BLK-006620,3,51.3,Track Occupied
TRN-07959,BLK-000612,2,73.7,Track Occupied
TRN-07960,BLK-004142,2,84.7,Track Occupied
TRN-07961,BLK-032561,1,15.6,Track Occupied
TRN-07962,BLK-023641,3,56.3,Track Occupied
TRN-07963,BLK-001484,3,62.4,Track Occupied
TRN-07964,BLK-001126,3,59.0,Track Occupied
TRN-07965,BLK-028593,2,95.6,Track Occupied
TRN-07966,BLK-006822,3,81.2,Track Occupied
TRN-07967,BLK-022542,2,58.3,Track Occupied
TRN-07968,BLK-016927,2,68.9,Track Occupied
TRN-07969,BLK-022317,2,48.2,Track Occupied
TRN-07970,BLK-008855,3,57.8,Track Occupied
TRN-07971,BLK-016243,1,27.7,Track Occupied
TRN-07972,BLK-025930,1,50.1,Track Occupied
TRN-07973,BLK-028996,2,56.0,Track Occupied
TRN-07973,BLK-028997,2,56.0,Track Occupied
TRN-07974,BLK-020783,2,99.0,Track Occupied
TRN-07975,BLK-022102,2,99.0,Track Occupied
TRN-07975,BLK-022103,2,99.0,Track Occupied
TRN-07976,BLK-021911,3,75.4,Track Occupied
TRN-07977,BLK-006199,1,30.2,Track Occupied
TRN-07978,BLK-016968,2,63.4,Track Occupied
TRN-07979,BLK-005334,2,93.2,Track Occupied
TRN-07980,BLK-027439,2,66.6,Track Occupied
TRN-07981,BLK-008829,1,27.8,Track Occupied
TRN-07982,BLK-022386,2,67.2,Track Occupied
TRN-07983,BLK-029735,3,25.0,Track Occupied
TRN-07984,BLK-031114,2,80.6,Track Occupied
TRN-07985,BLK-020320,2,61.9,Track Occupied
TRN-07986,BLK-011238,3,59.9,Track Occupied
TRN-07987,BLK-018389,2,56.4,Track Occupied
TRN-07988,BLK-020518,3,68.5,Track Occupied
TRN-07989,BLK-031660,3,69.2,Track Occupied
TRN-07990,BLK-026394,3,49.4,Track Occupied
TRN-07991,BLK-021498,2,74.0,Track Occupied
TRN-07992,BLK-016114,3,74.9,Track Occupied
TRN-07993,BLK-025721,3,63.3,Track Occupied
TRN-07994,BLK-019495,2,50.3,Track Occupied
TRN-07995,BLK-005365,1,47.1,Track Occupied
TRN-07996,BLK-025787,3,70.6,Track Occupied
TRN-07997,BLK-022804,2,75.8,Track Occupied
TRN-07998,BLK-001868,2,70.4,Track Occupied
TRN-07999,BLK-018313,1,24.7,Track Occupied
TRN-08000,BLK-023093,2,90.2,Track Occupied
TRN-08001,BLK-029232,3,67.1,Track Occupied
TRN-08002,BLK-003083,1,42.4,Track Occupied
TRN-08003,BLK-014627,3,77.5,Track Occupied
TRN-08004,BLK-028075,1,28.3,Track Occupied
TRN-08005,BLK-000314,2,52.4,Track Occupied
TRN-08006,BLK-004988,3,93.4,Track Occupied
TRN-08007,BLK-002068,2,81.9,Track Occupied
TRN-08007,BLK-002069,2,81.9,Track Occupied
TRN-08008,BLK-028795,3,72.5,Track Occupied
TRN-08009,BLK-032147,2,54.6,Track Occupied
TRN-08010,BLK-016212,2,77.8,Track Occupied
TRN-08011,BLK-003153,3,83.7,Track Occupied
TRN-08012,BLK-024807,2,66.7,Track Occupied
TRN-08013,BLK-031647,2,53.9,Track Occupied
TRN-08014,BLK-000058,1,7.8,Track Occupied
TRN-08015,BLK-017669,2,61.0,Track Occupied
TRN-08016,BLK-009918,2,71.5,Track Occupied
TRN-08017,BLK-009376,2,91.9,Track Occupied
TRN-08018,BLK-012887,3,95.2,Track Occupied
TRN-08019,BLK-022075,3,99.0,Track Occupied
TRN-08020,BLK-011908,2,73.6,Track Occupied
TRN-08021,BLK-030189,3,43.1,Track Occupied
TRN-08021,BLK-030190,3,43.1,Track Occupied
TRN-08022,BLK-025881,3,48.2,Track Occupied
TRN-08023,BLK-022091,2,66.3,Track Occupied
TRN-08024,BLK-001075,1,61.9,Track Occupied
TRN-08025,BLK-018041,3,99.0,Track Occupied
TRN-08026,BLK-025428,1,43.7,Track Occupied
TRN-08027,BLK-030910,2,90.6,Track Occupied
TRN-08028,BLK-022230,2,75.6,Track Occupied
TRN-08029,BLK-024234,2,45.5,Track Occupied
TRN-08030,BLK-032637,3,58.9,Track Occupied
TRN-08031,BLK-008193,2,67.7,Track Occupied
TRN-08032,BLK-024314,2,99.0,Track Occupied
TRN-08033,BLK-003101,3,75.1,Track Occupied
TRN-08034,BLK-014979,2,60.8,Track Occupied
TRN-08035,BLK-006265,1,31.2,Track Occupied
TRN-08036,BLK-003016,3,63.1,Track Occupied
TRN-08037,BLK-029119,2,90.3,Track Occupied
TRN-08038,BLK-006860,2,70.8,Track Occupied
TRN-08038,BLK-006861,2,70.8,Track Occupied
TRN-08039,BLK-003851,3,65.1,Track Occupied
TRN-08040,BLK-007884,2,82.5,Track Occupied
TRN-08041,BLK-024494,3,60.2,Track Occupied
TRN-08042,BLK-022777,3,61.2,Track Occupied
TRN-08043,BLK-019072,3,58.5,Track Occupied
TRN-08043,BLK-019073,3,58.5,Track Occupied
TRN-08044,BLK-016790,3,83.3,Track Occupied
TRN-08045,BLK-015779,3,73.1,Track Occupied
TRN-08046,BLK-009553,3,99.0,Track Occupied
TRN-08047,BLK-006590,2,60.3,Track Occupied
TRN-08048,BLK-018271,1,54.5,Track Occupied
TRN-08048,BLK-018272,1,54.5,Track Occupied
TRN-08049,BLK-017235,2,99.0,Track Occupied
TRN-08050,BLK-000257,1,17.3,Track Occupied
TRN-08051,BLK-010906,3,85.7,Track Occupied
TRN-08052,BLK-030731,2,78.6,Track Occupied
TRN-08053,BLK-025457,1,28.7,Track Occupied
TRN-08054,BLK-014200,3,77.5,Track Occupied
TRN-08055,BLK-015382,3,77.1,Track Occupied
TRN-08056,BLK-003235,3,50.2,Track Occupied
TRN-08057,BLK-020165,1,45.5,Track Occupied
TRN-08058,BLK-013224,1,25.4,Track Occupied
TRN-08059,BLK-000683,1,31.2,Track Occupied
TRN-08060,BLK-014233,3,58.8,Track Occupied
TRN-08061,BLK-002005,2,58.8,Track Occupied
TRN-08061,BLK-002006,2,58.8,Track Occupied
TRN-08062,BLK-020881,2,83.2,Track Occupied
TRN-08063,BLK-028848,1,45.9,Track Occupied
TRN-08064,BLK-020484,2,67.6,Track Occupied
TRN-08065,BLK-002964,2,70.5,Track Occupied
TRN-08066,BLK-013887,2,73.5,Track Occupied
TRN-08067,BLK-012588,2,67.3,Track Occupied
TRN-08068,BLK-012044,3,86.5,Track Occupied
TRN-08069,BLK-019208,2,62.7,Track Occupied
TRN-08070,BLK-023582,2,81.4,Track Occupied
TRN-08071,BLK-006096,2,54.3,Track Occupied
TRN-08072,BLK-018950,1,46.2,Track Occupied
TRN-08072,BLK-018951,1,46.2,Track Occupied
TRN-08073,BLK-031534,3,73.8,Track Occupied
TRN-08074,BLK-008682,2,60.2,Track Occupied
TRN-08075,BLK-030218,3,49.1,Track Occupied
TRN-08076,BLK-017110,3,57.0,Track Occupied
TRN-08076,BLK-017111,3,57.0,Track Occupied
TRN-08077,BLK-026202,2,67.6,Track Occupied
TRN-08078,BLK-008151,2,65.5,Track Occupied
TRN-08079,BLK-013576,2,63.9,Track Occupied
TRN-08080,BLK-017391,3,62.5,Track Occupied
TRN-08080,BLK-017392,3,62.5,Track Occupied
TRN-08081,BLK-002839,2,68.3,Track Occupied
TRN-08082,BLK-024877,3,76.6,Track Occupied
TRN-08083,BLK-001468,3,52.9,Track Occupied
TRN-08084,BLK-020954,3,65.6,Track Occupied
TRN-08085,BLK-015184,3,52.8,Track Occupied
TRN-08086,BLK-020256,2,69.0,Track Occupied
TRN-08087,BLK-024907,1,38.1,Track Occupied
TRN-08088,BLK-030384,3,91.7,Track Occupied
TRN-08089,BLK-004134,3,83.7,Track Occupied
TRN-08089,BLK-004135,3,83.7,Track Occupied
TRN-08090,BLK-023599,1,76.9,Track Occupied
TRN-08091,BLK-000719,2,39.0,Track Occupied
TRN-08092,BLK-027903,2,75.7,Track Occupied
TRN-08093,BLK-003240,2,80.9,Track Occupied
TRN-08094,BLK-000223,3,59.1,Track Occupied
TRN-08095,BLK-030818,2,69.7,Track Occupied
TRN-08095,BLK-030819,2,69.7,Track Occupied
TRN-08096,BLK-026519,3,68.6,Track Occupied
TRN-08097,BLK-032951,2,64.4,Track Occupied
TRN-08098,BLK-005844,3,76.1,Track Occupied
TRN-08099,BLK-000932,1,64.0,Track Occupied
TRN-08099,BLK-000933,1,64.0,Track Occupied
TRN-08100,BLK-005766,2,80.4,Track Occupied
TRN-08101,BLK-015606,3,66.9,Track Occupied
TRN-08101,BLK-015607,3,66.9,Track Occupied
TRN-08102,BLK-004827,1,21.2,Track Occupied
TRN-08103,BLK-026168,2,66.9,Track Occupied
TRN-08104,BLK-022707,3,76.2,Track Occupied
TRN-08105,BLK-000529,3,99.0,Track Occupied
TRN-08106,BLK-031396,3,75.6,Track Occupied
TRN-08107,BLK-014140,2,96.0,Track Occupied
TRN-08108,BLK-028548,3,55.0,Track Occupied
TRN-08109,BLK-027499,2,82.3,Track Occupied
TRN-08110,BLK-002507,1,42.7,Track Occupied
TRN-08111,BLK-010618,3,71.4,Track Occupied
TRN-08112,BLK-018799,3,95.7,Track Occupied
TRN-08113,BLK-028530,2,61.0,Track Occupied
TRN-08114,BLK-022546,2,92.7,Track Occupied
TRN-08115,BLK-011725,2,57.8,Track Occupied
TRN-08116,BLK-026310,2,67.1,Track Occupied
TRN-08117,BLK-024445,3,67.9,Track Occupied
TRN-08118,BLK-005823,2,82.5,Track Occupied
TRN-08119,BLK-032938,3,97.2,Track Occupied
TRN-08120,BLK-033573,1,47.0,Track Occupied
TRN-08120,BLK-033574,1,47.0,Track Occupied
TRN-08121,BLK-030552,3,64.7,Track Occupied
TRN-08122,BLK-029984,3,57.9,Track Occupied
TRN-08123,BLK-002358,2,68.4,Track Occupied
TRN-08124,BLK-009032,2,77.0,Track Occupied
TRN-08125,BLK-020185,1,32.0,Track Occupied
TRN-08126,BLK-012175,3,54.3,Track Occupied
TRN-08127,BLK-023751,2,74.4,Track Occupied
TRN-08128,BLK-013766,3,55.6,Track Occupied
TRN-08129,BLK-005262,1,21.9,Track Occupied
TRN-08130,BLK-015562,2,70.1,Track Occupied
TRN-08131,BLK-007039,1,19.8,Track Occupied
TRN-08132,BLK-014677,2,99.0,Track Occupied
TRN-08133,BLK-011861,2,92.7,Track Occupied
TRN-08134,BLK-029934,1,29.8,Track Occupied
TRN-08135,BLK-023358,3,79.8,Track Occupied
TRN-08136,BLK-025582,2,62.8,Track Occupied
TRN-08137,BLK-011743,3,83.9,Track Occupied
TRN-08138,BLK-010037,3,77.4,Track Occupied
TRN-08139,BLK-008224,2,72.0,Track Occupied
TRN-08140,BLK-008331,1,46.5,Track Occupied
TRN-08141,BLK-000491,3,46.6,Track Occupied
TRN-08142,BLK-026562,2,84.6,Track Occupied
TRN-08143,BLK-008706,1,10.8,Track Occupied
TRN-08144,BLK-011429,2,77.0,Track Occupied
TRN-08145,BLK-016503,2,66.7,Track Occupied
TRN-08146,BLK-031389,3,87.3,Track Occupied
TRN-08147,BLK-012781,2,91.5,Track Occupied
TRN-08147,BLK-012782,2,91.5,Track Occupied
TRN-08148,BLK-022701,3,68.3,Track Occupied
TRN-08149,BLK-023182,3,65.2,Track Occupied
TRN-08149,BLK-023183,3,65.2,Track Occupied
TRN-08150,BLK-022196,1,42.8,Track Occupied
TRN-08151,BLK-009416,2,80.5,Track Occupied
TRN-08152,BLK-003363,2,59.0,Track Occupied
TRN-08153,BLK-018678,1,40.2,Track Occupied
TRN-08154,BLK-029264,3,92.3,Track Occupied
TRN-08155,BLK-007124,3,85.7,Track Occupied
TRN-08155,BLK-007125,3,85.7,Track Occupied
TRN-08156,BLK-026425,2,77.3,Track Occupied
TRN-08157,BLK-026870,2,79.6,Track Occupied
TRN-08158,BLK-009933,2,85.9,Track Occupied
TRN-08159,BLK-018961,3,67.6,Track Occupied
TRN-08160,BLK-003284,2,79.7,Track Occupied
TRN-08161,BLK-000945,2,71.8,Track Occupied
TRN-08162,BLK-009290,3,62.4,Track Occupied
TRN-08163,BLK-024826,2,51.2,Track Occupied
TRN-08164,BLK-012598,2,76.1,Track Occupied
TRN-08165,BLK-000412,3,53.7,Track Occupied
TRN-08166,BLK-001002,2,96.3,Track Occupied
TRN-08167,BLK-026349,2,67.0,Track Occupied
TRN-08168,BLK-005788,1,43.1,Track Occupied
TRN-08169,BLK-009719,2,64.0,Track Occupied
TRN-08170,BLK-023032,2,99.0,Track Occupied
TRN-08171,BLK-004517,1,28.8,Track Occupied
TRN-08172,BLK-001311,3,78.7,Track Occupied
TRN-08173,BLK-009644,2,92.2,Track Occupied
TRN-08174,BLK-027718,1,26.8,Track Occupied
TRN-08175,BLK-033302,3,70.5,Track Occupied
TRN-08176,BLK-003636,1,32.7,Track Occupied
TRN-08177,BLK-025731,1,32.4,Track Occupied
TRN-08178,BLK-010432,1,28.7,Track Occupied
TRN-08179,BLK-024815,2,73.5,Track Occupied
TRN-08180,BLK-019127,2,76.4,Track Occupied
TRN-08181,BLK-020573,2,80.4,Track Occupied
TRN-08182,BLK-015075,2,96.5,Track Occupied
TRN-08183,BLK-027771,2,65.6,Track Occupied
TRN-08184,BLK-005831,2,60.1,Track Occupied
TRN-08185,BLK-002063,2,60.4,Track Occupied
TRN-08185,BLK-002064,2,60.4,Track Occupied
TRN-08186,BLK-001849,1,34.5,Track Occupied
TRN-08187,BLK-030114,3,58.4,Track Occupied
TRN-08188,BLK-015322,1,58.6,Track Occupied
TRN-08189,BLK-026749,1,30.2,Track Occupied
TRN-08190,BLK-004885,2,68.2,Track Occupied
TRN-08191,BLK-008156,2,86.8,Track Occupied
TRN-08192,BLK-032224,1,36.3,Track Occupied
TRN-08193,BLK-026892,2,71.4,Track Occupied
TRN-08194,BLK-026555,2,80.3,Track Occupied
TRN-08195,BLK-032902,3,51.2,Track Occupied
TRN-08196,BLK-011488,2,44.7,Track Occupied
TRN-08197,BLK-026061,2,68.5,Track Occupied
TRN-08198,BLK-029651,1,18.0,Track Occupied
TRN-08199,BLK-003608,2,84.0,Track Occupied
TRN-08199,BLK-003609,2,84.0,Track Occupied
TRN-08200,BLK-026815,3,67.3,Track Occupied
TRN-08201,BLK-017028,2,69.7,Track Occupied
TRN-08202,BLK-033575,3,82.4,Track Occupied
TRN-08203,BLK-008010,1,33.7,Track Occupied
TRN-08204,BLK-033544,2,72.8,Track Occupied
TRN-08205,BLK-012002,2,99.0,Track Occupied
TRN-08206,BLK-033039,1,50.4,Track Occupied
TRN-08207,BLK-001597,1,34.4,Track Occupied
TRN-08208,BLK-027150,3,68.6,Track Occupied
TRN-08209,BLK-013874,3,27.6,Track Occupied
TRN-08210,BLK-022076,3,55.9,Track Occupied
TRN-08211,BLK-024729,2,75.8,Track Occupied
TRN-08212,BLK-005234,3,59.9,Track Occupied
TRN-08213,BLK-028798,2,59.8,Track Occupied
TRN-08214,BLK-031039,3,96.9,Track Occupied
TRN-08215,BLK-007169,3,73.8,Track Occupied
TRN-08216,BLK-021641,3,99.0,Track Occupied
TRN-08217,BLK-016537,2,62.6,Track Occupied
TRN-08218,BLK-014780,2,65.2,Track Occupied
TRN-08219,BLK-015194,2,55.0,Track Occupied
TRN-08220,BLK-012458,2,58.8,Track Occupied
TRN-08220,BLK-012459,2,58.8,Track Occupied
TRN-08221,BLK-028192,3,75.0,Track Occupied
TRN-08221,BLK-028193,3,75.0,Track Occupied
TRN-08222,BLK-000485,1,51.3,Track Occupied
TRN-08223,BLK-021987,2,77.0,Track Occupied
TRN-08224,BLK-010087,3,98.1,Track Occupied
TRN-08225,BLK-000367,2,63.9,Track Occupied
TRN-08226,BLK-031468,3,59.6,Track Occupied
TRN-08227,BLK-002091,2,62.7,Track Occupied
TRN-08228,BLK-004192,2,29.2,Track Occupied
TRN-08229,BLK-016952,2,89.7,Track Occupied
TRN-08230,BLK-002722,3,60.0,Track Occupied
TRN-08231,BLK-033034,1,32.2,Track Occupied
TRN-08232,BLK-000126,2,70.0,Track Occupied
TRN-08233,BLK-004713,3,99.0,Track Occupied
TRN-08234,BLK-018261,2,64.7,Track Occupied
TRN-08235,BLK-010059,3,71.8,Track Occupied
TRN-08236,BLK-017023,1,31.3,Track Occupied
TRN-08236,BLK-017024,1,31.3,Track Occupied
TRN-08237,BLK-025477,3,62.6,Track Occupied
TRN-08238,BLK-010485,2,62.4,Track Occupied
TRN-08239,BLK-020381,2,59.1,Track Occupied
TRN-08240,BLK-014790,2,50.8,Track Occupied
TRN-08241,BLK-014788,2,81.6,Track Occupied
TRN-08242,BLK-029011,3,67.1,Track Occupied
TRN-08243,BLK-004678,3,55.1,Track Occupied
TRN-08244,BLK-022533,2,68.3,Track Occupied
TRN-08245,BLK-003715,2,80.6,Track Occupied
TRN-08246,BLK-030903,3,74.9,Track Occupied
TRN-08246,BLK-030904,3,74.9,Track Occupied
TRN-08247,BLK-020248,3,64.0,Track Occupied
TRN-08248,BLK-001351,2,61.0,Track Occupied
TRN-08248,BLK-001352,2,61.0,Track Occupied
TRN-08249,BLK-021995,3,75.2,Track Occupied
TRN-08250,BLK-001778,3,73.8,Track Occupied
TRN-08251,BLK-015791,1,39.3,Track Occupied
TRN-08252,BLK-027675,3,69.5,Track Occupied
TRN-08252,BLK-027676,3,69.5,Track Occupied
TRN-08253,BLK-028091,2,69.0,Track Occupied
TRN-08254,BLK-000606,3,67.8,Track Occupied
TRN-08255,BLK-016223,1,25.6,Track Occupied
TRN-08256,BLK-017939,1,60.3,Track Occupied
TRN-08257,BLK-013309,1,38.3,Track Occupied
TRN-08258,BLK-016542,2,82.5,Track Occupied
TRN-08259,BLK-006045,3,57.0,Track Occupied
TRN-08260,BLK-031626,2,64.1,Track Occupied
TRN-08260,BLK-031627,2,64.1,Track Occupied
TRN-08261,BLK-023398,1,40.6,Track Occupied
TRN-08262,BLK-006699,1,50.4,Track Occupied
TRN-08263,BLK-012893,3,63.2,Track Occupied
TRN-08264,BLK-023976,1,13.4,Track Occupied
TRN-08265,BLK-015622,2,71.6,Track Occupied
TRN-08266,BLK-033344,3,69.0,Track Occupied
TRN-08267,BLK-008821,1,21.4,Track Occupied
TRN-08268,BLK-023326,3,87.2,Track Occupied
TRN-08269,BLK-010709,2,44.4,Track Occupied
TRN-08269,BLK-010710,2,44.4,Track Occupied
TRN-08270,BLK-024293,3,77.0,Track Occupied
TRN-08271,BLK-021623,2,56.1,Track Occupied
TRN-08272,BLK-015365,2,74.9,Track Occupied
TRN-08273,BLK-014065,1,26.5,Track Occupied
TRN-08274,BLK-003767,3,58.3,Track Occupied
TRN-08275,BLK-021455,2,69.2,Track Occupied
TRN-08276,BLK-011145,2,78.9,Track Occupied
TRN-08277,BLK-014701,1,37.2,Track Occupied
TRN-08278,BLK-014447,3,74.3,Track Occupied
TRN-08278,BLK-014448,3,74.3,Track Occupied
TRN-08279,BLK-024329,2,48.2,Track Occupied
TRN-08280,BLK-029342,3,72.3,Track Occupied
TRN-08281,BLK-017733,3,77.1,Track Occupied
TRN-08282,BLK-002888,2,64.6,Track Occupied
TRN-08283,BLK-033085,2,63.4,Track Occupied
TRN-08284,BLK-006282,2,57.0,Track Occupied
TRN-08285,BLK-023371,1,45.2,Track Occupied
TRN-08286,BLK-006731,3,60.2,Track Occupied
TRN-08287,BLK-023702,2,83.6,Track Occupied
TRN-08288,BLK-020189,2,78.4,Track Occupied
TRN-08288,BLK-020190,2,78.4,Track Occupied
TRN-08289,BLK-007914,1,18.7,Track Occupied
TRN-08290,BLK-023340,3,84.2,Track Occupied
TRN-08291,BLK-002015,3,65.3,Track Occupied
TRN-08292,BLK-002166,2,82.2,Track Occupied
TRN-08293,BLK-020156,2,43.8,Track Occupied
TRN-08294,BLK-001457,3,91.7,Track Occupied
TRN-08295,BLK-028546,2,51.3,Track Occupied
TRN-08296,BLK-000695,2,72.1,Track Occupied
TRN-08297,BLK-033136,3,94.0,Track Occupied
TRN-08298,BLK-016132,2,95.2,Track Occupied
TRN-08299,BLK-013993,3,72.8,Track Occupied
TRN-08300,BLK-014187,2,48.0,Track Occupied
TRN-08301,BLK-003423,3,52.0,Track Occupied
TRN-08302,BLK-012029,2,46.4,Track Occupied
TRN-08303,BLK-025208,1,37.3,Track Occupied
TRN-08304,BLK-027781,2,78.1,Track Occupied
TRN-08304,BLK-027782,2,78.1,Track Occupied
TRN-08305,BLK-002622,2,56.1,Track Occupied
TRN-08306,BLK-004162,3,47.7,Track Occupied
TRN-08307,BLK-008337,2,64.6,Track Occupied
TRN-08308,BLK-010628,3,60.2,Track Occupied
TRN-08309,BLK-007387,3,59.9,Track Occupied
TRN-08310,BLK-013510,1,49.4,Track Occupied
TRN-08311,BLK-003167,2,53.3,Track Occupied
TRN-08312,BLK-009615,1,47.7,Track Occupied
TRN-08313,BLK-021353,2,72.6,Track Occupied
TRN-08314,BLK-029542,2,86.8,Track Occupied
TRN-08315,BLK-004333,1,50.3,Track Occupied
TRN-08316,BLK-010238,2,65.2,Track Occupied
TRN-08317,BLK-022745,3,49.1,Track Occupied
TRN-08318,BLK-031193,2,90.5,Track Occupied
TRN-08319,BLK-022923,1,36.8,Track Occupied
TRN-08320,BLK-002106,3,85.1,Track Occupied
TRN-08321,BLK-018600,3,62.1,Track Occupied
TRN-08322,BLK-011586,1,50.1,Track Occupied
TRN-08323,BLK-029690,3,59.7,Track Occupied
TRN-08324,BLK-012062,2,92.9,Track Occupied
TRN-08325,BLK-015213,3,88.7,Track Occupied
TRN-08326,BLK-016000,2,79.7,Track Occupied
TRN-08327,BLK-016137,3,66.5,Track Occupied
TRN-08327,BLK-016138,3,66.5,Track Occupied
TRN-08328,BLK-020179,2,72.2,Track Occupied
TRN-08329,BLK-025013,2,88.1,Track Occupied
TRN-08330,BLK-005252,3,78.5,Track Occupied
TRN-08331,BLK-028084,1,47.3,Track Occupied
TRN-08332,BLK-019820,2,78.4,Track Occupied
TRN-08333,BLK-024657,3,58.4,Track Occupied
TRN-08334,BLK-023722,1,9.5,Track Occupied
TRN-08335,BLK-031084,2,69.2,Track Occupied
TRN-08336,BLK-026782,3,85.7,Track Occupied
TRN-08337,BLK-004369,1,34.6,Track Occupied
TRN-08338,BLK-032292,3,90.8,Track Occupied
TRN-08339,BLK-002603,1,30.8,Track Occupied
TRN-08340,BLK-024965,3,79.1,Track Occupied
TRN-08341,BLK-005419,2,90.4,Track Occupied
TRN-08342,BLK-033414,2,79.3,Track Occupied
TRN-08343,BLK-002079,3,43.0,Track Occupied
TRN-08344,BLK-009263,2,81.7,Track Occupied
TRN-08345,BLK-013078,3,64.4,Track Occupied
TRN-08346,BLK-019034,2,91.2,Track Occupied
TRN-08347,BLK-013093,1,17.4,Track Occupied
TRN-08348,BLK-026776,2,61.2,Track Occupied
TRN-08349,BLK-030577,2,59.6,Track Occupied
TRN-08350,BLK-009145,3,60.5,Track Occupied
TRN-08350,BLK-009146,3,60.5,Track Occupied
TRN-08351,BLK-031059,3,76.3,Track Occupied
TRN-08352,BLK-032346,3,85.3,Track Occupied
TRN-08353,BLK-007444,2,44.9,Track Occupied
TRN-08354,BLK-021103,2,64.5,Track Occupied
TRN-08355,BLK-013886,3,73.9,Track Occupied
TRN-08356,BLK-025588,2,77.8,Track Occupied
TRN-08357,BLK-025127,3,61.9,Track Occupied
TRN-08358,BLK-000237,3,29.4,Track Occupied
TRN-08359,BLK-013929,1,14.0,Track Occupied
TRN-08360,BLK-028748,2,64.0,Track Occupied
TRN-08361,BLK-017567,2,62.9,Track Occupied
TRN-08362,BLK-016330,3,54.6,Track Occupied
TRN-08363,BLK-019062,1,35.2,Track Occupied
TRN-08364,BLK-017339,1,34.5,Track Occupied
TRN-08365,BLK-023053,3,71.3,Track Occupied
TRN-08366,BLK-020290,3,80.8,Track Occupied
TRN-08367,BLK-029947,1,56.2,Track Occupied
TRN-08368,BLK-026980,3,73.7,Track Occupied
TRN-08369,BLK-030180,1,17.1,Track Occupied
TRN-08370,BLK-020739,2,74.3,Track Occupied
TRN-08371,BLK-025167,3,85.7,Track Occupied
TRN-08372,BLK-004936,3,71.0,Track Occupied
TRN-08373,BLK-027340,3,96.1,Track Occupied
TRN-08374,BLK-022472,3,60.4,Track Occupied
TRN-08375,BLK-019311,2,80.3,Track Occupied
TRN-08376,BLK-008237,3,82.7,Track Occupied
TRN-08377,BLK-009781,3,67.7,Track Occupied
TRN-08378,BLK-001832,3,83.5,Track Occupied
TRN-08379,BLK-019027,2,78.8,Track Occupied
TRN-08380,BLK-027032,3,83.9,Track Occupied
TRN-08380,BLK-027033,3,83.9,Track Occupied
TRN-08381,BLK-005208,2,87.2,Track Occupied
TRN-08382,BLK-002904,3,99.0,Track Occupied
TRN-08383,BLK-023386,3,37.4,Track Occupied
TRN-08384,BLK-000603,2,60.1,Track Occupied
TRN-08385,BLK-015575,2,80.0,Track Occupied
TRN-08386,BLK-025912,3,50.6,Track Occupied
TRN-08387,BLK-011685,1,16.8,Track Occupied
TRN-08388,BLK-018005,2,79.6,Track Occupied
TRN-08389,BLK-030816,2,94.7,Track Occupied
TRN-08390,BLK-004743,3,65.7,Track Occupied
TRN-08391,BLK-007905,1,69.1,Track Occupied
TRN-08392,BLK-028399,3,42.4,Track Occupied
TRN-08393,BLK-006734,3,64.0,Track Occupied
TRN-08394,BLK-022760,3,98.9,Track Occupied
TRN-08395,BLK-017481,2,76.0,Track Occupied
TRN-08396,BLK-027988,3,81.9,Track Occupied
TRN-08397,BLK-017257,1,51.4,Track Occupied
TRN-08398,BLK-023769,3,43.2,Track Occupied
TRN-08399,BLK-002478,3,63.2,Track Occupied
TRN-08400,BLK-007107,2,68.7,Track Occupied
TRN-08401,BLK-016811,3,46.1,Track Occupied
TRN-08402,BLK-020204,3,58.3,Track Occupied
TRN-08403,BLK-000858,2,88.0,Track Occupied
TRN-08404,BLK-028216,3,52.5,Track Occupied
TRN-08404,BLK-028217,3,52.5,Track Occupied
TRN-08405,BLK-006757,3,68.3,Track Occupied
TRN-08406,BLK-001097,1,28.9,Track Occupied
TRN-08407,BLK-009363,2,67.7,Track Occupied
TRN-08407,BLK-009364,2,67.7,Track Occupied
TRN-08408,BLK-020839,2,72.0,Track Occupied
TRN-08409,BLK-019730,2,60.6,Track Occupied
TRN-08410,BLK-018952,3,93.1,Track Occupied
TRN-08411,BLK-022716,2,61.4,Track Occupied
TRN-08412,BLK-032790,2,63.3,Track Occupied
TRN-08413,BLK-029080,2,63.4,Track Occupied
TRN-08414,BLK-028822,3,83.8,Track Occupied
TRN-08415,BLK-007855,3,59.0,Track Occupied
TRN-08416,BLK-029787,2,86.1,Track Occupied
TRN-08417,BLK-022096,3,99.0,Track Occupied
TRN-08418,BLK-014555,1,43.5,Track Occupied
TRN-08419,BLK-027137,3,83.8,Track Occupied
TRN-08420,BLK-015193,3,73.2,Track Occupied
TRN-08421,BLK-015445,1,23.2,Track Occupied
TRN-08422,BLK-006612,3,72.3,Track Occupied
TRN-08423,BLK-012895,1,49.1,Track Occupied
TRN-08424,BLK-004456,3,99.0,Track Occupied
TRN-08424,BLK-004457,3,99.0,Track Occupied
TRN-08425,BLK-018805,1,62.4,Track Occupied
TRN-08426,BLK-003895,3,71.0,Track Occupied
TRN-08427,BLK-004804,1,29.2,Track Occupied
TRN-08428,BLK-024874,2,59.7,Track Occupied
TRN-08429,BLK-009912,2,99.0,Track Occupied
TRN-08430,BLK-032700,3,65.5,Track Occupied
TRN-08431,BLK-001484,2,52.2,Track Occupied
TRN-08432,BLK-020428,3,95.9,Track Occupied
TRN-08432,BLK-020429,3,95.9,Track Occupied
TRN-08433,BLK-033347,2,74.3,Track Occupied
TRN-08433,BLK-033348,2,74.3,Track Occupied
TRN-08434,BLK-027469,2,70.2,Track Occupied
TRN-08435,BLK-028335,2,37.3,Track Occupied
TRN-08436,BLK-019455,1,28.8,Track Occupied
TRN-08437,BLK-001725,3,79.5,Track Occupied
TRN-08438,BLK-033349,3,73.3,Track Occupied
TRN-08439,BLK-024421,2,45.8,Track Occupied
TRN-08439,BLK-024422,2,45.8,Track Occupied
TRN-08440,BLK-032826,3,72.0,Track Occupied
TRN-08441,BLK-029269,2,87.0,Track Occupied
TRN-08442,BLK-013132,2,41.7,Track Occupied
TRN-08443,BLK-031523,2,99.0,Track Occupied
TRN-08444,BLK-013136,2,80.4,Track Occupied
TRN-08445,BLK-001266,2,54.5,Track Occupied
TRN-08446,BLK-006764,3,58.2,Track Occupied
TRN-08447,BLK-008971,1,34.6,Track Occupied
TRN-08448,BLK-025752,3,66.8,Track Occupied
TRN-08449,BLK-004024,3,99.0,Track Occupied
TRN-08450,BLK-004996,3,52.6,Track Occupied
TRN-08451,BLK-007283,1,33.4,Track Occupied
TRN-08452,BLK-019792,1,23.9,Track Occupied
TRN-08453,BLK-004048,2,64.5,Track Occupied
TRN-08454,BLK-012370,1,39.1,Track Occupied
TRN-08455,BLK-017518,3,79.4,Track Occupied
TRN-08455,BLK-017519,3,79.4,Track Occupied
TRN-08456,BLK-011073,2,95.9,Track Occupied
TRN-08457,BLK-012864,3,98.6,Track Occupied
TRN-08458,BLK-018984,3,83.1,Track Occupied
TRN-08459,BLK-027552,1,19.9,Track Occupied
TRN-08460,BLK-024549,1,46.9,Track Occupied
TRN-08461,BLK-006003,1,32.1,Track Occupied
TRN-08462,BLK-002113,1,40.9,Track Occupied
TRN-08463,BLK-032276,2,96.5,Track Occupied
TRN-08464,BLK-019370,2,85.5,Track Occupied
TRN-08465,BLK-024753,2,60.6,Track Occupied
TRN-08466,BLK-000571,3,83.2,Track Occupied
TRN-08467,BLK-023761,2,78.0,Track Occupied
TRN-08468,BLK-000717,2,74.4,Track Occupied
TRN-08469,BLK-023589,2,45.8,Track Occupied
TRN-08470,BLK-004419,3,85.3,Track Occupied
TRN-08471,BLK-005767,2,60.5,Track Occupied
TRN-08472,BLK-007441,3,82.1,Track Occupied
TRN-08473,BLK-012090,3,85.5,Track Occupied
TRN-08474,BLK-027092,3,55.6,Track Occupied
TRN-08475,BLK-008858,2,71.9,Track Occupied
TRN-08476,BLK-016778,2,66.9,Track Occupied
TRN-08477,BLK-017233,2,60.7,Track Occupied
TRN-08478,BLK-008122,2,66.9,Track Occupied
TRN-08479,BLK-030091,3,61.9,Track Occupied
TRN-08480,BLK-001229,2,82.1,Track Occupied
TRN-08481,BLK-026990,3,65.7,Track Occupied
TRN-08482,BLK-007299,2,82.6,Track Occupied
TRN-08483,BLK-033377,2,47.1,Track Occupied
TRN-08484,BLK-017762,3,76.0,Track Occupied
TRN-08485,BLK-017925,2,57.4,Track Occupied
TRN-08486,BLK-020654,2,72.1,Track Occupied
TRN-08487,BLK-002712,2,67.9,Track Occupied
TRN-08488,BLK-001178,3,67.5,Track Occupied
TRN-08489,BLK-006973,3,81.1,Track Occupied
TRN-08490,BLK-033535,2,78.5,Track Occupied
TRN-08491,BLK-003800,2,72.6,Track Occupied
TRN-08492,BLK-005739,3,59.5,Track Occupied
TRN-08493,BLK-025143,3,61.7,Track Occupied
TRN-08493,BLK-025144,3,61.7,Track Occupied
TRN-08494,BLK-030356,3,83.3,Track Occupied
TRN-08495,BLK-011626,3,40.8,Track Occupied
TRN-08496,BLK-010066,2,98.3,Track Occupied
TRN-08497,BLK-016662,3,93.5,Track Occupied
TRN-08498,BLK-032074,2,55.4,Track Occupied
TRN-08499,BLK-006601,3,75.4,Track Occupied
TRN-08500,BLK-027067,2,80.2,Track Occupied
TRN-08501,BLK-029830,3,88.2,Track Occupied
TRN-08502,BLK-009616,3,77.9,Track Occupied
TRN-08502,BLK-009617,3,77.9,Track Occupied
TRN-08503,BLK-017563,2,57.4,Track Occupied
TRN-08504,BLK-006496,2,99.0,Track Occupied
TRN-08505,BLK-008793,3,49.8,Track Occupied
TRN-08506,BLK-026347,2,57.9,Track Occupied
TRN-08507,BLK-023462,1,16.6,Track Occupied
TRN-08508,BLK-030311,2,60.8,Track Occupied
TRN-08509,BLK-015821,3,56.3,Track Occupied
TRN-08510,BLK-025007,2,67.2,Track Occupied
TRN-08510,BLK-025008,2,67.2,Track Occupied
TRN-08511,BLK-031528,3,78.7,Track Occupied
TRN-08512,BLK-008001,3,60.6,Track Occupied
TRN-08513,BLK-014751,3,89.3,Track Occupied
TRN-08514,BLK-031478,2,70.1,Track Occupied
TRN-08515,BLK-006878,3,69.7,Track Occupied
TRN-08516,BLK-024166,1,16.1,Track Occupied
TRN-08517,BLK-001628,3,56.8,Track Occupied
TRN-08518,BLK-032837,2,81.2,Track Occupied
TRN-08519,BLK-006646,3,71.6,Track Occupied
TRN-08520,BLK-002398,1,24.3,Track Occupied
TRN-08521,BLK-000506,3,99.0,Track Occupied
TRN-08522,BLK-020080,3,32.7,Track Occupied
TRN-08523,BLK-012660,1,43.3,Track Occupied
TRN-08524,BLK-000099,3,56.5,Track Occupied
TRN-08525,BLK-030980,2,51.2,Track Occupied
TRN-08526,BLK-025158,3,97.9,Track Occupied
TRN-08527,BLK-024492,3,80.4,Track Occupied
TRN-08528,BLK-013051,3,62.5,Track Occupied
TRN-08529,BLK-007980,2,77.1,Track Occupied
TRN-08530,BLK-029589,2,66.4,Track Occupied
TRN-08531,BLK-014413,2,90.2,Track Occupied
TRN-08532,BLK-015469,2,70.1,Track Occupied
TRN-08533,BLK-012160,2,45.8,Track Occupied
TRN-08534,BLK-014530,3,55.8,Track Occupied
TRN-08535,BLK-018676,2,83.2,Track Occupied
TRN-08536,BLK-004030,2,99.0,Track Occupied
TRN-08537,BLK-011530,3,67.2,Track Occupied
TRN-08538,BLK-031555,1,21.7,Track Occupied
TRN-08539,BLK-002134,2,50.7,Track Occupied
TRN-08540,BLK-030713,3,74.3,Track Occupied
TRN-08541,BLK-033038,1,34.7,Track Occupied
TRN-08542,BLK-005807,3,73.6,Track Occupied
TRN-08543,BLK-017452,3,68.3,Track Occupied
TRN-08544,BLK-002659,1,52.9,Track Occupied
TRN-08545,BLK-008316,3,99.0,Track Occupied
TRN-08546,BLK-008255,2,51.4,Track Occupied
TRN-08547,BLK-002677,1,9.7,Track Occupied
TRN-08548,BLK-002172,3,80.8,Track Occupied
TRN-08549,BLK-009678,1,26.9,Track Occupied
TRN-08550,BLK-005273,3,57.4,Track Occupied
TRN-08551,BLK-004265,2,62.2,Track Occupied
TRN-08552,BLK-011688,2,70.8,Track Occupied
TRN-08553,BLK-019886,2,53.1,Track Occupied
TRN-08554,BLK-006683,3,54.6,Track Occupied
TRN-08555,BLK-001076,2,70.5,Track Occupied
TRN-08556,BLK-013978,1,26.3,Track Occupied
TRN-08557,BLK-027478,2,98.6,Track Occupied
TRN-08558,BLK-020334,3,67.4,Track Occupied
TRN-08559,BLK-032929,3,65.6,Track Occupied
TRN-08560,BLK-007940,1,34.2,Track Occupied
TRN-08561,BLK-003565,3,68.6,Track Occupied
TRN-08562,BLK-006087,2,67.1,Track Occupied
TRN-08563,BLK-013911,1,38.7,Track Occupied
TRN-08564,BLK-030364,1,17.0,Track Occupied
TRN-08565,BLK-008784,2,95.1,Track Occupied
TRN-08566,BLK-004356,3,78.8,Track Occupied
TRN-08567,BLK-009558,2,56.8,Track Occupied
TRN-08568,BLK-012058,3,40.6,Track Occupied
TRN-08569,BLK-026227,2,68.1,Track Occupied
TRN-08570,BLK-013366,2,41.6,Track Occupied
TRN-08571,BLK-033444,3,93.1,Track Occupied
TRN-08572,BLK-019027,1,19.0,Track Occupied
TRN-08573,BLK-009091,3,81.9,Track Occupied
TRN-08574,BLK-008459,3,91.9,Track Occupied
TRN-08575,BLK-019092,2,83.2,Track Occupied
TRN-08576,BLK-015507,3,65.5,Track Occupied
TRN-08577,BLK-012319,2,59.2,Track Occupied
TRN-08577,BLK-012320,2,59.2,Track Occupied
TRN-08578,BLK-021906,2,96.7,Track Occupied
TRN-08579,BLK-026669,1,45.3,Track Occupied
TRN-08580,BLK-006906,3,64.1,Track Occupied
TRN-08581,BLK-023473,3,75.9,Track Occupied
TRN-08582,BLK-009851,3,95.1,Track Occupied
TRN-08583,BLK-009703,3,63.0,Track Occupied
TRN-08584,BLK-000286,3,58.3,Track Occupied
TRN-08585,BLK-006957,2,91.0,Track Occupied
TRN-08586,BLK-030057,3,74.0,Track Occupied
TRN-08587,BLK-013107,2,80.1,Track Occupied
TRN-08588,BLK-004017,1,46.9,Track Occupied
TRN-08589,BLK-024853,3,66.1,Track Occupied
TRN-08590,BLK-015337,2,62.9,Track Occupied
TRN-08591,BLK-009123,1,41.5,Track Occupied
TRN-08592,BLK-030287,2,58.9,Track Occupied
TRN-08593,BLK-028492,3,44.0,Track Occupied
TRN-08594,BLK-017269,2,77.1,Track Occupied
TRN-08595,BLK-007363,2,64.8,Track Occupied
TRN-08596,BLK-011464,1,40.4,Track Occupied
TRN-08597,BLK-004527,3,72.6,Track Occupied
TRN-08598,BLK-019053,3,68.1,Track Occupied
TRN-08599,BLK-020704,1,39.2,Track Occupied
TRN-08600,BLK-007116,2,50.0,Track Occupied
TRN-08601,BLK-004410,2,43.3,Track Occupied
TRN-08602,BLK-032149,2,82.2,Track Occupied
TRN-08603,BLK-005561,1,44.4,Track Occupied
TRN-08604,BLK-032544,2,75.5,Track Occupied
TRN-08605,BLK-018179,3,80.9,Track Occupied
TRN-08605,BLK-018180,3,80.9,Track Occupied
TRN-08606,BLK-006629,3,80.9,Track Occupied
TRN-08607,BLK-026980,2,76.3,Track Occupied
TRN-08608,BLK-011795,2,57.0,Track Occupied
TRN-08609,BLK-006742,2,45.6,Track Occupied
TRN-08610,BLK-007552,2,73.1,Track Occupied
TRN-08611,BLK-005685,3,64.2,Track Occupied
TRN-08612,BLK-003977,2,52.0,Track Occupied
TRN-08613,BLK-028841,3,36.9,Track Occupied
TRN-08614,BLK-013959,3,38.0,Track Occupied
TRN-08615,BLK-000385,3,45.8,Track Occupied
TRN-08616,BLK-026184,1,25.9,Track Occupied
TRN-08617,BLK-032502,2,63.0,Track Occupied
TRN-08618,BLK-009673,2,77.9,Track Occupied
TRN-08619,BLK-016327,3,93.2,Track Occupied
TRN-08620,BLK-025204,2,58.8,Track Occupied
TRN-08621,BLK-016556,2,62.2,Track Occupied
TRN-08622,BLK-003090,1,49.6,Track Occupied
TRN-08623,BLK-017729,2,44.7,Track Occupied
TRN-08624,BLK-012334,1,11.6,Track Occupied
TRN-08625,BLK-001430,2,27.3,Track Occupied
TRN-08626,BLK-022069,2,81.2,Track Occupied
TRN-08627,BLK-014599,3,64.8,Track Occupied
TRN-08628,BLK-014986,2,46.9,Track Occupied
TRN-08629,BLK-020416,3,74.2,Track Occupied
TRN-08630,BLK-025416,2,49.5,Track Occupied
TRN-08631,BLK-021164,2,62.5,Track Occupied
TRN-08632,BLK-019940,1,63.4,Track Occupied
TRN-08633,BLK-000852,3,80.4,Track Occupied
TRN-08634,BLK-025139,1,21.8,Track Occupied
TRN-08635,BLK-033574,2,60.4,Track Occupied
TRN-08636,BLK-030201,3,75.7,Track Occupied
TRN-08637,BLK-020026,3,82.4,Track Occupied
TRN-08638,BLK-015954,3,60.2,Track Occupied
TRN-08639,BLK-003696,3,67.5,Track Occupied
TRN-08640,BLK-004109,3,69.7,Track Occupied
TRN-08641,BLK-026768,2,51.1,Track Occupied
TRN-08642,BLK-023482,3,55.9,Track Occupied
TRN-08643,BLK-009465,2,70.2,Track Occupied
TRN-08644,BLK-010205,2,88.0,Track Occupied
TRN-08645,BLK-009206,3,99.0,Track Occupied
TRN-08646,BLK-018027,1,64.5,Track Occupied
TRN-08646,BLK-018028,1,64.5,Track Occupied
TRN-08647,BLK-000470,1,61.1,Track Occupied
TRN-08648,BLK-004363,2,57.8,Track Occupied
TRN-08649,BLK-007353,3,71.9,Track Occupied
TRN-08650,BLK-024858,2,99.0,Track Occupied
TRN-08651,BLK-026169,2,77.5,Track Occupied
TRN-08652,BLK-017173,2,81.2,Track Occupied
TRN-08653,BLK-011043,2,45.1,Track Occupied
TRN-08654,BLK-005380,2,49.1,Track Occupied
TRN-08655,BLK-017013,2,61.6,Track Occupied
TRN-08656,BLK-024053,2,96.9,Track Occupied
TRN-08657,BLK-020431,3,75.8,Track Occupied
TRN-08658,BLK-021225,1,49.8,Track Occupied
TRN-08659,BLK-025677,2,65.7,Track Occupied
TRN-08660,BLK-003998,1,37.6,Track Occupied
TRN-08661,BLK-026904,2,93.2,Track Occupied
TRN-08662,BLK-028308,1,47.6,Track Occupied
TRN-08663,BLK-018876,2,48.9,Track Occupied
TRN-08664,BLK-014621,2,78.1,Track Occupied
TRN-08665,BLK-021281,2,59.9,Track Occupied
TRN-08666,BLK-016721,2,64.6,Track Occupied
TRN-08667,BLK-032892,1,43.7,Track Occupied
TRN-08668,BLK-008754,2,99.0,Track Occupied
TRN-08669,BLK-004108,3,50.9,Track Occupied
TRN-08670,BLK-029617,2,65.1,Track Occupied
TRN-08670,BLK-029618,2,65.1,Track Occupied
TRN-08671,BLK-002069,3,50.6,Track Occupied
TRN-08672,BLK-001647,3,57.0,Track Occupied
TRN-08673,BLK-029663,3,73.8,Track Occupied
TRN-08674,BLK-009468,2,48.3,Track Occupied
TRN-08675,BLK-009750,3,65.8,Track Occupied
TRN-08676,BLK-014146,1,44.5,Track Occupied
TRN-08677,BLK-009883,3,88.3,Track Occupied
TRN-08678,BLK-002024,2,55.7,Track Occupied
TRN-08679,BLK-022698,3,89.5,Track Occupied
TRN-08680,BLK-011453,3,99.0,Track Occupied
TRN-08681,BLK-027409,3,58.0,Track Occupied
TRN-08682,BLK-016533,2,80.1,Track Occupied
TRN-08683,BLK-006140,1,51.5,Track Occupied
TRN-08684,BLK-033060,2,58.4,Track Occupied
TRN-08685,BLK-019980,3,70.7,Track Occupied
TRN-08686,BLK-031047,1,46.8,Track Occupied
TRN-08687,BLK-015799,2,77.6,Track Occupied
TRN-08688,BLK-032654,3,54.1,Track Occupied
TRN-08689,BLK-024180,3,70.3,Track Occupied
TRN-08690,BLK-033340,3,35.0,Track Occupied
TRN-08691,BLK-006502,2,83.5,Track Occupied
TRN-08692,BLK-010867,1,25.7,Track Occupied
TRN-08693,BLK-009826,3,83.1,Track Occupied
TRN-08694,BLK-033037,2,75.0,Track Occupied
TRN-08695,BLK-012288,1,21.1,Track Occupied
TRN-08696,BLK-028637,3,91.1,Track Occupied
TRN-08697,BLK-003097,3,95.2,Track Occupied
TRN-08698,BLK-032500,2,50.3,Track Occupied
TRN-08699,BLK-030919,3,68.2,Track Occupied
TRN-08700,BLK-016545,3,65.6,Track Occupied
TRN-08701,BLK-015923,2,90.0,Track Occupied
TRN-08702,BLK-031151,1,39.9,Track Occupied
TRN-08703,BLK-017700,1,47.2,Track Occupied
TRN-08704,BLK-011585,3,51.9,Track Occupied
TRN-08705,BLK-032480,2,75.1,Track Occupied
TRN-08706,BLK-000933,3,81.2,Track Occupied
TRN-08707,BLK-011250,3,91.7,Track Occupied
TRN-08708,BLK-004370,2,87.1,Track Occupied
TRN-08709,BLK-033561,3,94.0,Track Occupied
TRN-08710,BLK-030965,3,75.0,Track Occupied
TRN-08711,BLK-002061,1,37.9,Track Occupied
TRN-08712,BLK-018454,3,48.4,Track Occupied
TRN-08713,BLK-001787,3,70.3,Track Occupied
TRN-08714,BLK-002899,3,99.0,Track Occupied
TRN-08715,BLK-033493,3,55.8,Track Occupied
TRN-08716,BLK-022791,2,81.3,Track Occupied
TRN-08717,BLK-005032,1,21.6,Track Occupied
TRN-08718,BLK-009262,3,74.6,Track Occupied
TRN-08719,BLK-006094,3,63.7,Track Occupied
TRN-08720,BLK-028009,2,64.6,Track Occupied
TRN-08721,BLK-021754,2,85.7,Track Occupied
TRN-08721,BLK-021755,2,85.7,Track Occupied
TRN-08722,BLK-008522,1,20.4,Track Occupied
TRN-08723,BLK-015349,2,54.8,Track Occupied
TRN-08724,BLK-027036,3,47.0,Track Occupied
TRN-08725,BLK-029215,3,99.0,Track Occupied
TRN-08726,BLK-030311,1,27.6,Track Occupied
TRN-08727,BLK-033080,3,41.3,Track Occupied
TRN-08727,BLK-033081,3,41.3,Track Occupied
TRN-08728,BLK-004457,2,58.8,Track Occupied
TRN-08729,BLK-018649,2,74.6,Track Occupied
TRN-08730,BLK-029562,2,53.4,Track Occupied
TRN-08731,BLK-006759,3,49.2,Track Occupied
TRN-08732,BLK-019056,1,29.5,Track Occupied
TRN-08733,BLK-026022,2,76.6,Track Occupied
TRN-08733,BLK-026023,2,76.6,Track Occupied
TRN-08734,BLK-013452,2,58.7,Track Occupied
TRN-08735,BLK-029601,2,74.4,Track Occupied
TRN-08736,BLK-002501,2,71.5,Track Occupied
TRN-08737,BLK-027393,2,69.8,Track Occupied
TRN-08738,BLK-027947,3,99.0,Track Occupied
TRN-08738,BLK-027948,3,99.0,Track Occupied
TRN-08739,BLK-002474,3,41.3,Track Occupied
TRN-08740,BLK-025271,1,37.8,Track Occupied
TRN-08741,BLK-021075,3,81.3,Track Occupied
TRN-08742,BLK-006077,3,94.3,Track Occupied
TRN-08743,BLK-002941,2,69.4,Track Occupied
TRN-08744,BLK-003907,2,45.5,Track Occupied
TRN-08745,BLK-008287,1,20.4,Track Occupied
TRN-08746,BLK-020716,2,78.2,Track Occupied
TRN-08747,BLK-017943,1,61.8,Track Occupied
TRN-08748,BLK-030562,3,66.3,Track Occupied
TRN-08749,BLK-022373,2,61.1,Track Occupied
TRN-08750,BLK-024953,3,72.3,Track Occupied
TRN-08751,BLK-019736,1,70.2,Track Occupied
TRN-08752,BLK-027249,2,99.0,Track Occupied
TRN-08753,BLK-024729,3,60.7,Track Occupied
TRN-08754,BLK-006881,1,32.5,Track Occupied
TRN-08755,BLK-010386,2,88.4,Track Occupied
TRN-08756,BLK-023377,2,68.3,Track Occupied
TRN-08757,BLK-033538,2,73.9,Track Occupied
TRN-08758,BLK-031810,3,65.9,Track Occupied
TRN-08759,BLK-007820,2,88.6,Track Occupied
TRN-08760,BLK-000354,1,17.1,Track Occupied
TRN-08760,BLK-000355,1,17.1,Track Occupied
TRN-08761,BLK-027938,1,58.7,Track Occupied
TRN-08762,BLK-017445,3,89.7,Track Occupied
TRN-08763,BLK-027833,3,59.3,Track Occupied
TRN-08764,BLK-002771,3,70.3,Track Occupied
TRN-08765,BLK-010950,2,84.9,Track Occupied
TRN-08766,BLK-009222,3,92.7,Track Occupied
TRN-08767,BLK-026436,1,40.7,Track Occupied
TRN-08768,BLK-032117,2,62.4,Track Occupied
TRN-08769,BLK-012137,2,93.9,Track Occupied
TRN-08770,BLK-025020,3,49.1,Track Occupied
TRN-08771,BLK-007833,3,58.3,Track Occupied
TRN-08772,BLK-018626,2,62.8,Track Occupied
TRN-08773,BLK-024222,1,34.6,Track Occupied
TRN-08774,BLK-015976,3,89.4,Track Occupied
TRN-08775,BLK-005284,3,82.2,Track Occupied
TRN-08776,BLK-015542,1,54.7,Track Occupied
TRN-08777,BLK-010422,3,99.0,Track Occupied
TRN-08778,BLK-024540,1,19.5,Track Occupied
TRN-08779,BLK-021423,1,24.5,Track Occupied
TRN-08780,BLK-021484,1,36.5,Track Occupied
TRN-08781,BLK-010275,1,26.7,Track Occupied
TRN-08782,BLK-009023,1,25.3,Track Occupied
TRN-08782,BLK-009024,1,25.3,Track Occupied
TRN-08783,BLK-007612,2,59.8,Track Occupied
TRN-08784,BLK-009881,2,86.1,Track Occupied
TRN-08785,BLK-011131,2,76.9,Track Occupied
TRN-08786,BLK-013509,2,72.0,Track Occupied
TRN-08787,BLK-027723,2,63.6,Track Occupied
TRN-08788,BLK-022576,3,85.7,Track Occupied
TRN-08789,BLK-013973,2,90.4,Track Occupied
TRN-08790,BLK-007395,3,69.1,Track Occupied
TRN-08791,BLK-031716,2,42.9,Track Occupied
TRN-08792,BLK-005351,2,76.9,Track Occupied
TRN-08792,BLK-005352,2,76.9,Track Occupied
TRN-08793,BLK-024374,3,44.0,Track Occupied
TRN-08794,BLK-019909,2,67.5,Track Occupied
TRN-08795,BLK-020356,3,99.0,Track Occupied
TRN-08796,BLK-012801,2,87.9,Track Occupied
TRN-08797,BLK-033451,3,85.5,Track Occupied
TRN-08798,BLK-009021,3,78.6,Track Occupied
TRN-08799,BLK-020719,2,81.1,Track Occupied
TRN-08800,BLK-000566,1,30.6,Track Occupied
TRN-08801,BLK-027437,2,55.7,Track Occupied
TRN-08802,BLK-030210,2,62.9,Track Occupied
TRN-08802,BLK-030211,2,62.9,Track Occupied
TRN-08803,BLK-023056,1,18.7,Track Occupied
TRN-08804,BLK-029925,3,48.3,Track Occupied
TRN-08805,BLK-018825,3,89.2,Track Occupied
TRN-08806,BLK-003982,1,44.8,Track Occupied
TRN-08806,BLK-003983,1,44.8,Track Occupied
TRN-08807,BLK-012059,3,86.3,Track Occupied
TRN-08808,BLK-001424,3,99.0,Track Occupied
TRN-08809,BLK-018359,2,80.8,Track Occupied
TRN-08809,BLK-018360,2,80.8,Track Occupied
TRN-08810,BLK-004535,1,28.8,Track Occupied
TRN-08811,BLK-021377,2,73.9,Track Occupied
TRN-08812,BLK-021550,2,99.0,Track Occupied
TRN-08813,BLK-015990,3,99.0,Track Occupied
TRN-08814,BLK-024762,3,99.0,Track Occupied
TRN-08815,BLK-019938,2,66.7,Track Occupied
TRN-08816,BLK-031894,2,70.8,Track Occupied
TRN-08817,BLK-004011,2,56.0,Track Occupied
TRN-08818,BLK-002308,3,32.0,Track Occupied
TRN-08819,BLK-021633,3,72.7,Track Occupied
TRN-08820,BLK-003376,3,89.2,Track Occupied
TRN-08821,BLK-031713,3,48.3,Track Occupied
TRN-08822,BLK-008630,3,58.0,Track Occupied
TRN-08823,BLK-020153,3,75.3,Track Occupied
TRN-08824,BLK-004669,1,37.2,Track Occupied
TRN-08824,BLK-004670,1,37.2,Track Occupied
TRN-08825,BLK-010152,3,50.9,Track Occupied
TRN-08826,BLK-025903,1,40.0,Track Occupied
TRN-08827,BLK-025860,3,81.7,Track Occupied
TRN-08828,BLK-013354,2,89.0,Track Occupied
TRN-08829,BLK-029425,2,72.5,Track Occupied
TRN-08830,BLK-011417,1,42.4,Track Occupied
TRN-08831,BLK-001308,2,99.0,Track Occupied
TRN-08832,BLK-025004,2,59.4,Track Occupied
TRN-08833,BLK-020219,3,97.3,Track Occupied
TRN-08833,BLK-020220,3,97.3,Track Occupied
TRN-08834,BLK-022602,3,92.1,Track Occupied
TRN-08835,BLK-001928,3,49.4,Track Occupied
TRN-08836,BLK-001000,3,67.2,Track Occupied
TRN-08837,BLK-016745,2,48.1,Track Occupied
TRN-08838,BLK-000088,2,45.2,Track Occupied
TRN-08839,BLK-009110,3,86.2,Track Occupied
TRN-08840,BLK-019103,3,60.1,Track Occupied
TRN-08841,BLK-000096,3,66.9,Track Occupied
TRN-08842,BLK-019585,3,76.5,Track Occupied
TRN-08843,BLK-010670,2,73.4,Track Occupied
TRN-08844,BLK-021564,2,84.1,Track Occupied
TRN-08845,BLK-007710,2,67.9,Track Occupied
TRN-08846,BLK-016642,3,73.9,Track Occupied
TRN-08847,BLK-016785,1,39.7,Track Occupied
TRN-08848,BLK-002381,3,82.1,Track Occupied
TRN-08849,BLK-014089,3,62.2,Track Occupied
TRN-08850,BLK-032023,2,61.5,Track Occupied
TRN-08851,BLK-011824,3,78.1,Track Occupied
TRN-08852,BLK-000748,3,66.1,Track Occupied
TRN-08852,BLK-000749,3,66.1,Track Occupied
TRN-08853,BLK-032231,2,93.8,Track Occupied
TRN-08854,BLK-011355,2,82.8,Track Occupied
TRN-08855,BLK-003404,2,88.6,Track Occupied
TRN-08856,BLK-024792,3,82.1,Track Occupied
TRN-08857,BLK-005079,2,82.9,Track Occupied
TRN-08858,BLK-006448,2,85.5,Track Occupied
TRN-08859,BLK-025036,2,99.0,Track Occupied
TRN-08859,BLK-025037,2,99.0,Track Occupied
TRN-08860,BLK-011125,3,59.8,Track Occupied
TRN-08861,BLK-001912,2,91.1,Track Occupied
TRN-08862,BLK-019179,2,82.8,Track Occupied
TRN-08863,BLK-019192,2,77.4,Track Occupied
TRN-08864,BLK-006574,3,83.7,Track Occupied
TRN-08865,BLK-019880,1,28.6,Track Occupied
TRN-08866,BLK-020188,3,73.7,Track Occupied
TRN-08867,BLK-024014,2,73.2,Track Occupied
TRN-08868,BLK-021977,2,72.9,Track Occupied
TRN-08869,BLK-027377,1,47.2,Track Occupied
TRN-08870,BLK-020777,2,53.4,Track Occupied
TRN-08871,BLK-020595,1,54.3,Track Occupied
TRN-08872,BLK-016969,2,83.6,Track Occupied
TRN-08873,BLK-003209,1,30.1,Track Occupied
TRN-08874,BLK-004247,3,73.5,Track Occupied
TRN-08875,BLK-007307,1,29.7,Track Occupied
TRN-08876,BLK-026909,3,86.5,Track Occupied
TRN-08877,BLK-005449,3,58.5,Track Occupied
TRN-08878,BLK-000463,2,69.3,Track Occupied
TRN-08879,BLK-009639,2,55.4,Track Occupied
TRN-08880,BLK-030509,2,75.6,Track Occupied
TRN-08881,BLK-023462,2,93.8,Track Occupied
TRN-08882,BLK-000186,2,62.0,Track Occupied
TRN-08883,BLK-027523,1,42.9,Track Occupied
TRN-08884,BLK-022956,3,83.8,Track Occupied
TRN-08885,BLK-004763,2,82.5,Track Occupied
TRN-08886,BLK-032165,3,67.1,Track Occupied
TRN-08887,BLK-030005,2,99.0,Track Occupied
TRN-08888,BLK-018669,2,99.0,Track Occupied
TRN-08889,BLK-024694,2,84.4,Track Occupied
TRN-08890,BLK-015815,3,53.8,Track Occupied
TRN-08891,BLK-024808,3,55.9,Track Occupied
TRN-08892,BLK-017576,3,76.2,Track Occupied
TRN-08893,BLK-012796,2,99.0,Track Occupied
TRN-08894,BLK-010349,3,70.4,Track Occupied
TRN-08895,BLK-004365,2,75.8,Track Occupied
TRN-08895,BLK-004366,2,75.8,Track Occupied
TRN-08896,BLK-016689,3,54.0,Track Occupied
TRN-08896,BLK-016690,3,54.0,Track Occupied
TRN-08897,BLK-021258,3,70.1,Track Occupied
TRN-08898,BLK-005968,3,73.7,Track Occupied
TRN-08899,BLK-000841,1,44.4,Track Occupied
TRN-08900,BLK-021069,3,97.0,Track Occupied
TRN-08901,BLK-026605,2,99.0,Track Occupied
TRN-08902,BLK-023108,1,50.9,Track Occupied
TRN-08903,BLK-007696,3,78.1,Track Occupied
TRN-08904,BLK-014479,2,80.7,Track Occupied
TRN-08905,BLK-001427,1,37.4,Track Occupied
TRN-08905,BLK-001428,1,37.4,Track Occupied
TRN-08906,BLK-007365,2,83.9,Track Occupied
TRN-08907,BLK-028430,2,66.1,Track Occupied
TRN-08908,BLK-008892,3,63.5,Track Occupied
TRN-08909,BLK-011862,1,33.1,Track Occupied
TRN-08910,BLK-018280,3,86.5,Track Occupied
TRN-08911,BLK-032500,2,55.9,Track Occupied
TRN-08912,BLK-010103,1,27.5,Track Occupied
TRN-08913,BLK-012618,3,53.5,Track Occupied
TRN-08914,BLK-018706,3,65.7,Track Occupied
TRN-08915,BLK-012798,2,64.7,Track Occupied
TRN-08916,BLK-032874,2,71.6,Track Occupied
TRN-08917,BLK-030082,3,71.4,Track Occupied
TRN-08918,BLK-031921,2,90.8,Track Occupied
TRN-08919,BLK-011131,3,71.1,Track Occupied
TRN-08920,BLK-013798,3,96.3,Track Occupied
TRN-08921,BLK-022637,1,25.9,Track Occupied
TRN-08922,BLK-025357,2,98.3,Track Occupied
TRN-08923,BLK-018575,2,99.0,Track Occupied
TRN-08924,BLK-023610,2,45.5,Track Occupied
TRN-08925,BLK-000611,1,51.9,Track Occupied
TRN-08926,BLK-015501,3,66.1,Track Occupied
TRN-08927,BLK-025875,2,69.0,Track Occupied
TRN-08928,BLK-004488,3,71.9,Track Occupied
TRN-08929,BLK-023509,2,71.3,Track Occupied
TRN-08929,BLK-023510,2,71.3,Track Occupied
TRN-08930,BLK-015657,2,57.6,Track Occupied
TRN-08931,BLK-016472,3,85.6,Track Occupied
TRN-08932,BLK-017679,3,66.3,Track Occupied
TRN-08933,BLK-026812,3,43.2,Track Occupied
TRN-08934,BLK-023505,1,47.3,Track Occupied
TRN-08935,BLK-030409,2,57.5,Track Occupied
TRN-08936,BLK-015967,3,89.6,Track Occupied
TRN-08937,BLK-025005,2,73.0,Track Occupied
TRN-08938,BLK-007826,2,55.5,Track Occupied
TRN-08939,BLK-011011,3,83.9,Track Occupied
TRN-08940,BLK-001847,2,94.6,Track Occupied
TRN-08941,BLK-003036,1,28.7,Track Occupied
TRN-08942,BLK-026625,3,81.3,Track Occupied
TRN-08943,BLK-026278,2,55.8,Track Occupied
TRN-08944,BLK-011965,3,34.8,Track Occupied
TRN-08945,BLK-006194,1,27.5,Track Occupied
TRN-08946,BLK-006733,2,51.4,Track Occupied
TRN-08947,BLK-006996,3,64.2,Track Occupied
TRN-08948,BLK-019084,3,70.9,Track Occupied
TRN-08949,BLK-030887,1,29.7,Track Occupied
TRN-08950,BLK-015279,3,77.6,Track Occupied
TRN-08950,BLK-015280,3,77.6,Track Occupied
TRN-08951,BLK-026553,3,76.9,Track Occupied
TRN-08952,BLK-022704,1,16.6,Track Occupied
TRN-08953,BLK-002654,2,70.2,Track Occupied
TRN-08954,BLK-000538,2,83.2,Track Occupied
TRN-08955,BLK-023673,3,45.7,Track Occupied
TRN-08956,BLK-027787,3,69.4,Track Occupied
TRN-08957,BLK-012961,2,58.6,Track Occupied
TRN-08958,BLK-009617,3,99.0,Track Occupied
TRN-08959,BLK-027502,1,55.4,Track Occupied
TRN-08960,BLK-008185,1,52.5,Track Occupied
TRN-08960,BLK-008186,1,52.5,Track Occupied
TRN-08961,BLK-014787,2,82.8,Track Occupied
TRN-08962,BLK-028131,3,63.9,Track Occupied
TRN-08963,BLK-004867,3,69.6,Track Occupied
TRN-08964,BLK-006709,3,56.1,Track Occupied
TRN-08965,BLK-028580,2,93.6,Track Occupied
TRN-08966,BLK-025644,3,48.9,Track Occupied
TRN-08967,BLK-017593,2,45.3,Track Occupied
TRN-08968,BLK-016834,3,77.8,Track Occupied
TRN-08968,BLK-016835,3,77.8,Track Occupied
TRN-08969,BLK-009686,3,49.5,Track Occupied
TRN-08969,BLK-009687,3,49.5,Track Occupied
TRN-08970,BLK-023298,2,59.8,Track Occupied
TRN-08971,BLK-021599,2,84.6,Track Occupied
TRN-08971,BLK-021600,2,84.6,Track Occupied
TRN-08972,BLK-001614,1,34.4,Track Occupied
TRN-08972,BLK-001615,1,34.4,Track Occupied
TRN-08973,BLK-012075,2,40.8,Track Occupied
TRN-08974,BLK-018032,3,72.6,Track Occupied
TRN-08975,BLK-031340,3,49.6,Track Occupied
TRN-08976,BLK-027728,1,20.8,Track Occupied
TRN-08977,BLK-013274,1,58.8,Track Occupied
TRN-08978,BLK-017340,2,72.7,Track Occupied
TRN-08979,BLK-028319,3,76.1,Track Occupied
TRN-08980,BLK-022101,2,65.4,Track Occupied
TRN-08980,BLK-022102,2,65.4,Track Occupied
TRN-08981,BLK-029914,3,65.5,Track Occupied
TRN-08982,BLK-001577,2,92.7,Track Occupied
TRN-08983,BLK-001725,2,63.9,Track Occupied
TRN-08984,BLK-003707,1,46.8,Track Occupied
TRN-08985,BLK-028902,2,88.7,Track Occupied
TRN-08986,BLK-020275,2,95.0,Track Occupied
TRN-08987,BLK-029024,1,16.9,Track Occupied
TRN-08988,BLK-018195,2,85.5,Track Occupied
TRN-08989,BLK-013839,3,64.0,Track Occupied
TRN-08990,BLK-007842,2,45.7,Track Occupied
TRN-08991,BLK-015649,3,74.3,Track Occupied
TRN-08991,BLK-015650,3,74.3,Track Occupied
TRN-08992,BLK-019040,2,77.0,Track Occupied
TRN-08993,BLK-033152,2,86.7,Track Occupied
TRN-08994,BLK-002303,2,41.5,Track Occupied
TRN-08995,BLK-002238,1,38.2,Track Occupied
TRN-08996,BLK-029372,3,87.4,Track Occupied
TRN-08997,BLK-028935,1,40.9,Track Occupied
TRN-08998,BLK-007437,2,66.7,Track Occupied
TRN-08999,BLK-005996,3,99.0,Track Occupied
TRN-09000,BLK-019290,3,58.0,Track Occupied
TRN-09001,BLK-011676,3,72.9,Track Occupied
TRN-09002,BLK-013558,1,46.4,Track Occupied
TRN-09003,BLK-028757,3,68.3,Track Occupied
TRN-09004,BLK-004766,2,98.6,Track Occupied
TRN-09005,BLK-003879,1,44.0,Track Occupied
TRN-09006,BLK-027197,2,80.9,Track Occupied
TRN-09007,BLK-032786,2,73.1,Track Occupied
TRN-09008,BLK-002343,3,27.8,Track Occupied
TRN-09009,BLK-011430,2,53.1,Track Occupied
TRN-09010,BLK-010591,3,64.9,Track Occupied
TRN-09011,BLK-030954,2,66.5,Track Occupied
TRN-09012,BLK-013268,2,77.4,Track Occupied
TRN-09013,BLK-013774,2,62.9,Track Occupied
TRN-09014,BLK-014572,3,70.4,Track Occupied
TRN-09015,BLK-006228,3,94.1,Track Occupied
TRN-09016,BLK-004094,3,97.5,Track Occupied
TRN-09017,BLK-017003,2,69.6,Track Occupied
TRN-09018,BLK-005267,3,49.0,Track Occupied
TRN-09019,BLK-011261,2,61.2,Track Occupied
TRN-09020,BLK-025343,1,40.8,Track Occupied
TRN-09021,BLK-000502,1,44.7,Track Occupied
TRN-09022,BLK-008444,2,68.0,Track Occupied
TRN-09023,BLK-023052,1,25.9,Track Occupied
TRN-09024,BLK-016615,2,97.5,Track Occupied
TRN-09025,BLK-019286,1,56.9,Track Occupied
TRN-09025,BLK-019287,1,56.9,Track Occupied
TRN-09026,BLK-014298,2,99.0,Track Occupied
TRN-09027,BLK-022587,3,76.3,Track Occupied
TRN-09028,BLK-014865,3,54.5,Track Occupied
TRN-09029,BLK-003607,3,86.9,Track Occupied
TRN-09030,BLK-014769,2,95.7,Track Occupied
TRN-09031,BLK-027323,2,92.1,Track Occupied
TRN-09032,BLK-015842,2,94.2,Track Occupied
TRN-09033,BLK-011205,3,99.0,Track Occupied
TRN-09033,BLK-011206,3,99.0,Track Occupied
TRN-09034,BLK-016759,2,67.2,Track Occupied
TRN-09035,BLK-019828,3,66.6,Track Occupied
TRN-09036,BLK-001687,2,71.2,Track Occupied
TRN-09037,BLK-011010,1,36.6,Track Occupied
TRN-09037,BLK-011011,1,36.6,Track Occupied
TRN-09038,BLK-019537,3,62.6,Track Occupied
TRN-09039,BLK-017462,3,60.3,Track Occupied
TRN-09040,BLK-033092,2,67.0,Track Occupied
TRN-09041,BLK-025214,2,67.9,Track Occupied
TRN-09042,BLK-028391,2,80.0,Track Occupied
TRN-09043,BLK-028067,1,34.3,Track Occupied
TRN-09043,BLK-028068,1,34.3,Track Occupied
TRN-09044,BLK-002224,3,99.0,Track Occupied
TRN-09045,BLK-025932,1,32.7,Track Occupied
TRN-09046,BLK-003463,3,58.4,Track Occupied
TRN-09047,BLK-032981,3,60.8,Track Occupied
TRN-09048,BLK-028172,3,90.5,Track Occupied
TRN-09049,BLK-000752,2,97.4,Track Occupied
TRN-09050,BLK-008840,2,98.1,Track Occupied
TRN-09051,BLK-006689,2,90.6,Track Occupied
TRN-09052,BLK-031246,2,79.6,Track Occupied
TRN-09053,BLK-015699,3,78.6,Track Occupied
TRN-09054,BLK-020132,3,51.0,Track Occupied
TRN-09055,BLK-020349,3,81.2,Track Occupied
TRN-09056,BLK-015633,3,67.3,Track Occupied
TRN-09057,BLK-032718,1,53.7,Track Occupied
TRN-09058,BLK-028658,3,84.9,Track Occupied
TRN-09059,BLK-016281,3,79.9,Track Occupied
TRN-09060,BLK-018654,3,81.0,Track Occupied
TRN-09061,BLK-001736,3,75.9,Track Occupied
TRN-09062,BLK-026618,2,99.0,Track Occupied
TRN-09063,BLK-017722,3,71.2,Track Occupied
TRN-09064,BLK-029548,2,69.1,Track Occupied
TRN-09065,BLK-027524,3,66.2,Track Occupied
TRN-09065,BLK-027525,3,66.2,Track Occupied
TRN-09066,BLK-006295,2,83.1,Track Occupied
TRN-09067,BLK-026737,2,74.3,Track Occupied
TRN-09068,BLK-029822,3,86.6,Track Occupied
TRN-09069,BLK-027289,2,99.0,Track Occupied
TRN-09070,BLK-020461,3,99.0,Track Occupied
TRN-09071,BLK-032566,1,47.5,Track Occupied
TRN-09072,BLK-028372,2,90.3,Track Occupied
TRN-09073,BLK-022782,1,39.2,Track Occupied
TRN-09073,BLK-022783,1,39.2,Track Occupied
TRN-09074,BLK-014600,3,65.0,Track Occupied
TRN-09075,BLK-010771,1,13.6,Track Occupied
TRN-09076,BLK-000410,3,46.0,Track Occupied
TRN-09077,BLK-002384,2,48.2,Track Occupied
TRN-09078,BLK-032925,2,78.2,Track Occupied
TRN-09079,BLK-004163,1,23.9,Track Occupied
TRN-09080,BLK-033208,3,57.5,Track Occupied
TRN-09081,BLK-003538,3,83.6,Track Occupied
TRN-09082,BLK-006983,2,66.8,Track Occupied
TRN-09083,BLK-002973,3,66.8,Track Occupied
TRN-09084,BLK-010989,1,32.7,Track Occupied
TRN-09085,BLK-010661,3,79.2,Track Occupied
TRN-09085,BLK-010662,3,79.2,Track Occupied
TRN-09086,BLK-024383,3,62.5,Track Occupied
TRN-09087,BLK-020066,1,31.7,Track Occupied
TRN-09088,BLK-011211,3,40.3,Track Occupied
TRN-09089,BLK-020437,2,84.5,Track Occupied
TRN-09090,BLK-001088,2,44.2,Track Occupied
TRN-09091,BLK-017239,2,68.5,Track Occupied
TRN-09092,BLK-023473,3,79.9,Track Occupied
TRN-09093,BLK-003449,3,89.1,Track Occupied
TRN-09094,BLK-004712,2,53.9,Track Occupied
TRN-09095,BLK-001103,1,18.3,Track Occupied
TRN-09096,BLK-020141,3,53.6,Track Occupied
TRN-09097,BLK-000355,3,70.4,Track Occupied
TRN-09098,BLK-028187,3,99.0,Track Occupied
TRN-09099,BLK-017202,2,69.3,Track Occupied
TRN-09100,BLK-033007,3,65.1,Track Occupied
TRN-09101,BLK-008534,1,26.0,Track Occupied
TRN-09101,BLK-008535,1,26.0,Track Occupied
TRN-09102,BLK-005267,3,81.8,Track Occupied
TRN-09103,BLK-029535,3,62.7,Track Occupied
TRN-09104,BLK-008388,1,33.8,Track Occupied
TRN-09105,BLK-007618,3,76.0,Track Occupied
TRN-09106,BLK-013046,3,75.5,Track Occupied
TRN-09107,BLK-015224,3,86.0,Track Occupied
TRN-09108,BLK-032754,1,17.5,Track Occupied
TRN-09108,BLK-032755,1,17.5,Track Occupied
TRN-09109,BLK-023176,3,58.0,Track Occupied
TRN-09110,BLK-007017,3,86.7,Track Occupied
TRN-09111,BLK-013084,2,69.7,Track Occupied
TRN-09112,BLK-024197,3,72.2,Track Occupied
TRN-09113,BLK-029613,1,33.7,Track Occupied
TRN-09113,BLK-029614,1,33.7,Track Occupied
TRN-09114,BLK-022441,2,81.2,Track Occupied
TRN-09115,BLK-009898,2,55.6,Track Occupied
TRN-09116,BLK-033540,2,85.2,Track Occupied
TRN-09117,BLK-029057,2,62.0,Track Occupied
TRN-09118,BLK-002671,2,42.3,Track Occupied
TRN-09119,BLK-024446,3,70.4,Track Occupied
TRN-09120,BLK-028581,2,99.0,Track Occupied
TRN-09121,BLK-021261,3,99.0,Track Occupied
TRN-09122,BLK-010668,2,52.5,Track Occupied
TRN-09123,BLK-031750,3,77.8,Track Occupied
TRN-09124,BLK-005188,3,72.4,Track Occupied
TRN-09124,BLK-005189,3,72.4,Track Occupied
TRN-09125,BLK-013694,2,62.3,Track Occupied
TRN-09126,BLK-004229,3,57.9,Track Occupied
TRN-09127,BLK-024967,3,90.3,Track Occupied
TRN-09128,BLK-008147,2,63.6,Track Occupied
TRN-09129,BLK-012839,1,38.2,Track Occupied
TRN-09130,BLK-029726,1,44.2,Track Occupied
TRN-09131,BLK-018824,3,25.0,Track Occupied
TRN-09132,BLK-012322,2,55.7,Track Occupied
TRN-09133,BLK-028176,3,43.0,Track Occupied
TRN-09134,BLK-018891,2,61.5,Track Occupied
TRN-09135,BLK-029167,3,72.8,Track Occupied
TRN-09136,BLK-008746,3,87.2,Track Occupied
TRN-09137,BLK-001172,3,92.0,Track Occupied
TRN-09138,BLK-028939,3,88.5,Track Occupied
TRN-09139,BLK-005814,3,80.0,Track Occupied
TRN-09140,BLK-018988,2,84.2,Track Occupied
TRN-09141,BLK-024909,3,57.3,Track Occupied
TRN-09142,BLK-000896,2,78.4,Track Occupied
TRN-09143,BLK-023001,1,38.4,Track Occupied
TRN-09144,BLK-016217,2,74.0,Track Occupied
TRN-09145,BLK-005888,1,53.9,Track Occupied
TRN-09146,BLK-032233,3,86.6,Track Occupied
TRN-09147,BLK-028772,2,68.9,Track Occupied
TRN-09148,BLK-016771,2,48.6,Track Occupied
TRN-09149,BLK-008932,2,58.7,Track Occupied
TRN-09150,BLK-011676,3,49.4,Track Occupied
TRN-09151,BLK-032159,3,42.5,Track Occupied
TRN-09152,BLK-021254,2,74.7,Track Occupied
TRN-09153,BLK-006049,2,89.9,Track Occupied
TRN-09154,BLK-028448,3,69.9,Track Occupied
TRN-09154,BLK-028449,3,69.9,Track Occupied
TRN-09155,BLK-022343,2,91.1,Track Occupied
TRN-09155,BLK-022344,2,91.1,Track Occupied
TRN-09156,BLK-018091,2,72.2,Track Occupied
TRN-09157,BLK-017456,1,7.8,Track Occupied
TRN-09158,BLK-000305,2,41.4,Track Occupied
TRN-09159,BLK-005891,1,14.9,Track Occupied
TRN-09160,BLK-011553,3,67.3,Track Occupied
TRN-09161,BLK-027258,2,64.5,Track Occupied
TRN-09162,BLK-017451,1,11.0,Track Occupied
TRN-09163,BLK-026928,2,88.8,Track Occupied
TRN-09164,BLK-018639,2,57.4,Track Occupied
TRN-09165,BLK-031357,3,90.1,Track Occupied
TRN-09165,BLK-031358,3,90.1,Track Occupied
TRN-09166,BLK-025459,3,99.0,Track Occupied
TRN-09167,BLK-000229,3,99.0,Track Occupied
TRN-09168,BLK-008297,2,79.0,Track Occupied
TRN-09169,BLK-000565,2,89.5,Track Occupied
TRN-09170,BLK-020924,2,89.9,Track Occupied
TRN-09171,BLK-003847,2,80.1,Track Occupied
TRN-09171,BLK-003848,2,80.1,Track Occupied
TRN-09172,BLK-025895,2,42.3,Track Occupied
TRN-09173,BLK-001842,3,67.3,Track Occupied
TRN-09174,BLK-014946,2,65.4,Track Occupied
TRN-09175,BLK-003822,3,84.4,Track Occupied
TRN-09176,BLK-008077,3,64.9,Track Occupied
TRN-09177,BLK-023346,1,12.8,Track Occupied
TRN-09178,BLK-005009,2,75.9,Track Occupied
TRN-09179,BLK-030347,2,25.0,Track Occupied
TRN-09180,BLK-021749,2,83.1,Track Occupied
TRN-09181,BLK-031126,3,49.6,Track Occupied
TRN-09182,BLK-033395,2,63.7,Track Occupied
TRN-09183,BLK-009042,2,53.8,Track Occupied
TRN-09184,BLK-017651,3,85.8,Track Occupied
TRN-09185,BLK-015142,2,70.3,Track Occupied
TRN-09186,BLK-018127,2,69.3,Track Occupied
TRN-09187,BLK-020652,3,54.2,Track Occupied
TRN-09188,BLK-001823,2,80.4,Track Occupied
TRN-09189,BLK-027642,2,68.0,Track Occupied
TRN-09190,BLK-022618,2,82.1,Track Occupied
TRN-09191,BLK-022204,2,72.0,Track Occupied
TRN-09191,BLK-022205,2,72.0,Track Occupied
TRN-09192,BLK-009684,2,43.0,Track Occupied
TRN-09193,BLK-001974,1,44.8,Track Occupied
TRN-09194,BLK-011099,1,36.4,Track Occupied
TRN-09194,BLK-011100,1,36.4,Track Occupied
TRN-09195,BLK-029095,2,57.8,Track Occupied
TRN-09196,BLK-022299,2,49.2,Track Occupied
TRN-09197,BLK-011083,1,38.8,Track Occupied
TRN-09198,BLK-006467,1,24.8,Track Occupied
TRN-09199,BLK-003287,2,76.8,Track Occupied
TRN-09200,BLK-005337,3,69.5,Track Occupied
TRN-09201,BLK-016378,2,75.5,Track Occupied
TRN-09202,BLK-029482,1,37.8,Track Occupied
TRN-09203,BLK-016623,1,35.0,Track Occupied
TRN-09204,BLK-025822,3,79.6,Track Occupied
TRN-09205,BLK-009727,2,70.2,Track Occupied
TRN-09206,BLK-004217,3,80.9,Track Occupied
TRN-09207,BLK-027373,1,5.0,Track Occupied
TRN-09208,BLK-030121,2,71.3,Track Occupied
TRN-09209,BLK-025430,2,78.7,Track Occupied
TRN-09210,BLK-028232,3,38.7,Track Occupied
TRN-09211,BLK-009163,3,45.4,Track Occupied
TRN-09212,BLK-000906,3,73.4,Track Occupied
TRN-09213,BLK-022701,3,81.5,Track Occupied
TRN-09214,BLK-001832,3,93.1,Track Occupied
TRN-09215,BLK-027027,1,26.2,Track Occupied
TRN-09216,BLK-004365,2,71.4,Track Occupied
TRN-09217,BLK-013423,3,52.6,Track Occupied
TRN-09218,BLK-023429,3,81.9,Track Occupied
TRN-09219,BLK-026320,2,68.4,Track Occupied
TRN-09220,BLK-018205,1,21.5,Track Occupied
TRN-09221,BLK-002189,2,85.2,Track Occupied
TRN-09221,BLK-002190,2,85.2,Track Occupied
TRN-09222,BLK-006282,1,34.9,Track Occupied
TRN-09223,BLK-023196,2,78.0,Track Occupied
TRN-09224,BLK-027215,2,97.5,Track Occupied
TRN-09225,BLK-015770,2,99.0,Track Occupied
TRN-09225,BLK-015771,2,99.0,Track Occupied
TRN-09226,BLK-020226,2,82.4,Track Occupied
TRN-09227,BLK-004693,2,85.8,Track Occupied
TRN-09228,BLK-027215,3,65.5,Track Occupied
TRN-09229,BLK-018263,2,70.6,Track Occupied
TRN-09230,BLK-015038,1,33.2,Track Occupied
TRN-09231,BLK-015189,2,61.5,Track Occupied
TRN-09232,BLK-020491,2,62.3,Track Occupied
TRN-09233,BLK-009506,2,59.3,Track Occupied
TRN-09234,BLK-027320,2,98.7,Track Occupied
TRN-09234,BLK-027321,2,98.7,Track Occupied
TRN-09235,BLK-004184,3,60.1,Track Occupied
TRN-09236,BLK-002683,2,56.5,Track Occupied
TRN-09237,BLK-016274,2,49.6,Track Occupied
TRN-09238,BLK-004579,3,60.5,Track Occupied
TRN-09239,BLK-002344,3,64.4,Track Occupied
TRN-09240,BLK-014745,2,54.6,Track Occupied
TRN-09241,BLK-002909,2,55.3,Track Occupied
TRN-09242,BLK-008112,1,39.4,Track Occupied
TRN-09243,BLK-031621,3,56.5,Track Occupied
TRN-09244,BLK-029957,1,47.3,Track Occupied
TRN-09245,BLK-009514,1,32.6,Track Occupied
TRN-09246,BLK-023561,1,36.6,Track Occupied
TRN-09247,BLK-002768,3,42.7,Track Occupied
TRN-09248,BLK-024657,3,56.8,Track Occupied
TRN-09249,BLK-015248,3,54.2,Track Occupied
TRN-09250,BLK-022887,3,91.5,Track Occupied
TRN-09251,BLK-005293,1,46.9,Track Occupied
TRN-09251,BLK-005294,1,46.9,Track Occupied
TRN-09252,BLK-014707,2,73.2,Track Occupied
TRN-09253,BLK-006687,3,36.5,Track Occupied
TRN-09254,BLK-000571,3,71.8,Track Occupied
TRN-09255,BLK-025198,2,64.1,Track Occupied
TRN-09256,BLK-027152,3,73.0,Track Occupied
TRN-09257,BLK-024061,2,78.9,Track Occupied
TRN-09258,BLK-018389,2,99.0,Track Occupied
TRN-09259,BLK-008731,3,51.1,Track Occupied
TRN-09260,BLK-026804,2,63.3,Track Occupied
TRN-09261,BLK-011674,1,34.6,Track Occupied
TRN-09262,BLK-017028,3,51.6,Track Occupied
TRN-09263,BLK-010469,3,59.7,Track Occupied
TRN-09264,BLK-007768,3,72.7,Track Occupied
TRN-09265,BLK-001944,3,57.6,Track Occupied
TRN-09266,BLK-012014,2,77.9,Track Occupied
TRN-09267,BLK-025562,3,70.6,Track Occupied
TRN-09267,BLK-025563,3,70.6,Track Occupied
TRN-09268,BLK-001387,3,77.7,Track Occupied
TRN-09269,BLK-021871,3,91.2,Track Occupied
TRN-09270,BLK-005645,2,61.9,Track Occupied
TRN-09271,BLK-030093,1,41.3,Track Occupied
TRN-09272,BLK-032746,3,84.4,Track Occupied
TRN-09273,BLK-011714,2,74.4,Track Occupied
TRN-09274,BLK-020394,2,64.2,Track Occupied
TRN-09275,BLK-026636,3,72.8,Track Occupied
TRN-09276,BLK-029846,3,71.9,Track Occupied
TRN-09277,BLK-029549,2,49.4,Track Occupied
TRN-09278,BLK-024818,1,21.6,Track Occupied
TRN-09279,BLK-015691,3,93.9,Track Occupied
TRN-09280,BLK-009065,2,64.7,Track Occupied
TRN-09281,BLK-008077,3,68.4,Track Occupied
TRN-09282,BLK-019684,2,78.2,Track Occupied
TRN-09283,BLK-004998,3,70.2,Track Occupied
TRN-09284,BLK-023769,3,61.4,Track Occupied
TRN-09285,BLK-032858,3,54.7,Track Occupied
TRN-09286,BLK-033099,2,62.7,Track Occupied
TRN-09287,BLK-025952,1,26.1,Track Occupied
TRN-09288,BLK-021287,3,57.2,Track Occupied
TRN-09289,BLK-008495,2,86.3,Track Occupied
TRN-09290,BLK-022275,2,77.6,Track Occupied
TRN-09291,BLK-030807,3,54.3,Track Occupied
TRN-09291,BLK-030808,3,54.3,Track Occupied
TRN-09292,BLK-018787,3,67.2,Track Occupied
TRN-09293,BLK-029953,3,89.0,Track Occupied
TRN-09294,BLK-016565,3,54.6,Track Occupied
TRN-09295,BLK-016735,2,72.7,Track Occupied
TRN-09296,BLK-031936,2,97.2,Track Occupied
TRN-09297,BLK-011191,3,92.2,Track Occupied
TRN-09298,BLK-005495,2,70.2,Track Occupied
TRN-09299,BLK-012554,3,88.5,Track Occupied
TRN-09300,BLK-000553,2,99.0,Track Occupied
TRN-09301,BLK-001240,2,90.6,Track Occupied
TRN-09302,BLK-031690,2,41.7,Track Occupied
TRN-09303,BLK-030551,2,92.2,Track Occupied
TRN-09304,BLK-003562,1,43.1,Track Occupied
TRN-09305,BLK-026448,3,52.1,Track Occupied
TRN-09306,BLK-007787,2,99.0,Track Occupied
TRN-09307,BLK-009905,2,59.7,Track Occupied
TRN-09308,BLK-013641,2,65.2,Track Occupied
TRN-09309,BLK-010207,3,79.3,Track Occupied
TRN-09310,BLK-020959,3,70.5,Track Occupied
TRN-09311,BLK-033455,3,76.8,Track Occupied
TRN-09312,BLK-015292,3,76.6,Track Occupied
TRN-09313,BLK-000665,2,67.9,Track Occupied
TRN-09314,BLK-023739,2,57.3,Track Occupied
TRN-09315,BLK-008641,1,34.3,Track Occupied
TRN-09316,BLK-033589,3,53.5,Track Occupied
TRN-09316,BLK-033590,3,53.5,Track Occupied
TRN-09317,BLK-000176,3,76.8,Track Occupied
TRN-09318,BLK-028150,3,95.0,Track Occupied
TRN-09319,BLK-005756,2,87.9,Track Occupied
TRN-09320,BLK-023006,3,73.4,Track Occupied
TRN-09321,BLK-020695,3,65.5,Track Occupied
TRN-09322,BLK-011160,3,81.3,Track Occupied
TRN-09323,BLK-026969,3,81.7,Track Occupied
TRN-09324,BLK-011221,2,75.8,Track Occupied
TRN-09325,BLK-022982,2,71.0,Track Occupied
TRN-09326,BLK-020722,3,71.6,Track Occupied
TRN-09327,BLK-013728,3,72.2,Track Occupied
TRN-09328,BLK-019068,1,44.8,Track Occupied
TRN-09329,BLK-001102,2,80.1,Track Occupied
TRN-09330,BLK-026391,3,68.0,Track Occupied
TRN-09331,BLK-029916,1,23.0,Track Occupied
TRN-09332,BLK-012639,1,30.6,Track Occupied
TRN-09333,BLK-020141,3,47.7,Track Occupied
TRN-09334,BLK-011061,2,80.4,Track Occupied
TRN-09335,BLK-022272,2,92.4,Track Occupied
TRN-09336,BLK-019160,2,56.9,Track Occupied
TRN-09337,BLK-018582,1,39.2,Track Occupied
TRN-09338,BLK-007146,3,91.8,Track Occupied
TRN-09339,BLK-022579,3,97.5,Track Occupied
TRN-09340,BLK-027569,3,51.7,Track Occupied
TRN-09341,BLK-008959,1,39.6,Track Occupied
TRN-09342,BLK-017089,2,70.4,Track Occupied
TRN-09343,BLK-026720,3,83.6,Track Occupied
TRN-09344,BLK-016328,2,87.2,Track Occupied
TRN-09345,BLK-029882,3,99.0,Track Occupied
TRN-09346,BLK-029573,1,17.0,Track Occupied
TRN-09347,BLK-022593,3,92.4,Track Occupied
TRN-09348,BLK-024430,1,14.0,Track Occupied
TRN-09348,BLK-024431,1,14.0,Track Occupied
TRN-09349,BLK-009952,3,83.1,Track Occupied
TRN-09350,BLK-012886,3,92.0,Track Occupied
TRN-09350,BLK-012887,3,92.0,Track Occupied
TRN-09351,BLK-029523,2,74.1,Track Occupied
TRN-09352,BLK-001269,2,60.2,Track Occupied
TRN-09352,BLK-001270,2,60.2,Track Occupied
TRN-09353,BLK-003580,2,61.0,Track Occupied
TRN-09354,BLK-011952,3,56.5,Track Occupied
TRN-09355,BLK-017616,2,74.9,Track Occupied
TRN-09356,BLK-025481,2,64.4,Track Occupied
TRN-09357,BLK-008552,1,24.0,Track Occupied
TRN-09358,BLK-026431,2,48.5,Track Occupied
TRN-09359,BLK-004070,3,56.0,Track Occupied
TRN-09360,BLK-011233,3,69.1,Track Occupied
TRN-09361,BLK-027567,2,92.6,Track Occupied
TRN-09362,BLK-016153,3,88.1,Track Occupied
TRN-09363,BLK-032651,2,89.8,Track Occupied
TRN-09363,BLK-032652,2,89.8,Track Occupied
TRN-09364,BLK-001950,2,54.9,Track Occupied
TRN-09365,BLK-002594,1,24.2,Track Occupied
TRN-09366,BLK-031138,2,91.7,Track Occupied
TRN-09367,BLK-022097,2,56.9,Track Occupied
TRN-09368,BLK-005551,2,67.3,Track Occupied
TRN-09369,BLK-014554,3,83.3,Track Occupied
TRN-09370,BLK-027157,1,25.1,Track Occupied
TRN-09371,BLK-026384,2,52.7,Track Occupied
TRN-09372,BLK-032609,3,49.3,Track Occupied
TRN-09372,BLK-032610,3,49.3,Track Occupied
TRN-09373,BLK-022682,2,58.6,Track Occupied
TRN-09374,BLK-032748,2,79.9,Track Occupied
TRN-09375,BLK-032399,2,89.0,Track Occupied
TRN-09376,BLK-017200,3,85.7,Track Occupied
TRN-09377,BLK-025355,3,85.9,Track Occupied
TRN-09378,BLK-004110,2,69.7,Track Occupied
TRN-09378,BLK-004111,2,69.7,Track Occupied
TRN-09379,BLK-030384,2,74.1,Track Occupied
TRN-09380,BLK-027322,3,63.9,Track Occupied
TRN-09381,BLK-031162,1,48.4,Track Occupied
TRN-09382,BLK-032955,2,59.7,Track Occupied
TRN-09383,BLK-018768,2,96.4,Track Occupied
TRN-09384,BLK-022971,3,46.2,Track Occupied
TRN-09385,BLK-007362,3,65.3,Track Occupied
TRN-09386,BLK-026271,2,44.2,Track Occupied
TRN-09387,BLK-023649,1,30.0,Track Occupied
TRN-09387,BLK-023650,1,30.0,Track Occupied
TRN-09388,BLK-009173,3,47.3,Track Occupied
TRN-09389,BLK-003558,3,59.0,Track Occupied
TRN-09390,BLK-026083,2,68.1,Track Occupied
TRN-09390,BLK-026084,2,68.1,Track Occupied
TRN-09391,BLK-014172,3,98.7,Track Occupied
TRN-09392,BLK-003664,2,75.9,Track Occupied
TRN-09392,BLK-003665,2,75.9,Track Occupied
TRN-09393,BLK-017778,3,76.2,Track Occupied
TRN-09394,BLK-021211,2,64.5,Track Occupied
TRN-09395,BLK-029174,3,52.9,Track Occupied
TRN-09396,BLK-015603,1,26.3,Track Occupied
TRN-09397,BLK-001410,2,87.1,Track Occupied
TRN-09398,BLK-030243,2,72.0,Track Occupied
TRN-09399,BLK-011727,1,41.2,Track Occupied
TRN-09400,BLK-015276,2,69.4,Track Occupied
TRN-09401,BLK-018429,2,70.7,Track Occupied
TRN-09402,BLK-012362,1,34.0,Track Occupied
TRN-09403,BLK-025700,1,26.6,Track Occupied
TRN-09404,BLK-004282,3,79.1,Track Occupied
TRN-09405,BLK-022014,2,63.1,Track Occupied
TRN-09406,BLK-022195,2,73.9,Track Occupied
TRN-09407,BLK-027342,3,76.0,Track Occupied
TRN-09408,BLK-026227,2,58.2,Track Occupied
TRN-09409,BLK-013531,3,88.3,Track Occupied
TRN-09410,BLK-009668,2,60.2,Track Occupied
TRN-09411,BLK-020890,3,40.3,Track Occupied
TRN-09412,BLK-017085,2,78.3,Track Occupied
TRN-09413,BLK-025645,3,77.8,Track Occupied
TRN-09414,BLK-011564,2,73.0,Track Occupied
TRN-09415,BLK-013655,3,65.0,Track Occupied
TRN-09416,BLK-002985,2,69.3,Track Occupied
TRN-09417,BLK-001637,3,83.8,Track Occupied
TRN-09418,BLK-009666,3,39.9,Track Occupied
TRN-09419,BLK-007274,3,90.8,Track Occupied
TRN-09420,BLK-017844,2,45.8,Track Occupied
TRN-09421,BLK-027851,3,91.6,Track Occupied
TRN-09422,BLK-031928,3,70.1,Track Occupied
TRN-09423,BLK-006558,1,58.7,Track Occupied
TRN-09424,BLK-004443,2,67.7,Track Occupied
TRN-09425,BLK-003164,2,58.4,Track Occupied
TRN-09425,BLK-003165,2,58.4,Track Occupied
TRN-09426,BLK-012949,3,77.7,Track Occupied
TRN-09427,BLK-019021,3,80.2,Track Occupied
TRN-09428,BLK-032001,2,64.7,Track Occupied
TRN-09429,BLK-029334,2,55.4,Track Occupied
TRN-09430,BLK-004423,2,49.0,Track Occupied
TRN-09430,BLK-004424,2,49.0,Track Occupied
TRN-09431,BLK-014001,1,16.8,Track Occupied
TRN-09432,BLK-003987,3,39.7,Track Occupied
TRN-09433,BLK-010465,1,27.6,Track Occupied
TRN-09434,BLK-032203,2,56.3,Track Occupied
TRN-09435,BLK-025895,3,62.9,Track Occupied
TRN-09436,BLK-027163,1,53.5,Track Occupied
TRN-09437,BLK-027837,2,79.4,Track Occupied
TRN-09438,BLK-033320,3,48.1,Track Occupied
TRN-09439,BLK-019782,2,62.5,Track Occupied
TRN-09440,BLK-020077,1,40.5,Track Occupied
TRN-09441,BLK-007561,3,77.5,Track Occupied
TRN-09442,BLK-018192,2,64.8,Track Occupied
TRN-09443,BLK-018663,2,72.9,Track Occupied
TRN-09444,BLK-000724,2,75.9,Track Occupied
TRN-09445,BLK-013484,2,68.0,Track Occupied
TRN-09446,BLK-005185,2,82.1,Track Occupied
TRN-09446,BLK-005186,2,82.1,Track Occupied
TRN-09447,BLK-008604,2,47.2,Track Occupied
TRN-09448,BLK-005816,2,70.6,Track Occupied
TRN-09448,BLK-005817,2,70.6,Track Occupied
TRN-09449,BLK-012856,3,96.7,Track Occupied
TRN-09450,BLK-021545,2,88.9,Track Occupied
TRN-09451,BLK-022732,2,59.8,Track Occupied
TRN-09452,BLK-007260,1,59.6,Track Occupied
TRN-09453,BLK-016083,3,46.7,Track Occupied
TRN-09454,BLK-011476,3,57.2,Track Occupied
TRN-09455,BLK-010703,3,60.9,Track Occupied
TRN-09456,BLK-024943,3,58.5,Track Occupied
TRN-09457,BLK-026906,2,78.4,Track Occupied
TRN-09458,BLK-003530,1,32.9,Track Occupied
TRN-09459,BLK-009939,3,67.9,Track Occupied
TRN-09460,BLK-002723,3,80.7,Track Occupied
TRN-09461,BLK-007887,2,69.6,Track Occupied
TRN-09462,BLK-031579,2,44.2,Track Occupied
TRN-09463,BLK-033088,3,77.0,Track Occupied
TRN-09464,BLK-018691,2,74.2,Track Occupied
TRN-09465,BLK-025157,3,64.1,Track Occupied
TRN-09466,BLK-024617,2,93.5,Track Occupied
TRN-09467,BLK-016384,2,50.4,Track Occupied
TRN-09468,BLK-005917,3,95.4,Track Occupied
TRN-09469,BLK-001165,1,64.3,Track Occupied
TRN-09470,BLK-028151,2,87.4,Track Occupied
TRN-09471,BLK-014810,2,66.5,Track Occupied
TRN-09472,BLK-007952,2,83.7,Track Occupied
TRN-09473,BLK-004623,3,80.2,Track Occupied
TRN-09474,BLK-028558,2,47.7,Track Occupied
TRN-09475,BLK-026794,3,63.3,Track Occupied
TRN-09476,BLK-010271,3,79.0,Track Occupied
TRN-09477,BLK-020886,3,76.8,Track Occupied
TRN-09478,BLK-024707,3,38.8,Track Occupied
TRN-09479,BLK-021378,2,69.3,Track Occupied
TRN-09480,BLK-022574,2,70.0,Track Occupied
TRN-09481,BLK-023987,3,84.4,Track Occupied
TRN-09482,BLK-003293,1,36.7,Track Occupied
TRN-09483,BLK-025437,2,76.9,Track Occupied
TRN-09484,BLK-016104,2,73.3,Track Occupied
TRN-09485,BLK-006743,1,41.0,Track Occupied
TRN-09486,BLK-031150,3,75.2,Track Occupied
TRN-09487,BLK-005436,2,69.7,Track Occupied
TRN-09488,BLK-019858,3,63.4,Track Occupied
TRN-09489,BLK-025888,3,67.2,Track Occupied
TRN-09490,BLK-003169,1,35.4,Track Occupied
TRN-09491,BLK-014203,2,78.4,Track Occupied
TRN-09492,BLK-007022,2,58.8,Track Occupied
TRN-09493,BLK-004920,3,86.8,Track Occupied
TRN-09494,BLK-029426,3,74.3,Track Occupied
TRN-09495,BLK-026986,2,91.0,Track Occupied
TRN-09496,BLK-002131,3,65.6,Track Occupied
TRN-09497,BLK-017429,1,44.3,Track Occupied
TRN-09497,BLK-017430,1,44.3,Track Occupied
TRN-09498,BLK-011035,3,78.6,Track Occupied
TRN-09498,BLK-011036,3,78.6,Track Occupied
TRN-09499,BLK-010992,3,86.5,Track Occupied
TRN-09500,BLK-024824,2,80.8,Track Occupied
TRN-09501,BLK-028534,1,46.4,Track Occupied
TRN-09502,BLK-025832,3,73.4,Track Occupied
TRN-09503,BLK-006573,1,42.1,Track Occupied
TRN-09503,BLK-006574,1,42.1,Track Occupied
TRN-09504,BLK-028070,3,60.2,Track Occupied
TRN-09505,BLK-030614,3,60.3,Track Occupied
TRN-09506,BLK-022459,2,73.6,Track Occupied
TRN-09507,BLK-015552,1,23.4,Track Occupied
TRN-09508,BLK-019859,3,39.8,Track Occupied
TRN-09509,BLK-006178,1,35.0,Track Occupied
TRN-09510,BLK-020832,3,72.3,Track Occupied
TRN-09511,BLK-017361,2,95.3,Track Occupied
TRN-09512,BLK-010955,2,82.9,Track Occupied
TRN-09513,BLK-008278,2,81.3,Track Occupied
TRN-09514,BLK-001834,1,30.7,Track Occupied
TRN-09515,BLK-007837,3,82.9,Track Occupied
TRN-09516,BLK-003439,3,88.4,Track Occupied
TRN-09517,BLK-020526,3,82.7,Track Occupied
TRN-09518,BLK-020787,2,80.4,Track Occupied
TRN-09519,BLK-011615,3,69.2,Track Occupied
TRN-09520,BLK-017889,3,39.9,Track Occupied
TRN-09521,BLK-000187,1,25.3,Track Occupied
TRN-09522,BLK-005232,2,60.8,Track Occupied
TRN-09523,BLK-003813,3,85.1,Track Occupied
TRN-09524,BLK-022261,2,64.6,Track Occupied
TRN-09524,BLK-022262,2,64.6,Track Occupied
TRN-09525,BLK-021900,1,34.6,Track Occupied
TRN-09526,BLK-005405,3,54.4,Track Occupied
TRN-09527,BLK-019891,3,68.6,Track Occupied
TRN-09528,BLK-027381,3,74.6,Track Occupied
TRN-09529,BLK-029340,3,55.3,Track Occupied
TRN-09530,BLK-019446,2,84.6,Track Occupied
TRN-09531,BLK-012126,2,38.8,Track Occupied
TRN-09532,BLK-015552,2,82.6,Track Occupied
TRN-09533,BLK-033266,2,64.6,Track Occupied
TRN-09534,BLK-013911,2,79.7,Track Occupied
TRN-09535,BLK-031772,3,80.1,Track Occupied
TRN-09536,BLK-008777,3,82.9,Track Occupied
TRN-09537,BLK-017691,2,99.0,Track Occupied
TRN-09538,BLK-010455,2,65.2,Track Occupied
TRN-09539,BLK-023345,1,27.8,Track Occupied
TRN-09540,BLK-028718,3,70.8,Track Occupied
TRN-09541,BLK-005602,1,23.1,Track Occupied
TRN-09542,BLK-019804,2,40.9,Track Occupied
TRN-09543,BLK-027195,3,73.5,Track Occupied
TRN-09544,BLK-020515,3,72.3,Track Occupied
TRN-09545,BLK-027106,2,68.4,Track Occupied
TRN-09546,BLK-027318,2,56.0,Track Occupied
TRN-09547,BLK-014424,1,53.3,Track Occupied
TRN-09548,BLK-014584,3,93.8,Track Occupied
TRN-09549,BLK-015994,3,53.0,Track Occupied
TRN-09550,BLK-002442,2,77.9,Track Occupied
TRN-09551,BLK-021829,2,72.5,Track Occupied
TRN-09552,BLK-021152,3,46.2,Track Occupied
TRN-09553,BLK-021184,3,68.2,Track Occupied
TRN-09554,BLK-008760,2,57.3,Track Occupied
TRN-09555,BLK-029238,2,80.8,Track Occupied
TRN-09556,BLK-017712,1,22.0,Track Occupied
TRN-09557,BLK-009511,3,54.3,Track Occupied
TRN-09558,BLK-026425,3,36.8,Track Occupied
TRN-09559,BLK-027106,2,53.8,Track Occupied
TRN-09560,BLK-025595,3,73.6,Track Occupied
TRN-09561,BLK-006349,2,54.5,Track Occupied
TRN-09562,BLK-028867,1,33.6,Track Occupied
TRN-09563,BLK-015215,2,93.1,Track Occupied
TRN-09564,BLK-014912,3,41.8,Track Occupied
TRN-09565,BLK-001607,2,82.7,Track Occupied
TRN-09566,BLK-033292,2,76.7,Track Occupied
TRN-09567,BLK-000890,2,62.7,Track Occupied
TRN-09568,BLK-023197,3,67.0,Track Occupied
TRN-09568,BLK-023198,3,67.0,Track Occupied
TRN-09569,BLK-030004,3,73.0,Track Occupied
TRN-09570,BLK-001406,2,99.0,Track Occupied
TRN-09571,BLK-016286,3,49.8,Track Occupied
TRN-09572,BLK-019620,3,70.4,Track Occupied
TRN-09573,BLK-024935,2,45.8,Track Occupied
TRN-09574,BLK-030274,1,35.1,Track Occupied
TRN-09575,BLK-020491,1,41.0,Track Occupied
TRN-09576,BLK-017918,2,88.8,Track Occupied
TRN-09577,BLK-024211,3,85.2,Track Occupied
TRN-09578,BLK-007608,1,10.3,Track Occupied
TRN-09579,BLK-023117,2,71.3,Track Occupied
TRN-09580,BLK-011386,2,85.5,Track Occupied
TRN-09581,BLK-004105,1,44.5,Track Occupied
TRN-09582,BLK-017715,3,61.7,Track Occupied
TRN-09583,BLK-030172,2,44.0,Track Occupied
TRN-09584,BLK-024527,3,67.7,Track Occupied
TRN-09585,BLK-028394,3,32.9,Track Occupied
TRN-09586,BLK-029521,2,73.0,Track Occupied
TRN-09587,BLK-010216,3,87.5,Track Occupied
TRN-09588,BLK-028405,1,13.4,Track Occupied
TRN-09588,BLK-028406,1,13.4,Track Occupied
TRN-09589,BLK-020935,1,17.3,Track Occupied
TRN-09590,BLK-011674,2,70.6,Track Occupied
TRN-09590,BLK-011675,2,70.6,Track Occupied
TRN-09591,BLK-021915,1,37.8,Track Occupied
TRN-09592,BLK-017705,2,99.0,Track Occupied
TRN-09593,BLK-011287,3,59.6,Track Occupied
TRN-09594,BLK-017969,2,73.4,Track Occupied
TRN-09595,BLK-027789,3,66.6,Track Occupied
TRN-09596,BLK-012979,1,43.4,Track Occupied
TRN-09597,BLK-019846,3,60.8,Track Occupied
TRN-09598,BLK-001880,2,63.7,Track Occupied
TRN-09599,BLK-005307,3,67.2,Track Occupied
TRN-09600,BLK-013240,3,99.0,Track Occupied
TRN-09601,BLK-019393,2,43.5,Track Occupied
TRN-09602,BLK-000758,3,61.6,Track Occupied
TRN-09602,BLK-000759,3,61.6,Track Occupied
TRN-09603,BLK-017148,1,8.5,Track Occupied
TRN-09604,BLK-010179,3,71.0,Track Occupied
TRN-09605,BLK-027344,1,17.3,Track Occupied
TRN-09606,BLK-031864,3,71.0,Track Occupied
TRN-09607,BLK-002028,2,55.6,Track Occupied
TRN-09608,BLK-023149,2,63.9,Track Occupied
TRN-09609,BLK-006807,2,67.6,Track Occupied
TRN-09610,BLK-026401,2,47.4,Track Occupied
TRN-09611,BLK-031174,2,27.3,Track Occupied
TRN-09612,BLK-025212,1,15.0,Track Occupied
TRN-09613,BLK-029070,2,92.1,Track Occupied
TRN-09613,BLK-029071,2,92.1,Track Occupied
TRN-09614,BLK-031232,2,80.9,Track Occupied
TRN-09615,BLK-015150,2,68.1,Track Occupied
TRN-09616,BLK-009557,2,78.0,Track Occupied
TRN-09617,BLK-006303,2,69.0,Track Occupied
TRN-09618,BLK-002660,3,61.7,Track Occupied
TRN-09619,BLK-007663,3,69.0,Track Occupied
TRN-09620,BLK-017655,1,22.4,Track Occupied
TRN-09621,BLK-008338,2,43.7,Track Occupied
TRN-09621,BLK-008339,2,43.7,Track Occupied
TRN-09622,BLK-018376,3,92.1,Track Occupied
TRN-09623,BLK-008765,2,56.2,Track Occupied
TRN-09624,BLK-029503,3,88.4,Track Occupied
TRN-09625,BLK-017925,1,30.2,Track Occupied
TRN-09626,BLK-009771,3,61.7,Track Occupied
TRN-09627,BLK-033247,2,54.5,Track Occupied
TRN-09628,BLK-032923,2,81.8,Track Occupied
TRN-09629,BLK-030943,3,95.4,Track Occupied
TRN-09630,BLK-025990,3,70.8,Track Occupied
TRN-09631,BLK-027395,2,82.1,Track Occupied
TRN-09632,BLK-011547,1,37.6,Track Occupied
TRN-09633,BLK-023115,2,70.8,Track Occupied
TRN-09634,BLK-024972,2,51.6,Track Occupied
TRN-09635,BLK-009678,2,46.6,Track Occupied
TRN-09636,BLK-022413,3,62.1,Track Occupied
TRN-09637,BLK-031341,3,53.5,Track Occupied
TRN-09638,BLK-010235,3,72.0,Track Occupied
TRN-09639,BLK-027106,3,63.7,Track Occupied
TRN-09639,BLK-027107,3,63.7,Track Occupied
TRN-09640,BLK-018584,1,31.9,Track Occupied
TRN-09641,BLK-008812,3,76.8,Track Occupied
TRN-09641,BLK-008813,3,76.8,Track Occupied
TRN-09642,BLK-016987,3,66.9,Track Occupied
TRN-09643,BLK-030026,2,75.7,Track Occupied
TRN-09644,BLK-031484,2,99.0,Track Occupied
TRN-09645,BLK-019019,3,80.3,Track Occupied
TRN-09646,BLK-026369,2,80.0,Track Occupied
TRN-09647,BLK-020298,2,60.2,Track Occupied
TRN-09648,BLK-020438,3,71.5,Track Occupied
TRN-09649,BLK-001228,2,81.1,Track Occupied
TRN-09650,BLK-031777,2,77.9,Track Occupied
TRN-09651,BLK-009874,2,83.4,Track Occupied
TRN-09652,BLK-006087,3,64.8,Track Occupied
TRN-09653,BLK-023822,3,78.9,Track Occupied
TRN-09654,BLK-011032,3,66.8,Track Occupied
TRN-09655,BLK-032563,2,55.4,Track Occupied
TRN-09656,BLK-002891,1,17.1,Track Occupied
TRN-09657,BLK-011838,2,69.1,Track Occupied
TRN-09658,BLK-022751,1,18.3,Track Occupied
TRN-09659,BLK-025460,3,81.4,Track Occupied
TRN-09660,BLK-021150,2,59.0,Track Occupied
TRN-09661,BLK-000881,1,47.3,Track Occupied
TRN-09662,BLK-006928,3,56.5,Track Occupied
TRN-09663,BLK-008488,2,57.2,Track Occupied
TRN-09663,BLK-008489,2,57.2,Track Occupied
TRN-09664,BLK-014844,3,52.7,Track Occupied
TRN-09665,BLK-017101,1,54.3,Track Occupied
TRN-09666,BLK-010580,3,62.5,Track Occupied
TRN-09667,BLK-002091,2,96.9,Track Occupied
TRN-09668,BLK-004624,1,29.7,Track Occupied
TRN-09669,BLK-021640,3,92.1,Track Occupied
TRN-09670,BLK-018418,2,54.9,Track Occupied
TRN-09671,BLK-026919,3,96.1,Track Occupied
TRN-09672,BLK-028428,3,73.5,Track Occupied
TRN-09673,BLK-007806,2,89.1,Track Occupied
TRN-09674,BLK-001892,1,16.0,Track Occupied
TRN-09675,BLK-020819,3,94.7,Track Occupied
TRN-09676,BLK-020628,1,40.3,Track Occupied
TRN-09677,BLK-011612,2,69.6,Track Occupied
TRN-09678,BLK-004874,2,25.0,Track Occupied
TRN-09679,BLK-008960,3,79.8,Track Occupied
TRN-09680,BLK-002597,1,33.6,Track Occupied
TRN-09681,BLK-020575,3,74.3,Track Occupied
TRN-09682,BLK-001745,3,78.1,Track Occupied
TRN-09683,BLK-021559,3,87.7,Track Occupied
TRN-09684,BLK-007041,1,23.1,Track Occupied
TRN-09685,BLK-007631,2,71.1,Track Occupied
TRN-09686,BLK-020297,3,81.7,Track Occupied
TRN-09687,BLK-030644,3,99.0,Track Occupied
TRN-09688,BLK-008775,2,60.3,Track Occupied
TRN-09689,BLK-008496,3,70.0,Track Occupied
TRN-09690,BLK-031777,2,51.1,Track Occupied
TRN-09691,BLK-016790,1,26.0,Track Occupied
TRN-09692,BLK-018537,3,85.0,Track Occupied
TRN-09692,BLK-018538,3,85.0,Track Occupied
TRN-09693,BLK-010155,3,74.4,Track Occupied
TRN-09694,BLK-028517,1,53.0,Track Occupied
TRN-09694,BLK-028518,1,53.0,Track Occupied
TRN-09695,BLK-005287,1,45.1,Track Occupied
TRN-09696,BLK-008584,3,69.0,Track Occupied
TRN-09697,BLK-030868,2,92.4,Track Occupied
TRN-09698,BLK-010931,3,99.0,Track Occupied
TRN-09699,BLK-004707,1,26.8,Track Occupied
TRN-09699,BLK-004708,1,26.8,Track Occupied
TRN-09700,BLK-021277,3,80.7,Track Occupied
TRN-09701,BLK-006443,3,66.8,Track Occupied
TRN-09702,BLK-027148,3,62.1,Track Occupied
TRN-09702,BLK-027149,3,62.1,Track Occupied
TRN-09703,BLK-011041,3,57.6,Track Occupied
TRN-09704,BLK-012734,2,49.4,Track Occupied
TRN-09705,BLK-027484,1,44.5,Track Occupied
TRN-09706,BLK-032411,3,70.3,Track Occupied
TRN-09707,BLK-023942,2,84.1,Track Occupied
TRN-09707,BLK-023943,2,84.1,Track Occupied
TRN-09708,BLK-006923,2,85.6,Track Occupied
TRN-09709,BLK-025687,2,88.1,Track Occupied
TRN-09710,BLK-024847,3,56.1,Track Occupied
TRN-09711,BLK-027168,3,99.0,Track Occupied
TRN-09712,BLK-030373,2,42.7,Track Occupied
TRN-09713,BLK-025797,2,83.8,Track Occupied
TRN-09714,BLK-013184,2,63.8,Track Occupied
TRN-09715,BLK-005266,2,99.0,Track Occupied
TRN-09716,BLK-031773,2,89.2,Track Occupied
TRN-09717,BLK-001459,2,55.5,Track Occupied
TRN-09718,BLK-008016,3,99.0,Track Occupied
TRN-09719,BLK-007840,2,54.6,Track Occupied
TRN-09719,BLK-007841,2,54.6,Track Occupied
TRN-09720,BLK-016759,1,20.3,Track Occupied
TRN-09721,BLK-008829,3,43.5,Track Occupied
TRN-09722,BLK-019130,1,29.9,Track Occupied
TRN-09723,BLK-006402,3,35.2,Track Occupied
TRN-09724,BLK-012196,1,8.6,Track Occupied
TRN-09725,BLK-023449,2,71.9,Track Occupied
TRN-09726,BLK-015254,1,38.4,Track Occupied
TRN-09727,BLK-007587,3,26.5,Track Occupied
TRN-09727,BLK-007588,3,26.5,Track Occupied
TRN-09728,BLK-004677,2,83.9,Track Occupied
TRN-09729,BLK-021962,1,16.8,Track Occupied
TRN-09730,BLK-013515,3,70.4,Track Occupied
TRN-09731,BLK-006690,2,73.9,Track Occupied
TRN-09732,BLK-007703,3,44.9,Track Occupied
TRN-09733,BLK-033456,3,44.6,Track Occupied
TRN-09734,BLK-020482,2,55.7,Track Occupied
TRN-09735,BLK-021098,1,39.9,Track Occupied
TRN-09735,BLK-021099,1,39.9,Track Occupied
TRN-09736,BLK-017351,3,67.9,Track Occupied
TRN-09737,BLK-029416,2,47.5,Track Occupied
TRN-09738,BLK-012765,3,85.2,Track Occupied
TRN-09739,BLK-026313,3,61.4,Track Occupied
TRN-09740,BLK-005825,2,83.9,Track Occupied
TRN-09741,BLK-020942,2,55.4,Track Occupied
TRN-09742,BLK-009932,1,21.7,Track Occupied
TRN-09742,BLK-009933,1,21.7,Track Occupied
TRN-09743,BLK-004970,2,52.5,Track Occupied
TRN-09744,BLK-002963,2,99.0,Track Occupied
TRN-09745,BLK-000933,2,50.4,Track Occupied
TRN-09746,BLK-022785,2,44.3,Track Occupied
TRN-09747,BLK-010840,3,81.7,Track Occupied
TRN-09747,BLK-010841,3,81.7,Track Occupied
TRN-09748,BLK-006500,2,49.8,Track Occupied
TRN-09749,BLK-023718,1,38.1,Track Occupied
TRN-09750,BLK-017491,1,30.8,Track Occupied
TRN-09751,BLK-005300,3,76.5,Track Occupied
TRN-09752,BLK-014916,3,68.7,Track Occupied
TRN-09753,BLK-030589,1,35.5,Track Occupied
TRN-09754,BLK-017399,3,99.0,Track Occupied
TRN-09755,BLK-002864,3,83.3,Track Occupied
TRN-09756,BLK-017326,3,63.6,Track Occupied
TRN-09757,BLK-018901,1,49.2,Track Occupied
TRN-09758,BLK-030946,2,71.9,Track Occupied
TRN-09759,BLK-010924,2,84.6,Track Occupied
TRN-09759,BLK-010925,2,84.6,Track Occupied
TRN-09760,BLK-002397,2,72.7,Track Occupied
TRN-09761,BLK-001939,3,79.7,Track Occupied
TRN-09762,BLK-014513,2,80.2,Track Occupied
TRN-09763,BLK-004419,2,65.4,Track Occupied
TRN-09764,BLK-020703,2,72.3,Track Occupied
TRN-09764,BLK-020704,2,72.3,Track Occupied
TRN-09765,BLK-007033,2,89.5,Track Occupied
TRN-09766,BLK-030777,2,64.3,Track Occupied
TRN-09767,BLK-010391,2,83.0,Track Occupied
TRN-09767,BLK-010392,2,83.0,Track Occupied
TRN-09768,BLK-031497,2,55.0,Track Occupied
TRN-09769,BLK-023173,3,73.2,Track Occupied
TRN-09770,BLK-011493,2,94.0,Track Occupied
TRN-09771,BLK-030189,2,62.8,Track Occupied
TRN-09772,BLK-017901,2,99.0,Track Occupied
TRN-09773,BLK-015688,1,38.3,Track Occupied
TRN-09774,BLK-001761,2,34.4,Track Occupied
TRN-09775,BLK-031452,2,71.3,Track Occupied
TRN-09776,BLK-001133,3,78.4,Track Occupied
TRN-09777,BLK-013013,3,70.6,Track Occupied
TRN-09778,BLK-019198,1,75.4,Track Occupied
TRN-09778,BLK-019199,1,75.4,Track Occupied
TRN-09779,BLK-006348,3,66.4,Track Occupied
TRN-09780,BLK-012411,3,82.7,Track Occupied
TRN-09781,BLK-002414,3,76.3,Track Occupied
TRN-09782,BLK-005404,2,62.3,Track Occupied
TRN-09783,BLK-025656,2,95.9,Track Occupied
TRN-09784,BLK-005537,3,74.5,Track Occupied
TRN-09785,BLK-022995,2,99.0,Track Occupied
TRN-09786,BLK-030450,3,72.7,Track Occupied
TRN-09787,BLK-001617,1,15.6,Track Occupied
TRN-09788,BLK-025111,2,58.1,Track Occupied
TRN-09789,BLK-001354,3,93.3,Track Occupied
TRN-09790,BLK-011114,1,16.0,Track Occupied
TRN-09791,BLK-026253,3,55.3,Track Occupied
TRN-09792,BLK-018549,2,59.3,Track Occupied
TRN-09793,BLK-008142,1,18.6,Track Occupied
TRN-09794,BLK-011573,2,78.1,Track Occupied
TRN-09795,BLK-008012,3,76.7,Track Occupied
TRN-09795,BLK-008013,3,76.7,Track Occupied
TRN-09796,BLK-029287,3,58.9,Track Occupied
TRN-09797,BLK-018595,2,99.0,Track Occupied
TRN-09798,BLK-006992,2,53.3,Track Occupied
TRN-09799,BLK-003336,2,52.5,Track Occupied
TRN-09800,BLK-027066,2,69.3,Track Occupied
TRN-09801,BLK-027621,2,98.0,Track Occupied
TRN-09802,BLK-023401,2,97.6,Track Occupied
TRN-09802,BLK-023402,2,97.6,Track Occupied
TRN-09803,BLK-009696,3,77.9,Track Occupied
TRN-09804,BLK-022445,2,58.0,Track Occupied
TRN-09804,BLK-022446,2,58.0,Track Occupied
TRN-09805,BLK-021166,2,88.1,Track Occupied
TRN-09806,BLK-028805,3,73.2,Track Occupied
TRN-09807,BLK-031803,3,82.8,Track Occupied
TRN-09808,BLK-002591,3,69.1,Track Occupied
TRN-09809,BLK-013085,3,77.3,Track Occupied
TRN-09810,BLK-025742,3,62.8,Track Occupied
TRN-09811,BLK-011697,2,70.4,Track Occupied
TRN-09812,BLK-014395,2,62.8,Track Occupied
TRN-09813,BLK-027157,2,59.1,Track Occupied
TRN-09814,BLK-013661,2,64.5,Track Occupied
TRN-09815,BLK-000960,2,91.7,Track Occupied
TRN-09816,BLK-008885,1,32.1,Track Occupied
TRN-09817,BLK-027784,3,62.0,Track Occupied
TRN-09818,BLK-020270,3,72.6,Track Occupied
TRN-09819,BLK-024128,2,53.0,Track Occupied
TRN-09820,BLK-022317,3,67.2,Track Occupied
TRN-09821,BLK-033432,2,86.5,Track Occupied
TRN-09822,BLK-028125,2,62.1,Track Occupied
TRN-09823,BLK-008250,1,43.9,Track Occupied
TRN-09823,BLK-008251,1,43.9,Track Occupied
TRN-09824,BLK-006540,1,53.2,Track Occupied
TRN-09825,BLK-012490,3,64.8,Track Occupied
TRN-09826,BLK-016374,3,99.0,Track Occupied
TRN-09827,BLK-026594,1,54.5,Track Occupied
TRN-09828,BLK-020954,2,84.5,Track Occupied
TRN-09829,BLK-015385,3,72.3,Track Occupied
TRN-09830,BLK-028586,3,65.9,Track Occupied
TRN-09831,BLK-015815,3,70.9,Track Occupied
TRN-09832,BLK-010082,1,13.9,Track Occupied
TRN-09833,BLK-019783,2,68.9,Track Occupied
TRN-09834,BLK-001490,3,47.3,Track Occupied
TRN-09835,BLK-002356,2,58.8,Track Occupied
TRN-09836,BLK-015083,3,70.6,Track Occupied
TRN-09837,BLK-014481,2,79.2,Track Occupied
TRN-09838,BLK-016214,1,38.9,Track Occupied
TRN-09839,BLK-026488,3,86.0,Track Occupied
TRN-09840,BLK-027692,3,54.0,Track Occupied
TRN-09841,BLK-002764,3,99.0,Track Occupied
TRN-09842,BLK-009084,2,74.1,Track Occupied
TRN-09843,BLK-016789,3,68.1,Track Occupied
TRN-09843,BLK-016790,3,68.1,Track Occupied
TRN-09844,BLK-002802,2,80.6,Track Occupied
TRN-09845,BLK-010906,2,62.5,Track Occupied
TRN-09846,BLK-002923,3,57.4,Track Occupied
TRN-09847,BLK-014040,3,68.1,Track Occupied
TRN-09848,BLK-015605,3,89.7,Track Occupied
TRN-09849,BLK-012786,2,71.4,Track Occupied
TRN-09849,BLK-012787,2,71.4,Track Occupied
TRN-09850,BLK-018911,2,53.9,Track Occupied
TRN-09851,BLK-017680,3,89.2,Track Occupied
TRN-09852,BLK-008616,2,85.2,Track Occupied
TRN-09853,BLK-024106,3,66.5,Track Occupied
TRN-09854,BLK-020862,2,78.0,Track Occupied
TRN-09854,BLK-020863,2,78.0,Track Occupied
TRN-09855,BLK-021329,3,83.9,Track Occupied
TRN-09856,BLK-011673,1,49.9,Track Occupied
TRN-09857,BLK-001378,2,72.8,Track Occupied
TRN-09858,BLK-016586,3,63.7,Track Occupied
TRN-09859,BLK-003883,2,97.2,Track Occupied
TRN-09860,BLK-000061,1,5.0,Track Occupied
TRN-09861,BLK-013589,2,72.1,Track Occupied
TRN-09861,BLK-013590,2,72.1,Track Occupied
TRN-09862,BLK-008758,1,11.5,Track Occupied
TRN-09863,BLK-005089,3,50.0,Track Occupied
TRN-09864,BLK-004490,1,28.9,Track Occupied
TRN-09864,BLK-004491,1,28.9,Track Occupied
TRN-09865,BLK-007854,1,48.6,Track Occupied
TRN-09865,BLK-007855,1,48.6,Track Occupied
TRN-09866,BLK-017467,2,91.1,Track Occupied
TRN-09867,BLK-017930,1,35.4,Track Occupied
TRN-09868,BLK-028063,3,78.3,Track Occupied
TRN-09869,BLK-028415,2,79.6,Track Occupied
TRN-09870,BLK-015761,3,74.9,Track Occupied
TRN-09871,BLK-022603,2,77.1,Track Occupied
TRN-09872,BLK-014592,3,88.7,Track Occupied
TRN-09873,BLK-019843,2,51.4,Track Occupied
TRN-09874,BLK-019958,3,84.5,Track Occupied
TRN-09875,BLK-023128,3,85.9,Track Occupied
TRN-09876,BLK-012997,3,96.0,Track Occupied
TRN-09877,BLK-022970,2,79.7,Track Occupied
TRN-09878,BLK-001480,3,63.5,Track Occupied
TRN-09879,BLK-015602,3,61.3,Track Occupied
TRN-09880,BLK-004380,2,91.3,Track Occupied
TRN-09881,BLK-014319,3,74.9,Track Occupied
TRN-09881,BLK-014320,3,74.9,Track Occupied
TRN-09882,BLK-030663,3,97.1,Track Occupied
TRN-09883,BLK-016761,2,39.2,Track Occupied
TRN-09884,BLK-017421,2,70.4,Track Occupied
TRN-09885,BLK-012237,2,75.0,Track Occupied
TRN-09886,BLK-008127,3,87.1,Track Occupied
TRN-09886,BLK-008128,3,87.1,Track Occupied
TRN-09887,BLK-027478,3,86.1,Track Occupied
TRN-09888,BLK-011953,2,69.4,Track Occupied
TRN-09889,BLK-019386,3,87.9,Track Occupied
TRN-09890,BLK-014853,2,60.7,Track Occupied
TRN-09891,BLK-022820,1,37.8,Track Occupied
TRN-09892,BLK-000833,2,88.2,Track Occupied
TRN-09893,BLK-026884,3,65.9,Track Occupied
TRN-09894,BLK-000310,3,64.4,Track Occupied
TRN-09895,BLK-024870,3,79.4,Track Occupied
TRN-09895,BLK-024871,3,79.4,Track Occupied
TRN-09896,BLK-030384,1,39.0,Track Occupied
TRN-09897,BLK-033292,1,43.7,Track Occupied
TRN-09898,BLK-019942,2,82.8,Track Occupied
TRN-09899,BLK-007392,3,47.9,Track Occupied
TRN-09900,BLK-024524,2,89.5,Track Occupied
TRN-09901,BLK-009460,1,5.0,Track Occupied
TRN-09902,BLK-020209,1,45.5,Track Occupied
TRN-09903,BLK-008987,3,69.9,Track Occupied
TRN-09904,BLK-027835,3,79.6,Track Occupied
TRN-09905,BLK-012612,1,37.7,Track Occupied
TRN-09906,BLK-000901,3,67.1,Track Occupied
TRN-09907,BLK-007469,3,48.6,Track Occupied
TRN-09908,BLK-018701,2,99.0,Track Occupied
TRN-09909,BLK-017980,2,83.3,Track Occupied
TRN-09910,BLK-018978,2,89.9,Track Occupied
TRN-09911,BLK-003057,2,82.7,Track Occupied
TRN-09912,BLK-001708,3,72.7,Track Occupied
TRN-09913,BLK-028672,2,71.9,Track Occupied
TRN-09914,BLK-032932,1,13.7,Track Occupied
TRN-09915,BLK-024130,2,64.9,Track Occupied
TRN-09916,BLK-011220,3,77.6,Track Occupied
TRN-09917,BLK-012601,1,42.6,Track Occupied
TRN-09918,BLK-031216,2,88.5,Track Occupied
TRN-09919,BLK-011904,2,77.4,Track Occupied
TRN-09920,BLK-018678,2,58.1,Track Occupied
TRN-09920,BLK-018679,2,58.1,Track Occupied
TRN-09921,BLK-031990,2,80.3,Track Occupied
TRN-09922,BLK-024387,1,39.4,Track Occupied
TRN-09923,BLK-011097,2,78.1,Track Occupied
TRN-09923,BLK-011098,2,78.1,Track Occupied
TRN-09924,BLK-028434,3,83.5,Track Occupied
TRN-09925,BLK-016865,2,85.8,Track Occupied
TRN-09926,BLK-005300,1,46.3,Track Occupied
TRN-09927,BLK-027512,3,84.8,Track Occupied
TRN-09928,BLK-030831,3,49.8,Track Occupied
TRN-09929,BLK-001997,2,64.4,Track Occupied
TRN-09930,BLK-008143,2,68.8,Track Occupied
TRN-09931,BLK-020645,2,87.7,Track Occupied
TRN-09932,BLK-026395,3,48.4,Track Occupied
TRN-09932,BLK-026396,3,48.4,Track Occupied
TRN-09933,BLK-029216,2,81.0,Track Occupied
TRN-09934,BLK-025106,2,71.8,Track Occupied
TRN-09935,BLK-019423,3,75.5,Track Occupied
TRN-09935,BLK-019424,3,75.5,Track Occupied
TRN-09936,BLK-025021,3,70.4,Track Occupied
TRN-09937,BLK-012356,2,58.8,Track Occupied
TRN-09938,BLK-016955,1,25.3,Track Occupied
TRN-09939,BLK-001437,2,42.9,Track Occupied
TRN-09939,BLK-001438,2,42.9,Track Occupied
TRN-09940,BLK-013545,1,64.7,Track Occupied
TRN-09941,BLK-007969,2,75.9,Track Occupied
TRN-09942,BLK-000765,3,51.4,Track Occupied
TRN-09943,BLK-010856,1,33.3,Track Occupied
TRN-09944,BLK-006825,2,85.3,Track Occupied
TRN-09945,BLK-010059,1,23.0,Track Occupied
TRN-09946,BLK-017558,3,88.0,Track Occupied
TRN-09947,BLK-001856,3,80.3,Track Occupied
TRN-09948,BLK-024178,3,71.2,Track Occupied
TRN-09949,BLK-022707,3,82.1,Track Occupied
TRN-09950,BLK-022412,2,72.0,Track Occupied
TRN-09951,BLK-001942,2,93.6,Track Occupied
TRN-09951,BLK-001943,2,93.6,Track Occupied
TRN-09952,BLK-012806,2,77.2,Track Occupied
TRN-09953,BLK-024021,3,49.7,Track Occupied
TRN-09954,BLK-011594,3,50.7,Track Occupied
TRN-09955,BLK-011762,3,81.6,Track Occupied
TRN-09956,BLK-008030,2,71.8,Track Occupied
TRN-09956,BLK-008031,2,71.8,Track Occupied
TRN-09957,BLK-024428,2,69.4,Track Occupied
TRN-09958,BLK-030418,2,85.9,Track Occupied
TRN-09959,BLK-031639,3,45.7,Track Occupied
TRN-09960,BLK-033417,2,94.3,Track Occupied
TRN-09961,BLK-008581,3,75.9,Track Occupied
TRN-09961,BLK-008582,3,75.9,Track Occupied
TRN-09962,BLK-012380,2,72.0,Track Occupied
TRN-09963,BLK-001388,3,36.6,Track Occupied
TRN-09963,BLK-001389,3,36.6,Track Occupied
TRN-09964,BLK-006723,1,57.6,Track Occupied
TRN-09965,BLK-019200,2,75.0,Track Occupied
TRN-09966,BLK-005020,3,93.9,Track Occupied
TRN-09967,BLK-015726,2,68.1,Track Occupied
TRN-09968,BLK-023371,2,58.8,Track Occupied
TRN-09969,BLK-010372,3,91.6,Track Occupied
TRN-09969,BLK-010373,3,91.6,Track Occupied
TRN-09970,BLK-001081,3,72.3,Track Occupied
TRN-09971,BLK-009101,3,55.1,Track Occupied
TRN-09972,BLK-002288,3,49.9,Track Occupied
TRN-09973,BLK-007886,2,86.1,Track Occupied
TRN-09974,BLK-009243,3,65.6,Track Occupied
TRN-09974,BLK-009244,3,65.6,Track Occupied
TRN-09975,BLK-026901,3,92.3,Track Occupied
TRN-09976,BLK-003109,2,82.9,Track Occupied
TRN-09977,BLK-028824,1,5.0,Track Occupied
TRN-09978,BLK-000371,2,68.4,Track Occupied
TRN-09978,BLK-000372,2,68.4,Track Occupied
TRN-09979,BLK-016623,2,99.0,Track Occupied
TRN-09980,BLK-021269,2,81.3,Track Occupied
TRN-09981,BLK-019256,2,56.4,Track Occupied
TRN-09982,BLK-000406,2,42.2,Track Occupied
TRN-09983,BLK-013651,3,62.9,Track Occupied
TRN-09984,BLK-032765,1,27.9,Track Occupied
TRN-09985,BLK-007467,3,95.5,Track Occupied
TRN-09986,BLK-024411,1,47.9,Track Occupied
TRN-09987,BLK-030232,3,79.8,Track Occupied
TRN-09988,BLK-017713,1,56.1,Track Occupied
TRN-09989,BLK-022656,3,65.3,Track Occupied
TRN-09990,BLK-020045,3,82.9,Track Occupied
TRN-09991,BLK-018721,2,53.5,Track Occupied
TRN-09992,BLK-016337,2,63.8,Track Occupied
TRN-09993,BLK-020175,3,99.0,Track Occupied
TRN-09994,BLK-014855,2,67.5,Track Occupied
TRN-09995,BLK-001285,3,99.0,Track Occupied
TRN-09996,BLK-032525,2,64.2,Track Occupied
TRN-09996,BLK-032526,2,64.2,Track Occupied
TRN-09997,BLK-030067,3,73.9,Track Occupied
TRN-09998,BLK-030762,3,74.3,Track Occupied
TRN-09999,BLK-001124,2,85.1,Track Occupied
TRN-10000,BLK-027796,3,47.8,Track Occupied
TRN-10001,BLK-000885,2,64.9,Track Occupied
TRN-10001,BLK-000886,2,64.9,Track Occupied
TRN-10002,BLK-031964,1,27.8,Track Occupied
TRN-10003,BLK-005146,3,86.8,Track Occupied
TRN-10004,BLK-002742,1,47.0,Track Occupied
TRN-10005,BLK-015113,2,64.5,Track Occupied
TRN-10006,BLK-020177,2,87.3,Track Occupied
TRN-10007,BLK-003644,3,99.0,Track Occupied
TRN-10008,BLK-002989,2,59.5,Track Occupied
TRN-10009,BLK-011189,1,18.5,Track Occupied
TRN-10010,BLK-031648,2,62.2,Track Occupied
TRN-10011,BLK-028235,2,68.5,Track Occupied
TRN-10011,BLK-028236,2,68.5,Track Occupied
TRN-10012,BLK-015776,1,18.9,Track Occupied
TRN-10013,BLK-003684,3,68.5,Track Occupied
TRN-10014,BLK-024330,3,93.9,Track Occupied
TRN-10015,BLK-000950,3,84.2,Track Occupied
TRN-10016,BLK-014244,2,99.0,Track Occupied
TRN-10017,BLK-019597,3,69.3,Track Occupied
TRN-10018,BLK-019334,3,70.0,Track Occupied
TRN-10019,BLK-015528,3,89.2,Track Occupied
TRN-10020,BLK-012282,1,41.5,Track Occupied
TRN-10021,BLK-011899,3,90.6,Track Occupied
TRN-10022,BLK-016065,3,72.7,Track Occupied
TRN-10023,BLK-008037,2,86.8,Track Occupied
TRN-10024,BLK-011337,3,65.7,Track Occupied
TRN-10025,BLK-022985,2,99.0,Track Occupied
TRN-10026,BLK-017197,2,60.9,Track Occupied
TRN-10027,BLK-006032,3,76.5,Track Occupied
TRN-10028,BLK-016001,2,77.1,Track Occupied
TRN-10029,BLK-024669,2,92.9,Track Occupied
TRN-10030,BLK-013215,1,44.6,Track Occupied
TRN-10031,BLK-030423,2,71.5,Track Occupied
TRN-10032,BLK-011807,2,70.5,Track Occupied
TRN-10033,BLK-011675,3,57.7,Track Occupied
TRN-10034,BLK-003136,2,50.0,Track Occupied
TRN-10035,BLK-015137,3,78.3,Track Occupied
TRN-10036,BLK-021084,3,99.0,Track Occupied
TRN-10037,BLK-028836,3,96.1,Track Occupied
TRN-10038,BLK-005272,3,71.9,Track Occupied
TRN-10039,BLK-029511,3,74.6,Track Occupied
TRN-10040,BLK-017007,2,87.7,Track Occupied
TRN-10041,BLK-011385,3,64.8,Track Occupied
TRN-10042,BLK-017432,2,99.0,Track Occupied
TRN-10043,BLK-005045,3,74.8,Track Occupied
TRN-10044,BLK-005705,1,25.5,Track Occupied
TRN-10045,BLK-032660,1,48.4,Track Occupied
TRN-10045,BLK-032661,1,48.4,Track Occupied
TRN-10046,BLK-018651,3,74.3,Track Occupied
TRN-10047,BLK-016219,2,66.1,Track Occupied
TRN-10048,BLK-018556,2,83.8,Track Occupied
TRN-10049,BLK-030768,2,99.0,Track Occupied
TRN-10050,BLK-024893,2,74.7,Track Occupied
TRN-10050,BLK-024894,2,74.7,Track Occupied
TRN-10051,BLK-012908,3,47.4,Track Occupied
TRN-10052,BLK-006264,3,53.9,Track Occupied
TRN-10053,BLK-024574,2,71.5,Track Occupied
TRN-10054,BLK-025804,3,66.7,Track Occupied
TRN-10055,BLK-011726,1,57.5,Track Occupied
TRN-10056,BLK-007967,3,56.1,Track Occupied
TRN-10057,BLK-021609,3,72.7,Track Occupied
TRN-10058,BLK-013107,2,61.0,Track Occupied
TRN-10059,BLK-015748,2,88.3,Track Occupied
TRN-10060,BLK-012225,2,40.8,Track Occupied
TRN-10061,BLK-031567,3,66.1,Track Occupied
TRN-10062,BLK-025353,2,65.7,Track Occupied
TRN-10063,BLK-008785,2,53.9,Track Occupied
TRN-10063,BLK-008786,2,53.9,Track Occupied
TRN-10064,BLK-002329,3,59.7,Track Occupied
TRN-10064,BLK-002330,3,59.7,Track Occupied
TRN-10065,BLK-014482,2,59.1,Track Occupied
TRN-10066,BLK-021277,1,20.9,Track Occupied
TRN-10067,BLK-007933,3,57.9,Track Occupied
TRN-10068,BLK-001755,3,67.0,Track Occupied
TRN-10069,BLK-023096,3,74.9,Track Occupied
TRN-10070,BLK-024805,3,52.3,Track Occupied
TRN-10071,BLK-003066,2,54.6,Track Occupied
TRN-10072,BLK-011503,1,38.9,Track Occupied
TRN-10073,BLK-004877,2,62.3,Track Occupied
TRN-10074,BLK-010532,1,44.9,Track Occupied
TRN-10075,BLK-021158,3,66.7,Track Occupied
TRN-10076,BLK-028793,1,68.9,Track Occupied
TRN-10077,BLK-015625,1,43.4,Track Occupied
TRN-10078,BLK-006786,2,46.9,Track Occupied
TRN-10079,BLK-004260,3,80.2,Track Occupied
TRN-10080,BLK-013641,3,63.8,Track Occupied
TRN-10081,BLK-010151,3,50.4,Track Occupied
TRN-10082,BLK-032906,2,83.4,Track Occupied
TRN-10083,BLK-024199,2,93.5,Track Occupied
TRN-10084,BLK-000483,3,83.4,Track Occupied
TRN-10085,BLK-021331,2,85.4,Track Occupied
TRN-10085,BLK-021332,2,85.4,Track Occupied
TRN-10086,BLK-014600,3,68.2,Track Occupied
TRN-10087,BLK-032371,2,54.9,Track Occupied
TRN-10088,BLK-021911,2,72.7,Track Occupied
TRN-10089,BLK-001214,1,67.1,Track Occupied
TRN-10090,BLK-010183,2,77.3,Track Occupied
TRN-10091,BLK-027585,2,74.6,Track Occupied
TRN-10092,BLK-004401,2,57.6,Track Occupied
TRN-10093,BLK-000329,3,52.4,Track Occupied
TRN-10094,BLK-027974,1,43.4,Track Occupied
TRN-10094,BLK-027975,1,43.4,Track Occupied
TRN-10095,BLK-019404,2,72.8,Track Occupied
TRN-10096,BLK-001414,3,52.4,Track Occupied
TRN-10097,BLK-028332,3,72.1,Track Occupied
TRN-10098,BLK-003410,1,35.7,Track Occupied
TRN-10099,BLK-011416,2,72.9,Track Occupied
TRN-10100,BLK-024573,2,75.1,Track Occupied
TRN-10101,BLK-022534,2,53.0,Track Occupied
TRN-10102,BLK-017446,3,88.6,Track Occupied
TRN-10103,BLK-003647,3,86.4,Track Occupied
TRN-10104,BLK-017222,2,93.5,Track Occupied
TRN-10105,BLK-020686,2,93.5,Track Occupied
TRN-10106,BLK-014453,3,72.6,Track Occupied
TRN-10107,BLK-026840,3,99.0,Track Occupied
TRN-10108,BLK-010995,2,83.2,Track Occupied
TRN-10109,BLK-007357,3,82.9,Track Occupied
TRN-10110,BLK-026528,2,71.3,Track Occupied
TRN-10111,BLK-012827,2,56.6,Track Occupied
TRN-10112,BLK-008193,2,69.0,Track Occupied
TRN-10113,BLK-022990,3,90.7,Track Occupied
TRN-10114,BLK-020339,3,68.8,Track Occupied
TRN-10115,BLK-016554,2,94.0,Track Occupied
TRN-10116,BLK-011384,3,60.9,Track Occupied
TRN-10117,BLK-004714,1,33.2,Track Occupied
TRN-10118,BLK-027685,3,63.1,Track Occupied
TRN-10119,BLK-002236,1,47.7,Track Occupied
TRN-10119,BLK-002237,1,47.7,Track Occupied
TRN-10120,BLK-015781,3,99.0,Track Occupied
TRN-10121,BLK-028606,2,57.6,Track Occupied
TRN-10122,BLK-012798,2,85.9,Track Occupied
TRN-10123,BLK-016257,2,75.9,Track Occupied
TRN-10124,BLK-013064,3,61.3,Track Occupied
TRN-10125,BLK-003782,2,81.1,Track Occupied
TRN-10126,BLK-017162,2,66.1,Track Occupied
TRN-10127,BLK-015285,3,71.6,Track Occupied
TRN-10128,BLK-000354,1,39.7,Track Occupied
TRN-10129,BLK-009533,3,76.7,Track Occupied
TRN-10130,BLK-017529,2,44.1,Track Occupied
TRN-10131,BLK-000575,3,75.6,Track Occupied
TRN-10132,BLK-025486,2,49.0,Track Occupied
TRN-10133,BLK-032763,1,25.7,Track Occupied
TRN-10134,BLK-014881,2,25.0,Track Occupied
TRN-10135,BLK-032776,2,64.6,Track Occupied
TRN-10136,BLK-027049,2,82.7,Track Occupied
TRN-10137,BLK-017176,1,26.0,Track Occupied
TRN-10138,BLK-023256,1,33.7,Track Occupied
TRN-10139,BLK-015558,2,83.4,Track Occupied
TRN-10139,BLK-015559,2,83.4,Track Occupied
TRN-10140,BLK-015370,2,51.1,Track Occupied
TRN-10141,BLK-029203,1,14.5,Track Occupied
TRN-10142,BLK-031588,3,76.3,Track Occupied
TRN-10143,BLK-023552,3,65.8,Track Occupied
TRN-10144,BLK-002526,3,64.9,Track Occupied
TRN-10145,BLK-016090,1,33.5,Track Occupied
TRN-10146,BLK-004709,2,64.6,Track Occupied
TRN-10147,BLK-015797,3,80.4,Track Occupied
TRN-10148,BLK-005301,1,14.7,Track Occupied
TRN-10149,BLK-032263,3,69.0,Track Occupied
TRN-10150,BLK-001642,1,61.3,Track Occupied
TRN-10151,BLK-022241,1,5.0,Track Occupied
TRN-10152,BLK-014390,3,64.0,Track Occupied
TRN-10153,BLK-022455,3,56.6,Track Occupied
TRN-10154,BLK-006556,3,76.1,Track Occupied
TRN-10155,BLK-032234,3,79.1,Track Occupied
TRN-10156,BLK-029864,2,69.2,Track Occupied
TRN-10157,BLK-017690,2,70.5,Track Occupied
TRN-10158,BLK-031601,1,34.3,Track Occupied
TRN-10159,BLK-020253,3,50.2,Track Occupied
TRN-10160,BLK-023671,1,26.1,Track Occupied
TRN-10161,BLK-012049,2,47.4,Track Occupied
TRN-10162,BLK-018015,2,86.6,Track Occupied
TRN-10163,BLK-018567,3,75.8,Track Occupied
TRN-10164,BLK-031433,2,75.7,Track Occupied
TRN-10165,BLK-029728,3,78.8,Track Occupied
TRN-10166,BLK-016383,2,62.0,Track Occupied
TRN-10167,BLK-015300,1,33.1,Track Occupied
TRN-10168,BLK-030376,2,70.8,Track Occupied
TRN-10169,BLK-001427,1,31.1,Track Occupied
TRN-10170,BLK-031224,3,45.6,Track Occupied
TRN-10171,BLK-006742,3,60.3,Track Occupied
TRN-10171,BLK-006743,3,60.3,Track Occupied
TRN-10172,BLK-006257,2,89.7,Track Occupied
TRN-10173,BLK-026321,1,38.8,Track Occupied
TRN-10174,BLK-029030,3,42.3,Track Occupied
TRN-10174,BLK-029031,3,42.3,Track Occupied
TRN-10175,BLK-027219,2,83.5,Track Occupied
TRN-10176,BLK-007199,3,80.4,Track Occupied
TRN-10177,BLK-007655,1,14.7,Track Occupied
TRN-10178,BLK-019468,3,69.7,Track Occupied
TRN-10179,BLK-019905,2,78.3,Track Occupied
TRN-10180,BLK-003979,2,68.3,Track Occupied
TRN-10181,BLK-007558,2,53.2,Track Occupied
TRN-10182,BLK-000297,2,62.6,Track Occupied
TRN-10182,BLK-000298,2,62.6,Track Occupied
TRN-10183,BLK-004670,2,47.5,Track Occupied
TRN-10184,BLK-007157,3,84.1,Track Occupied
TRN-10184,BLK-007158,3,84.1,Track Occupied
TRN-10185,BLK-020095,3,66.0,Track Occupied
TRN-10185,BLK-020096,3,66.0,Track Occupied
TRN-10186,BLK-026262,1,30.5,Track Occupied
TRN-10187,BLK-000287,2,59.4,Track Occupied
TRN-10188,BLK-013422,3,78.8,Track Occupied
TRN-10189,BLK-015638,2,95.6,Track Occupied
TRN-10190,BLK-029567,3,82.4,Track Occupied
TRN-10191,BLK-015496,2,50.7,Track Occupied
TRN-10192,BLK-030335,2,99.0,Track Occupied
TRN-10193,BLK-012492,1,43.6,Track Occupied
TRN-10194,BLK-013580,3,38.0,Track Occupied
TRN-10195,BLK-007772,2,58.6,Track Occupied
TRN-10196,BLK-012549,1,62.6,Track Occupied
TRN-10197,BLK-025053,2,52.5,Track Occupied
TRN-10198,BLK-025052,3,83.8,Track Occupied
TRN-10199,BLK-030342,1,39.0,Track Occupied
TRN-10200,BLK-025451,2,73.0,Track Occupied
TRN-10201,BLK-019549,3,66.5,Track Occupied
TRN-10202,BLK-031621,2,97.5,Track Occupied
TRN-10203,BLK-021004,2,97.4,Track Occupied
TRN-10204,BLK-005329,3,77.2,Track Occupied
TRN-10205,BLK-010955,3,49.4,Track Occupied
TRN-10206,BLK-020867,2,68.3,Track Occupied
TRN-10207,BLK-005148,3,77.2,Track Occupied
TRN-10208,BLK-014693,3,68.7,Track Occupied
TRN-10209,BLK-006254,2,69.1,Track Occupied
TRN-10210,BLK-024910,3,65.7,Track Occupied
TRN-10210,BLK-024911,3,65.7,Track Occupied
TRN-10211,BLK-007180,2,64.8,Track Occupied
TRN-10212,BLK-026101,1,33.3,Track Occupied
TRN-10213,BLK-016249,1,48.3,Track Occupied
TRN-10214,BLK-003646,3,59.1,Track Occupied
TRN-10215,BLK-019995,2,88.5,Track Occupied
TRN-10216,BLK-028208,3,63.5,Track Occupied
TRN-10217,BLK-021106,2,64.6,Track Occupied
TRN-10218,BLK-028701,1,32.5,Track Occupied
TRN-10219,BLK-019926,3,66.4,Track Occupied
TRN-10219,BLK-019927,3,66.4,Track Occupied
TRN-10220,BLK-031651,2,66.9,Track Occupied
TRN-10221,BLK-021324,3,61.4,Track Occupied
TRN-10222,BLK-030012,3,78.9,Track Occupied
TRN-10223,BLK-016232,2,82.2,Track Occupied
TRN-10224,BLK-001840,3,72.7,Track Occupied
TRN-10225,BLK-019191,1,41.8,Track Occupied
TRN-10226,BLK-026058,3,47.3,Track Occupied
TRN-10227,BLK-003167,3,52.7,Track Occupied
TRN-10228,BLK-011687,3,78.4,Track Occupied
TRN-10228,BLK-011688,3,78.4,Track Occupied
TRN-10229,BLK-011284,2,57.3,Track Occupied
TRN-10230,BLK-029774,2,44.0,Track Occupied
TRN-10231,BLK-014452,2,66.5,Track Occupied
TRN-10232,BLK-018684,2,97.2,Track Occupied
TRN-10233,BLK-015732,1,23.7,Track Occupied
TRN-10234,BLK-008474,3,92.8,Track Occupied
TRN-10235,BLK-014716,1,36.7,Track Occupied
TRN-10236,BLK-021317,2,66.1,Track Occupied
TRN-10237,BLK-003665,3,69.7,Track Occupied
TRN-10238,BLK-028609,3,73.4,Track Occupied
TRN-10239,BLK-018840,2,96.5,Track Occupied
TRN-10240,BLK-007294,2,92.6,Track Occupied
TRN-10241,BLK-018187,2,49.9,Track Occupied
TRN-10242,BLK-009123,3,99.0,Track Occupied
TRN-10243,BLK-028291,2,86.9,Track Occupied
TRN-10244,BLK-012451,3,84.1,Track Occupied
TRN-10245,BLK-029298,1,34.0,Track Occupied
TRN-10246,BLK-024108,2,69.0,Track Occupied
TRN-10247,BLK-011537,3,60.8,Track Occupied
TRN-10248,BLK-010680,2,62.8,Track Occupied
TRN-10249,BLK-009937,2,80.3,Track Occupied
TRN-10250,BLK-027117,3,65.2,Track Occupied
TRN-10251,BLK-002530,3,65.2,Track Occupied
TRN-10252,BLK-016356,2,60.9,Track Occupied
TRN-10253,BLK-006911,1,42.1,Track Occupied
TRN-10254,BLK-021711,2,62.6,Track Occupied
TRN-10255,BLK-029898,1,35.7,Track Occupied
TRN-10256,BLK-008293,3,84.6,Track Occupied
TRN-10257,BLK-006295,2,76.6,Track Occupied
TRN-10258,BLK-014550,3,72.2,Track Occupied
TRN-10259,BLK-024789,3,96.9,Track Occupied
TRN-10260,BLK-028694,2,59.6,Track Occupied
TRN-10261,BLK-018389,3,86.7,Track Occupied
TRN-10262,BLK-022409,2,53.0,Track Occupied
TRN-10263,BLK-022369,3,78.9,Track Occupied
TRN-10264,BLK-005676,1,71.8,Track Occupied
TRN-10265,BLK-028184,3,51.3,Track Occupied
TRN-10265,BLK-028185,3,51.3,Track Occupied
TRN-10266,BLK-027450,2,83.0,Track Occupied
TRN-10267,BLK-030880,1,43.9,Track Occupied
TRN-10268,BLK-019361,2,58.9,Track Occupied
TRN-10269,BLK-022413,2,56.6,Track Occupied
TRN-10270,BLK-001794,2,55.1,Track Occupied
TRN-10271,BLK-004349,2,72.0,Track Occupied
TRN-10272,BLK-010542,3,75.2,Track Occupied
TRN-10273,BLK-005883,2,85.6,Track Occupied
TRN-10274,BLK-002662,3,72.4,Track Occupied
TRN-10275,BLK-015114,3,70.6,Track Occupied
TRN-10276,BLK-013960,1,38.4,Track Occupied
TRN-10277,BLK-020351,3,90.7,Track Occupied
TRN-10278,BLK-000134,2,77.7,Track Occupied
TRN-10279,BLK-013427,2,51.0,Track Occupied
TRN-10280,BLK-024248,3,90.9,Track Occupied
TRN-10281,BLK-023193,2,59.3,Track Occupied
TRN-10282,BLK-016371,1,42.7,Track Occupied
TRN-10283,BLK-003335,2,80.6,Track Occupied
TRN-10284,BLK-032619,1,51.9,Track Occupied
TRN-10285,BLK-011495,2,62.6,Track Occupied
TRN-10286,BLK-018577,2,69.5,Track Occupied
TRN-10287,BLK-005061,3,62.5,Track Occupied
TRN-10288,BLK-028056,3,76.2,Track Occupied
TRN-10289,BLK-004157,3,73.4,Track Occupied
TRN-10290,BLK-008123,1,27.3,Track Occupied
TRN-10291,BLK-003710,2,75.2,Track Occupied
TRN-10292,BLK-002578,2,57.4,Track Occupied
TRN-10292,BLK-002579,2,57.4,Track Occupied
TRN-10293,BLK-005072,3,99.0,Track Occupied
TRN-10294,BLK-033517,3,60.7,Track Occupied
TRN-10295,BLK-009249,3,69.5,Track Occupied
TRN-10296,BLK-013832,2,52.7,Track Occupied
TRN-10297,BLK-005035,2,46.4,Track Occupied
TRN-10298,BLK-028703,1,14.8,Track Occupied
TRN-10299,BLK-011521,1,31.2,Track Occupied
TRN-10300,BLK-009128,3,99.0,Track Occupied
TRN-10301,BLK-032927,3,82.4,Track Occupied
TRN-10302,BLK-014150,1,37.9,Track Occupied
TRN-10303,BLK-000393,2,76.8,Track Occupied
TRN-10304,BLK-000054,1,34.2,Track Occupied
TRN-10305,BLK-006775,2,55.7,Track Occupied
TRN-10306,BLK-019041,1,34.3,Track Occupied
TRN-10307,BLK-023652,1,45.0,Track Occupied
TRN-10308,BLK-016448,3,80.3,Track Occupied
TRN-10309,BLK-019591,3,55.6,Track Occupied
TRN-10310,BLK-000073,1,32.8,Track Occupied
TRN-10311,BLK-023724,3,85.7,Track Occupied
TRN-10312,BLK-023921,2,79.0,Track Occupied
TRN-10313,BLK-028061,1,53.2,Track Occupied
TRN-10314,BLK-019776,2,85.4,Track Occupied
TRN-10315,BLK-010550,3,87.8,Track Occupied
TRN-10316,BLK-002391,2,97.4,Track Occupied
TRN-10317,BLK-011810,2,79.3,Track Occupied
TRN-10318,BLK-002025,2,51.1,Track Occupied
TRN-10318,BLK-002026,2,51.1,Track Occupied
TRN-10319,BLK-022043,3,69.1,Track Occupied
TRN-10320,BLK-000566,3,92.9,Track Occupied
TRN-10321,BLK-029552,2,60.1,Track Occupied
TRN-10321,BLK-029553,2,60.1,Track Occupied
TRN-10322,BLK-008316,2,68.2,Track Occupied
TRN-10323,BLK-031212,1,46.2,Track Occupied
TRN-10324,BLK-029263,3,57.0,Track Occupied
TRN-10325,BLK-014008,3,84.2,Track Occupied
TRN-10326,BLK-002912,2,43.3,Track Occupied
TRN-10327,BLK-010615,3,66.1,Track Occupied
TRN-10328,BLK-021894,3,98.0,Track Occupied
TRN-10329,BLK-022097,3,79.6,Track Occupied
TRN-10330,BLK-001959,1,13.0,Track Occupied
TRN-10331,BLK-030257,2,77.7,Track Occupied
TRN-10332,BLK-021908,3,75.9,Track Occupied
TRN-10333,BLK-014058,1,36.3,Track Occupied
TRN-10334,BLK-007428,2,59.7,Track Occupied
TRN-10335,BLK-006445,1,56.8,Track Occupied
TRN-10336,BLK-002109,1,5.0,Track Occupied
TRN-10336,BLK-002110,1,5.0,Track Occupied
TRN-10337,BLK-014509,2,76.8,Track Occupied
TRN-10338,BLK-009774,1,66.9,Track Occupied
TRN-10339,BLK-000226,1,29.4,Track Occupied
TRN-10340,BLK-021822,2,38.6,Track Occupied
TRN-10341,BLK-019151,2,84.4,Track Occupied
TRN-10342,BLK-005125,2,56.7,Track Occupied
TRN-10342,BLK-005126,2,56.7,Track Occupied
TRN-10343,BLK-022193,2,53.2,Track Occupied
TRN-10344,BLK-001901,2,76.6,Track Occupied
TRN-10345,BLK-005664,1,48.4,Track Occupied
TRN-10346,BLK-028361,3,76.8,Track Occupied
TRN-10347,BLK-003525,3,72.7,Track Occupied
TRN-10347,BLK-003526,3,72.7,Track Occupied
TRN-10348,BLK-003677,2,80.9,Track Occupied
TRN-10349,BLK-020576,3,63.5,Track Occupied
TRN-10350,BLK-005159,3,67.9,Track Occupied
TRN-10351,BLK-016887,2,66.2,Track Occupied
TRN-10352,BLK-020566,3,43.6,Track Occupied
TRN-10353,BLK-006844,2,96.2,Track Occupied
TRN-10354,BLK-007214,2,89.4,Track Occupied
TRN-10354,BLK-007215,2,89.4,Track Occupied
TRN-10355,BLK-017843,2,68.8,Track Occupied
TRN-10356,BLK-031614,3,72.0,Track Occupied
TRN-10357,BLK-006049,2,57.7,Track Occupied
TRN-10358,BLK-007782,2,86.8,Track Occupied
TRN-10359,BLK-017055,1,40.1,Track Occupied
TRN-10360,BLK-009994,3,74.6,Track Occupied
TRN-10361,BLK-014396,2,62.6,Track Occupied
TRN-10362,BLK-017179,2,67.0,Track Occupied
TRN-10363,BLK-010432,1,17.7,Track Occupied
TRN-10364,BLK-008065,2,64.8,Track Occupied
TRN-10365,BLK-019231,1,54.7,Track Occupied
TRN-10366,BLK-003611,1,45.3,Track Occupied
TRN-10367,BLK-018990,2,34.7,Track Occupied
TRN-10368,BLK-032379,3,77.2,Track Occupied
TRN-10369,BLK-001779,3,63.4,Track Occupied
TRN-10370,BLK-011309,1,47.3,Track Occupied
TRN-10371,BLK-027593,2,69.8,Track Occupied
TRN-10372,BLK-016098,3,83.3,Track Occupied
TRN-10373,BLK-016412,2,62.4,Track Occupied
TRN-10373,BLK-016413,2,62.4,Track Occupied
TRN-10374,BLK-018170,1,12.3,Track Occupied
TRN-10375,BLK-021313,2,68.8,Track Occupied
TRN-10376,BLK-007834,3,87.8,Track Occupied
TRN-10377,BLK-005544,1,48.7,Track Occupied
TRN-10378,BLK-029653,3,83.8,Track Occupied
TRN-10379,BLK-002658,2,99.0,Track Occupied
TRN-10380,BLK-024319,3,77.5,Track Occupied
TRN-10381,BLK-006999,1,35.2,Track Occupied
TRN-10382,BLK-029730,3,94.2,Track Occupied
TRN-10383,BLK-015858,1,54.8,Track Occupied
TRN-10384,BLK-000515,2,53.1,Track Occupied
TRN-10385,BLK-021461,3,91.9,Track Occupied
TRN-10386,BLK-024700,1,36.4,Track Occupied
TRN-10387,BLK-027024,1,45.4,Track Occupied
TRN-10388,BLK-018713,3,58.1,Track Occupied
TRN-10389,BLK-016247,2,75.3,Track Occupied
TRN-10390,BLK-029262,1,42.1,Track Occupied
TRN-10391,BLK-033556,2,81.6,Track Occupied
TRN-10392,BLK-001818,1,12.9,Track Occupied
TRN-10393,BLK-015269,1,39.7,Track Occupied
TRN-10394,BLK-007583,3,77.9,Track Occupied
TRN-10395,BLK-026586,1,16.2,Track Occupied
TRN-10395,BLK-026587,1,16.2,Track Occupied
TRN-10396,BLK-004985,3,69.7,Track Occupied
TRN-10396,BLK-004986,3,69.7,Track Occupied
TRN-10397,BLK-033274,1,49.9,Track Occupied
TRN-10398,BLK-002250,1,25.1,Track Occupied
TRN-10399,BLK-018633,2,67.7,Track Occupied
TRN-10400,BLK-004183,3,59.7,Track Occupied
TRN-10401,BLK-030132,3,34.1,Track Occupied
TRN-10402,BLK-032027,3,85.9,Track Occupied
TRN-10403,BLK-020791,2,74.2,Track Occupied
TRN-10404,BLK-009926,3,77.8,Track Occupied
TRN-10405,BLK-028237,3,82.3,Track Occupied
TRN-10406,BLK-015785,3,91.8,Track Occupied
TRN-10407,BLK-011691,2,76.3,Track Occupied
TRN-10408,BLK-016685,1,13.3,Track Occupied
TRN-10409,BLK-003772,2,71.2,Track Occupied
TRN-10409,BLK-003773,2,71.2,Track Occupied
TRN-10410,BLK-017960,2,50.1,Track Occupied
TRN-10410,BLK-017961,2,50.1,Track Occupied
TRN-10411,BLK-008564,3,69.0,Track Occupied
TRN-10412,BLK-003865,2,88.8,Track Occupied
TRN-10413,BLK-023554,3,80.7,Track Occupied
TRN-10414,BLK-031527,2,49.9,Track Occupied
TRN-10415,BLK-032170,2,66.8,Track Occupied
TRN-10416,BLK-004558,3,66.2,Track Occupied
TRN-10417,BLK-024392,1,30.6,Track Occupied
TRN-10418,BLK-004422,3,98.4,Track Occupied
TRN-10419,BLK-008654,2,68.8,Track Occupied
TRN-10420,BLK-021978,2,53.9,Track Occupied
TRN-10421,BLK-032266,3,65.1,Track Occupied
TRN-10422,BLK-004954,2,77.8,Track Occupied
TRN-10423,BLK-002153,2,74.1,Track Occupied
TRN-10424,BLK-028549,2,65.5,Track Occupied
TRN-10425,BLK-012873,2,60.5,Track Occupied
TRN-10426,BLK-030917,3,78.3,Track Occupied
TRN-10426,BLK-030918,3,78.3,Track Occupied
TRN-10427,BLK-014140,3,74.4,Track Occupied
TRN-10428,BLK-001296,1,42.8,Track Occupied
TRN-10429,BLK-006344,3,75.5,Track Occupied
TRN-10430,BLK-023556,2,87.6,Track Occupied
TRN-10431,BLK-032512,1,22.5,Track Occupied
TRN-10432,BLK-031470,2,63.7,Track Occupied
TRN-10433,BLK-015753,1,59.7,Track Occupied
TRN-10434,BLK-014610,3,68.2,Track Occupied
TRN-10435,BLK-020064,2,58.0,Track Occupied
TRN-10436,BLK-007215,2,48.0,Track Occupied
TRN-10437,BLK-027879,2,80.0,Track Occupied
TRN-10438,BLK-002094,1,57.9,Track Occupied
TRN-10439,BLK-014223,3,75.7,Track Occupied
TRN-10440,BLK-009038,1,39.3,Track Occupied
TRN-10441,BLK-015913,3,63.7,Track Occupied
TRN-10442,BLK-032747,2,72.9,Track Occupied
TRN-10443,BLK-015883,2,60.2,Track Occupied
TRN-10444,BLK-000279,2,78.4,Track Occupied
TRN-10445,BLK-009308,2,45.9,Track Occupied
TRN-10446,BLK-000140,2,55.6,Track Occupied
TRN-10447,BLK-000493,3,57.9,Track Occupied
TRN-10448,BLK-031091,3,87.9,Track Occupied
TRN-10449,BLK-004645,2,76.8,Track Occupied
TRN-10450,BLK-011295,3,54.6,Track Occupied
TRN-10451,BLK-021440,2,79.8,Track Occupied
TRN-10452,BLK-021592,2,70.3,Track Occupied
TRN-10453,BLK-009060,1,38.4,Track Occupied
TRN-10454,BLK-024953,2,50.0,Track Occupied
TRN-10455,BLK-028051,3,71.4,Track Occupied
TRN-10456,BLK-011665,3,99.0,Track Occupied
TRN-10457,BLK-006042,3,60.6,Track Occupied
TRN-10458,BLK-016713,3,99.0,Track Occupied
TRN-10459,BLK-029893,1,49.6,Track Occupied
TRN-10460,BLK-010910,3,66.7,Track Occupied
TRN-10461,BLK-024009,3,62.1,Track Occupied
TRN-10462,BLK-028001,2,99.0,Track Occupied
TRN-10463,BLK-026011,3,77.4,Track Occupied
TRN-10464,BLK-008683,3,75.4,Track Occupied
TRN-10465,BLK-000849,3,81.5,Track Occupied
TRN-10466,BLK-002569,2,73.3,Track Occupied
TRN-10466,BLK-002570,2,73.3,Track Occupied
TRN-10467,BLK-002369,2,46.8,Track Occupied
TRN-10467,BLK-002370,2,46.8,Track Occupied
TRN-10468,BLK-030368,1,52.5,Track Occupied
TRN-10469,BLK-025432,2,43.9,Track Occupied
TRN-10470,BLK-001347,3,76.1,Track Occupied
TRN-10471,BLK-025880,3,61.2,Track Occupied
TRN-10472,BLK-016160,2,96.4,Track Occupied
TRN-10473,BLK-004148,2,54.4,Track Occupied
TRN-10474,BLK-004585,1,44.8,Track Occupied
TRN-10475,BLK-024764,2,47.1,Track Occupied
TRN-10476,BLK-012896,1,9.1,Track Occupied
TRN-10477,BLK-008745,3,73.6,Track Occupied
TRN-10478,BLK-026770,2,65.8,Track Occupied
TRN-10479,BLK-024547,2,61.2,Track Occupied
TRN-10480,BLK-000698,3,92.8,Track Occupied
TRN-10481,BLK-013690,3,54.2,Track Occupied
TRN-10482,BLK-027928,1,38.7,Track Occupied
TRN-10483,BLK-002126,2,89.1,Track Occupied
TRN-10484,BLK-030495,2,96.6,Track Occupied
TRN-10485,BLK-024795,2,61.1,Track Occupied
TRN-10486,BLK-032473,1,30.9,Track Occupied
TRN-10487,BLK-012387,3,83.7,Track Occupied
TRN-10488,BLK-013490,3,72.8,Track Occupied
TRN-10489,BLK-032238,2,74.4,Track Occupied
TRN-10490,BLK-025531,3,79.9,Track Occupied
TRN-10491,BLK-007628,1,42.5,Track Occupied
TRN-10492,BLK-014708,1,12.2,Track Occupied
TRN-10493,BLK-007890,2,73.4,Track Occupied
TRN-10494,BLK-029986,2,72.9,Track Occupied
TRN-10494,BLK-029987,2,72.9,Track Occupied
TRN-10495,BLK-000640,3,80.3,Track Occupied
TRN-10495,BLK-000641,3,80.3,Track Occupied
TRN-10496,BLK-007662,1,47.7,Track Occupied
TRN-10497,BLK-010839,1,10.8,Track Occupied
TRN-10498,BLK-018282,1,18.3,Track Occupied
TRN-10499,BLK-010828,2,73.0,Track Occupied
TRN-10500,BLK-000658,2,79.5,Track Occupied
TRN-10501,BLK-020129,3,78.8,Track Occupied
TRN-10502,BLK-012160,3,86.3,Track Occupied
TRN-10503,BLK-001500,2,68.9,Track Occupied
TRN-10504,BLK-011812,3,61.5,Track Occupied
TRN-10505,BLK-030363,3,91.8,Track Occupied
TRN-10506,BLK-028142,2,95.2,Track Occupied
TRN-10507,BLK-017589,3,64.4,Track Occupied
TRN-10508,BLK-021206,1,46.0,Track Occupied
TRN-10509,BLK-009576,2,61.4,Track Occupied
TRN-10510,BLK-002679,3,72.9,Track Occupied
TRN-10511,BLK-025584,3,55.9,Track Occupied
TRN-10512,BLK-011806,1,5.0,Track Occupied
TRN-10512,BLK-011807,1,5.0,Track Occupied
TRN-10513,BLK-008900,2,87.1,Track Occupied
TRN-10514,BLK-029883,3,69.8,Track Occupied
TRN-10515,BLK-023867,2,87.9,Track Occupied
TRN-10516,BLK-007212,2,80.6,Track Occupied
TRN-10517,BLK-010327,3,48.0,Track Occupied
TRN-10518,BLK-010604,1,30.3,Track Occupied
TRN-10519,BLK-001797,3,78.9,Track Occupied
TRN-10520,BLK-025437,1,7.0,Track Occupied
TRN-10521,BLK-000632,1,70.3,Track Occupied
TRN-10522,BLK-024748,3,40.1,Track Occupied
TRN-10523,BLK-002563,2,63.6,Track Occupied
TRN-10524,BLK-018439,2,68.6,Track Occupied
TRN-10525,BLK-004430,1,53.0,Track Occupied
TRN-10526,BLK-006042,2,47.8,Track Occupied
TRN-10527,BLK-022274,3,72.2,Track Occupied
TRN-10528,BLK-002869,3,77.4,Track Occupied
TRN-10529,BLK-008474,3,80.6,Track Occupied
TRN-10530,BLK-024471,1,23.8,Track Occupied
TRN-10531,BLK-019169,2,54.7,Track Occupied
TRN-10532,BLK-019279,1,5.0,Track Occupied
TRN-10533,BLK-011754,2,73.3,Track Occupied
TRN-10533,BLK-011755,2,73.3,Track Occupied
TRN-10534,BLK-031705,3,91.8,Track Occupied
TRN-10535,BLK-007834,3,62.0,Track Occupied
TRN-10536,BLK-008271,3,86.1,Track Occupied
TRN-10537,BLK-014823,2,97.4,Track Occupied
TRN-10538,BLK-032085,3,69.4,Track Occupied
TRN-10539,BLK-020876,2,81.5,Track Occupied
TRN-10540,BLK-013474,3,42.4,Track Occupied
TRN-10541,BLK-029733,3,88.5,Track Occupied
TRN-10542,BLK-016135,3,87.4,Track Occupied
TRN-10543,BLK-025702,3,75.9,Track Occupied
TRN-10544,BLK-016673,2,77.6,Track Occupied
TRN-10545,BLK-022538,3,94.3,Track Occupied
TRN-10546,BLK-030720,2,78.2,Track Occupied
TRN-10547,BLK-030118,1,49.1,Track Occupied
TRN-10548,BLK-002244,1,55.5,Track Occupied
TRN-10549,BLK-028324,3,73.0,Track Occupied
TRN-10550,BLK-003394,3,77.3,Track Occupied
TRN-10551,BLK-027425,3,82.0,Track Occupied
TRN-10552,BLK-020608,2,83.2,Track Occupied
TRN-10553,BLK-024734,2,53.9,Track Occupied
TRN-10554,BLK-024916,1,45.3,Track Occupied
TRN-10555,BLK-012190,2,83.5,Track Occupied
TRN-10556,BLK-023019,1,35.3,Track Occupied
TRN-10557,BLK-026963,2,41.9,Track Occupied
TRN-10558,BLK-017431,2,87.4,Track Occupied
TRN-10559,BLK-009979,2,43.1,Track Occupied
TRN-10560,BLK-030532,3,41.9,Track Occupied
TRN-10561,BLK-002880,2,96.0,Track Occupied
TRN-10562,BLK-027319,3,94.2,Track Occupied
TRN-10563,BLK-029283,3,58.5,Track Occupied
TRN-10564,BLK-033327,2,69.0,Track Occupied
TRN-10565,BLK-011964,2,99.0,Track Occupied
TRN-10566,BLK-005489,2,72.0,Track Occupied
TRN-10566,BLK-005490,2,72.0,Track Occupied
TRN-10567,BLK-009862,3,89.3,Track Occupied
TRN-10568,BLK-004118,2,84.5,Track Occupied
TRN-10569,BLK-016473,2,85.4,Track Occupied
TRN-10570,BLK-026396,1,64.6,Track Occupied
TRN-10571,BLK-000474,3,50.5,Track Occupied
TRN-10572,BLK-023357,2,97.9,Track Occupied
TRN-10573,BLK-031887,1,22.2,Track Occupied
TRN-10574,BLK-029719,2,79.7,Track Occupied
TRN-10575,BLK-022402,3,77.0,Track Occupied
TRN-10576,BLK-002675,2,72.9,Track Occupied
TRN-10577,BLK-007175,3,63.3,Track Occupied
TRN-10578,BLK-014228,2,86.9,Track Occupied
TRN-10579,BLK-008110,2,74.2,Track Occupied
TRN-10580,BLK-019004,3,73.1,Track Occupied
TRN-10581,BLK-011477,1,21.8,Track Occupied
TRN-10582,BLK-013666,2,55.1,Track Occupied
TRN-10583,BLK-030335,3,61.6,Track Occupied
TRN-10584,BLK-033478,3,48.7,Track Occupied
TRN-10585,BLK-017296,3,77.6,Track Occupied
TRN-10586,BLK-020129,3,71.7,Track Occupied
TRN-10587,BLK-023217,2,78.3,Track Occupied
TRN-10587,BLK-023218,2,78.3,Track Occupied
TRN-10588,BLK-026701,1,13.2,Track Occupied
TRN-10589,BLK-004457,1,32.3,Track Occupied
TRN-10590,BLK-010374,3,79.3,Track Occupied
TRN-10591,BLK-030061,3,79.2,Track Occupied
TRN-10592,BLK-014329,2,60.4,Track Occupied
TRN-10593,BLK-029768,3,81.5,Track Occupied
TRN-10594,BLK-022595,3,80.3,Track Occupied
TRN-10595,BLK-017173,2,82.2,Track Occupied
TRN-10596,BLK-006316,1,16.9,Track Occupied
TRN-10597,BLK-030643,3,45.0,Track Occupied
TRN-10598,BLK-031717,2,81.7,Track Occupied
TRN-10599,BLK-022503,2,87.4,Track Occupied
TRN-10600,BLK-019555,3,88.6,Track Occupied
TRN-10601,BLK-017356,2,87.6,Track Occupied
TRN-10602,BLK-020904,1,38.4,Track Occupied
TRN-10603,BLK-009299,2,25.0,Track Occupied
TRN-10604,BLK-031706,3,74.2,Track Occupied
TRN-10605,BLK-003830,2,54.9,Track Occupied
TRN-10606,BLK-011508,1,37.5,Track Occupied
TRN-10607,BLK-013874,3,55.1,Track Occupied
TRN-10608,BLK-030517,2,71.8,Track Occupied
TRN-10609,BLK-000247,2,81.8,Track Occupied
TRN-10610,BLK-010767,3,99.0,Track Occupied
TRN-10611,BLK-005451,2,73.5,Track Occupied
TRN-10612,BLK-023783,3,67.6,Track Occupied
TRN-10613,BLK-018053,2,39.5,Track Occupied
TRN-10614,BLK-033061,3,89.8,Track Occupied
TRN-10615,BLK-011447,1,21.4,Track Occupied
TRN-10616,BLK-013722,3,59.8,Track Occupied
TRN-10617,BLK-030690,2,98.8,Track Occupied
TRN-10618,BLK-020795,2,60.9,Track Occupied
TRN-10619,BLK-019075,1,53.4,Track Occupied
TRN-10619,BLK-019076,1,53.4,Track Occupied
TRN-10620,BLK-011219,2,47.4,Track Occupied
TRN-10621,BLK-029493,2,73.1,Track Occupied
TRN-10621,BLK-029494,2,73.1,Track Occupied
TRN-10622,BLK-006488,2,86.3,Track Occupied
TRN-10623,BLK-010013,2,62.8,Track Occupied
TRN-10624,BLK-021706,3,62.2,Track Occupied
TRN-10625,BLK-023784,1,24.4,Track Occupied
TRN-10626,BLK-028472,2,93.0,Track Occupied
TRN-10627,BLK-021665,2,68.4,Track Occupied
TRN-10628,BLK-002707,2,65.3,Track Occupied
TRN-10629,BLK-027237,2,48.5,Track Occupied
TRN-10630,BLK-024037,2,74.5,Track Occupied
TRN-10631,BLK-028189,3,94.2,Track Occupied
TRN-10632,BLK-002247,3,73.0,Track Occupied
TRN-10633,BLK-015729,2,68.8,Track Occupied
TRN-10634,BLK-016917,3,50.1,Track Occupied
TRN-10635,BLK-005849,1,5.0,Track Occupied
TRN-10636,BLK-000346,2,78.9,Track Occupied
TRN-10637,BLK-012977,2,83.3,Track Occupied
TRN-10638,BLK-017484,2,78.0,Track Occupied
TRN-10639,BLK-029670,1,22.0,Track Occupied
TRN-10640,BLK-017052,3,67.7,Track Occupied
TRN-10641,BLK-024916,3,78.8,Track Occupied
TRN-10641,BLK-024917,3,78.8,Track Occupied
TRN-10642,BLK-001988,2,89.7,Track Occupied
TRN-10643,BLK-032952,3,69.3,Track Occupied
TRN-10644,BLK-011129,2,25.0,Track Occupied
TRN-10645,BLK-025650,3,77.9,Track Occupied
TRN-10646,BLK-018497,1,43.1,Track Occupied
TRN-10647,BLK-032318,3,98.9,Track Occupied
TRN-10648,BLK-021824,2,82.2,Track Occupied
TRN-10649,BLK-015209,2,78.7,Track Occupied
TRN-10650,BLK-008851,3,94.3,Track Occupied
TRN-10650,BLK-008852,3,94.3,Track Occupied
TRN-10651,BLK-032470,1,28.8,Track Occupied
TRN-10652,BLK-029037,1,24.7,Track Occupied
TRN-10653,BLK-025985,3,46.8,Track Occupied
TRN-10654,BLK-004655,1,15.7,Track Occupied
TRN-10655,BLK-003888,3,73.4,Track Occupied
TRN-10656,BLK-003282,1,18.5,Track Occupied
TRN-10657,BLK-000167,3,49.9,Track Occupied
TRN-10658,BLK-001313,1,46.0,Track Occupied
TRN-10659,BLK-004738,1,52.8,Track Occupied
TRN-10660,BLK-001179,1,5.0,Track Occupied
TRN-10661,BLK-019109,2,68.6,Track Occupied
TRN-10662,BLK-017078,3,52.4,Track Occupied
TRN-10663,BLK-019401,3,85.7,Track Occupied
TRN-10664,BLK-030859,3,93.9,Track Occupied
TRN-10665,BLK-020921,3,41.0,Track Occupied
TRN-10666,BLK-033440,2,80.0,Track Occupied
TRN-10666,BLK-033441,2,80.0,Track Occupied
TRN-10667,BLK-007534,3,65.6,Track Occupied
TRN-10668,BLK-020199,1,31.5,Track Occupied
TRN-10669,BLK-030220,3,95.6,Track Occupied
TRN-10670,BLK-025638,3,56.2,Track Occupied
TRN-10671,BLK-009899,2,85.7,Track Occupied
TRN-10672,BLK-008085,3,73.2,Track Occupied
TRN-10673,BLK-027058,1,35.4,Track Occupied
TRN-10674,BLK-006401,1,15.9,Track Occupied
TRN-10675,BLK-032239,1,40.3,Track Occupied
TRN-10676,BLK-028610,2,71.9,Track Occupied
TRN-10676,BLK-028611,2,71.9,Track Occupied
TRN-10677,BLK-011955,3,80.5,Track Occupied
TRN-10678,BLK-009313,3,71.9,Track Occupied
TRN-10679,BLK-027752,2,86.0,Track Occupied
TRN-10680,BLK-027138,3,68.3,Track Occupied
TRN-10681,BLK-026770,2,93.5,Track Occupied
TRN-10682,BLK-015734,2,72.0,Track Occupied
TRN-10683,BLK-001547,3,58.3,Track Occupied
TRN-10684,BLK-011616,2,64.4,Track Occupied
TRN-10685,BLK-024083,1,52.2,Track Occupied
TRN-10686,BLK-000348,3,88.9,Track Occupied
TRN-10687,BLK-005984,2,55.9,Track Occupied
TRN-10688,BLK-024807,2,62.5,Track Occupied
TRN-10689,BLK-013920,1,37.2,Track Occupied
TRN-10690,BLK-000980,2,89.7,Track Occupied
TRN-10691,BLK-032300,2,43.7,Track Occupied
TRN-10692,BLK-030303,2,88.2,Track Occupied
TRN-10693,BLK-017400,2,59.8,Track Occupied
TRN-10694,BLK-015701,3,80.3,Track Occupied
TRN-10695,BLK-016382,3,48.5,Track Occupied
TRN-10696,BLK-027374,3,86.6,Track Occupied
TRN-10697,BLK-026379,2,72.3,Track Occupied
TRN-10698,BLK-014201,1,35.8,Track Occupied
TRN-10699,BLK-023692,3,60.6,Track Occupied
TRN-10700,BLK-002846,3,82.0,Track Occupied
TRN-10701,BLK-002539,1,30.5,Track Occupied
TRN-10702,BLK-027468,3,67.0,Track Occupied
TRN-10703,BLK-025341,3,46.7,Track Occupied
TRN-10704,BLK-009303,3,50.1,Track Occupied
TRN-10705,BLK-004292,2,57.3,Track Occupied
TRN-10706,BLK-026376,2,80.9,Track Occupied
TRN-10707,BLK-025114,3,79.5,Track Occupied
TRN-10708,BLK-010044,2,77.6,Track Occupied
TRN-10709,BLK-023112,3,81.7,Track Occupied
TRN-10710,BLK-021540,1,52.3,Track Occupied
TRN-10711,BLK-010830,3,82.1,Track Occupied
TRN-10712,BLK-018408,2,77.9,Track Occupied
TRN-10713,BLK-028666,3,91.4,Track Occupied
TRN-10714,BLK-002088,3,54.2,Track Occupied
TRN-10715,BLK-024296,1,54.6,Track Occupied
TRN-10716,BLK-010758,3,59.6,Track Occupied
TRN-10717,BLK-025137,2,87.9,Track Occupied
TRN-10718,BLK-031899,2,84.6,Track Occupied
TRN-10719,BLK-013256,3,91.3,Track Occupied
TRN-10720,BLK-004073,2,40.2,Track Occupied
TRN-10721,BLK-014764,2,84.9,Track Occupied
TRN-10722,BLK-032149,2,55.7,Track Occupied
TRN-10723,BLK-011258,2,73.3,Track Occupied
TRN-10724,BLK-008690,3,77.4,Track Occupied
TRN-10725,BLK-026627,3,53.7,Track Occupied
TRN-10726,BLK-025535,1,51.3,Track Occupied
TRN-10727,BLK-032624,3,38.6,Track Occupied
TRN-10728,BLK-004602,3,87.3,Track Occupied
TRN-10729,BLK-029458,2,63.4,Track Occupied
TRN-10730,BLK-011065,3,90.7,Track Occupied
TRN-10731,BLK-033385,1,40.0,Track Occupied
TRN-10732,BLK-012352,2,57.8,Track Occupied
TRN-10733,BLK-017083,2,87.6,Track Occupied
TRN-10734,BLK-019457,2,64.8,Track Occupied
TRN-10735,BLK-023101,2,55.7,Track Occupied
TRN-10736,BLK-017270,3,85.9,Track Occupied
TRN-10736,BLK-017271,3,85.9,Track Occupied
TRN-10737,BLK-006930,3,73.1,Track Occupied
TRN-10738,BLK-032146,2,90.7,Track Occupied
TRN-10739,BLK-023477,2,61.4,Track Occupied
TRN-10740,BLK-023210,1,23.3,Track Occupied
TRN-10741,BLK-010390,1,42.9,Track Occupied
TRN-10742,BLK-014437,2,91.9,Track Occupied
TRN-10743,BLK-026136,2,77.8,Track Occupied
TRN-10744,BLK-005999,2,68.5,Track Occupied
TRN-10745,BLK-032407,1,50.6,Track Occupied
TRN-10746,BLK-012688,3,84.8,Track Occupied
TRN-10747,BLK-011232,2,46.4,Track Occupied
TRN-10748,BLK-025753,1,5.0,Track Occupied
TRN-10749,BLK-011146,2,51.4,Track Occupied
TRN-10750,BLK-011536,3,75.5,Track Occupied
TRN-10751,BLK-012474,3,79.7,Track Occupied
TRN-10752,BLK-004478,3,41.4,Track Occupied
TRN-10753,BLK-019371,2,71.2,Track Occupied
TRN-10754,BLK-000252,3,48.2,Track Occupied
TRN-10755,BLK-015641,2,53.7,Track Occupied
TRN-10756,BLK-010056,3,90.6,Track Occupied
TRN-10757,BLK-019610,3,62.4,Track Occupied
TRN-10758,BLK-023210,2,56.0,Track Occupied
TRN-10759,BLK-000326,2,73.9,Track Occupied
TRN-10760,BLK-001681,2,79.0,Track Occupied
TRN-10761,BLK-022515,1,53.8,Track Occupied
TRN-10762,BLK-031763,3,58.1,Track Occupied
TRN-10763,BLK-017323,3,60.9,Track Occupied
TRN-10764,BLK-018516,2,94.0,Track Occupied
TRN-10765,BLK-004312,3,55.8,Track Occupied
TRN-10765,BLK-004313,3,55.8,Track Occupied
TRN-10766,BLK-009704,2,83.2,Track Occupied
TRN-10767,BLK-007782,3,80.8,Track Occupied
TRN-10768,BLK-023486,2,71.8,Track Occupied
TRN-10769,BLK-025877,3,90.5,Track Occupied
TRN-10770,BLK-032671,3,67.9,Track Occupied
TRN-10771,BLK-015301,1,16.2,Track Occupied
TRN-10772,BLK-019943,3,56.4,Track Occupied
TRN-10773,BLK-005251,3,56.3,Track Occupied
TRN-10774,BLK-024100,3,73.8,Track Occupied
TRN-10775,BLK-015475,2,67.2,Track Occupied
TRN-10776,BLK-002308,3,67.9,Track Occupied
TRN-10777,BLK-006322,2,87.6,Track Occupied
TRN-10778,BLK-012198,2,95.9,Track Occupied
TRN-10779,BLK-002327,2,99.0,Track Occupied
TRN-10780,BLK-017859,2,76.3,Track Occupied
TRN-10781,BLK-018921,3,70.8,Track Occupied
TRN-10782,BLK-004318,1,36.6,Track Occupied
TRN-10782,BLK-004319,1,36.6,Track Occupied
TRN-10783,BLK-012615,3,45.3,Track Occupied
TRN-10784,BLK-023492,1,20.0,Track Occupied
TRN-10785,BLK-006660,2,58.4,Track Occupied
TRN-10786,BLK-000619,2,78.8,Track Occupied
TRN-10787,BLK-008890,2,56.2,Track Occupied
TRN-10788,BLK-015231,2,86.0,Track Occupied
TRN-10789,BLK-002057,1,43.3,Track Occupied
TRN-10789,BLK-002058,1,43.3,Track Occupied
TRN-10790,BLK-031568,3,80.3,Track Occupied
TRN-10791,BLK-011861,3,50.1,Track Occupied
TRN-10792,BLK-006292,1,21.0,Track Occupied
TRN-10793,BLK-015133,2,73.0,Track Occupied
TRN-10794,BLK-025561,2,72.4,Track Occupied
TRN-10795,BLK-012742,2,88.5,Track Occupied
TRN-10796,BLK-006637,2,67.0,Track Occupied
TRN-10797,BLK-001290,1,61.9,Track Occupied
TRN-10798,BLK-020351,3,88.7,Track Occupied
TRN-10799,BLK-012994,2,60.5,Track Occupied
TRN-10800,BLK-030082,1,29.7,Track Occupied
TRN-10800,BLK-030083,1,29.7,Track Occupied
TRN-10801,BLK-027664,2,58.5,Track Occupied
TRN-10802,BLK-026797,2,66.6,Track Occupied
TRN-10803,BLK-003748,2,74.5,Track Occupied
TRN-10804,BLK-031916,2,51.5,Track Occupied
TRN-10805,BLK-032310,3,75.7,Track Occupied
TRN-10806,BLK-007141,3,87.2,Track Occupied
TRN-10807,BLK-004882,2,70.7,Track Occupied
TRN-10808,BLK-015337,2,66.1,Track Occupied
TRN-10809,BLK-030377,3,47.9,Track Occupied
TRN-10810,BLK-027551,3,53.6,Track Occupied
TRN-10811,BLK-026929,2,64.4,Track Occupied
TRN-10812,BLK-020141,3,75.8,Track Occupied
TRN-10813,BLK-006961,3,32.1,Track Occupied
TRN-10814,BLK-006154,2,58.2,Track Occupied
TRN-10815,BLK-003185,1,21.4,Track Occupied
TRN-10816,BLK-002839,1,68.1,Track Occupied
TRN-10817,BLK-015435,2,70.9,Track Occupied
TRN-10818,BLK-032950,3,71.7,Track Occupied
TRN-10819,BLK-015306,2,81.2,Track Occupied
TRN-10819,BLK-015307,2,81.2,Track Occupied
TRN-10820,BLK-018254,2,88.3,Track Occupied
TRN-10821,BLK-028780,2,97.7,Track Occupied
TRN-10822,BLK-000605,2,68.1,Track Occupied
TRN-10823,BLK-002847,2,82.1,Track Occupied
TRN-10824,BLK-004779,2,65.7,Track Occupied
TRN-10825,BLK-027831,2,71.7,Track Occupied
TRN-10826,BLK-019957,3,72.0,Track Occupied
TRN-10827,BLK-031637,2,75.6,Track Occupied
TRN-10828,BLK-024011,2,75.5,Track Occupied
TRN-10829,BLK-002885,3,64.9,Track Occupied
TRN-10830,BLK-022002,3,47.8,Track Occupied
TRN-10831,BLK-012398,1,40.4,Track Occupied
TRN-10832,BLK-021025,3,61.6,Track Occupied
TRN-10833,BLK-010613,3,57.8,Track Occupied
TRN-10834,BLK-021415,2,58.5,Track Occupied
TRN-10835,BLK-010779,3,60.4,Track Occupied
TRN-10836,BLK-009966,3,58.1,Track Occupied
TRN-10837,BLK-021349,1,44.2,Track Occupied
TRN-10838,BLK-004400,1,44.3,Track Occupied
TRN-10839,BLK-004636,1,39.6,Track Occupied
TRN-10840,BLK-010511,2,76.9,Track Occupied
TRN-10841,BLK-028095,2,73.5,Track Occupied
TRN-10842,BLK-024247,2,85.8,Track Occupied
TRN-10843,BLK-023142,2,64.9,Track Occupied
TRN-10844,BLK-013189,2,99.0,Track Occupied
TRN-10845,BLK-023691,3,99.0,Track Occupied
TRN-10846,BLK-004627,2,56.4,Track Occupied
TRN-10846,BLK-004628,2,56.4,Track Occupied
TRN-10847,BLK-024520,1,16.3,Track Occupied
TRN-10848,BLK-013439,3,66.7,Track Occupied
TRN-10849,BLK-004861,3,99.0,Track Occupied
TRN-10850,BLK-027037,3,74.9,Track Occupied
TRN-10851,BLK-000921,3,76.7,Track Occupied
TRN-10852,BLK-029699,1,24.4,Track Occupied
TRN-10853,BLK-027220,2,99.0,Track Occupied
TRN-10853,BLK-027221,2,99.0,Track Occupied
TRN-10854,BLK-013964,2,76.1,Track Occupied
TRN-10855,BLK-027571,3,99.0,Track Occupied
TRN-10856,BLK-025063,3,60.8,Track Occupied
TRN-10857,BLK-030289,3,61.5,Track Occupied
TRN-10858,BLK-026373,3,55.6,Track Occupied
TRN-10859,BLK-018343,1,38.4,Track Occupied
TRN-10860,BLK-026123,3,58.0,Track Occupied
TRN-10861,BLK-020157,3,98.3,Track Occupied
TRN-10862,BLK-012050,3,83.7,Track Occupied
TRN-10863,BLK-006750,3,74.9,Track Occupied
TRN-10864,BLK-030507,3,68.5,Track Occupied
TRN-10865,BLK-000591,2,80.5,Track Occupied
TRN-10866,BLK-003617,2,72.0,Track Occupied
TRN-10867,BLK-025186,3,83.0,Track Occupied
TRN-10868,BLK-021261,2,29.7,Track Occupied
TRN-10869,BLK-023528,2,86.3,Track Occupied
TRN-10870,BLK-005523,3,98.4,Track Occupied
TRN-10871,BLK-026915,1,28.1,Track Occupied
TRN-10872,BLK-010988,2,46.3,Track Occupied
TRN-10873,BLK-011638,3,54.2,Track Occupied
TRN-10874,BLK-017205,3,66.7,Track Occupied
TRN-10875,BLK-005466,3,72.9,Track Occupied
TRN-10876,BLK-007485,3,72.3,Track Occupied
TRN-10877,BLK-007034,2,74.3,Track Occupied
TRN-10878,BLK-028185,2,70.5,Track Occupied
TRN-10879,BLK-000031,2,48.4,Track Occupied
TRN-10880,BLK-005783,2,57.8,Track Occupied
TRN-10881,BLK-000794,2,91.9,Track Occupied
TRN-10882,BLK-016097,1,5.0,Track Occupied
TRN-10883,BLK-027060,2,53.1,Track Occupied
TRN-10884,BLK-003498,3,78.1,Track Occupied
TRN-10885,BLK-024566,3,71.9,Track Occupied
TRN-10886,BLK-006899,3,66.7,Track Occupied
TRN-10887,BLK-027916,2,49.2,Track Occupied
TRN-10888,BLK-027573,3,70.5,Track Occupied
TRN-10889,BLK-004621,2,52.9,Track Occupied
TRN-10890,BLK-018488,1,36.0,Track Occupied
TRN-10891,BLK-006060,3,75.3,Track Occupied
TRN-10892,BLK-004946,3,48.6,Track Occupied
TRN-10893,BLK-028290,1,28.2,Track Occupied
TRN-10893,BLK-028291,1,28.2,Track Occupied
TRN-10894,BLK-021429,2,36.7,Track Occupied
TRN-10895,BLK-012416,3,82.1,Track Occupied
TRN-10896,BLK-025604,2,80.2,Track Occupied
TRN-10897,BLK-004808,3,79.7,Track Occupied
TRN-10898,BLK-008308,1,33.0,Track Occupied
TRN-10899,BLK-001294,2,76.6,Track Occupied
TRN-10900,BLK-002053,2,62.6,Track Occupied
TRN-10901,BLK-029953,2,80.4,Track Occupied
TRN-10902,BLK-004465,1,31.2,Track Occupied
TRN-10903,BLK-005215,1,36.9,Track Occupied
TRN-10904,BLK-006500,2,74.3,Track Occupied
TRN-10905,BLK-022620,3,62.6,Track Occupied
TRN-10906,BLK-030249,2,60.2,Track Occupied
TRN-10907,BLK-003242,2,61.0,Track Occupied
TRN-10908,BLK-031234,2,68.3,Track Occupied
TRN-10909,BLK-030678,2,71.8,Track Occupied
TRN-10910,BLK-011316,1,24.1,Track Occupied
TRN-10911,BLK-005306,1,14.5,Track Occupied
TRN-10912,BLK-023198,3,64.6,Track Occupied
TRN-10913,BLK-012810,3,60.3,Track Occupied
TRN-10914,BLK-006251,2,90.7,Track Occupied
TRN-10915,BLK-011405,2,57.9,Track Occupied
TRN-10916,BLK-031834,2,96.2,Track Occupied
TRN-10917,BLK-015009,3,80.3,Track Occupied
TRN-10918,BLK-027793,2,99.0,Track Occupied
TRN-10919,BLK-016822,1,48.3,Track Occupied
TRN-10920,BLK-022185,2,65.3,Track Occupied
TRN-10921,BLK-016998,3,70.2,Track Occupied
TRN-10922,BLK-015465,2,81.2,Track Occupied
TRN-10923,BLK-030507,3,83.2,Track Occupied
TRN-10924,BLK-032910,2,52.6,Track Occupied
TRN-10925,BLK-016746,2,73.5,Track Occupied
TRN-10926,BLK-007804,3,52.6,Track Occupied
TRN-10927,BLK-014610,1,46.3,Track Occupied
TRN-10928,BLK-009192,3,55.9,Track Occupied
TRN-10929,BLK-006743,1,47.6,Track Occupied
TRN-10930,BLK-001287,1,37.3,Track Occupied
TRN-10930,BLK-001288,1,37.3,Track Occupied
TRN-10931,BLK-023984,1,12.0,Track Occupied
TRN-10932,BLK-022689,3,59.6,Track Occupied
TRN-10933,BLK-016523,3,48.3,Track Occupied
TRN-10934,BLK-015202,1,34.1,Track Occupied
TRN-10935,BLK-001850,3,77.9,Track Occupied
TRN-10936,BLK-010202,2,98.6,Track Occupied
TRN-10937,BLK-011898,2,66.8,Track Occupied
TRN-10938,BLK-030571,2,95.7,Track Occupied
TRN-10939,BLK-021299,3,92.6,Track Occupied
TRN-10940,BLK-024482,2,89.9,Track Occupied
TRN-10941,BLK-031039,1,44.3,Track Occupied
TRN-10942,BLK-000562,3,79.5,Track Occupied
TRN-10943,BLK-007560,1,14.6,Track Occupied
TRN-10944,BLK-005411,2,89.2,Track Occupied
TRN-10945,BLK-029337,3,52.9,Track Occupied
TRN-10946,BLK-029425,3,48.6,Track Occupied
TRN-10947,BLK-013390,3,60.7,Track Occupied
TRN-10948,BLK-028619,1,13.5,Track Occupied
TRN-10949,BLK-016405,2,72.0,Track Occupied
TRN-10950,BLK-011969,3,82.0,Track Occupied
TRN-10951,BLK-032651,2,93.8,Track Occupied
TRN-10952,BLK-005935,2,89.6,Track Occupied
TRN-10953,BLK-013129,2,53.3,Track Occupied
TRN-10954,BLK-016522,2,65.2,Track Occupied
TRN-10955,BLK-029312,2,70.1,Track Occupied
TRN-10956,BLK-012122,3,73.7,Track Occupied
TRN-10957,BLK-022587,3,65.0,Track Occupied
TRN-10958,BLK-024184,2,88.5,Track Occupied
TRN-10959,BLK-016742,2,76.3,Track Occupied
TRN-10960,BLK-031567,1,39.7,Track Occupied
TRN-10961,BLK-002021,3,99.0,Track Occupied
TRN-10962,BLK-009677,3,71.3,Track Occupied
TRN-10963,BLK-025181,3,78.3,Track Occupied
TRN-10964,BLK-004911,3,73.1,Track Occupied
TRN-10965,BLK-033314,2,67.0,Track Occupied
TRN-10966,BLK-023646,2,64.8,Track Occupied
TRN-10967,BLK-001704,1,11.6,Track Occupied
TRN-10968,BLK-023590,2,73.6,Track Occupied
TRN-10969,BLK-003212,3,45.9,Track Occupied
TRN-10970,BLK-018857,2,99.0,Track Occupied
TRN-10971,BLK-023726,2,99.0,Track Occupied
TRN-10972,BLK-026819,3,70.8,Track Occupied
TRN-10973,BLK-008081,3,87.6,Track Occupied
TRN-10974,BLK-013525,1,57.2,Track Occupied
TRN-10975,BLK-033049,2,78.9,Track Occupied
TRN-10976,BLK-005582,3,50.5,Track Occupied
TRN-10977,BLK-012659,3,89.2,Track Occupied
TRN-10978,BLK-023232,3,81.9,Track Occupied
TRN-10979,BLK-009872,3,94.7,Track Occupied
TRN-10980,BLK-000246,3,99.0,Track Occupied
TRN-10981,BLK-020178,3,88.5,Track Occupied
TRN-10982,BLK-003459,2,88.9,Track Occupied
TRN-10983,BLK-033451,2,90.0,Track Occupied
TRN-10984,BLK-006464,3,82.7,Track Occupied
TRN-10984,BLK-006465,3,82.7,Track Occupied
TRN-10985,BLK-021241,3,94.3,Track Occupied
TRN-10986,BLK-018263,2,70.5,Track Occupied
TRN-10987,BLK-015620,2,36.4,Track Occupied
TRN-10988,BLK-009193,1,56.1,Track Occupied
TRN-10988,BLK-009194,1,56.1,Track Occupied
TRN-10989,BLK-022204,1,32.7,Track Occupied
TRN-10990,BLK-009615,2,36.4,Track Occupied
TRN-10991,BLK-010206,3,35.9,Track Occupied
TRN-10992,BLK-003321,3,79.3,Track Occupied
TRN-10993,BLK-020086,2,56.8,Track Occupied
TRN-10994,BLK-021277,1,36.7,Track Occupied
TRN-10995,BLK-016375,3,86.4,Track Occupied
TRN-10996,BLK-002458,2,54.6,Track Occupied
TRN-10997,BLK-015613,3,59.7,Track Occupied
TRN-10998,BLK-020875,3,86.1,Track Occupied
TRN-10999,BLK-017278,1,35.6,Track Occupied
TRN-11000,BLK-028335,1,44.5,Track Occupied
TRN-11001,BLK-017340,2,76.8,Track Occupied
TRN-11002,BLK-007913,3,37.9,Track Occupied
TRN-11003,BLK-029722,3,60.8,Track Occupied
TRN-11004,BLK-033392,3,99.0,Track Occupied
TRN-11005,BLK-011986,2,81.9,Track Occupied
TRN-11006,BLK-009499,3,78.5,Track Occupied
TRN-11007,BLK-021735,2,57.7,Track Occupied
TRN-11008,BLK-000854,2,66.3,Track Occupied
TRN-11009,BLK-021408,3,77.5,Track Occupied
TRN-11010,BLK-021783,3,67.8,Track Occupied
TRN-11011,BLK-010581,2,66.0,Track Occupied
TRN-11012,BLK-012037,3,99.0,Track Occupied
TRN-11013,BLK-023444,3,86.1,Track Occupied
TRN-11014,BLK-029124,3,84.2,Track Occupied
TRN-11015,BLK-027422,2,64.1,Track Occupied
TRN-11016,BLK-000937,2,70.0,Track Occupied
TRN-11017,BLK-017169,3,70.2,Track Occupied
TRN-11018,BLK-000077,2,76.9,Track Occupied
TRN-11019,BLK-001509,1,37.5,Track Occupied
TRN-11020,BLK-031054,2,73.8,Track Occupied
TRN-11021,BLK-011638,1,5.0,Track Occupied
TRN-11022,BLK-000678,2,60.4,Track Occupied
TRN-11022,BLK-000679,2,60.4,Track Occupied
TRN-11023,BLK-010829,3,63.3,Track Occupied
TRN-11024,BLK-027394,3,87.9,Track Occupied
TRN-11025,BLK-002111,3,97.3,Track Occupied
TRN-11026,BLK-023825,2,60.2,Track Occupied
TRN-11027,BLK-005677,2,50.9,Track Occupied
TRN-11028,BLK-029356,2,99.0,Track Occupied
TRN-11029,BLK-010198,2,62.7,Track Occupied
TRN-11029,BLK-010199,2,62.7,Track Occupied
TRN-11030,BLK-031412,1,38.5,Track Occupied
TRN-11031,BLK-024626,2,78.2,Track Occupied
TRN-11032,BLK-007433,3,58.6,Track Occupied
TRN-11033,BLK-019122,3,99.0,Track Occupied
TRN-11034,BLK-006469,2,68.1,Track Occupied
TRN-11035,BLK-023946,2,54.1,Track Occupied
TRN-11036,BLK-023866,3,62.4,Track Occupied
TRN-11037,BLK-010769,2,92.5,Track Occupied
TRN-11038,BLK-015150,3,79.9,Track Occupied
TRN-11039,BLK-032135,3,65.9,Track Occupied
TRN-11040,BLK-015600,2,66.8,Track Occupied
TRN-11041,BLK-031618,2,55.0,Track Occupied
TRN-11042,BLK-014324,2,64.8,Track Occupied
TRN-11043,BLK-005245,2,54.3,Track Occupied
TRN-11044,BLK-031739,2,76.4,Track Occupied
TRN-11045,BLK-003457,2,62.4,Track Occupied
TRN-11046,BLK-001372,3,85.5,Track Occupied
TRN-11047,BLK-015220,1,28.5,Track Occupied
TRN-11048,BLK-024517,3,59.2,Track Occupied
TRN-11049,BLK-020078,3,47.2,Track Occupied
TRN-11050,BLK-003248,3,77.9,Track Occupied
TRN-11051,BLK-028203,2,75.3,Track Occupied
TRN-11052,BLK-031135,2,80.7,Track Occupied
TRN-11053,BLK-015450,1,35.8,Track Occupied
TRN-11054,BLK-024264,2,85.6,Track Occupied
TRN-11055,BLK-007216,2,55.7,Track Occupied
TRN-11056,BLK-010220,1,36.2,Track Occupied
TRN-11057,BLK-021502,2,53.2,Track Occupied
TRN-11058,BLK-029053,1,37.9,Track Occupied
TRN-11059,BLK-017827,1,41.6,Track Occupied
TRN-11060,BLK-010223,3,63.6,Track Occupied
TRN-11061,BLK-010305,2,62.3,Track Occupied
TRN-11062,BLK-018108,3,86.4,Track Occupied
TRN-11063,BLK-020990,2,99.0,Track Occupied
TRN-11064,BLK-023405,3,72.1,Track Occupied
TRN-11065,BLK-006369,2,72.4,Track Occupied
TRN-11066,BLK-032385,2,63.4,Track Occupied
TRN-11067,BLK-026234,2,63.2,Track Occupied
TRN-11067,BLK-026235,2,63.2,Track Occupied
TRN-11068,BLK-012229,2,65.8,Track Occupied
TRN-11069,BLK-014466,2,83.7,Track Occupied
TRN-11070,BLK-010398,2,82.6,Track Occupied
TRN-11071,BLK-001657,2,51.5,Track Occupied
TRN-11072,BLK-011427,2,82.6,Track Occupied
TRN-11073,BLK-027886,2,77.1,Track Occupied
TRN-11074,BLK-003444,1,44.6,Track Occupied
TRN-11075,BLK-015558,2,63.0,Track Occupied
TRN-11076,BLK-029240,2,78.7,Track Occupied
TRN-11077,BLK-008247,2,75.8,Track Occupied
TRN-11078,BLK-003309,2,85.9,Track Occupied
TRN-11079,BLK-003280,3,76.4,Track Occupied
TRN-11080,BLK-016900,3,66.0,Track Occupied
TRN-11081,BLK-021895,3,86.6,Track Occupied
TRN-11082,BLK-016405,2,64.4,Track Occupied
TRN-11083,BLK-015424,1,47.4,Track Occupied
TRN-11084,BLK-000790,3,67.0,Track Occupied
TRN-11085,BLK-014463,3,83.6,Track Occupied
TRN-11086,BLK-033366,3,68.9,Track Occupied
TRN-11087,BLK-031774,3,62.4,Track Occupied
TRN-11088,BLK-023324,2,59.6,Track Occupied
TRN-11089,BLK-030719,2,57.3,Track Occupied
TRN-11090,BLK-015272,3,37.2,Track Occupied
TRN-11091,BLK-018330,2,73.0,Track Occupied
TRN-11092,BLK-019641,3,75.0,Track Occupied
TRN-11093,BLK-022027,2,58.5,Track Occupied
TRN-11094,BLK-015885,1,17.4,Track Occupied
TRN-11095,BLK-019494,1,20.1,Track Occupied
TRN-11096,BLK-012507,3,71.1,Track Occupied
TRN-11097,BLK-007965,2,69.2,Track Occupied
TRN-11098,BLK-031068,2,85.2,Track Occupied
TRN-11099,BLK-029861,3,56.9,Track Occupied
TRN-11100,BLK-003649,3,39.5,Track Occupied
TRN-11101,BLK-017041,1,13.3,Track Occupied
TRN-11102,BLK-025392,1,22.8,Track Occupied
TRN-11103,BLK-026714,2,96.0,Track Occupied
TRN-11104,BLK-024312,2,78.3,Track Occupied
TRN-11105,BLK-012394,3,50.5,Track Occupied
TRN-11106,BLK-001507,3,86.6,Track Occupied
TRN-11107,BLK-018617,3,86.0,Track Occupied
TRN-11107,BLK-018618,3,86.0,Track Occupied
TRN-11108,BLK-031051,3,74.7,Track Occupied
TRN-11109,BLK-018266,1,55.8,Track Occupied
TRN-11110,BLK-004701,3,85.2,Track Occupied
TRN-11111,BLK-000830,2,60.6,Track Occupied
TRN-11112,BLK-019062,2,64.9,Track Occupied
TRN-11113,BLK-008349,3,73.9,Track Occupied
TRN-11114,BLK-026003,1,36.6,Track Occupied
TRN-11115,BLK-012220,3,77.2,Track Occupied
TRN-11116,BLK-001680,3,75.2,Track Occupied
TRN-11117,BLK-001726,3,68.8,Track Occupied
TRN-11118,BLK-010103,2,67.9,Track Occupied
TRN-11119,BLK-028187,1,37.2,Track Occupied
TRN-11120,BLK-004821,2,48.4,Track Occupied
TRN-11120,BLK-004822,2,48.4,Track Occupied
TRN-11121,BLK-000570,2,69.5,Track Occupied
TRN-11122,BLK-022964,3,47.6,Track Occupied
TRN-11123,BLK-015285,2,93.3,Track Occupied
TRN-11124,BLK-000896,2,54.3,Track Occupied
TRN-11125,BLK-007753,3,82.0,Track Occupied
TRN-11125,BLK-007754,3,82.0,Track Occupied
TRN-11126,BLK-028743,3,63.2,Track Occupied
TRN-11127,BLK-004592,3,44.7,Track Occupied
TRN-11127,BLK-004593,3,44.7,Track Occupied
TRN-11128,BLK-032780,2,52.0,Track Occupied
TRN-11129,BLK-020736,3,63.8,Track Occupied
TRN-11130,BLK-023016,3,82.7,Track Occupied
TRN-11131,BLK-008517,2,54.1,Track Occupied
TRN-11132,BLK-033250,2,64.3,Track Occupied
TRN-11133,BLK-019527,3,71.4,Track Occupied
TRN-11134,BLK-004962,2,72.1,Track Occupied
TRN-11135,BLK-010949,2,97.5,Track Occupied
TRN-11136,BLK-028842,2,83.9,Track Occupied
TRN-11136,BLK-028843,2,83.9,Track Occupied
TRN-11137,BLK-010939,2,99.0,Track Occupied
TRN-11138,BLK-020688,3,75.2,Track Occupied
TRN-11139,BLK-006595,1,16.5,Track Occupied
TRN-11140,BLK-017290,3,54.0,Track Occupied
TRN-11141,BLK-003386,3,86.0,Track Occupied
TRN-11142,BLK-008832,3,61.6,Track Occupied
TRN-11143,BLK-029604,1,35.7,Track Occupied
TRN-11144,BLK-012176,3,80.3,Track Occupied
TRN-11145,BLK-032901,2,81.0,Track Occupied
TRN-11146,BLK-023260,3,67.1,Track Occupied
TRN-11147,BLK-007012,2,71.3,Track Occupied
TRN-11148,BLK-013531,1,31.0,Track Occupied
TRN-11148,BLK-013532,1,31.0,Track Occupied
TRN-11149,BLK-033028,3,84.6,Track Occupied
TRN-11150,BLK-024821,2,65.3,Track Occupied
TRN-11151,BLK-027917,3,99.0,Track Occupied
TRN-11152,BLK-009390,3,67.2,Track Occupied
TRN-11153,BLK-020258,1,8.3,Track Occupied
TRN-11154,BLK-018495,2,92.1,Track Occupied
TRN-11155,BLK-016311,1,62.9,Track Occupied
TRN-11156,BLK-026227,2,74.2,Track Occupied
TRN-11157,BLK-003730,3,67.6,Track Occupied
TRN-11157,BLK-003731,3,67.6,Track Occupied
TRN-11158,BLK-026601,3,64.6,Track Occupied
TRN-11159,BLK-011316,2,83.3,Track Occupied
TRN-11160,BLK-006471,3,57.3,Track Occupied
TRN-11161,BLK-013998,3,66.7,Track Occupied
TRN-11162,BLK-004241,1,55.6,Track Occupied
TRN-11163,BLK-018261,3,84.0,Track Occupied
TRN-11164,BLK-001771,3,63.4,Track Occupied
TRN-11165,BLK-009496,2,73.5,Track Occupied
TRN-11166,BLK-025926,2,99.0,Track Occupied
TRN-11167,BLK-010196,1,28.5,Track Occupied
TRN-11168,BLK-021830,2,78.8,Track Occupied
TRN-11169,BLK-009956,2,40.4,Track Occupied
TRN-11170,BLK-006766,3,70.6,Track Occupied
TRN-11171,BLK-003532,3,55.4,Track Occupied
TRN-11172,BLK-008391,2,53.8,Track Occupied
TRN-11173,BLK-027845,2,72.2,Track Occupied
TRN-11174,BLK-008636,3,83.6,Track Occupied
TRN-11175,BLK-022466,2,68.2,Track Occupied
TRN-11176,BLK-031721,1,13.7,Track Occupied
TRN-11177,BLK-031706,2,68.4,Track Occupied
TRN-11178,BLK-009301,3,78.8,Track Occupied
TRN-11179,BLK-022319,1,52.2,Track Occupied
TRN-11180,BLK-006215,2,58.8,Track Occupied
TRN-11181,BLK-022921,1,36.0,Track Occupied
TRN-11182,BLK-018719,2,88.8,Track Occupied
TRN-11183,BLK-027058,1,39.2,Track Occupied
TRN-11184,BLK-018931,1,28.2,Track Occupied
TRN-11185,BLK-029199,2,53.0,Track Occupied
TRN-11186,BLK-010633,2,64.9,Track Occupied
TRN-11186,BLK-010634,2,64.9,Track Occupied
TRN-11187,BLK-001677,2,44.2,Track Occupied
TRN-11188,BLK-000308,2,84.4,Track Occupied
TRN-11189,BLK-000895,1,33.0,Track Occupied
TRN-11190,BLK-029191,2,93.2,Track Occupied
TRN-11191,BLK-001737,2,67.1,Track Occupied
TRN-11192,BLK-029839,2,51.8,Track Occupied
TRN-11193,BLK-022671,3,59.1,Track Occupied
TRN-11194,BLK-003043,3,69.2,Track Occupied
TRN-11195,BLK-002489,2,35.3,Track Occupied
TRN-11196,BLK-013044,1,37.8,Track Occupied
TRN-11197,BLK-014234,1,38.4,Track Occupied
TRN-11198,BLK-017801,1,30.6,Track Occupied
TRN-11199,BLK-027782,2,56.3,Track Occupied
TRN-11200,BLK-030197,2,90.1,Track Occupied
TRN-11201,BLK-009934,3,54.0,Track Occupied
TRN-11202,BLK-007828,2,80.0,Track Occupied
TRN-11203,BLK-016216,2,71.6,Track Occupied
TRN-11204,BLK-012941,3,76.9,Track Occupied
TRN-11205,BLK-006353,3,50.5,Track Occupied
TRN-11206,BLK-029887,3,91.9,Track Occupied
TRN-11207,BLK-008825,1,8.5,Track Occupied
TRN-11208,BLK-008412,3,79.4,Track Occupied
TRN-11209,BLK-000948,2,42.4,Track Occupied
TRN-11210,BLK-008950,2,62.3,Track Occupied
TRN-11211,BLK-021747,3,52.3,Track Occupied
TRN-11212,BLK-019945,2,81.4,Track Occupied
TRN-11213,BLK-012195,1,44.5,Track Occupied
TRN-11214,BLK-032774,1,32.7,Track Occupied
TRN-11215,BLK-025331,3,93.6,Track Occupied
TRN-11216,BLK-027371,3,83.1,Track Occupied
TRN-11217,BLK-026774,3,89.7,Track Occupied
TRN-11218,BLK-009789,2,34.6,Track Occupied
TRN-11219,BLK-002710,3,77.6,Track Occupied
TRN-11220,BLK-009768,3,60.1,Track Occupied
TRN-11221,BLK-033511,2,51.1,Track Occupied
TRN-11222,BLK-004743,2,47.5,Track Occupied
TRN-11222,BLK-004744,2,47.5,Track Occupied
TRN-11223,BLK-008340,2,93.8,Track Occupied
TRN-11224,BLK-014416,2,42.6,Track Occupied
TRN-11225,BLK-005648,2,67.5,Track Occupied
TRN-11226,BLK-002681,1,29.4,Track Occupied
TRN-11227,BLK-005449,2,77.9,Track Occupied
TRN-11228,BLK-024282,1,22.5,Track Occupied
TRN-11229,BLK-007088,3,99.0,Track Occupied
TRN-11230,BLK-030168,1,19.1,Track Occupied
TRN-11231,BLK-005287,1,8.6,Track Occupied
TRN-11232,BLK-015366,1,46.3,Track Occupied
TRN-11233,BLK-010849,2,96.1,Track Occupied
TRN-11233,BLK-010850,2,96.1,Track Occupied
TRN-11234,BLK-002249,3,85.1,Track Occupied
TRN-11235,BLK-016773,1,5.0,Track Occupied
TRN-11236,BLK-020540,2,81.6,Track Occupied
TRN-11237,BLK-017176,3,99.0,Track Occupied
TRN-11238,BLK-012080,2,83.7,Track Occupied
TRN-11239,BLK-033551,2,58.5,Track Occupied
TRN-11240,BLK-027119,3,65.1,Track Occupied
TRN-11241,BLK-000982,3,71.9,Track Occupied
TRN-11242,BLK-032864,3,42.0,Track Occupied
TRN-11243,BLK-005800,3,58.1,Track Occupied
TRN-11244,BLK-010488,2,71.9,Track Occupied
TRN-11245,BLK-007341,2,97.2,Track Occupied
TRN-11246,BLK-006409,2,53.9,Track Occupied
TRN-11247,BLK-009478,2,27.3,Track Occupied
TRN-11248,BLK-016391,1,24.1,Track Occupied
TRN-11249,BLK-017227,2,81.8,Track Occupied
TRN-11250,BLK-005615,3,59.6,Track Occupied
TRN-11251,BLK-003361,2,36.9,Track Occupied
TRN-11252,BLK-005618,3,58.1,Track Occupied
TRN-11253,BLK-022586,1,58.4,Track Occupied
TRN-11253,BLK-022587,1,58.4,Track Occupied
TRN-11254,BLK-025290,2,79.1,Track Occupied
TRN-11255,BLK-000016,2,68.3,Track Occupied
TRN-11256,BLK-026598,3,76.7,Track Occupied
TRN-11257,BLK-013679,3,90.6,Track Occupied
TRN-11258,BLK-007048,3,56.9,Track Occupied
TRN-11258,BLK-007049,3,56.9,Track Occupied
TRN-11259,BLK-011154,3,63.1,Track Occupied
TRN-11260,BLK-009538,2,92.5,Track Occupied
TRN-11261,BLK-032211,3,44.5,Track Occupied
TRN-11262,BLK-021585,2,58.7,Track Occupied
TRN-11263,BLK-012813,2,60.8,Track Occupied
TRN-11264,BLK-024111,2,69.4,Track Occupied
TRN-11265,BLK-009072,2,42.0,Track Occupied
TRN-11266,BLK-001669,3,47.3,Track Occupied
TRN-11267,BLK-013760,2,80.1,Track Occupied
TRN-11268,BLK-017051,3,50.1,Track Occupied
TRN-11269,BLK-023620,3,89.6,Track Occupied
TRN-11270,BLK-007401,2,92.9,Track Occupied
TRN-11271,BLK-001622,2,76.9,Track Occupied
TRN-11272,BLK-011639,2,74.5,Track Occupied
TRN-11273,BLK-018884,1,50.8,Track Occupied
TRN-11274,BLK-012423,3,84.2,Track Occupied
TRN-11275,BLK-003975,3,66.0,Track Occupied
TRN-11276,BLK-001478,3,64.5,Track Occupied
TRN-11277,BLK-018412,2,84.5,Track Occupied
TRN-11278,BLK-029666,3,87.5,Track Occupied
TRN-11279,BLK-023816,2,65.9,Track Occupied
TRN-11280,BLK-029386,2,87.6,Track Occupied
TRN-11281,BLK-025658,3,80.0,Track Occupied
TRN-11282,BLK-006081,3,75.1,Track Occupied
TRN-11283,BLK-027604,2,67.3,Track Occupied
TRN-11284,BLK-003444,3,68.5,Track Occupied
TRN-11285,BLK-004226,2,88.6,Track Occupied
TRN-11286,BLK-032805,1,29.8,Track Occupied
TRN-11287,BLK-031707,3,66.3,Track Occupied
TRN-11288,BLK-017019,3,50.0,Track Occupied
TRN-11289,BLK-015264,2,91.6,Track Occupied
TRN-11290,BLK-018050,2,41.7,Track Occupied
TRN-11291,BLK-029975,3,76.7,Track Occupied
TRN-11292,BLK-014031,1,51.0,Track Occupied
TRN-11293,BLK-024264,2,99.0,Track Occupied
TRN-11294,BLK-024417,2,32.9,Track Occupied
TRN-11294,BLK-024418,2,32.9,Track Occupied
TRN-11295,BLK-013200,1,20.2,Track Occupied
TRN-11296,BLK-015979,3,59.6,Track Occupied
TRN-11296,BLK-015980,3,59.6,Track Occupied
TRN-11297,BLK-028928,3,99.0,Track Occupied
TRN-11298,BLK-015797,3,72.7,Track Occupied
TRN-11299,BLK-010159,3,88.3,Track Occupied
TRN-11300,BLK-020151,2,98.1,Track Occupied
TRN-11301,BLK-029376,2,43.4,Track Occupied
TRN-11302,BLK-024531,3,68.8,Track Occupied
TRN-11303,BLK-028264,1,26.9,Track Occupied
TRN-11304,BLK-020954,2,69.3,Track Occupied
TRN-11305,BLK-027952,2,68.8,Track Occupied
TRN-11306,BLK-022299,1,44.7,Track Occupied
TRN-11307,BLK-011185,2,51.0,Track Occupied
TRN-11308,BLK-024500,3,69.9,Track Occupied
TRN-11309,BLK-029513,2,67.2,Track Occupied
TRN-11309,BLK-029514,2,67.2,Track Occupied
TRN-11310,BLK-002698,3,72.2,Track Occupied
TRN-11311,BLK-019293,2,86.3,Track Occupied
TRN-11312,BLK-018314,2,77.3,Track Occupied
TRN-11313,BLK-030354,2,59.8,Track Occupied
TRN-11314,BLK-020640,2,60.0,Track Occupied
TRN-11315,BLK-029239,2,88.0,Track Occupied
TRN-11316,BLK-013584,1,5.0,Track Occupied
TRN-11317,BLK-033227,1,48.3,Track Occupied
TRN-11318,BLK-011663,3,84.4,Track Occupied
TRN-11319,BLK-015138,2,34.9,Track Occupied
TRN-11320,BLK-013843,3,82.7,Track Occupied
TRN-11321,BLK-007098,2,56.1,Track Occupied
TRN-11322,BLK-002715,1,40.2,Track Occupied
TRN-11323,BLK-031996,3,63.2,Track Occupied
TRN-11324,BLK-024529,2,55.5,Track Occupied
TRN-11325,BLK-025843,2,76.5,Track Occupied
TRN-11326,BLK-017668,3,53.3,Track Occupied
TRN-11326,BLK-017669,3,53.3,Track Occupied
TRN-11327,BLK-004643,3,65.2,Track Occupied
TRN-11328,BLK-021871,2,75.1,Track Occupied
TRN-11329,BLK-006590,2,62.9,Track Occupied
TRN-11329,BLK-006591,2,62.9,Track Occupied
TRN-11330,BLK-004574,2,73.8,Track Occupied
TRN-11331,BLK-006697,3,98.5,Track Occupied
TRN-11332,BLK-026924,2,82.7,Track Occupied
TRN-11333,BLK-029848,1,5.0,Track Occupied
TRN-11334,BLK-024902,1,40.2,Track Occupied
TRN-11334,BLK-024903,1,40.2,Track Occupied
TRN-11335,BLK-003717,3,79.2,Track Occupied
TRN-11336,BLK-031288,2,72.4,Track Occupied
TRN-11337,BLK-010486,3,90.0,Track Occupied
TRN-11338,BLK-003623,2,62.9,Track Occupied
TRN-11339,BLK-022199,1,39.8,Track Occupied
TRN-11340,BLK-006938,3,85.3,Track Occupied
TRN-11341,BLK-008727,3,72.8,Track Occupied
TRN-11342,BLK-007851,1,37.0,Track Occupied
TRN-11343,BLK-023321,3,68.0,Track Occupied
TRN-11344,BLK-002078,2,62.6,Track Occupied
TRN-11345,BLK-032026,3,50.0,Track Occupied
TRN-11346,BLK-030915,2,56.5,Track Occupied
TRN-11347,BLK-011423,3,80.9,Track Occupied
TRN-11348,BLK-005143,3,90.1,Track Occupied
TRN-11348,BLK-005144,3,90.1,Track Occupied
TRN-11349,BLK-031673,3,66.1,Track Occupied
TRN-11350,BLK-005125,2,45.4,Track Occupied
TRN-11351,BLK-003254,1,33.0,Track Occupied
TRN-11352,BLK-028480,3,71.9,Track Occupied
TRN-11352,BLK-028481,3,71.9,Track Occupied
TRN-11353,BLK-003444,3,78.8,Track Occupied
TRN-11354,BLK-026309,3,72.3,Track Occupied
TRN-11355,BLK-033065,2,75.9,Track Occupied
TRN-11356,BLK-029843,2,81.3,Track Occupied
TRN-11357,BLK-002107,2,66.7,Track Occupied
TRN-11358,BLK-017510,3,67.2,Track Occupied
TRN-11359,BLK-011168,1,47.3,Track Occupied
TRN-11360,BLK-004231,3,74.5,Track Occupied
TRN-11361,BLK-022924,2,86.4,Track Occupied
TRN-11362,BLK-000797,3,57.2,Track Occupied
TRN-11363,BLK-024364,1,29.3,Track Occupied
TRN-11364,BLK-032034,3,85.3,Track Occupied
TRN-11365,BLK-030762,1,10.8,Track Occupied
TRN-11366,BLK-002411,2,53.9,Track Occupied
TRN-11367,BLK-030485,1,45.1,Track Occupied
TRN-11367,BLK-030486,1,45.1,Track Occupied
TRN-11368,BLK-012716,2,61.8,Track Occupied
TRN-11369,BLK-010494,3,74.8,Track Occupied
TRN-11370,BLK-006584,2,74.0,Track Occupied
TRN-11371,BLK-013447,3,57.1,Track Occupied
TRN-11372,BLK-013289,3,67.9,Track Occupied
TRN-11373,BLK-006961,2,87.2,Track Occupied
TRN-11374,BLK-003659,2,81.1,Track Occupied
TRN-11375,BLK-003608,3,62.2,Track Occupied
TRN-11376,BLK-003039,3,79.4,Track Occupied
TRN-11377,BLK-001228,3,84.0,Track Occupied
TRN-11378,BLK-017720,2,42.3,Track Occupied
TRN-11379,BLK-002415,1,51.0,Track Occupied
TRN-11380,BLK-005821,2,68.4,Track Occupied
TRN-11381,BLK-004492,1,30.6,Track Occupied
TRN-11382,BLK-001149,1,35.0,Track Occupied
TRN-11383,BLK-000290,1,35.1,Track Occupied
TRN-11384,BLK-004270,2,50.5,Track Occupied
TRN-11385,BLK-003573,3,48.1,Track Occupied
TRN-11386,BLK-006683,1,13.4,Track Occupied
TRN-11387,BLK-018265,3,87.5,Track Occupied
TRN-11388,BLK-023820,2,67.5,Track Occupied
TRN-11389,BLK-026194,2,68.2,Track Occupied
TRN-11390,BLK-018373,2,90.4,Track Occupied
TRN-11391,BLK-027992,2,77.1,Track Occupied
TRN-11392,BLK-009721,2,28.0,Track Occupied
TRN-11393,BLK-007049,2,49.4,Track Occupied
TRN-11394,BLK-031945,3,61.4,Track Occupied
TRN-11395,BLK-030464,3,72.8,Track Occupied
TRN-11396,BLK-004853,3,99.0,Track Occupied
TRN-11397,BLK-018239,2,84.2,Track Occupied
TRN-11398,BLK-027843,2,93.7,Track Occupied
TRN-11399,BLK-029118,2,92.7,Track Occupied
TRN-11400,BLK-018463,3,69.9,Track Occupied
TRN-11401,BLK-031550,3,78.7,Track Occupied
TRN-11401,BLK-031551,3,78.7,Track Occupied
TRN-11402,BLK-016186,2,67.6,Track Occupied
TRN-11403,BLK-012454,2,93.5,Track Occupied
TRN-11404,BLK-014596,3,59.5,Track Occupied
TRN-11405,BLK-022729,3,85.7,Track Occupied
TRN-11406,BLK-001776,3,99.0,Track Occupied
TRN-11407,BLK-005232,3,50.3,Track Occupied
TRN-11408,BLK-030833,1,46.7,Track Occupied
TRN-11409,BLK-006740,3,98.7,Track Occupied
TRN-11410,BLK-021356,2,69.1,Track Occupied
TRN-11411,BLK-011583,3,51.9,Track Occupied
TRN-11412,BLK-009002,2,79.2,Track Occupied
TRN-11413,BLK-020025,3,85.3,Track Occupied
TRN-11414,BLK-004793,1,49.3,Track Occupied
TRN-11415,BLK-017228,2,70.2,Track Occupied
TRN-11416,BLK-005328,2,99.0,Track Occupied
TRN-11417,BLK-025851,2,74.9,Track Occupied
TRN-11418,BLK-010352,2,85.1,Track Occupied
TRN-11419,BLK-014385,2,69.0,Track Occupied
TRN-11420,BLK-009665,2,58.0,Track Occupied
TRN-11421,BLK-019250,3,69.2,Track Occupied
TRN-11422,BLK-001786,1,21.5,Track Occupied
TRN-11423,BLK-012602,3,75.5,Track Occupied
TRN-11424,BLK-017005,2,80.2,Track Occupied
TRN-11424,BLK-017006,2,80.2,Track Occupied
TRN-11425,BLK-015975,2,51.3,Track Occupied
TRN-11426,BLK-028817,3,84.2,Track Occupied
TRN-11427,BLK-017947,3,40.6,Track Occupied
TRN-11428,BLK-019231,3,69.6,Track Occupied
TRN-11429,BLK-000033,3,70.0,Track Occupied
TRN-11430,BLK-023144,3,71.0,Track Occupied
TRN-11431,BLK-003788,2,72.0,Track Occupied
TRN-11432,BLK-033575,2,81.7,Track Occupied
TRN-11433,BLK-033579,3,82.3,Track Occupied
TRN-11434,BLK-031578,2,62.4,Track Occupied
TRN-11435,BLK-010175,2,57.1,Track Occupied
TRN-11436,BLK-003122,1,47.4,Track Occupied
TRN-11437,BLK-000664,3,65.8,Track Occupied
TRN-11438,BLK-003298,2,73.4,Track Occupied
TRN-11439,BLK-002329,1,60.9,Track Occupied
TRN-11440,BLK-008162,3,62.0,Track Occupied
TRN-11440,BLK-008163,3,62.0,Track Occupied
TRN-11441,BLK-008105,3,69.9,Track Occupied
TRN-11441,BLK-008106,3,69.9,Track Occupied
TRN-11442,BLK-006609,2,78.4,Track Occupied
TRN-11443,BLK-005931,1,41.1,Track Occupied
TRN-11444,BLK-020648,3,86.8,Track Occupied
TRN-11445,BLK-030354,3,65.4,Track Occupied
TRN-11446,BLK-006828,1,8.2,Track Occupied
TRN-11447,BLK-023791,2,61.2,Track Occupied
TRN-11448,BLK-031676,2,78.0,Track Occupied
TRN-11449,BLK-033072,2,65.0,Track Occupied
TRN-11450,BLK-024375,2,69.4,Track Occupied
TRN-11451,BLK-001935,3,76.9,Track Occupied
TRN-11452,BLK-008268,3,79.5,Track Occupied
TRN-11453,BLK-013035,3,74.2,Track Occupied
TRN-11454,BLK-025446,3,65.6,Track Occupied
TRN-11455,BLK-007884,3,97.0,Track Occupied
TRN-11456,BLK-020309,2,86.4,Track Occupied
TRN-11457,BLK-015503,1,15.8,Track Occupied
TRN-11458,BLK-025920,1,14.1,Track Occupied
TRN-11459,BLK-005193,1,35.7,Track Occupied
TRN-11460,BLK-029321,2,77.9,Track Occupied
TRN-11461,BLK-006681,2,67.2,Track Occupied
TRN-11462,BLK-006092,1,27.5,Track Occupied
TRN-11463,BLK-026249,2,78.0,Track Occupied
TRN-11464,BLK-001151,1,36.1,Track Occupied
TRN-11465,BLK-016907,3,53.7,Track Occupied
TRN-11466,BLK-001246,3,68.1,Track Occupied
TRN-11467,BLK-001366,3,76.2,Track Occupied
TRN-11468,BLK-005125,3,66.5,Track Occupied
TRN-11469,BLK-032353,2,75.1,Track Occupied
TRN-11470,BLK-017100,3,48.8,Track Occupied
TRN-11471,BLK-027888,1,20.2,Track Occupied
TRN-11472,BLK-017653,2,50.7,Track Occupied
TRN-11473,BLK-015064,3,70.7,Track Occupied
TRN-11474,BLK-016520,2,47.2,Track Occupied
TRN-11475,BLK-021864,2,91.4,Track Occupied
TRN-11476,BLK-007196,1,11.3,Track Occupied
TRN-11477,BLK-023630,1,5.0,Track Occupied
TRN-11478,BLK-003725,3,63.5,Track Occupied
TRN-11479,BLK-010125,3,76.6,Track Occupied
TRN-11480,BLK-004578,1,38.1,Track Occupied
TRN-11480,BLK-004579,1,38.1,Track Occupied
TRN-11481,BLK-012802,1,29.3,Track Occupied
TRN-11482,BLK-026575,2,81.1,Track Occupied
TRN-11483,BLK-016394,3,72.6,Track Occupied
TRN-11484,BLK-026436,2,62.5,Track Occupied
TRN-11485,BLK-010912,2,88.9,Track Occupied
TRN-11486,BLK-021818,2,79.1,Track Occupied
TRN-11487,BLK-010171,2,67.2,Track Occupied
TRN-11488,BLK-017138,3,73.7,Track Occupied
TRN-11489,BLK-007216,3,87.9,Track Occupied
TRN-11490,BLK-021731,1,21.7,Track Occupied
TRN-11491,BLK-020057,2,58.3,Track Occupied
TRN-11492,BLK-014045,2,47.5,Track Occupied
TRN-11493,BLK-017864,2,88.9,Track Occupied
TRN-11494,BLK-009227,1,33.5,Track Occupied
TRN-11495,BLK-024890,2,85.5,Track Occupied
TRN-11496,BLK-010479,2,92.1,Track Occupied
TRN-11497,BLK-023852,1,81.3,Track Occupied
TRN-11498,BLK-015355,1,31.9,Track Occupied
TRN-11499,BLK-013180,2,77.9,Track Occupied
TRN-11500,BLK-013178,2,55.2,Track Occupied
TRN-11501,BLK-030900,3,64.6,Track Occupied
TRN-11502,BLK-016216,2,53.3,Track Occupied
TRN-11503,BLK-011146,3,69.3,Track Occupied
TRN-11503,BLK-011147,3,69.3,Track Occupied
TRN-11504,BLK-032917,3,53.7,Track Occupied
TRN-11505,BLK-003102,2,89.3,Track Occupied
TRN-11506,BLK-024314,2,73.3,Track Occupied
TRN-11507,BLK-016847,3,80.1,Track Occupied
TRN-11508,BLK-012330,2,89.4,Track Occupied
TRN-11509,BLK-005739,3,65.0,Track Occupied
TRN-11510,BLK-024953,2,56.2,Track Occupied
TRN-11511,BLK-000115,3,99.0,Track Occupied
TRN-11512,BLK-015302,2,79.9,Track Occupied
TRN-11513,BLK-026070,2,50.3,Track Occupied
TRN-11514,BLK-033564,2,66.9,Track Occupied
TRN-11515,BLK-009815,3,76.2,Track Occupied
TRN-11516,BLK-025627,3,63.6,Track Occupied
TRN-11517,BLK-013766,3,82.4,Track Occupied
TRN-11518,BLK-025445,2,84.3,Track Occupied
TRN-11519,BLK-002772,2,81.4,Track Occupied
TRN-11520,BLK-012629,1,38.1,Track Occupied
TRN-11521,BLK-033418,1,19.4,Track Occupied
TRN-11522,BLK-001576,2,52.1,Track Occupied
TRN-11523,BLK-004324,2,91.6,Track Occupied
TRN-11524,BLK-025607,2,62.7,Track Occupied
TRN-11525,BLK-017372,2,90.1,Track Occupied
TRN-11526,BLK-013987,1,43.2,Track Occupied
TRN-11527,BLK-018118,2,83.6,Track Occupied
TRN-11528,BLK-008793,3,76.3,Track Occupied
TRN-11529,BLK-026973,3,65.8,Track Occupied
TRN-11530,BLK-009599,3,69.9,Track Occupied
TRN-11531,BLK-007314,2,93.0,Track Occupied
TRN-11532,BLK-012486,2,69.1,Track Occupied
TRN-11533,BLK-031934,3,84.1,Track Occupied
TRN-11534,BLK-023403,1,17.8,Track Occupied
TRN-11535,BLK-011648,2,84.9,Track Occupied
TRN-11536,BLK-000879,3,95.1,Track Occupied
TRN-11537,BLK-011947,2,58.6,Track Occupied
TRN-11538,BLK-007303,3,92.8,Track Occupied
TRN-11539,BLK-006756,3,89.9,Track Occupied
TRN-11540,BLK-017278,2,72.6,Track Occupied
TRN-11541,BLK-032476,1,24.2,Track Occupied
TRN-11542,BLK-006403,1,33.5,Track Occupied
TRN-11543,BLK-028985,2,72.6,Track Occupied
TRN-11544,BLK-023071,3,55.1,Track Occupied
TRN-11545,BLK-033531,2,95.0,Track Occupied
TRN-11546,BLK-016899,2,63.2,Track Occupied
TRN-11547,BLK-026252,1,42.5,Track Occupied
TRN-11548,BLK-025036,2,79.2,Track Occupied
TRN-11549,BLK-032270,1,11.1,Track Occupied
TRN-11550,BLK-023492,1,15.9,Track Occupied
TRN-11550,BLK-023493,1,15.9,Track Occupied
TRN-11551,BLK-014179,2,54.5,Track Occupied
TRN-11552,BLK-028390,2,88.6,Track Occupied
TRN-11553,BLK-000443,3,50.1,Track Occupied
TRN-11554,BLK-013125,3,72.4,Track Occupied
TRN-11555,BLK-020832,3,71.8,Track Occupied
TRN-11556,BLK-002208,2,68.1,Track Occupied
TRN-11557,BLK-006767,3,79.8,Track Occupied
TRN-11558,BLK-007978,2,99.0,Track Occupied
TRN-11559,BLK-003611,2,82.0,Track Occupied
TRN-11560,BLK-006328,2,61.4,Track Occupied
TRN-11561,BLK-015539,3,74.4,Track Occupied
TRN-11562,BLK-033109,3,37.0,Track Occupied
TRN-11563,BLK-016259,2,60.5,Track Occupied
TRN-11564,BLK-029408,3,70.9,Track Occupied
TRN-11565,BLK-027713,3,77.9,Track Occupied
TRN-11566,BLK-007484,2,97.4,Track Occupied
TRN-11567,BLK-013566,3,89.5,Track Occupied
TRN-11568,BLK-026034,2,86.9,Track Occupied
TRN-11568,BLK-026035,2,86.9,Track Occupied
TRN-11569,BLK-020897,3,69.7,Track Occupied
TRN-11570,BLK-030071,1,41.2,Track Occupied
TRN-11571,BLK-011587,3,85.5,Track Occupied
TRN-11572,BLK-025188,2,67.6,Track Occupied
TRN-11573,BLK-001166,2,73.9,Track Occupied
TRN-11574,BLK-004611,2,63.5,Track Occupied
TRN-11575,BLK-002545,2,59.5,Track Occupied
TRN-11576,BLK-004004,2,68.0,Track Occupied
TRN-11577,BLK-001485,3,80.7,Track Occupied
TRN-11578,BLK-002544,3,90.0,Track Occupied
TRN-11579,BLK-000179,3,61.7,Track Occupied
TRN-11580,BLK-025059,2,53.9,Track Occupied
TRN-11581,BLK-030633,1,26.2,Track Occupied
TRN-11582,BLK-008094,3,61.7,Track Occupied
TRN-11583,BLK-024400,1,23.0,Track Occupied
TRN-11584,BLK-012031,3,78.1,Track Occupied
TRN-11585,BLK-019508,1,57.2,Track Occupied
TRN-11586,BLK-015870,3,54.1,Track Occupied
TRN-11587,BLK-014837,2,78.1,Track Occupied
TRN-11588,BLK-012562,3,67.8,Track Occupied
TRN-11589,BLK-027938,1,11.8,Track Occupied
TRN-11590,BLK-019828,2,67.7,Track Occupied
TRN-11591,BLK-006277,3,85.4,Track Occupied
TRN-11592,BLK-013529,3,80.5,Track Occupied
TRN-11593,BLK-021740,3,44.2,Track Occupied
TRN-11594,BLK-013225,1,33.6,Track Occupied
TRN-11595,BLK-031157,2,89.4,Track Occupied
TRN-11596,BLK-027138,2,76.6,Track Occupied
TRN-11597,BLK-000058,2,89.1,Track Occupied
TRN-11598,BLK-021243,1,58.2,Track Occupied
TRN-11599,BLK-005454,3,65.4,Track Occupied
TRN-11600,BLK-024783,2,49.9,Track Occupied
TRN-11601,BLK-029626,2,79.0,Track Occupied
TRN-11601,BLK-029627,2,79.0,Track Occupied
TRN-11602,BLK-014550,2,59.8,Track Occupied
TRN-11603,BLK-022252,3,99.0,Track Occupied
TRN-11604,BLK-032782,1,55.5,Track Occupied
TRN-11605,BLK-016893,3,50.9,Track Occupied
TRN-11606,BLK-014805,1,21.8,Track Occupied
TRN-11607,BLK-006502,2,83.7,Track Occupied
TRN-11608,BLK-003209,3,83.6,Track Occupied
TRN-11609,BLK-019163,3,77.4,Track Occupied
TRN-11610,BLK-024151,1,8.9,Track Occupied
TRN-11611,BLK-029596,2,80.3,Track Occupied
TRN-11612,BLK-027384,2,71.2,Track Occupied
TRN-11613,BLK-014357,2,58.7,Track Occupied
TRN-11614,BLK-015275,2,82.9,Track Occupied
TRN-11615,BLK-002506,2,72.4,Track Occupied
TRN-11616,BLK-018048,3,60.0,Track Occupied
TRN-11617,BLK-015920,3,69.3,Track Occupied
TRN-11618,BLK-025887,1,5.0,Track Occupied
TRN-11619,BLK-026967,2,68.8,Track Occupied
TRN-11620,BLK-004318,2,65.0,Track Occupied
TRN-11620,BLK-004319,2,65.0,Track Occupied
TRN-11621,BLK-022554,3,72.4,Track Occupied
TRN-11622,BLK-007635,3,72.5,Track Occupied
TRN-11623,BLK-017318,2,82.4,Track Occupied
TRN-11624,BLK-019242,2,61.2,Track Occupied
TRN-11625,BLK-014190,1,77.2,Track Occupied
TRN-11625,BLK-014191,1,77.2,Track Occupied
TRN-11626,BLK-032742,2,60.4,Track Occupied
TRN-11626,BLK-032743,2,60.4,Track Occupied
TRN-11627,BLK-003173,1,38.0,Track Occupied
TRN-11628,BLK-016119,2,92.2,Track Occupied
TRN-11629,BLK-023661,1,5.0,Track Occupied
TRN-11630,BLK-004242,3,53.7,Track Occupied
TRN-11631,BLK-012112,3,56.9,Track Occupied
TRN-11632,BLK-016648,1,33.2,Track Occupied
TRN-11632,BLK-016649,1,33.2,Track Occupied
TRN-11633,BLK-016938,1,55.5,Track Occupied
TRN-11634,BLK-008665,2,56.1,Track Occupied
TRN-11635,BLK-025335,2,77.3,Track Occupied
TRN-11636,BLK-009041,3,47.9,Track Occupied
TRN-11637,BLK-029352,2,53.8,Track Occupied
TRN-11638,BLK-024743,3,77.5,Track Occupied
TRN-11639,BLK-019091,1,29.3,Track Occupied
TRN-11640,BLK-020700,3,86.5,Track Occupied
TRN-11641,BLK-009767,1,13.9,Track Occupied
TRN-11642,BLK-019650,3,68.4,Track Occupied
TRN-11643,BLK-017600,2,73.1,Track Occupied
TRN-11643,BLK-017601,2,73.1,Track Occupied
TRN-11644,BLK-027442,3,86.5,Track Occupied
TRN-11645,BLK-010459,2,66.1,Track Occupied
TRN-11646,BLK-031614,2,57.2,Track Occupied
TRN-11647,BLK-013615,3,71.7,Track Occupied
TRN-11648,BLK-008687,3,60.1,Track Occupied
TRN-11649,BLK-004304,2,74.6,Track Occupied
TRN-11650,BLK-000813,3,83.2,Track Occupied
TRN-11651,BLK-019163,1,31.9,Track Occupied
TRN-11652,BLK-014774,3,71.3,Track Occupied
TRN-11653,BLK-006308,2,76.4,Track Occupied
TRN-11654,BLK-026617,1,36.0,Track Occupied
TRN-11655,BLK-009878,2,56.6,Track Occupied
TRN-11656,BLK-029125,2,88.1,Track Occupied
TRN-11657,BLK-003297,3,76.1,Track Occupied
TRN-11658,BLK-017705,1,51.1,Track Occupied
TRN-11659,BLK-020882,3,99.0,Track Occupied
TRN-11660,BLK-033379,3,99.0,Track Occupied
TRN-11661,BLK-005226,3,75.7,Track Occupied
TRN-11661,BLK-005227,3,75.7,Track Occupied
TRN-11662,BLK-010238,1,16.1,Track Occupied
TRN-11663,BLK-029723,2,65.8,Track Occupied
TRN-11664,BLK-002237,3,60.7,Track Occupied
TRN-11665,BLK-008853,2,80.3,Track Occupied
TRN-11666,BLK-009655,2,73.7,Track Occupied
TRN-11667,BLK-031249,1,51.0,Track Occupied
TRN-11668,BLK-011638,3,73.5,Track Occupied
TRN-11669,BLK-020164,3,74.0,Track Occupied
TRN-11670,BLK-004101,2,90.4,Track Occupied
TRN-11671,BLK-007821,2,85.6,Track Occupied
TRN-11672,BLK-029599,3,63.2,Track Occupied
TRN-11673,BLK-025552,3,96.2,Track Occupied
TRN-11673,BLK-025553,3,96.2,Track Occupied
TRN-11674,BLK-013202,3,74.2,Track Occupied
TRN-11675,BLK-019910,2,83.7,Track Occupied
TRN-11676,BLK-020084,2,42.3,Track Occupied
TRN-11677,BLK-016328,2,77.5,Track Occupied
TRN-11678,BLK-011055,3,55.8,Track Occupied
TRN-11679,BLK-016735,1,30.1,Track Occupied
TRN-11680,BLK-012485,2,65.2,Track Occupied
TRN-11681,BLK-032610,2,42.9,Track Occupied
TRN-11682,BLK-022600,2,42.2,Track Occupied
TRN-11683,BLK-020123,2,54.3,Track Occupied
TRN-11684,BLK-028275,1,23.3,Track Occupied
TRN-11685,BLK-028533,2,43.1,Track Occupied
TRN-11686,BLK-018699,2,89.2,Track Occupied
TRN-11687,BLK-024675,1,13.3,Track Occupied
TRN-11688,BLK-021830,3,71.7,Track Occupied
TRN-11689,BLK-026829,3,62.0,Track Occupied
TRN-11690,BLK-010490,3,57.7,Track Occupied
TRN-11691,BLK-015878,1,52.8,Track Occupied
TRN-11692,BLK-001733,3,71.2,Track Occupied
TRN-11693,BLK-000635,2,72.2,Track Occupied
TRN-11694,BLK-000853,2,89.6,Track Occupied
TRN-11695,BLK-031230,3,93.2,Track Occupied
TRN-11695,BLK-031231,3,93.2,Track Occupied
TRN-11696,BLK-007894,3,92.5,Track Occupied
TRN-11697,BLK-025099,3,67.0,Track Occupied
TRN-11697,BLK-025100,3,67.0,Track Occupied
TRN-11698,BLK-029798,3,99.0,Track Occupied
TRN-11699,BLK-033526,2,80.6,Track Occupied
TRN-11700,BLK-027798,2,85.2,Track Occupied
TRN-11701,BLK-019635,2,45.7,Track Occupied
TRN-11702,BLK-032369,1,42.3,Track Occupied
TRN-11703,BLK-005335,2,99.0,Track Occupied
TRN-11704,BLK-010026,1,15.3,Track Occupied
TRN-11705,BLK-021095,2,52.3,Track Occupied
TRN-11706,BLK-022976,2,82.4,Track Occupied
TRN-11707,BLK-001741,3,78.6,Track Occupied
TRN-11708,BLK-019657,2,79.9,Track Occupied
TRN-11709,BLK-030164,3,95.6,Track Occupied
TRN-11710,BLK-031837,3,42.8,Track Occupied
TRN-11711,BLK-007491,3,85.7,Track Occupied
TRN-11712,BLK-030058,3,82.2,Track Occupied
TRN-11713,BLK-004061,2,73.3,Track Occupied
TRN-11714,BLK-026600,2,88.4,Track Occupied
TRN-11715,BLK-012649,1,31.2,Track Occupied
TRN-11716,BLK-030524,2,89.3,Track Occupied
TRN-11717,BLK-002403,3,86.8,Track Occupied
TRN-11718,BLK-021049,3,82.0,Track Occupied
TRN-11719,BLK-009830,2,70.4,Track Occupied
TRN-11720,BLK-020234,2,70.8,Track Occupied
TRN-11721,BLK-011734,2,87.7,Track Occupied
TRN-11722,BLK-031590,2,31.8,Track Occupied
TRN-11723,BLK-002132,2,78.1,Track Occupied
TRN-11724,BLK-005602,3,76.6,Track Occupied
TRN-11725,BLK-030830,2,79.2,Track Occupied
TRN-11726,BLK-000601,2,99.0,Track Occupied
TRN-11727,BLK-030833,1,41.0,Track Occupied
TRN-11728,BLK-007335,1,31.5,Track Occupied
TRN-11729,BLK-017403,2,72.3,Track Occupied
TRN-11730,BLK-022134,3,63.1,Track Occupied
TRN-11731,BLK-002278,2,89.4,Track Occupied
TRN-11732,BLK-002524,2,83.1,Track Occupied
TRN-11733,BLK-009250,1,36.0,Track Occupied
TRN-11734,BLK-025454,3,66.0,Track Occupied
TRN-11735,BLK-032652,2,74.7,Track Occupied
TRN-11736,BLK-031834,2,85.2,Track Occupied
TRN-11737,BLK-013005,3,86.1,Track Occupied
TRN-11738,BLK-003971,2,67.7,Track Occupied
TRN-11738,BLK-003972,2,67.7,Track Occupied
TRN-11739,BLK-018432,3,44.0,Track Occupied
TRN-11740,BLK-019738,2,47.8,Track Occupied
TRN-11740,BLK-019739,2,47.8,Track Occupied
TRN-11741,BLK-005362,2,75.5,Track Occupied
TRN-11742,BLK-006849,3,99.0,Track Occupied
TRN-11743,BLK-008557,2,87.8,Track Occupied
TRN-11744,BLK-029523,2,75.5,Track Occupied
TRN-11745,BLK-019682,2,82.4,Track Occupied
TRN-11746,BLK-027612,2,65.6,Track Occupied
TRN-11747,BLK-028671,3,93.1,Track Occupied
TRN-11748,BLK-009297,2,77.7,Track Occupied
TRN-11749,BLK-028376,3,75.8,Track Occupied
TRN-11750,BLK-029526,3,60.3,Track Occupied
TRN-11751,BLK-028981,3,90.9,Track Occupied
TRN-11752,BLK-032154,2,49.1,Track Occupied
TRN-11753,BLK-011217,1,25.9,Track Occupied
TRN-11754,BLK-006663,2,55.1,Track Occupied
TRN-11754,BLK-006664,2,55.1,Track Occupied
TRN-11755,BLK-015732,2,76.4,Track Occupied
TRN-11756,BLK-031242,2,71.1,Track Occupied
TRN-11757,BLK-002019,2,86.5,Track Occupied
TRN-11758,BLK-027231,2,86.9,Track Occupied
TRN-11759,BLK-028135,1,35.0,Track Occupied
TRN-11760,BLK-018237,2,68.9,Track Occupied
TRN-11761,BLK-018855,2,74.3,Track Occupied
TRN-11762,BLK-018371,3,70.4,Track Occupied
TRN-11763,BLK-017898,3,78.6,Track Occupied
TRN-11764,BLK-023155,3,64.8,Track Occupied
TRN-11765,BLK-007746,2,65.9,Track Occupied
TRN-11766,BLK-003208,3,92.6,Track Occupied
TRN-11767,BLK-026640,3,63.0,Track Occupied
TRN-11768,BLK-003944,2,25.0,Track Occupied
TRN-11768,BLK-003945,2,25.0,Track Occupied
TRN-11769,BLK-016441,3,78.6,Track Occupied
TRN-11770,BLK-004033,3,63.2,Track Occupied
TRN-11771,BLK-024736,3,55.2,Track Occupied
TRN-11772,BLK-024250,1,34.8,Track Occupied
TRN-11773,BLK-020700,1,18.4,Track Occupied
TRN-11774,BLK-003248,1,34.4,Track Occupied
TRN-11775,BLK-017491,3,99.0,Track Occupied
TRN-11775,BLK-017492,3,99.0,Track Occupied
TRN-11776,BLK-019625,2,71.2,Track Occupied
TRN-11777,BLK-030152,2,71.6,Track Occupied
TRN-11778,BLK-022945,3,98.0,Track Occupied
TRN-11779,BLK-031897,3,99.0,Track Occupied
TRN-11780,BLK-032763,2,56.0,Track Occupied
TRN-11781,BLK-012904,1,30.5,Track Occupied
TRN-11782,BLK-020725,2,84.1,Track Occupied
TRN-11783,BLK-023548,1,55.5,Track Occupied
TRN-11784,BLK-013193,2,92.2,Track Occupied
TRN-11785,BLK-009303,2,52.4,Track Occupied
TRN-11785,BLK-009304,2,52.4,Track Occupied
TRN-11786,BLK-030281,3,53.0,Track Occupied
TRN-11787,BLK-015061,2,44.0,Track Occupied
TRN-11788,BLK-003191,2,71.1,Track Occupied
TRN-11788,BLK-003192,2,71.1,Track Occupied
TRN-11789,BLK-033152,1,43.9,Track Occupied
TRN-11790,BLK-005019,1,55.9,Track Occupied
TRN-11791,BLK-015274,2,93.3,Track Occupied
TRN-11792,BLK-015728,2,68.8,Track Occupied
TRN-11792,BLK-015729,2,68.8,Track Occupied
TRN-11793,BLK-032399,2,71.5,Track Occupied
TRN-11793,BLK-032400,2,71.5,Track Occupied
TRN-11794,BLK-029914,3,78.7,Track Occupied
TRN-11795,BLK-017137,1,27.4,Track Occupied
TRN-11796,BLK-012369,1,68.0,Track Occupied
TRN-11796,BLK-012370,1,68.0,Track Occupied
TRN-11797,BLK-000235,3,62.6,Track Occupied
TRN-11798,BLK-012220,2,82.4,Track Occupied
TRN-11799,BLK-024812,1,30.1,Track Occupied
TRN-11800,BLK-022314,2,62.1,Track Occupied
TRN-11801,BLK-018307,3,83.8,Track Occupied
TRN-11802,BLK-002213,2,91.5,Track Occupied
TRN-11803,BLK-008501,3,83.5,Track Occupied
TRN-11804,BLK-005724,3,32.3,Track Occupied
TRN-11805,BLK-011358,2,72.6,Track Occupied
TRN-11806,BLK-024613,3,83.2,Track Occupied
TRN-11807,BLK-003098,2,79.6,Track Occupied
TRN-11807,BLK-003099,2,79.6,Track Occupied
TRN-11808,BLK-022172,2,73.8,Track Occupied
TRN-11809,BLK-015120,2,88.3,Track Occupied
TRN-11810,BLK-007294,1,34.0,Track Occupied
TRN-11811,BLK-005751,1,32.8,Track Occupied
TRN-11812,BLK-029128,3,81.5,Track Occupied
TRN-11813,BLK-027316,2,65.2,Track Occupied
TRN-11814,BLK-007464,2,79.6,Track Occupied
TRN-11815,BLK-009946,2,52.7,Track Occupied
TRN-11816,BLK-006246,3,65.8,Track Occupied
TRN-11817,BLK-024916,3,55.6,Track Occupied
TRN-11818,BLK-029508,3,79.3,Track Occupied
TRN-11819,BLK-014078,3,72.7,Track Occupied
TRN-11820,BLK-015909,2,64.0,Track Occupied
TRN-11821,BLK-029979,3,65.4,Track Occupied
TRN-11821,BLK-029980,3,65.4,Track Occupied
TRN-11822,BLK-028640,1,24.8,Track Occupied
TRN-11823,BLK-005509,1,34.5,Track Occupied
TRN-11824,BLK-024714,3,67.7,Track Occupied
TRN-11825,BLK-011728,2,72.9,Track Occupied
TRN-11826,BLK-032753,3,61.8,Track Occupied
TRN-11827,BLK-004756,3,59.2,Track Occupied
TRN-11828,BLK-004874,2,66.4,Track Occupied
TRN-11829,BLK-031641,2,49.0,Track Occupied
TRN-11829,BLK-031642,2,49.0,Track Occupied
TRN-11830,BLK-029050,3,90.1,Track Occupied
TRN-11831,BLK-007703,3,56.3,Track Occupied
TRN-11831,BLK-007704,3,56.3,Track Occupied
TRN-11832,BLK-016008,2,74.6,Track Occupied
TRN-11833,BLK-025514,3,70.6,Track Occupied
TRN-11834,BLK-020345,3,49.0,Track Occupied
TRN-11834,BLK-020346,3,49.0,Track Occupied
TRN-11835,BLK-021306,2,66.2,Track Occupied
TRN-11836,BLK-018084,2,99.0,Track Occupied
TRN-11837,BLK-014924,3,99.0,Track Occupied
TRN-11838,BLK-030595,2,66.5,Track Occupied
TRN-11839,BLK-005928,3,67.1,Track Occupied
TRN-11840,BLK-009963,3,56.2,Track Occupied
TRN-11841,BLK-005089,2,67.6,Track Occupied
TRN-11842,BLK-001465,1,40.3,Track Occupied
TRN-11843,BLK-013226,3,67.2,Track Occupied
TRN-11844,BLK-015360,2,65.3,Track Occupied
TRN-11845,BLK-001781,3,88.7,Track Occupied
TRN-11845,BLK-001782,3,88.7,Track Occupied
TRN-11846,BLK-012378,3,58.3,Track Occupied
TRN-11847,BLK-003292,2,89.8,Track Occupied
TRN-11848,BLK-004391,2,83.3,Track Occupied
TRN-11848,BLK-004392,2,83.3,Track Occupied
TRN-11849,BLK-002970,3,76.4,Track Occupied
TRN-11850,BLK-022827,2,74.8,Track Occupied
TRN-11850,BLK-022828,2,74.8,Track Occupied
TRN-11851,BLK-032142,1,59.3,Track Occupied
TRN-11852,BLK-009549,3,78.9,Track Occupied
TRN-11853,BLK-026638,2,54.4,Track Occupied
TRN-11854,BLK-016386,2,66.5,Track Occupied
TRN-11855,BLK-026531,2,52.3,Track Occupied
TRN-11856,BLK-003329,3,92.1,Track Occupied
TRN-11857,BLK-017654,3,81.2,Track Occupied
TRN-11857,BLK-017655,3,81.2,Track Occupied
TRN-11858,BLK-028853,2,93.0,Track Occupied
TRN-11859,BLK-032813,2,73.3,Track Occupied
TRN-11860,BLK-017627,2,59.6,Track Occupied
TRN-11861,BLK-004421,3,85.2,Track Occupied
TRN-11862,BLK-032520,3,95.7,Track Occupied
TRN-11863,BLK-005354,2,49.4,Track Occupied
TRN-11864,BLK-014848,3,85.1,Track Occupied
TRN-11865,BLK-010537,1,5.0,Track Occupied
TRN-11866,BLK-001395,3,66.9,Track Occupied
TRN-11867,BLK-005745,2,80.4,Track Occupied
TRN-11868,BLK-000006,3,99.0,Track Occupied
TRN-11869,BLK-004895,2,63.0,Track Occupied
TRN-11870,BLK-015666,2,55.6,Track Occupied
TRN-11871,BLK-008519,1,34.7,Track Occupied
TRN-11872,BLK-016219,1,26.9,Track Occupied
TRN-11872,BLK-016220,1,26.9,Track Occupied
TRN-11873,BLK-007533,3,99.0,Track Occupied
TRN-11874,BLK-033465,2,80.0,Track Occupied
TRN-11875,BLK-019159,2,59.6,Track Occupied
TRN-11876,BLK-031263,2,68.3,Track Occupied
TRN-11877,BLK-000691,2,47.1,Track Occupied
TRN-11878,BLK-012964,3,69.2,Track Occupied
TRN-11879,BLK-031157,3,68.7,Track Occupied
TRN-11880,BLK-005930,1,43.3,Track Occupied
TRN-11881,BLK-017971,1,56.4,Track Occupied
TRN-11882,BLK-014853,3,92.1,Track Occupied
TRN-11883,BLK-008992,2,56.1,Track Occupied
TRN-11884,BLK-031887,3,50.4,Track Occupied
TRN-11885,BLK-001095,3,52.5,Track Occupied
TRN-11886,BLK-020693,1,29.5,Track Occupied
TRN-11887,BLK-023228,3,50.9,Track Occupied
TRN-11888,BLK-023960,3,74.0,Track Occupied
TRN-11889,BLK-029919,3,71.9,Track Occupied
TRN-11890,BLK-022401,2,72.7,Track Occupied
TRN-11890,BLK-022402,2,72.7,Track Occupied
TRN-11891,BLK-017421,2,70.6,Track Occupied
TRN-11891,BLK-017422,2,70.6,Track Occupied
TRN-11892,BLK-013806,1,28.4,Track Occupied
TRN-11893,BLK-012892,2,71.0,Track Occupied
TRN-11894,BLK-016031,2,72.9,Track Occupied
TRN-11895,BLK-028467,2,79.8,Track Occupied
TRN-11896,BLK-007249,1,26.6,Track Occupied
TRN-11897,BLK-009035,2,84.5,Track Occupied
TRN-11898,BLK-011336,1,46.7,Track Occupied
TRN-11899,BLK-001181,1,29.6,Track Occupied
TRN-11900,BLK-001876,3,51.1,Track Occupied
TRN-11901,BLK-003448,1,23.5,Track Occupied
TRN-11902,BLK-000299,3,72.5,Track Occupied
TRN-11903,BLK-024569,1,43.1,Track Occupied
TRN-11904,BLK-005175,3,68.4,Track Occupied
TRN-11905,BLK-024067,2,67.8,Track Occupied
TRN-11905,BLK-024068,2,67.8,Track Occupied
TRN-11906,BLK-019680,3,63.9,Track Occupied
TRN-11907,BLK-027147,2,91.4,Track Occupied
TRN-11908,BLK-023559,3,65.4,Track Occupied
TRN-11909,BLK-014515,2,67.2,Track Occupied
TRN-11910,BLK-024100,3,81.5,Track Occupied
TRN-11911,BLK-029940,3,72.8,Track Occupied
TRN-11912,BLK-017696,2,81.2,Track Occupied
TRN-11913,BLK-018314,3,71.6,Track Occupied
TRN-11914,BLK-027391,3,58.9,Track Occupied
TRN-11915,BLK-029509,2,81.5,Track Occupied
TRN-11916,BLK-025690,2,99.0,Track Occupied
TRN-11917,BLK-001560,1,39.1,Track Occupied
TRN-11918,BLK-031026,3,87.7,Track Occupied
TRN-11919,BLK-026946,2,86.2,Track Occupied
TRN-11920,BLK-024080,3,56.4,Track Occupied
TRN-11921,BLK-028809,1,19.0,Track Occupied
TRN-11922,BLK-022871,1,40.0,Track Occupied
TRN-11923,BLK-015643,2,90.2,Track Occupied
TRN-11924,BLK-023153,1,13.4,Track Occupied
TRN-11925,BLK-032616,3,85.7,Track Occupied
TRN-11926,BLK-017534,3,99.0,Track Occupied
TRN-11927,BLK-007102,3,71.1,Track Occupied
TRN-11928,BLK-003131,1,15.1,Track Occupied
TRN-11929,BLK-014261,2,53.1,Track Occupied
TRN-11930,BLK-021751,3,85.4,Track Occupied
TRN-11931,BLK-018622,1,18.9,Track Occupied
TRN-11932,BLK-004987,2,66.6,Track Occupied
TRN-11933,BLK-019145,3,56.2,Track Occupied
TRN-11934,BLK-025369,2,62.2,Track Occupied
TRN-11935,BLK-014941,3,59.0,Track Occupied
TRN-11936,BLK-022381,2,25.0,Track Occupied
TRN-11937,BLK-014464,1,54.2,Track Occupied
TRN-11938,BLK-010993,2,69.4,Track Occupied
TRN-11939,BLK-003283,3,87.8,Track Occupied
TRN-11940,BLK-017631,1,54.0,Track Occupied
TRN-11941,BLK-001585,3,76.0,Track Occupied
TRN-11942,BLK-024910,2,99.0,Track Occupied
TRN-11943,BLK-000518,2,61.7,Track Occupied
TRN-11944,BLK-016776,2,93.0,Track Occupied
TRN-11945,BLK-005097,3,89.0,Track Occupied
TRN-11946,BLK-026884,2,68.1,Track Occupied
TRN-11947,BLK-010234,3,62.6,Track Occupied
TRN-11948,BLK-030709,2,89.3,Track Occupied
TRN-11949,BLK-021656,3,69.9,Track Occupied
TRN-11950,BLK-027474,1,35.1,Track Occupied
TRN-11951,BLK-019642,3,59.9,Track Occupied
TRN-11952,BLK-001506,2,79.1,Track Occupied
TRN-11953,BLK-029489,3,77.7,Track Occupied
TRN-11954,BLK-019248,2,89.1,Track Occupied
TRN-11955,BLK-003232,2,54.9,Track Occupied
TRN-11956,BLK-024215,3,55.9,Track Occupied
TRN-11957,BLK-025274,2,62.0,Track Occupied
TRN-11958,BLK-025596,3,80.4,Track Occupied
TRN-11959,BLK-025998,3,73.3,Track Occupied
TRN-11960,BLK-010820,1,30.2,Track Occupied
TRN-11961,BLK-031838,2,94.0,Track Occupied
TRN-11962,BLK-030644,2,84.6,Track Occupied
TRN-11963,BLK-008216,3,94.7,Track Occupied
TRN-11964,BLK-012502,2,57.6,Track Occupied
TRN-11965,BLK-000416,1,35.9,Track Occupied
TRN-11966,BLK-001235,1,40.7,Track Occupied
TRN-11967,BLK-025656,3,49.0,Track Occupied
TRN-11968,BLK-031178,1,5.4,Track Occupied
TRN-11969,BLK-005103,2,97.1,Track Occupied
TRN-11970,BLK-001883,3,93.4,Track Occupied
TRN-11971,BLK-012286,2,67.3,Track Occupied
TRN-11972,BLK-029271,3,52.0,Track Occupied
TRN-11973,BLK-018923,2,79.0,Track Occupied
TRN-11974,BLK-015155,1,27.0,Track Occupied
TRN-11974,BLK-015156,1,27.0,Track Occupied
TRN-11975,BLK-029387,2,82.7,Track Occupied
TRN-11976,BLK-028757,3,78.6,Track Occupied
TRN-11976,BLK-028758,3,78.6,Track Occupied
TRN-11977,BLK-016887,1,35.3,Track Occupied
TRN-11978,BLK-000225,2,99.0,Track Occupied
TRN-11979,BLK-024427,3,89.5,Track Occupied
TRN-11980,BLK-016653,3,70.2,Track Occupied
TRN-11981,BLK-028579,2,60.1,Track Occupied
TRN-11982,BLK-007062,3,81.0,Track Occupied
TRN-11983,BLK-017818,3,88.4,Track Occupied
TRN-11984,BLK-007316,1,40.8,Track Occupied
TRN-11985,BLK-005083,3,51.2,Track Occupied
TRN-11986,BLK-028832,2,68.0,Track Occupied
TRN-11987,BLK-032898,3,80.2,Track Occupied
TRN-11988,BLK-012833,3,35.9,Track Occupied
TRN-11989,BLK-019451,3,89.6,Track Occupied
TRN-11990,BLK-024918,1,15.8,Track Occupied
TRN-11991,BLK-024133,1,17.9,Track Occupied
TRN-11992,BLK-016530,1,33.1,Track Occupied
TRN-11993,BLK-023331,3,50.4,Track Occupied
TRN-11994,BLK-019227,1,35.3,Track Occupied
TRN-11995,BLK-002270,3,58.5,Track Occupied
TRN-11996,BLK-014956,3,63.9,Track Occupied
TRN-11997,BLK-007203,2,64.3,Track Occupied
TRN-11998,BLK-029011,3,37.3,Track Occupied
TRN-11999,BLK-004663,1,47.5,Track Occupied
TRN-12000,BLK-005656,1,35.7,Track Occupied
